t,macro,phase,capacity_blocked,samples,elastic_energy,kinetic_energy,affine_kinetic_energy,total_energy,mass,grown_rest_area,max_speed,max_volumetric_pressure,min_elastic_det,min_triangle_area,inverted_triangles,min_triangle_quality,max_edge,min_weight,max_hardening
0.0,0,initial,0,40,0.0,0.0,0.0,0.0,50.00000059604645,2.020265648638997e-05,0.0,-0.0,1.0,3.695373642642604e-07,0,0.6193306435154042,0.001783800070510901,0.3658304810523987,1.0
0.0,0,refine,0,40,0.0,0.0,0.0,0.0,50.00000059604645,2.020265648638997e-05,0.0,-0.0,1.0,3.695373642642604e-07,0,0.6193306435154042,0.001783800070510901,0.3658304810523987,1.0
6.25e-05,0,physics,0,40,1.4276043118065762,0.007172560728905204,0.0704711681562091,1.5052480406916906,50.37623102619973,2.0354673567380042e-05,0.029519618553880106,19.67745534494176,0.9929161008754388,3.696231649641391e-07,0,0.619357019261306,0.0017841957972709575,0.3658304810523987,1.0000005364419469
0.000125,0,physics,0,40,4.328841128649383,0.11385108384758762,1.1147553355626367,5.557447548059608,50.75529399577953,2.0507835144776856e-05,0.11756712161664686,33.20567683330604,0.9880458922133505,3.7057378676763593e-07,0,0.6193260270608699,0.0017866502303294847,0.3658304810523987,1.0000014305124978
0.0001875,0,physics,0,40,5.995940014456178,0.47670769051323,4.62507626279912,11.097723967768527,51.137204866420774,2.0662147425496988e-05,0.24100134047125307,36.65223357243716,0.9868050496293922,3.729161974774794e-07,0,0.6193520817337616,0.0017926875208133654,0.3658304810523987,0.9999996423721953
0.00025,0,physics,0,40,5.056563959095497,1.1143088719056626,10.637306559149359,16.808179390150517,51.52199321587212,2.081762236052219e-05,0.36970462270692267,29.160670847101603,0.9895020233386288,3.767322453995806e-07,0,0.6192752795637941,0.0018026363436074208,0.3658304810523987,0.9999989271169696
0.0003125,0,physics,0,40,2.6295527662366114,1.8125298021727474,16.909948028079313,21.35203059648867,51.90967735046837,2.0974267346584276e-05,0.4732416253359597,13.09260365928232,0.995286591886054,3.817684852691627e-07,0,0.6191100778317442,0.0018158438100474338,0.3658304810523987,0.9999978542350902
0.000375,0,physics,0,40,1.0210273185623453,2.243136573726363,20.360194536785805,23.624358429074512,52.30027426038089,2.1132089248615043e-05,0.5272227254505507,-6.629223115063744,1.00238655958211,3.873743725790745e-07,0,0.6187738356513933,0.0018309431623483676,0.3658304810523987,0.9999964237277084
0.0004375,0,physics,0,40,1.4126079507426026,2.200953661703582,19.431242483396787,23.04480409584297,52.69381501188032,2.1291100619038258e-05,0.5193196649565457,-23.892560381194183,1.0086014570854787,3.926851643853979e-07,0,0.6184256209084577,0.001845528601194604,0.3658304810523987,0.9999982118622555
0.0005,0,physics,0,40,2.9022377805581865,1.7530503667477335,15.155091705732733,19.810379853038654,53.09031798203729,2.1451308883166733e-05,0.453460834174661,-33.26660805933908,1.0119762315977128,3.969428146177731e-07,0,0.6177820477055079,0.0018578315087847707,0.3658304810523987,0.9999974966080529
0.0005,1,refine,0,40,2.9022377805581865,1.7530503667477335,15.155091705732733,19.810379853038654,53.09031798203729,2.1451308883166733e-05,0.453460834174661,-33.26660805933908,1.0119762315977128,3.969428146177731e-07,0,0.6177820477055079,0.0018578315087847707,0.3658304810523987,0.9999974966080529
0.0005625000000000001,1,physics,0,40,3.781230927525412,1.1593315328773635,9.96928998151855,14.909852441921325,53.489805358597366,2.1612723006028374e-05,0.3499109143720846,-31.814897928967273,1.0114536376925227,3.997156561297291e-07,0,0.6170860006492943,0.0018667215716062179,0.3658304810523987,0.9999982118622555
0.000625,1,physics,0,40,3.465633391519092,0.6504897167961529,5.675750010321537,9.791873118636783,53.89230700417634,2.177535505370642e-05,0.2389947497419308,-20.137563974652817,1.0072496837758083,4.0104003140584186e-07,0,0.6162755311055387,0.0018720055619859115,0.3658304810523987,1.0000010728841815
0.0006875,1,physics,0,40,2.8263978746234617,0.30511352814310155,2.7058906239960496,5.8374020267626126,54.297811349478124,2.1939200351590632e-05,0.15110405237447277,-2.112806614510786,1.0007606247981804,4.0142044532842636e-07,0,0.615694741425808,0.0018747762379264054,0.3658304810523987,1.0000035762850814
0.00075,1,physics,0,40,2.789608523365608,0.11926972625781623,1.0145135810967671,3.9233918307201914,54.706370522104464,2.21042799620014e-05,0.10712899643656669,16.50217990713629,0.9940591026290835,4.0171674076105985e-07,0,0.6152696634414647,0.0018766699064852812,0.3658304810523987,1.0000048279878815
0.0008125000000000001,1,physics,0,40,3.150876796714256,0.12049743422860035,0.9978586953109234,4.26923292625378,55.11802266519322,2.2270609296792756e-05,0.11361877696029171,29.97718938461112,0.9892080265666281,4.0275734125572166e-07,0,0.6150109421595561,0.0018797114385095284,0.3658304810523987,1.0000057220622693
0.000875,1,physics,0,40,3.0340169417879617,0.3567275629352338,3.1256155235346874,6.516360028257883,55.53276114484361,2.2438185675516375e-05,0.16280021392611985,34.34085442677189,0.9876370934485666,4.050915674014274e-07,0,0.6149020473601269,0.0018854735691958924,0.3658304810523987,1.0000071525829526
0.0009375,1,physics,0,40,2.2611226149692802,0.7862271784834622,6.858135556381647,9.90548534983439,55.95062699325851,2.260702567736206e-05,0.23668850746722817,28.41970606782994,0.9897687557985807,4.0902195408421026e-07,0,0.6148750963178465,0.0018946242325797945,0.3658304810523987,1.0000057220622693
0.001,1,physics,0,40,1.806832208775378,1.2327386686980117,10.431630963600433,13.471201841073823,56.37163303997329,2.2777134486143625e-05,0.31363634172642485,14.12228441121817,0.9949159030657032,4.1422853414019295e-07,0,0.6147503446505496,0.0019070151901845727,0.3658304810523987,1.0000121594214593
0.001,2,refine,0,40,1.806832208775378,1.2327386686980117,10.431630963600433,13.471201841073823,56.37163303997329,2.2777134486143625e-05,0.31363634172642485,14.12228441121817,0.9949159030657032,4.1422853414019295e-07,0,0.6147503446505496,0.0019070151901845727,0.3658304810523987,1.0000121594214593
0.0010625,2,physics,0,40,2.644912805638789,1.4984632980664268,12.126742849374645,16.270118953079862,56.795813883845184,2.2948526081637486e-05,0.3742720242988304,-4.1213794196238895,1.0014837135707217,4.2009545175858383e-07,0,0.61448441526091,0.0019211892521763115,0.3658304810523987,1.0000141264005884
0.0011250000000000001,2,physics,0,40,4.3007429678533695,1.5360084331937915,11.819238791843665,17.655990192890826,57.22318229707024,2.3121205624489364e-05,0.406400781655439,-20.597735409851605,1.0074152643042749,4.2577024217394e-07,0,0.6140806622490086,0.0019353719804853437,0.3658304810523987,1.00002056381388
0.0011875,2,physics,0,40,5.015706803993167,1.4804181964511063,11.018979980888835,17.51510498133311,57.65376882552171,2.3295185456854812e-05,0.40784984981972205,-30.10840696530002,1.0108391505510321,4.3046621556186406e-07,0,0.6132674511570101,0.0019480996421120638,0.3658304810523987,1.0000262859938167
0.00125,2,physics,0,40,3.66096155450943,1.4813568161638129,11.150252355040916,16.292570725714157,58.08758939224335,2.3470472012489418e-05,0.3862196390477583,-29.699029810702537,1.010691742499421,4.336660071047052e-07,0,0.6122084541766083,0.001958037176705314,0.3658304810523987,1.0000295047344199
0.0013125,2,physics,0,40,1.2533096944320339,1.529147093418912,11.957942305700326,14.740399093551272,58.524680630222676,2.3647080093066205e-05,0.35523612694920287,-19.666002426690742,1.007079803916376,4.3535436766717366e-07,0,0.6108726760043166,0.001965324704807988,0.3658304810523987,1.0000316505672444
0.001375,2,physics,0,40,0.12064532298533752,1.4896904198343854,11.918989998703587,13.52932574152331,58.96505372275236,2.382501421722959e-05,0.3288953493577644,-3.401602828419265,1.0012245813976675,4.360901986188998e-07,0,0.609317699553014,0.0019707658460828615,0.3658304810523987,1.0000323658458756
0.0014375,2,physics,0,40,1.486408697965429,1.3010301145253698,10.200774847912315,12.988213660403115,59.40874684035942,2.4004289807900276e-05,0.3163017485584975,13.871702474217177,0.9950061460327997,4.3664995352798996e-07,0,0.6075983689713279,0.001976016732909438,0.3658304810523987,1.0000343328647499
0.0015,2,physics,0,40,4.1347538074009265,1.0814963561776487,7.861414652934455,13.07766481651303,59.85577527863348,2.418491304530904e-05,0.31904967846678867,26.841216112839984,0.9903370585278188,4.378985654085452e-07,0,0.6059564849472376,0.0019824209176733517,0.3658304810523987,1.0000354057857666
0.0015,3,refine,0,40,4.1347538074009265,1.0814963561776487,7.861414652934455,13.07766481651303,59.85577527863348,2.418491304530904e-05,0.31904967846678867,26.841216112839984,0.9903370585278188,4.378985654085452e-07,0,0.6059564849472376,0.0019824209176733517,0.3658304810523987,1.0000354057857666
0.0015625,3,physics,0,40,5.57805522844761,1.0240777517122295,6.91299672100414,13.515129701163978,60.30617216002175,2.4366897312684195e-05,0.33154158957151414,31.68199554519404,0.9885944489722336,4.403988285162085e-07,0,0.6047159163875141,0.001991026913583332,0.3658304810523987,1.0000371939900192
0.0016250000000000001,3,physics,0,40,4.476650812380676,1.1955489973464295,8.244070588874521,13.916270398601627,60.75995122870274,2.4550248163404005e-05,0.34375026463836117,27.06751030024892,0.9902556370495427,4.444976617890005e-07,0,0.6039200108399887,0.0020021065177473676,0.3658304810523987,1.00003916101839
0.0016875,3,physics,0,40,1.9056515818218531,1.44447435191692,10.550254619314774,13.900380553053548,61.21714448261346,2.4734978526334916e-05,0.3453321724773925,14.443125879670164,0.994800428195732,4.4989157643726695e-07,0,0.6034422846167292,0.002015408038264428,0.3658304810523987,1.0000422009789371
0.00175,3,physics,0,40,0.2781732144775201,1.513949623100058,11.401789994115868,13.193912831693446,61.67776995381062,2.4921095687385784e-05,0.3299584811796375,-2.357396309791863,1.0008486702591946,4.5604338261284706e-07,0,0.6032046282616775,0.0020295933559797688,0.3658304810523987,1.0000438103735563
0.0018125,3,physics,0,40,0.9925978131911756,1.2715309836907998,9.501676041770615,11.76580483865259,62.14187505594266,2.5108618804189453e-05,0.2985829067568898,-18.16655818484742,1.006540000707495,4.6205499426577003e-07,0,0.6029621546896495,0.002043306766907728,0.3658304810523987,1.0000500691550296
0.001875,3,physics,0,40,3.137583416682202,0.8469115462408976,5.967479726344745,9.951974689267844,62.60947812440424,2.5297555285219375e-05,0.260242458761586,-28.015075996916856,1.0100855535987263,4.6716979085203986e-07,0,0.6028312409690716,0.0020549550274052805,0.3658304810523987,1.0000541820898972
0.0019375,3,physics,0,40,4.5709476279917265,0.5298708724920175,3.3425382052064707,8.443356705690213,63.08058916497369,2.548790917334157e-05,0.22972884569014496,-28.762248043925286,1.0103544471968624,4.708573024814194e-07,0,0.6024817257837936,0.0020638246804763837,0.3658304810523987,1.0000547185609097
0.002,3,physics,0,40,4.175810392334112,0.5230113192949969,3.343975742962917,8.042797454592026,63.55525179151291,2.5679698090873264e-05,0.22243470262620527,-20.170761635372862,1.0072614676964733,4.7287678661689343e-07,0,0.6017799715461478,0.00207035382115258,0.3658304810523987,1.00006061976104
0.002,4,refine,0,40,4.175810392334112,0.5230113192949969,3.343975742962917,8.042797454592026,63.55525179151291,2.5679698090873264e-05,0.22243470262620527,-20.170761635372862,1.0072614676964733,4.7287678661689343e-07,0,0.6017799715461478,0.00207035382115258,0.3658304810523987,1.00006061976104
0.0020625,4,physics,0,40,2.8071045891457134,0.8116765559271071,5.665759478256606,9.284540623329427,64.0334810081225,2.587292810026816e-05,0.2481896203395225,-5.005267702248703,1.0018018931507706,4.73824442792647e-07,0,0.6006475681454039,0.0020752242457857486,0.3658304810523987,1.0000631233110095
0.002125,4,physics,0,40,2.037451349072385,1.2667894796786885,8.846159662357678,12.150400491108751,64.51531297267907,2.6067613811229315e-05,0.30701578889508147,11.9457782989237,0.9956995413439355,4.744666224354428e-07,0,0.5990419110498011,0.00208041625590849,0.3658304810523987,1.0000627656606302
0.0021875,4,physics,0,40,2.3676842197291075,1.8086763352244386,11.87226152052122,16.048622075474768,65.000770511691,2.6263764446878732e-05,0.3884515387327846,25.48173537339568,0.9908266244755306,4.756426044139058e-07,0,0.5969951367759584,0.0020878820392025684,0.3658304810523987,1.000065984518649
0.0022500000000000003,4,physics,0,40,2.948830860341557,2.415789396917244,14.650644610672611,20.015264867931414,65.48988009248787,2.6461390701423664e-05,0.473782814706966,31.559940996088255,0.988638441557476,4.781223328365058e-07,0,0.5948381621153633,0.0020984717804036932,0.3658304810523987,1.0000697398660987
0.0023125,4,physics,0,40,2.8687757124305877,2.995260830632688,17.12750575852357,22.991542301586843,65.9826644358042,2.666050175524791e-05,0.5404857330754488,28.405054844476698,0.9897741290573265,4.823156025679509e-07,0,0.5926258431143048,0.0021128304235893715,0.3658304810523987,1.000071706958486
0.002375,4,physics,0,40,2.307439945494397,3.315773994487055,18.4486480366995,24.07186197668095,66.47916109863871,2.6861112783374124e-05,0.5680566819244444,16.964293026299995,0.9938928239332595,4.87928559778083e-07,0,0.5905036377168463,0.0021300732865200114,0.3658304810523987,1.0000749258452837
0.0024375,4,physics,0,40,2.2164984693274077,3.1358710131512115,17.368604983289096,22.720974465767714,66.97939377165429,2.70632333580887e-05,0.5441065930301721,0.6099783213494085,0.9997804067833921,4.944965290576412e-07,0,0.5887204627697049,0.002148620953752041,0.3658304810523987,1.0000763564649637
0.0025,4,physics,0,40,2.9799580654543676,2.4320950907843404,13.562620649696518,18.974673805935225,67.4833912914321,2.726687513090239e-05,0.4693617807374267,-15.769462110784234,1.0056770104203951,5.011571522217644e-07,0,0.5872731582880474,0.002166359294067386,0.3658304810523987,1.0000802906796364
0.0025,5,refine,0,40,2.9799580654543676,2.4320950907843404,13.562620649696518,18.974673805935225,67.4833912914321,2.726687513090239e-05,0.4693617807374267,-15.769462110784234,1.0056770104203951,5.011571522217644e-07,0,0.5872731582880474,0.002166359294067386,0.3658304810523987,1.0000802906796364
0.0025625,5,physics,0,40,3.7345175205040047,1.4837572453701857,8.34370533222411,13.5619800980983,67.99117835286233,2.7472048079862707e-05,0.35952447844222657,-27.190134657278907,1.009788444975999,5.069637047938611e-07,0,0.5861623306167199,0.0021812803389479355,0.3658304810523987,1.00008458256784
0.002625,5,physics,0,40,3.3096510955965988,0.6840834795648122,3.8270695304610816,7.820804105622493,68.5027779614036,2.7678761500397107e-05,0.2422488054885549,-30.144210925335713,1.0108519004093417,5.113401702061536e-07,0,0.5856074699931817,0.002192071848690088,0.3658304810523987,1.0000879803257303
0.0026875000000000002,5,physics,0,40,1.7680528140037142,0.24770071869032897,1.3164934913981194,3.3322470240921627,69.01824367334186,2.788703703209028e-05,0.14932660128570396,-23.75083843118302,1.0085502727859261,5.140360945787853e-07,0,0.5851628643212778,0.00219885103252362,0.3658304810523987,1.0000920934165163
0.00275,5,physics,0,40,0.6291894917849574,0.12414482592183922,0.6394882621049938,1.3928225798117904,69.53758199069051,2.8096877302101066e-05,0.1069486352536076,-10.029059551772301,1.0036103936511889,5.153333164642505e-07,0,0.5847321157302094,0.002202674341421181,0.3658304810523987,1.0000920934165163
0.0028125,5,physics,0,40,1.3226909863729184,0.19473157165236538,1.0718415031902806,2.589264061215564,70.06083055849112,2.8308297521026174e-05,0.127931650194407,6.825592733782845,0.9975428327507243,5.160524052527652e-07,0,0.5841238965119542,0.002205573537704864,0.3658304810523987,1.000092451077384
0.002875,5,physics,0,40,3.5407456814978517,0.4986050805096018,2.629133044919149,6.668483806926602,70.58801409575219,2.8521307676658192e-05,0.20867576696238463,21.81154966787544,0.9921479895460814,5.171495791600479e-07,0,0.5832049584758382,0.0022100753214689905,0.3658304810523987,1.0000897686239936
0.0029375,5,physics,0,40,5.349095947428078,1.2154190602341215,6.122802176779232,12.687317184441433,71.11916602032016,2.87359212715824e-05,0.33108910153339566,30.63980629681566,0.9889698649967165,5.193654839530378e-07,0,0.5818836342904062,0.0022179905166708775,0.3658304810523987,1.000094060552872
0.003,5,physics,0,40,5.01518096319754,2.415998066327925,11.86132228280801,19.292501312333474,71.65430889409141,2.8952147422003583e-05,0.46752524154079617,30.88558581516348,0.988881360090282,5.232367108476408e-07,0,0.5801450044751186,0.002230364329157807,0.3658304810523987,1.0000931663995034
0.003,6,refine,0,40,5.01518096319754,2.415998066327925,11.86132228280801,19.292501312333474,71.65430889409141,2.8952147422003583e-05,0.46752524154079617,30.88558581516348,0.988881360090282,5.232367108476408e-07,0,0.5801450044751186,0.002230364329157807,0.3658304810523987,1.0000931663995034
0.0030625,6,physics,0,40,2.726593632217644,3.8361097508563606,18.443949403143762,25.006652786217767,72.19348676347184,2.917000392500965e-05,0.5870166480517743,22.562453433577303,0.991877662003932,5.287404754028561e-07,0,0.57804349800075,0.002247195305633067,0.3658304810523987,1.0000920934165163
0.003125,6,physics,0,40,0.488023002277316,4.917080332944513,23.09472507648201,28.499828411703838,72.73671654913426,2.938949761745133e-05,0.6618532202489832,8.105330771616215,0.9970821247501146,5.35511415655776e-07,0,0.5754674979050161,0.002267570465257228,0.3658304810523987,1.0000954911999247
0.0031875000000000002,6,physics,0,40,0.24552168119386092,5.135664760145582,23.49699559420806,28.878182035547503,73.28403524031627,2.961064344494567e-05,0.6740219453188707,-8.30377560061994,1.0029893132462155,5.426587126322605e-07,0,0.5725772321539921,0.002289538096473485,0.3658304810523987,1.0000981736686643
0.0032500000000000003,6,physics,0,40,2.0325341270776436,4.382759973196359,19.55275140701365,25.968045507287652,73.83547330824838,2.9833453719488593e-05,0.6204534578840886,-21.86886328530402,1.0078726654926486,5.494176864573311e-07,0,0.5698609555015175,0.002310355896070349,0.3658304810523987,1.0001028232981906
0.0033125,6,physics,0,40,3.998090507578632,3.055727510122402,13.416504604434369,20.470322622135402,74.39105769630095,3.0057939327633085e-05,0.5149749523606748,-28.612650546087806,1.0103003902703427,5.548854140613463e-07,0,0.5673891720899195,0.002328025049562986,0.3658304810523987,1.000106042285141
0.003375,6,physics,0,40,4.306901868075823,1.7560609546617685,7.763373377800206,13.826336200537796,74.95081921478153,3.0284112718380118e-05,0.3852968657571624,-26.635671195352224,1.009588685601313,5.586631832699139e-07,0,0.56517169890965,0.002341374590224473,0.3658304810523987,1.0001078306157016
0.0034375,6,physics,0,40,2.9117839288674134,0.8708135268484898,3.9922368646815865,7.77483432039749,75.5147980760718,3.0511990139668267e-05,0.2650515721477543,-16.716410947508802,1.0060178046377535,5.609105340198536e-07,0,0.56351200952563,0.00235042549049414,0.3658304810523987,1.0001119437881265
0.0035,6,physics,0,40,1.3728188477823744,0.42874866942164724,1.9897064821553578,3.7912739993593796,76.0830193131625,3.074158170615561e-05,0.18379906953873676,-1.9987354821891208,1.0007195463175653,5.622065515353828e-07,0,0.5622589354137886,0.002356224042474333,0.3658304810523987,1.0001139109635269
0.0035,7,refine,0,40,1.3728188477823744,0.42874866942164724,1.9897064821553578,3.7912739993593796,76.0830193131625,3.074158170615561e-05,0.18379906953873676,-1.9987354821891208,1.0007195463175653,5.622065515353828e-07,0,0.5622589354137886,0.002356224042474333,0.3658304810523987,1.0001139109635269
0.0035625,7,physics,0,40,1.1048451503761192,0.30149410909486385,1.2774571599045084,2.6837964193754913,76.65551468156482,3.0972900248755704e-05,0.15896689923009533,13.084280125013985,0.9952896305175722,5.633370196989059e-07,0,0.5613256332735566,0.0023610741781701174,0.3658304810523987,1.0001189183365518
0.003625,7,physics,0,40,2.0552381683446317,0.45501747950960336,1.9721882837520177,4.4824439316062525,77.23232933324309,3.12059640112608e-05,0.19249755017223932,24.18643515962728,0.9912928086084317,5.653000734184843e-07,0,0.5606603640087616,0.0023668444846494875,0.3658304810523987,1.0001176664909452
0.0036875000000000002,7,physics,0,40,3.07754491244666,0.9738003078278882,4.5096105955938715,8.56095581586842,77.81347466164335,3.1440777597228426e-05,0.27218773154224035,28.29421365845471,0.9898139992989533,5.686960768969126e-07,0,0.560099440294448,0.0023753618479172138,0.3658304810523987,1.0001173088210598
0.00375,7,physics,0,40,3.316205832992684,1.8830037103939596,8.66093209284226,13.860141636228905,78.39899311944292,3.1677358159795484e-05,0.37646800326992275,24.48595886388245,0.9911849696918997,5.737455621712684e-07,0,0.5594272136480904,0.0023876517325351386,0.3658304810523987,1.0001237468985695
0.0038125,7,physics,0,40,2.990767120873835,3.000649395486826,13.143476926181616,19.13489344254228,78.98891714697328,3.191571880657926e-05,0.4804574054586247,14.09604421477249,0.9949253641936061,5.802253362219287e-07,0,0.5582554650622056,0.0024037761473678313,0.3658304810523987,1.0001253564244226
0.003875,7,physics,0,40,2.8431682759356605,3.9883836638348775,16.387595089564694,23.219147029335232,79.58328658864511,3.215587563683841e-05,0.5618338951038279,0.30708908068593876,0.9998894463890188,5.874839814623563e-07,0,0.5566509531848953,0.0024225988361684554,0.3658304810523987,1.0001289331578145
0.0039375,7,physics,0,40,3.0593440523396227,4.554464608917879,17.692957021073468,25.30676568233097,80.18212783787584,3.2397839314915774e-05,0.6057258175437327,-12.756018630534516,1.0045922356835557,5.946991059602171e-07,0,0.5546028591474382,0.002442771402588934,0.3658304810523987,1.000130721529307
0.004,7,physics,0,40,3.0221512230490895,4.615531712596878,17.53256107313257,25.17024400877854,80.78547983805909,3.264162557601119e-05,0.607770899108065,-21.245407444123877,1.007648442414651,6.009701234432896e-07,0,0.5519863253755463,0.0024626327818931975,0.3658304810523987,1.0001341194439533
0.004,8,refine,0,40,3.0221512230490895,4.615531712596878,17.53256107313257,25.17024400877854,80.78547983805909,3.264162557601119e-05,0.607770899108065,-21.245407444123877,1.007648442414651,6.009701234432896e-07,0,0.5519863253755463,0.0024626327818931975,0.3658304810523987,1.0001341194439533
0.0040625,8,physics,0,40,2.216103007778303,4.281522962582274,16.70702587613331,23.20465184649389,81.39335363847357,3.2887238884620234e-05,0.5743819959280294,-22.765081163260213,1.0081955230085546,6.058153978472099e-07,0,0.5489091246035921,0.002480635773487164,0.3658304810523987,1.000135371310154
0.004125,8,physics,0,40,1.1287110213396871,3.7201546484299053,15.382274455883412,20.231140125653006,82.005802884149,3.313470091618483e-05,0.5199402717283843,-17.112704486311806,1.0061606485240833,6.091422051213165e-07,0,0.5455590154080283,0.002496337514509553,0.3658304810523987,1.0001396634347381
0.0041875,8,physics,0,40,0.9219176715018775,3.0668524257881398,13.175091567313,17.16386166460302,82.6228756318743,3.3384031088200716e-05,0.461767992659421,-6.285244374348273,1.0022627098232784,6.114184714078877e-07,0,0.5423605771896277,0.0025096909580303896,0.3658304810523987,1.0001414518254181
0.00425,8,physics,0,40,2.1218795121559957,2.4449297682981217,10.146415701211236,14.713224981665354,83.2445905715935,3.363523695239817e-05,0.41467525638973907,6.261967972900198,0.9977456705683666,6.132399148484069e-07,0,0.53933891417314,0.0025215857483582163,0.3658304810523987,1.0001437767380827
0.0043125,8,physics,0,40,3.8308843240897086,2.005924786355137,7.412464338878747,13.249273449323592,83.87098256857979,3.3888332596199766e-05,0.387203781908075,16.716658570279375,0.9939819577182568,6.155399248086723e-07,0,0.5368419659087911,0.0025330304351995803,0.3658304810523987,1.0001477112179813
0.004375,8,physics,0,40,4.439383185016606,1.8861872339793937,6.4826510230637275,12.808221442059727,84.50208523839618,3.414333160207881e-05,0.38035460773386376,22.05410729607224,0.9920604958189635,6.19068728724415e-07,0,0.5349487696899402,0.002545007718395332,0.3658304810523987,1.0001473535373508
0.0044375000000000005,8,physics,0,40,3.2031900063833345,2.0984360589725526,7.868336618985438,13.169962684341325,85.13793689793641,3.440024945209595e-05,0.38885299224817504,20.84145149036927,0.9924970801467208,6.240997034723257e-07,0,0.533727874779101,0.002558371050935625,0.3658304810523987,1.0001496784637347
0.0045000000000000005,8,physics,0,40,1.1040935671497418,2.4753060472202204,10.373659745517838,13.9530593598878,85.77857904857572,3.465910291501151e-05,0.4040999574073465,13.576933489505096,0.995112312683652,6.304490742792262e-07,0,0.5330101376971291,0.0025733663688529964,0.3658304810523987,1.0001482477391666
0.0045000000000000005,9,refine,0,40,1.1040935671497418,2.4753060472202204,10.373659745517838,13.9530593598878,85.77857904857572,3.465910291501151e-05,0.4040999574073465,13.576933489505096,0.995112312683652,6.304490742792262e-07,0,0.5330101376971291,0.0025733663688529964,0.3658304810523987,1.0001482477391666
0.0045625,9,physics,0,40,0.05430460690961765,2.75543059953098,11.920373044175436,14.730108250616034,86.42403879342513,3.491990294192222e-05,0.4178241681636466,2.5309636271711256,0.9990888553751762,6.377067887086702e-07,0,0.5324353523679254,0.0025897090609736527,0.3658304810523987,1.000152361077816
0.004625,9,physics,0,40,1.0988742964551035,2.7756755249654246,11.309107587908798,15.183657409329326,87.07435521838926,3.518266532560997e-05,0.42528556315626914,-8.884598452054693,1.0031984440041921,6.450994884943384e-07,0,0.5317889469017406,0.002606371280059597,0.3658304810523987,1.000152361077816
0.0046875,9,physics,0,40,3.3416493487116092,2.609853762482598,9.313547473986866,15.265050585181072,87.72956753048955,3.54474059077943e-05,0.4270874777559256,-17.113026832329204,1.0061606720337892,6.519624715650714e-07,0,0.5309342831091979,0.0026224487736722416,0.3658304810523987,1.0001536129668498
0.00475,9,physics,0,40,4.756416833900305,2.510424014444512,7.992251731293091,15.259092579637908,88.38970087045422,3.5714134846665014e-05,0.4287585971316149,-19.562639058992303,1.0070425034670663,6.57564839912084e-07,0,0.529574870486768,0.0026373264883715777,0.3658304810523987,1.0001552225407673
0.0048125,9,physics,0,40,4.147495317666083,2.696245083946832,8.818207532759935,15.66194793437285,89.05480423186046,3.598287193823006e-05,0.43825078855018135,-15.445888864741661,1.0055604623222956,6.616113523705272e-07,0,0.5275866052569573,0.002651027978107726,0.3658304810523987,1.0001598724355234
0.004875,9,physics,0,40,2.2553509177737725,3.195632563633894,11.453779651555486,16.904763132963154,89.72491608386113,3.6253632726070905e-05,0.4621499624054799,-6.0493059585535125,1.0021776633079187,6.643378736015393e-07,0,0.5248425495034541,0.0026643495604125986,0.3658304810523987,1.0001604089632326
0.0049375,9,physics,0,40,0.8919560936480111,3.885889507952778,14.308660229316374,19.08650583091716,90.40007514555916,3.652643285476201e-05,0.5022473744549482,5.711459885452088,0.9979439619433836,6.665249960846606e-07,0,0.5215794759428287,0.0026781330333352786,0.3658304810523987,1.000163270449209
0.005,9,physics,0,40,1.11536767915574,4.636084020760453,16.12699734732163,21.878449047237822,91.08031619184399,3.680128637520617e-05,0.5538327291113182,16.239216064781616,0.9941541665496754,6.690323965941042e-07,0,0.5181119023567836,0.0026934370847711627,0.3658304810523987,1.0001641646652555
0.005,10,refine,0,40,1.11536767915574,4.636084020760453,16.12699734732163,21.878449047237822,91.08031619184399,3.680128637520617e-05,0.5538327291113182,16.239216064781616,0.9941541665496754,6.690323965941042e-07,0,0.5181119023567836,0.0026934370847711627,0.3658304810523987,1.0001641646652555
0.0050625,10,physics,0,40,2.3627421050908115,5.364038304737039,16.9021747574567,24.62895516728455,91.7656676142694,3.707820475909942e-05,0.6062655383386224,22.35616298607459,0.991952164125459,6.72555751535242e-07,0,0.5145166143977589,0.0027110452242791534,0.3658304810523987,1.0001639858219822
0.005125,10,physics,0,40,3.258563357736877,5.963859312242613,17.348566538788987,26.570989208768477,92.45617880657971,3.7357207964138465e-05,0.6455633809436034,22.200798953903888,0.9920081153817688,6.776483161274877e-07,0,0.5112033631975121,0.0027310866577969824,0.3658304810523987,1.0001648800386684
0.0051875,10,physics,0,40,3.063367328653805,6.23841593892295,17.73041449612822,27.032197763704975,93.15188934058158,3.763831197943547e-05,0.6582935415363165,15.72661400000308,0.9943386690097632,6.842912227966735e-07,0,0.508375633279166,0.0027530223435716394,0.3658304810523987,1.0001614820195144
0.00525,10,physics,0,40,2.2603684431513815,5.967211905990741,17.378428750585325,25.606009099727448,93.85283727600813,3.792153218314454e-05,0.6358633310333452,4.683725047942042,0.9983139325484802,6.921862976128065e-07,0,0.5061377265756631,0.002775691822014194,0.3658304810523987,1.0001648800386684
0.0053125,10,physics,0,40,1.823629046723239,5.084206348071456,15.381118033988134,22.28895342878283,94.55904830451827,3.820687895606072e-05,0.5779842205622907,-7.823705729614093,1.0028163955662937,7.005193278786235e-07,0,0.5043782140100459,0.0027975440376150577,0.3658304810523987,1.0001673838496428
0.0053750000000000004,10,physics,0,40,2.0782914965294594,3.799206614114519,11.696820189784695,17.574318300428672,95.27057584711997,3.849437388310926e-05,0.4942449458334488,-18.17865728867283,1.0065439819509892,7.083133173324547e-07,0,0.5029653198751152,0.002817273418172081,0.3658304810523987,1.0001718549562588
0.0054375000000000005,10,physics,0,40,2.4189326022925366,2.5193674123866616,7.502255390285797,12.440555404964996,95.98745274456269,3.878403023369757e-05,0.40290081230021024,-23.29936014570069,1.0083873452056158,7.149635781189542e-07,0,0.501917447859299,0.002833651785839573,0.3658304810523987,1.0001736434045017
0.0055,10,physics,0,40,2.1636566141010984,1.6133544561349713,4.3866953111285545,8.163706381364625,96.70972217172951,3.907586545277207e-05,0.32660842212780355,-21.571621596592287,1.0077653491456366,7.199356666376382e-07,0,0.5009572714839841,0.002846471670748937,0.3658304810523987,1.0001743587846943
0.0055,11,refine,0,40,2.1636566141010984,1.6133544561349713,4.3866953111285545,8.163706381364625,96.70972217172951,3.907586545277207e-05,0.32660842212780355,-21.571621596592287,1.0077653491456366,7.199356666376382e-07,0,0.5009572714839841,0.002846471670748937,0.3658304810523987,1.0001743587846943
0.0055625,11,physics,0,40,1.5078495193590478,1.2343346500159424,3.2209932972452937,5.963177466620284,97.43743822602036,3.936990139855624e-05,0.2863546930095317,-13.362990147721344,1.0048104097936157,7.232033834014829e-07,0,0.49976272569177277,0.002856732924093618,0.3658304810523987,1.0001756107012625
0.005625,11,physics,0,40,1.3986759423440187,1.3668528632047983,3.8449503094794455,6.610479115028262,98.17063172363166,3.96661505224306e-05,0.29546912048703583,-0.9339414220124407,1.000336199072703,7.253900422554703e-07,0,0.4982804638015163,0.002865776898281404,0.3658304810523987,1.000178651076595
0.0056875,11,physics,0,40,2.4107781614700596,2.0154133232468974,5.753090889072823,10.17928237378978,98.90933838254395,3.9964627256356724e-05,0.3558296996488564,12.271485271970885,0.9955825228191069,7.274161726300579e-07,0,0.49647071141545285,0.002875798596505499,0.3658304810523987,1.000181870307609
0.00575,11,physics,0,40,3.909180931209573,3.2880508677218643,8.836964130474827,16.034195929406266,99.6536029680466,4.02653496878897e-05,0.45731283106822707,22.631740189919192,0.991853079051009,7.301244746571457e-07,0,0.49418747847776573,0.00288857794017585,0.3658304810523987,1.000184016467375
0.0058125,11,physics,0,40,4.508143843413514,5.242412899966268,13.263130762794463,23.013687506174243,100.40346075550214,4.056833207015004e-05,0.5801578645274212,27.359041695010472,0.9901513314466206,7.343682320026798e-07,0,0.4915378820238303,0.002905647356381731,0.3658304810523987,1.000187951105573
0.005875,11,physics,0,40,3.4325438643684745,7.62839284018756,18.63848906079627,29.699425765352306,101.15897257693479,4.087359898250716e-05,0.6992546374112709,25.181767119792973,0.9909351101062805,7.40490394335325e-07,0,0.48863065084950613,0.0029273016642550544,0.3658304810523987,1.00019260115249
0.0059375,11,physics,0,40,1.4016592187649541,9.800346358133115,23.488076823831236,34.69008240072931,101.92016988945231,4.1181163135303786e-05,0.7894542086166976,16.660013600012707,0.9940027661620602,7.483447435063797e-07,0,0.48553832559592924,0.002952918581858523,0.3658304810523987,1.0001918857592496
0.006,11,physics,0,40,0.09183096016208644,10.958493318652584,25.819079568399772,36.86940384721444,102.68708453854549,4.1491037395809946e-05,0.8310181291708089,4.03712351336742,0.9985467262311122,7.574130336251978e-07,0,0.4824628777413769,0.00298125263388545,0.3658304810523987,1.0001949261840557
0.006,12,refine,0,40,0.09183096016208644,10.958493318652584,25.819079568399772,36.86940384721444,102.68708453854549,4.1491037395809946e-05,0.8310181291708089,4.03712351336742,0.9985467262311122,7.574130336251978e-07,0,0.4824628777413769,0.00298125263388545,0.3658304810523987,1.0001949261840557
0.0060625,12,physics,0,40,0.6049678313286686,10.606038094469671,24.454075788230924,35.66508171402926,103.45979042165575,4.180325162251781e-05,0.8144197295383142,-9.340752735975693,1.0033624641467174,7.668385961778775e-07,0,0.4795166747354133,0.0030099522725745105,0.3658304810523987,1.000192243455806
0.006125,12,physics,0,40,2.401070440158625,8.885162583267675,19.965096076096383,31.251329099522685,104.23829745454289,4.21178098219211e-05,0.7431882457371137,-19.89324453905178,1.0071611300863006,7.75560402566101e-07,0,0.4766614044997844,0.003037049501158448,0.3658304810523987,1.00019438963783
0.0061875,12,physics,0,40,3.7855733393930113,6.5036068270750675,14.303331163233825,24.592511329701903,105.02266734321191,4.2434736926523975e-05,0.6337526742292277,-24.81291726570725,1.0089320752125237,7.827948564909092e-07,0,0.47396603438919155,0.0030604604005822727,0.3658304810523987,1.0001979666181042
0.00625,12,physics,0,40,3.5210559656071365,4.287989601275072,9.427715575672785,17.236761142554993,105.81293520261532,4.2754047124632705e-05,0.5115972918470887,-22.87441234190588,1.0082342083005242,7.881264307840739e-07,0,0.4715132769074048,0.003079464163323194,0.3658304810523987,1.000200112812409
0.0063125,12,physics,0,40,1.963513531520754,2.735666100153769,6.189641906496284,10.888821538170808,106.60914834565634,4.307575953317369e-05,0.4047352985370869,-14.76344194453414,1.0053144637182099,7.917547879543462e-07,0,0.4693119108933736,0.0030943097422284423,0.3658304810523987,1.000204762915868
0.0063750000000000005,12,physics,0,40,0.6163891672127858,1.917682893065588,4.400056406089241,6.934128466367614,107.41136495881696,4.339989766257682e-05,0.3364663621666974,-2.8418967586456674,1.0010230080127887,7.943013837774523e-07,0,0.46739988065853644,0.003106064351135676,0.3658304810523987,1.0002045840653353
0.0064375000000000005,12,physics,0,40,0.6387747277708016,1.7238203147712956,3.747883237835831,6.110478280377928,108.21959845263599,4.372646693141219e-05,0.31996226300715996,9.616919093273966,0.9965381567456018,7.96682698478436e-07,0,0.46570350948653216,0.003116622745539338,0.3658304810523987,1.0002072668266853
0.006500000000000001,12,physics,0,40,1.8436762934777955,2.131099165583052,4.44252187535945,8.417297334420297,109.03393251307418,4.405550115325374e-05,0.3560610093439717,19.3444005655416,0.9930365151267257,7.998851110357915e-07,0,0.4643040796022215,0.00312793869093696,0.3658304810523987,1.0002078033798187
0.006500000000000001,13,refine,0,40,1.8436762934777955,2.131099165583052,4.44252187535945,8.417297334420297,109.03393251307418,4.405550115325374e-05,0.3560610093439717,19.3444005655416,0.9930365151267257,7.998851110357915e-07,0,0.4643040796022215,0.00312793869093696,0.3658304810523987,1.0002078033798187
0.0065625,13,physics,0,40,3.0754737827466254,3.2273702616257323,6.915242410068355,13.218086454440712,109.85436716000751,4.438700033613244e-05,0.4343361053225464,23.95760574091018,0.991375888053223,8.045441468595973e-07,0,0.462993235745787,0.0031418324639481696,0.3658304810523987,1.000207982230927
0.006625,13,physics,0,40,3.4187740831785494,5.013413314081072,11.010588830486085,19.442776227745707,110.68099554189624,4.4721002116974755e-05,0.5365622445676815,22.525094336395043,0.991891573569602,8.110154317009232e-07,0,0.46158685409529865,0.003159506882421289,0.3658304810523987,1.0002106650013918
0.0066875,13,physics,0,40,2.966869746548896,7.217759851829452,15.636113142661445,25.820742741039794,111.51385528691893,4.50575216995638e-05,0.6413717903285444,15.72642990397443,0.9943389033228733,8.191451037475866e-07,0,0.46008756112462773,0.0031810722530574904,0.3658304810523987,1.0002153151539097
0.00675,13,physics,0,40,2.4746214432227243,9.323580205561232,19.33273627533897,31.130937924122925,112.35297033437251,4.5396568756647306e-05,0.7289797795701276,5.6160538276208225,0.9979783724557314,8.283493739824618e-07,0,0.45822793675555906,0.003205989814205228,0.3658304810523987,1.0002153151539097
0.0068125,13,physics,0,40,2.402731751072878,10.801749972812225,21.254269095531363,34.458750819416466,113.19838910752132,4.573816285379657e-05,0.7851870296422575,-4.932231688794398,1.0017754694269108,8.376984226288174e-07,0,0.4558461819364307,0.003233095122510459,0.3658304810523987,1.000218176796974
0.006875,13,physics,0,40,2.4438705592947283,11.36557936532838,21.594399840443145,35.403849765066255,114.05018145651695,4.608233221418361e-05,0.803956806509574,-13.038790901445099,1.0046935979445177,8.46471853499508e-07,0,0.45302351485643233,0.003260896537930903,0.3658304810523987,1.0002197864747957
0.0069375,13,physics,0,40,2.035674558932056,11.056442672637155,21.060727647978034,34.152844879547246,114.90838158999546,4.642909065991468e-05,0.7879020726984737,-16.6195583684206,1.0059825842036503,8.539624332115624e-07,0,0.4497375888586281,0.003287991346937261,0.3658304810523987,1.0002221115695558
0.007,13,physics,0,40,1.2123697500795882,10.135859328362297,20.01297718964754,31.361206268089425,115.77304076874465,4.6778458903071324e-05,0.746641808367744,-14.97604775496557,1.0053909327815027,8.598840466333965e-07,0,0.44614809228866376,0.0033136272290859975,0.3658304810523987,1.0002260463576167
0.007,14,refine,0,40,1.2123697500795882,10.135859328362297,20.01297718964754,31.361206268089425,115.77304076874465,4.6778458903071324e-05,0.746641808367744,-14.97604775496557,1.0053909327815027,8.598840466333965e-07,0,0.44614809228866376,0.0033136272290859975,0.3658304810523987,1.0002260463576167
0.0070625,14,physics,0,40,0.738697368178272,8.920204618030763,18.234504916238553,27.893406902447587,116.6442050426586,4.713045555025713e-05,0.6934232007276842,-8.938759786692108,1.0032176934461712,8.645696230047408e-07,0,0.4426057053111238,0.003337060991410649,0.3658304810523987,1.0002294445961262
0.007125,14,physics,0,40,1.2986016305931658,7.690163443787988,15.557918488550705,24.546683562931857,117.52192348617848,4.748510043015342e-05,0.6412584280215903,-0.5410404649760653,1.0001947585818087,8.685759871340803e-07,0,0.43927313557361464,0.00335865259271254,0.3658304810523987,1.0002324851351052
0.0071875,14,physics,0,40,2.62833132172023,6.677889071829793,12.567573111026434,21.873793504576458,118.406254337761,4.784241707419062e-05,0.599715921232615,7.639373614151098,0.9972500517035827,8.725358888739272e-07,0,0.4361658109802884,0.0033790276253819374,0.3658304810523987,1.0002319485687314
0.00725,14,physics,0,40,3.5933750233858466,6.054307416777652,10.485563965639619,20.133246405803117,119.29723234515417,4.820241952230488e-05,0.573323540024578,13.24480228517655,0.9952322590981383,8.773506898762667e-07,0,0.4336999124903711,0.00339868870460346,0.3658304810523987,1.0002365988202002
0.0073125,14,physics,0,40,3.2187391456105847,5.876853885781516,10.230306745592081,19.32589977698418,120.19491885665312,4.856513256246654e-05,0.5616945183840892,14.784839360909128,0.9946778870496277,8.83421854780408e-07,0,0.43175767018533867,0.0034186543676107423,0.3658304810523987,1.000234631403479
0.0073750000000000005,14,physics,0,40,1.6821809743016325,6.046007307504363,11.536998263122998,19.265186544928994,121.09937037965042,4.893057902666419e-05,0.5610509925591343,11.992806044978822,0.9956829464791275,8.909454702887849e-07,0,0.4303432927841626,0.0034391654921246146,0.3658304810523987,1.0002310542920814
0.0074375000000000005,14,physics,0,40,0.2724473166660123,6.344833127218465,13.047872672382915,19.66515311626739,122.01058876623162,4.929875966323873e-05,0.5664694058332262,5.866419721754906,0.997888270159173,8.995881692897002e-07,0,0.4292812388620843,0.0034602036578413216,0.3658304810523987,1.0002299811611568
0.0075,14,physics,0,40,0.2718452154804921,6.573717417903611,13.409117973726712,20.254680607110814,122.92867158673076,4.9669713895788555e-05,0.5741673384700089,-1.6207676702829201,1.000583425970299,9.087314190026067e-07,0,0.42849367363583696,0.0034817800158292896,0.3658304810523987,1.0002339159801759
0.0075,15,refine,0,42,0.2718452154804921,6.57371741790361,13.409117973726714,20.254680607110814,122.92867158673074,4.966971389578856e-05,0.5741673384700089,-1.6207676702829201,1.000583425970299,5.977545169955071e-07,0,0.43427673572744774,0.0034091229651215392,0.24088996648788452,1.0002339159801759
0.0075625,15,physics,0,42,1.7625940980890769,6.698849725102818,12.431784622204548,20.893228445396442,123.85368642344791,5.0043469031153206e-05,0.5827306519941192,-8.078175674005939,1.0029078832459977,6.03569862533959e-07,0,0.4329901266332676,0.0034311935473769653,0.24088996648788452,1.00023373712443
0.007625,15,physics,0,42,3.513716896319874,6.872828810059344,11.315381362451383,21.7019270688306,124.78564752921301,5.042003082823315e-05,0.5949764208063265,-11.450259321626673,1.004121725565417,6.088614235011392e-07,0,0.43124390027064824,0.0034535319228110564,0.24088996648788452,1.0002358833954903
0.0076875,15,physics,0,42,4.107939160143155,7.337955770080043,11.514159267515417,22.960054197738614,125.72463939034088,5.0799433423987956e-05,0.6145994503519345,-10.593573977510065,1.0038133436313528,6.132838556993654e-07,0,0.4287967935272558,0.003476306097263542,0.24088996648788452,1.0002401759514266
0.00775,15,physics,0,42,3.225730423482896,8.249136054742767,13.519895026486697,24.994761504712358,126.6706955594386,5.118169037545331e-05,0.6455659745881183,-5.663825951471165,1.002038791406252,6.168301203146604e-07,0,0.42558695229858573,0.0034998512357306247,0.24088996648788452,1.0002432165230273
0.0078125,15,physics,0,42,1.8327059519436706,9.60046715359158,16.515981015944497,27.94915412147975,127.62386297161113,5.156682064690502e-05,0.6894455302389066,1.926580404712948,0.9993064952935804,6.197763688930986e-07,0,0.4217523764890834,0.003524750238786459,0.24088996648788452,1.000249118835461
0.007875,15,physics,0,42,1.1491383713774057,11.264290869014403,19.216458569347974,31.629887809739785,128.58420572073544,5.195485013567439e-05,0.7436898248156599,9.944517882340985,0.996420303228863,6.227152091753392e-07,0,0.4175521522979713,0.0035514014095431737,0.24088996648788452,1.0002507285630784
0.0079375,15,physics,0,42,1.506560513243897,13.051098937508032,20.947221409431645,35.504880860183576,129.55175635269853,5.234579199202876e-05,0.8013055938968268,15.99867569709028,0.9942410112335293,6.26058932695627e-07,0,0.4132264660022065,0.003580240213680707,0.24088996648788452,1.0002525171523584
0.008,15,physics,0,42,2.2044389722885094,14.706346094540157,21.921775461257585,38.83256052808625,130.52660839908367,5.273968400769666e-05,0.851945471381592,18.23191783652988,0.9934371104568379,6.302431581062253e-07,0,0.4090350913332426,0.0036112568971225956,0.24088996648788452,1.0002509074218626
0.008,16,refine,0,42,2.2044389722885094,14.706346094540157,21.921775461257585,38.83256052808625,130.52660839908367,5.273968400769666e-05,0.851945471381592,18.23191783652988,0.9934371104568379,6.302431581062253e-07,0,0.4090350913332426,0.0036112568971225956,0.24088996648788452,1.0002509074218626
0.0080625,16,physics,0,42,2.3740967732779605,15.882544577423793,22.589191876731423,40.845833227433175,131.5087962546172,5.313654007997471e-05,0.8842117472441783,15.81271422496448,0.9943079480974315,6.35525894132627e-07,0,0.4052512732752618,0.0036439591571658294,0.24088996648788452,1.0002559154808015
0.008125,16,physics,0,42,1.886028022518198,16.19090478695294,22.854755123679606,40.93168793315074,132.49837388790903,5.353638201504834e-05,0.888581664698867,9.171177472460675,0.9966986907655179,6.417239148959198e-07,0,0.4020150484398946,0.003677558976504598,0.24088996648788452,1.0002548423232038
0.0081875,16,physics,0,42,1.3918532974744957,15.372510485162062,22.01730282331599,38.78166660595255,133.4953846364437,5.393922732356369e-05,0.8602268793854833,-0.08728831347249254,1.0000314207980594,6.486222190460457e-07,0,0.39928733538027134,0.0037106434480473197,0.24088996648788452,1.0002564520600323
0.00825,16,physics,0,42,1.5283233284389548,13.491274182090887,19.49209674433986,34.5116942548697,134.49989974752248,5.4345104793215476e-05,0.8011070419353706,-9.590453676518951,1.0034522219367894,6.559153638008301e-07,0,0.39700243985565725,0.0037420322316759,0.24088996648788452,1.000260565843697
0.0083125,16,physics,0,42,2.156029658218009,10.988587119729733,15.58380827616768,28.728425054115423,135.5120065283372,5.475404970074735e-05,0.7204905398789561,-16.78992857588473,1.006043763655799,6.626473298965146e-07,0,0.3950166387753756,0.003770687203943155,0.24088996648788452,1.000265931673903
0.008375,16,physics,0,42,2.4726640262737263,8.513837333619945,11.504375037308089,22.49087639720176,136.53173674073773,5.516607487963404e-05,0.633619693766299,-19.66990644078411,1.0070804484133207,6.682402702296022e-07,0,0.3931214984449002,0.0037960724883267694,0.24088996648788452,1.0002675414285778
0.0084375,16,physics,0,42,1.9132775172762753,6.632868921923498,8.570540617875567,17.11668705707534,137.559104383032,5.5581185985935544e-05,0.5586098211181659,-17.321377037634914,1.0062350724633276,6.727149894913961e-07,0,0.39122366357478444,0.0038182841895783087,0.24088996648788452,1.0002711186704636
0.0085,16,physics,0,42,0.8764172091631366,5.635758545338006,7.348916629046221,13.861092383547364,138.5942149729291,5.599942565441204e-05,0.512250855090459,-10.197711672476256,1.003670780379583,6.760811697148477e-07,0,0.3891631652666278,0.003838170147612731,0.24088996648788452,1.0002768422840909
0.0085,17,refine,0,44,0.8764172091631365,5.635758545338006,7.348916629046221,13.861092383547364,138.5942149729291,5.599942565441204e-05,0.512250855090459,-10.197711672476256,1.003670780379583,6.760811697148477e-07,0,0.3891631652666278,0.0036737725808559415,0.24088996648788452,1.0002768422840909
0.0085625,17,physics,0,44,0.4457106148454028,5.5821626666652735,7.543083904088788,13.570957185599465,139.63710719427192,5.6420809515391066e-05,0.505571755915785,-0.03831772391531369,1.0000137928513853,6.787575355104993e-07,0,0.386942560229536,0.0036918321280824244,0.24088996648788452,1.0002755902408114
0.008625,17,physics,0,44,1.3231530215242453,6.485503395159907,8.692891212217507,16.50154762890166,140.6878351816448,5.684535944212062e-05,0.5429372439418612,10.628794475387012,0.9961740157576331,6.813806603389592e-07,0,0.38449730970491386,0.0037105555009935985,0.24088996648788452,1.0002768422840909
0.0086875,17,physics,0,44,3.050207439040843,8.427292695793026,10.737404546322326,22.214904681156195,141.7464762919912,5.7273106690915446e-05,0.6185118551712416,19.214304420718324,0.993083536844396,6.843454416483041e-07,0,0.3819280979982846,0.003731430719875953,0.24088996648788452,1.0002754113776138
0.00875,17,physics,0,44,4.328374461288385,11.442689479002075,13.983191467483469,29.75425540777393,142.81309744309004,5.770407830011315e-05,0.7195379873821991,23.66285294111596,0.9914822457182877,6.88359345524248e-07,0,0.37934084890219155,0.003755663631678638,0.24088996648788452,1.000280956151615
0.008812500000000001,17,physics,0,44,4.146828427690472,15.286015007791603,18.410316877591406,37.84316031307348,143.88772641641725,5.813828549490598e-05,0.8284813440633105,22.975479040317712,0.9917297237714648,6.93690537900693e-07,0,0.37670568370400276,0.003783802983505509,0.24088996648788452,1.000283996847181
0.008875000000000001,17,physics,0,44,2.6689516662934443,19.300623131867177,23.14944185360777,45.11901665176839,144.97045577787623,5.857576567683646e-05,0.9266072506661454,17.41469877152153,0.9937313967209949,7.003704478591998e-07,0,0.3740252421577617,0.003815769639475182,0.24088996648788452,1.0002850700360582
0.008937500000000001,17,physics,0,44,1.0641191703677209,22.561766284355777,26.738030294995664,50.36391574971916,146.06132287687538,5.901653393704973e-05,0.9976124665641422,8.391240845936883,0.9969794898023074,7.078840162932914e-07,0,0.3713252676468247,0.0038508118916987908,0.24088996648788452,1.0002854277659399
0.009000000000000001,17,physics,0,44,0.4618321829232718,24.249984552452325,28.01788419755621,52.729700932931806,147.16041003878513,5.946062353936901e-05,1.030772133128368,-1.8451443518886088,1.0006641791600581,7.1583565652844e-07,0,0.3685111045517098,0.0038877337753512246,0.24088996648788452,1.000290257131863
0.009000000000000001,18,refine,0,48,0.4618321829232718,24.249984552452325,28.017884197556207,52.729700932931806,147.16041003878513,5.946062353936901e-05,1.030772133128368,-1.8451443518886088,1.0006641791600581,7.079851229718765e-07,0,0.3685111045517098,0.003516303496013415,0.23809105157852173,1.000290257131863
0.0090625,18,physics,0,48,1.001133909863418,24.036826203094947,26.821885236949473,51.85984534990784,148.26776600031747,5.9908054176015084e-05,1.02159022600496,-10.774460921189027,1.0038783738525214,7.156130061858338e-07,0,0.36549451249818826,0.003550754832379347,0.23809105157852173,1.0002947287877668
0.009125,18,physics,0,48,1.8517220471455667,22.192679529146123,24.217514154065118,48.261915730356804,149.38342644330416,6.035884026434353e-05,0.9781222476663036,-16.325426293466542,1.0058764977300654,7.223908662368225e-07,0,0.36238161829464105,0.0035840733961684202,0.23809105157852173,1.0003020623467227
0.0091875,18,physics,0,48,2.1298775193144626,19.41461827138132,21.224630396276936,42.76912618697271,150.50748653661532,6.081302025763371e-05,0.9102846714170525,-17.330057371155807,1.0062381267964255,7.281571230421945e-07,0,0.3591714916506224,0.0036154846433936274,0.23809105157852173,1.0003061763179701
0.00925,18,physics,0,48,1.7304531300876276,16.465707292643984,18.40136885260031,36.59752927533192,151.64002816521122,6.12706272417598e-05,0.8331721556144199,-13.832189444497244,1.004978944468147,7.327052582439827e-07,0,0.35593541844371634,0.0036443324847591223,0.23809105157852173,1.0003088593518121
0.0093125,18,physics,0,48,1.2859253907165096,13.918897172909334,15.748736851506033,30.953559415131878,152.78108984242706,6.17316767781551e-05,0.7619189823891778,-7.030296350955822,1.0025305704555734,7.364858776170993e-07,0,0.35286758377108396,0.0036707370194241427,0.23809105157852173,1.0003154775327245
0.009375,18,physics,0,48,1.3749475980305546,12.097678946700473,13.291506906841425,26.764133451572455,153.93073929174136,6.219619623070287e-05,0.7084985619565255,1.109318575115017,0.9996006985100013,7.398211270270854e-07,0,0.3500429430241797,0.0036951148792708777,0.23809105157852173,1.000320128172534
0.0094375,18,physics,0,48,1.8760969329765311,11.148066778684464,11.515862697119566,24.540026408780562,155.0890253107176,6.266420531621105e-05,0.6796846226385315,8.432797998045364,0.9969645981985711,7.434207303091961e-07,0,0.3475980105626707,0.003717942898165185,0.23809105157852173,1.000322095757424
0.0095,18,physics,0,48,2.1358904641872236,11.102918456133553,11.128038460237018,24.366847380557793,156.25603272864078,6.313573831021732e-05,0.6765442396800111,13.159071443785887,0.9952633924227626,7.476897483371667e-07,0,0.3455095251086388,0.0037407709248447603,0.23809105157852173,1.0003262098110632
0.0095,19,refine,0,60,2.1358904641872236,11.102918456133555,11.12803846023702,24.3668473805578,156.2560327286408,6.313573831021734e-05,0.6765442396800111,13.159071443785887,0.9952633924227626,5.424843205759091e-07,0,0.3658614372817042,0.0035345515981923953,0.1725849062204361,1.0003262098110632
0.0095625,19,physics,0,60,1.7442032611084988,11.884618783616062,12.286170679923877,25.91499272464844,157.43182955998202,6.361082269418132e-05,0.693141764549388,14.36845750955922,0.9948280785498135,5.462597716388019e-07,0,0.3642501497014995,0.003555893466646364,0.1725849062204361,1.0003310393738818
0.009625,19,physics,0,60,1.052145138260402,13.288319239705974,14.501445981896259,28.841910359862634,158.61646652070164,6.408947896004524e-05,0.7272766174538167,12.079409712234394,0.9956519637785695,5.508287221900336e-07,0,0.36286951569508547,0.0035782926080729907,0.1725849062204361,1.0003312182470265
0.0096875,19,physics,0,60,0.9019252681309938,15.015507416999602,16.53682417381835,32.454256858948945,159.81001556074048,6.457173617940754e-05,0.7691824562971128,7.231583708867082,0.9973969706023104,5.560067997123503e-07,0,0.36163614678579087,0.0036018906954436948,0.1725849062204361,1.0003322914865669
0.00975,19,physics,0,60,1.769206620775565,16.797171840423612,17.61325290409977,36.179631365298945,161.0125478899865,6.5057623124846e-05,0.8122957838708394,1.4540842077049472,0.9994765985730799,5.613936551185361e-07,0,0.3602810214577767,0.003626855831402459,0.1725849062204361,1.000335332338184
0.0098125,19,physics,0,60,3.1720150368193867,18.50644979185449,17.95471136062881,39.63317618930269,162.22413515401135,6.554716874497771e-05,0.8525575751935974,-3.442655333225506,1.0012391919363708,5.666047604435668e-07,0,0.3586768666450936,0.003653091966159422,0.1725849062204361,1.0003390886970618
0.009875,19,physics,0,60,4.000034693226524,20.174858829233777,18.52165813759881,42.696551660059114,163.44486790149,6.604040962627775e-05,0.888750734427267,-5.973696310501071,1.0021502403600155,5.714188251459976e-07,0,0.35666135774740887,0.0036804768694545247,0.1725849062204361,1.0003444549484983
0.0099375,19,physics,0,60,3.5166032581054,21.8984866665097,20.0664231931079,45.481513117723004,164.67475079904222,6.653734765430843e-05,0.9218226292856725,-5.416686915034736,1.001949738469129,5.756231553633028e-07,0,0.3541894236029574,0.003708946253158553,0.1725849062204361,1.000350715611558
0.01,19,physics,0,60,2.0687803243112732,23.71979457503367,22.395611269998188,48.184186169343135,165.91389257807796,6.703802676233572e-05,0.9535423062497853,-2.010240852060886,1.0007235835780928,5.792593880116217e-07,0,0.351282594979159,0.0037384444399974756,0.1725849062204361,1.0003528621336268
0.01,20,refine,0,70,2.0687803243112723,23.719794575033674,22.395611269998195,48.18418616934314,165.913892578078,6.703802676233568e-05,0.9535423062497853,-2.010240852060886,1.0007235835780928,5.792593880116217e-07,0,0.351282594979159,0.0032738657952482296,0.1725849062204361,1.0003528621336268
0.0100625,20,physics,0,70,0.7977930732766841,25.579584666426697,24.42465812471208,50.80203586441546,167.16235565507674,6.754247216993311e-05,1.03023309872276,3.1991558425261313,0.9988484696659051,5.825233682088536e-07,0,0.34799884354945126,0.003295860134480712,0.1725849062204361,1.0003542931508984
0.010125,20,physics,0,70,0.5859752958304851,27.37192723123636,25.521247630985034,53.47915015805188,168.42021266451835,6.805071322528928e-05,1.0622865056208723,8.498848030467387,0.9969408578250921,5.856841021056874e-07,0,0.3447847284863325,0.0033186233990521175,0.1725849062204361,1.0003560819253665
0.0101875,20,physics,0,70,1.3306547788361158,28.923411122738464,25.518939322017562,55.77300522359214,169.6875274318502,6.856277571727566e-05,1.0900723561432741,12.196228041573818,0.9956099969364269,5.893935597356412e-07,0,0.34159319429300716,0.0033424032242073427,0.1725849062204361,1.0003559030477758
0.01025,20,physics,0,70,2.137206083744264,30.029559176272297,25.068973675345827,57.23573893536239,170.96438688436405,6.907869476913612e-05,1.1085267982669662,13.039705564688047,0.9953063925799348,5.936451046295588e-07,0,0.3385868429031423,0.003367163073601106,0.1725849062204361,1.000354650905536
0.0103125,20,physics,0,70,2.2169375623887118,30.43947823454498,24.76370393865396,57.420119735587654,172.2508492450312,6.959849390604418e-05,1.1122078284587993,10.558094122134655,0.9961996304817947,5.986727380502534e-07,0,0.33601280364083713,0.0033928521878933264,0.1725849062204361,1.000355724170217
0.010375,20,physics,0,70,1.596099069572318,29.90701546958237,24.49794183104319,56.00105637019787,173.5469957669089,7.012220595855147e-05,1.0969760959113672,5.181276505097411,0.9981350116019205,6.043634437347125e-07,0,0.33375934174961397,0.0034187331109408045,0.1725849062204361,1.0003610905108935
0.0104375,20,physics,0,70,0.9904002026187532,28.31789306961192,23.57302135934055,52.88131463157123,174.85291098982873,7.064986508524113e-05,1.0616920221416704,-1.8223659847938447,1.000655957677693,6.104431395925766e-07,0,0.3318972870734247,0.0034443497252617857,0.1725849062204361,1.0003657413627658
0.0105,20,physics,0,70,1.0197992579085866,25.822041053952425,21.436434505932922,48.278274817793935,176.16862126989582,7.118148193537988e-05,1.0092716619456308,-8.689624797552279,1.0031278006783624,6.164856234391883e-07,0,0.33013799423494417,0.0034690883060797227,0.1725849062204361,1.0003678879170765
0.0105,21,refine,0,70,1.0197992579085866,25.822041053952425,21.436434505932922,48.278274817793935,176.16862126989582,7.118148193537988e-05,1.0092716619456308,-8.689624797552279,1.0031278006783624,6.164856234391883e-07,0,0.33013799423494417,0.0034690883060797227,0.1725849062204361,1.0003678879170765
0.0105625,21,physics,0,70,1.5636558148071913,22.864242073314507,18.345164333465192,42.77306222158689,177.4942453380164,7.171710448256137e-05,0.9468856976244457,-13.577037778022897,1.0048869898870367,6.222136619271621e-07,0,0.32859482950353514,0.0034921624126146257,0.1725849062204361,1.0003696767158539
0.010625,21,physics,0,70,1.9112209153192126,20.05864007491219,15.306115940649068,37.275976930880475,178.82985025492155,7.225675982288344e-05,0.8849714067716901,-15.068038574420916,1.0054235540623502,6.272351384950525e-07,0,0.3269494878874618,0.003513805587926254,0.1725849062204361,1.0003712866374883
0.0106875,21,physics,0,70,1.553380770404693,17.976520987445078,13.343992456703212,32.87389421455298,180.17550816507529,7.280047710654235e-05,0.835295028192644,-12.605393904326974,1.0045371255630642,6.314027372056322e-07,0,0.32525565686893876,0.0035335971570951766,0.1725849062204361,1.000375937536764
0.010750000000000001,21,physics,0,70,0.7934263848747415,16.991344383366613,12.796268316987412,30.581039085228767,181.53129358560378,7.334828644241576e-05,0.8084322198059886,-6.598932664155298,1.0023752050195833,6.348236958331194e-07,0,0.32336224818892906,0.003552085504864887,0.1725849062204361,1.0003834505735785
0.010812500000000001,21,physics,0,70,0.5110392976821562,17.275846165305065,13.288438892506564,31.075324355493784,182.8972777634328,7.390021661804664e-05,0.8113965474494463,1.5743646216554408,0.9994333278445121,6.376767451854445e-07,0,0.3212808433066437,0.003569952205391333,0.1725849062204361,1.0003861338146864
0.010875000000000001,21,physics,0,70,1.2930277032981898,18.89978036084461,14.334639951836264,34.52744801597906,184.2735508459699,7.445630405777673e-05,0.8460014940301288,10.04499980930221,0.9963844724981391,6.404664336656648e-07,0,0.3192411201297945,0.003588375797829633,0.1725849062204361,1.0003877437628057
0.010937500000000001,21,physics,0,70,2.7967354620213665,21.885165620185372,15.890664031414248,40.57256511362099,185.66016744977009,7.501657082959575e-05,0.9084528557435135,16.911588820919192,0.9939128153499379,6.436001651621841e-07,0,0.31705977032585664,0.0036081356887455295,0.1725849062204361,1.0003920369704575
0.011,21,physics,0,70,3.9850641364645476,26.135179905243643,18.288081995660757,48.40832603736895,187.0572184717136,7.558105366067223e-05,0.9901205127556421,20.640318389839166,0.9925707036789219,6.4759149598359e-07,0,0.31497916087902234,0.0036297105437775577,0.1725849062204361,1.0003945413500963
0.011,22,refine,0,73,3.985064136464547,26.135179905243643,18.288081995660754,48.408326037368944,187.05721847171364,7.558105366067224e-05,0.9901205127556421,20.640318389839166,0.9925707036789219,6.4759149598359e-07,0,0.31497916087902234,0.0036297105437775577,0.1725849062204361,1.0003945413500963
0.0110625,22,physics,0,73,4.022747521158104,31.28871546808806,21.621570871895287,56.93303386114145,188.46478598957458,7.614978571478726e-05,1.0788044718141012,20.44586633901892,0.9926407080990939,6.525279445668273e-07,0,0.31296719849025467,0.00365383265443433,0.1725849062204361,1.0004002656699558
0.011125,22,physics,0,73,2.9720547268740294,36.685362552866955,25.39024546277225,65.04766274251324,189.8829240100772,7.672278881352657e-05,1.1626594733850275,16.51549948191513,0.9940554035212645,6.582992915227236e-07,0,0.31100366308813326,0.00368021849717963,0.1725849062204361,1.0004020545266292
0.0111875,22,physics,0,73,1.7054255373656995,41.4489417809733,28.49810868072539,71.6524759990644,191.31173435147684,7.73001040968743e-05,1.2303813483877912,9.836355492964515,0.996459500212643,6.649063362118571e-07,0,0.309055894538826,0.0037085618600171903,0.1725849062204361,1.0004038433865015
0.01125,22,physics,0,73,1.0938140454507914,44.793851437947936,30.06532879623401,75.95299427963273,192.7513124329837,7.78817701192606e-05,1.2741535084214504,2.0447223223670776,0.9992640214437456,6.718269016658949e-07,0,0.30702636401234273,0.003738408198348884,0.1725849062204361,1.0004063477956961
0.0113125,22,physics,0,73,1.2611392046475263,46.30152852272535,30.01690414240058,77.57957186977346,194.20172031159169,7.846781195500778e-05,1.290883633845285,-5.02196735241028,1.0018076037435204,6.786404807002095e-07,0,0.30494256818094373,0.0037689110808896784,0.1725849062204361,1.0004088522111607
0.011375,22,physics,0,73,1.5940460562041816,46.036898264193766,29.030022188790237,76.66096650918819,195.66304048793543,7.905826293875508e-05,1.2823517484002631,-9.779770739742807,1.003520118811982,6.849208347148307e-07,0,0.3026693831731407,0.0037992645607146185,0.1725849062204361,1.0004145766129078
0.0114375,22,physics,0,73,1.4588069419872605,44.444350927080805,27.868359871430318,73.77151774049838,197.13535960276423,7.965315807796794e-05,1.254375308168037,-11.295917494890348,1.0040658402891922,6.904328397894238e-07,0,0.30018960151617874,0.0038286834622915543,0.1725849062204361,1.0004206588256543
0.0115,22,physics,0,73,0.8787290398544411,42.12013133151897,26.753277178180266,69.75213754955368,198.61876039483562,8.025253080349994e-05,1.2151042735494193,-9.513956718866353,1.0034244383618562,6.951427282686494e-07,0,0.297529515835711,0.003856946620585535,0.1725849062204361,1.0004235210562127
0.0115,23,refine,0,84,0.8787290398544411,42.12013133151898,26.753277178180262,69.75213754955368,198.61876039483565,8.025253080349993e-05,1.2151042735494193,-9.513956718866353,1.0034244383618562,4.793553607385097e-07,0,0.297529515835711,0.003725077124218397,0.11904552578926086,1.0004235210562127
0.0115625,23,physics,0,84,0.47750907810392856,39.59602022052145,25.301301535710284,65.37483083433567,200.11331371943206,8.085640974464937e-05,1.1855457037980115,-5.185794897688853,1.001866543356104,4.821869392657158e-07,0,0.2948422330000368,0.003753605776240584,0.11904552578926086,1.000428887760581
0.011625,23,physics,0,84,0.7941069644437087,37.347061078526266,23.416471298078534,61.55763934104851,201.61913219079037,8.146484040355053e-05,1.1473505185240533,0.2899310590704203,0.9998956440219531,4.847880790137531e-07,0,0.2922398523534909,0.0037811088821385237,0.11904552578926086,1.0004338967106325
0.0116875,23,physics,0,84,1.6495184669003553,35.62305388417424,21.334268458963052,58.606840810037646,203.13627041088105,8.20778448423002e-05,1.117762260701844,5.327127874685872,0.9980825940007672,4.8756687753837e-07,0,0.2898589144458055,0.0038078784203885233,0.11904552578926086,1.0004355067356179
0.01175,23,physics,0,84,2.2682729244879947,34.55919652633791,19.83110055577745,56.658570006603355,204.66484336129005,8.269546951956748e-05,1.098086666283136,8.599497778146718,0.99690477196217,4.906785813219017e-07,0,0.2877982964090549,0.0038342287930507447,0.11904552578926086,1.0004380112240787
0.0118125,23,physics,0,84,2.0152782088466688,34.13653610953856,19.482578887559335,55.63439320594456,206.20489948648395,8.331773400949053e-05,1.087229135825722,9.348845925269346,0.9966350581422578,4.942577493949334e-07,0,0.28603250739313807,0.003860255343886323,0.11904552578926086,1.0004424835404961
0.011875,23,physics,0,84,1.037787471145323,34.19323404864819,20.09920143164407,55.330222951437584,207.75653448974907,8.39446769812812e-05,1.0827965979352994,7.557293659520006,0.9972798908814273,4.982543870823971e-07,0,0.2845453544499453,0.0038862394085200673,0.11904552578926086,1.0004431991129783
0.0119375,23,physics,0,84,0.18558649713063324,34.50261988908875,20.824280875380435,55.512487261599816,209.3198433373013,8.45763368063358e-05,1.0823563149451583,3.9268798891759205,0.9985865969796571,5.026430711652091e-07,0,0.28325707721094817,0.003912306259840568,0.11904552578926086,1.0004489237112606
0.012,23,physics,0,84,0.263194712999878,34.9046347665156,20.85200222741308,56.01983170692856,210.8949230499909,8.521275268623209e-05,1.084576995524572,-0.3099826479486049,1.0001115716857467,5.072241693326877e-07,0,0.2822009104973665,0.003938405273370861,0.11904552578926086,1.000449818182701
0.012,24,refine,0,95,0.263194712999878,34.9046347665156,20.85200222741308,56.01983170692856,210.89492304999092,8.521275268623206e-05,1.084576995524572,-0.3099826479486049,1.0001115716857467,4.6788400354103e-07,0,0.2749719716362332,0.0037289266776966597,0.11003081500530243,1.000449818182701
0.0120625,24,physics,0,95,1.3036110354514845,35.398228185377675,20.082869496343875,56.78470871717303,212.48189025384775,8.585397174408183e-05,1.088479882148748,-3.720505502803264,1.0013391120915225,4.720200230678984e-07,0,0.2738006045672287,0.0037532561277905364,0.11003081500530243,1.000452859391581
0.012125,24,physics,0,95,2.5417845966221795,36.24599961453983,19.392050219923632,58.179834431085645,214.08077071859105,8.650000439222061e-05,1.098902788318419,-5.146848128246541,1.0018524869994838,4.758131009197084e-07,0,0.2724682683347142,0.0037778440123915616,0.11003081500530243,1.0004559006097056
0.0121875,24,physics,0,95,3.131419644267306,37.72667162064384,19.626510169565297,60.484601434476446,215.69168495976294,8.715089932532984e-05,1.1176982522607282,-3.955484261352522,1.001423680780049,4.791709287133011e-07,0,0.2708462515539724,0.0038025980496728708,0.11003081500530243,1.0004587629410915
0.01225,24,physics,0,95,2.902939601839128,40.09777207509279,21.069344446159292,64.0700561230912,217.31479267123598,8.780672106821775e-05,1.1476569568880393,-0.25799596968163424,1.0000928592360143,4.821585095626803e-07,0,0.26898347804496026,0.0038278011815605214,0.11003081500530243,1.0004634142470596
0.0123125,24,physics,0,95,2.4326233414489815,43.48121118084801,23.21896641205342,69.1328009343504,218.95010177066047,8.846747282003579e-05,1.1901177484261622,5.108327348433886,0.998161384225136,4.848713084371075e-07,0,0.26697718765299616,0.003853772429167764,0.11003081500530243,1.0004639509376014
0.012375,24,physics,0,95,2.3896202746759405,47.84388166312176,25.325613976413546,75.55911591421125,220.59763356534432,8.913316319006815e-05,1.243997733365262,10.825121283316992,0.9961037179159411,4.87419910655263e-07,0,0.2648136918605547,0.0038807954587744497,0.11003081500530243,1.0004668132920196
0.0124375,24,physics,0,95,2.8365405667372388,53.00022701987156,27.06029690520994,82.89706449181874,222.25760364724633,8.980387928891956e-05,1.3054656477828945,15.412052484431685,0.994452754314469,4.903133321576547e-07,0,0.26272092974399736,0.00390914017171484,0.11003081500530243,1.0004671710868975
0.0125,24,physics,0,95,3.1739016770167567,58.58803614414822,28.663399185472027,90.42533700663701,223.93003612221304,9.047963085663257e-05,1.368369695269565,17.62734352509527,0.9936554304995114,4.935529922533987e-07,0,0.2605359495038786,0.003939097860702524,0.11003081500530243,1.000470749042716
0.0125,25,refine,0,98,3.173901677016757,58.58803614414822,28.663399185472027,90.42533700663701,223.930036122213,9.047963085663258e-05,1.368369695269565,17.62734352509527,0.9936554304995114,4.935529922533987e-07,0,0.2605359495038786,0.0036520063507437354,0.11003081500530243,1.000470749042716
0.0125625,25,physics,0,98,2.771324061100103,64.03032588121889,30.459055313296993,97.26070525561599,225.61507401358102,9.116047568223342e-05,1.4248696979067577,16.80662878092608,0.9939508187480703,4.974262006740564e-07,0,0.2585662389577647,0.0036796076578342394,0.11003081500530243,1.0004730747208597
0.012625,25,physics,0,98,1.6320980548058999,68.62270747081475,32.361320183994025,102.61612570961466,227.31278837161625,9.184644247380398e-05,1.4683898044157044,12.989038585686572,0.9953248766443716,5.018761592978641e-07,0,0.2566773066541403,0.003708615457555228,0.11003081500530243,1.0004759371013812
0.0126875,25,physics,0,98,0.4691143033726774,71.62892485362804,33.6708389115414,105.76887806854211,229.02327052802445,9.253756813420537e-05,1.492935551991939,6.94494732094569,0.9975002794012807,5.067688260140818e-07,0,0.254983986776621,0.0037383959558482294,0.11003081500530243,1.0004748637077259
0.012750000000000001,25,physics,0,98,0.07866190367598506,72.56712755018825,33.664947913896064,106.31073736776028,230.74664263811215,9.323390202067095e-05,1.4956094579902564,-0.01384097478814507,1.000004981830621,5.120579054107567e-07,0,0.2533277194329731,0.0037685976139523554,0.11003081500530243,1.0004777260933657
0.012812500000000001,25,physics,0,98,0.6122073871254766,71.39918297301587,32.21950244148452,104.23089280162587,232.48297661456016,9.393547318974405e-05,1.4770532864258354,-6.344696847438639,1.0022836285721934,5.17096262697692e-07,0,0.25168781714871974,0.0037986730678411613,0.11003081500530243,1.0004820196871806
0.012875000000000001,25,physics,0,98,1.4360673958822003,68.56315389436976,29.964660467590786,99.96388175784276,234.2323666703915,9.46423197084911e-05,1.441414389987441,-10.643818275119244,1.0038309921894362,5.218103522608432e-07,0,0.25005330874977916,0.0038280032307232105,0.11003081500530243,1.0004864922003316
0.012937500000000001,25,physics,0,98,1.7273794025595364,64.81219661714923,27.795175962334838,94.3347519820436,235.99492976234404,9.535448883364749e-05,1.3955614950805983,-12.005920295277564,1.0043212518841684,5.259559028303334e-07,0,0.24825286118359177,0.003856504302615377,0.11003081500530243,1.0004891757178191
0.013000000000000001,25,physics,0,98,1.2401052798355126,60.95519385389573,26.192944019374597,88.38824315310583,237.7707420039468,9.607201131912245e-05,1.3476119618149354,-10.250194028464499,1.003689318373677,5.296209995009348e-07,0,0.24636960048781598,0.0038837264780566213,0.11003081500530243,1.0004895335206947
0.013000000000000001,26,refine,0,108,1.2401052798355126,60.955193853895715,26.19294401937459,88.38824315310582,237.77074200394682,9.607201131912246e-05,1.3476119618149354,-10.250194028464499,1.003689318373677,4.405429137044337e-07,0,0.24636960048781598,0.003493980315870631,0.09145762026309967,1.0004895335206947
0.0130625,26,physics,0,108,0.4956223681454301,57.62028880430764,24.956248390603573,83.07215956305664,239.5598933951233,9.679492352966628e-05,1.3037835077616644,-5.909053160809532,1.0021267643164185,4.431914923941347e-07,0,0.24444783604448247,0.003518515688171904,0.09145762026309967,1.000488460112452
0.013125,26,physics,0,108,0.24869086193645712,55.31073465583911,23.79101168962067,79.35043720739624,241.3625267432473,9.752328316704471e-05,1.2736005751384714,-0.15240856637846567,1.00005485425261,4.455353432852856e-07,0,0.24258104828006855,0.003542392676232548,0.09145762026309967,1.000490606930089
0.0131875,26,physics,0,108,0.7377234762840353,54.22373808390804,22.606075128904937,77.56753668909701,243.17872644133607,9.825712433052002e-05,1.2581892725684467,5.565231612812574,0.9979969873055685,4.479619382102842e-07,0,0.2407685097168202,0.0035658238601334303,0.09145762026309967,1.0004904280284432
0.01325,26,physics,0,108,1.4876124293778548,54.428219855275806,21.865202802826655,77.78103508748032,245.00854685174374,9.899646898537136e-05,1.2578426617216816,9.926337395449371,0.9964273625414691,4.506543236360018e-07,0,0.23909664948649198,0.0035891969295460116,0.09145762026309967,1.000490964733476
0.0133125,26,physics,0,108,1.8107574699079954,55.83399479970842,22.103585259140463,79.74833752875688,246.8521829954078,9.974139593041784e-05,1.2703742027589087,12.04234483817598,0.9956657790042239,4.536932989296359e-07,0,0.23761941683215798,0.003612722816237823,0.09145762026309967,1.000490606930089
0.013375,26,physics,0,108,1.5020989994877054,58.188356735447364,23.342028120051086,83.03248385498615,248.7096859864781,0.00010049192581849142,1.2920799000301433,11.640834728907297,0.9958102945237426,4.571632818972659e-07,0,0.23635680135075962,0.003636655118054093,0.09145762026309967,1.000490964733476
0.0134375,26,physics,0,108,1.0518665976792412,61.124174801976125,24.941202161167748,87.11724356082311,250.5811583935423,0.00010124810009275054,1.3188275384796047,9.152775345452763,0.9967056559917367,4.6102754636123656e-07,0,0.23515505151009616,0.003661103038246533,0.09145762026309967,1.00049364826296
0.0135,26,physics,0,108,1.1733883483947067,64.28214665444246,26.07648401678871,91.53201901962588,252.46672372682806,0.00010200996865788869,1.3472220893459552,5.496873063855623,0.9980215113562535,4.6508655504595703e-07,0,0.23396792050122894,0.0036861129698520403,0.09145762026309967,1.0004974052163296
0.0135,27,refine,0,110,1.1733883483947067,64.28214665444246,26.07648401678871,91.53201901962588,252.46672372682804,0.00010200996865788869,1.3472220893459552,5.496873063855623,0.9980215113562535,4.6508655504595703e-07,0,0.23396792050122894,0.0034547126955648388,0.09145762026309967,1.0004974052163296
0.0135625,27,physics,0,110,2.0900774070918193,67.4436426814815,26.416859500390967,95.9505795889643,254.36647120815417,0.00010277756756426048,1.3749857795419191,1.857829160511495,0.9993313113687626,4.691901716036285e-07,0,0.2327698995832091,0.0034791317177137304,0.09145762026309967,1.0005024145094346
0.013625,27,physics,0,110,3.2719045389796726,70.63293701093419,26.421920298656634,100.32676184857048,256.2805392756667,0.00010355095274823143,1.4026709697013477,-0.5913212755852418,1.0002128342103154,4.7311774142855235e-07,0,0.23149982737697095,0.003503976722929434,0.09145762026309967,1.000508318351364
0.0136875,27,physics,0,110,3.8975193861274198,74.02950210170958,26.879127577138128,104.80614906497513,258.2090017968175,0.00010433015405617634,1.4310742674207984,-1.047971762401417,1.0003771957019962,4.767755581447377e-07,0,0.23003458438177457,0.003529357268518021,0.09145762026309967,1.0005086761610853
0.01375,27,physics,0,110,3.6026142565916763,77.86855287533392,28.211288599644412,109.68245573157,260.15196313408006,0.00010511521365607872,1.4620411270085247,0.7159782481656998,0.9997422980174347,4.80042354755739e-07,0,0.2283625976089963,0.0035552038957866626,0.09145762026309967,1.0005127909820792
0.0138125,27,physics,0,110,2.7970320297424993,82.31057229112899,30.115167180923613,115.22277150179511,262.10954586091026,0.00010590618107412645,1.497182663764489,4.277549584398798,0.9984603861156938,4.830665800703568e-07,0,0.22650851575905145,0.0035817401823561405,0.09145762026309967,1.0005179792587577
0.013875,27,physics,0,110,2.242573240300316,87.37962471871371,31.88310509652273,121.50530305553676,264.0818558840733,0.00010670309910227898,1.5368610997595207,8.703294067899085,0.9968674247564948,4.858847812982962e-07,0,0.22461521469104068,0.0036088476381881483,0.09145762026309967,1.0005211995819525
0.0139375,27,physics,0,110,2.318853790437725,92.95406498928178,33.06310984069613,128.33602862041562,266.0689904253978,0.00010750600702331992,1.5797406860269796,12.779139401098695,0.9954004096867183,4.887959765831341e-07,0,0.22267853680197058,0.0036367591297539713,0.09145762026309967,1.0005242410078206
0.014,27,physics,0,110,2.6898785530305815,98.76407094874392,33.810311290960485,135.264260792735,268.071080012115,0.00010831495757718498,1.6228006109543915,15.367807084593494,0.9944686617165749,4.920111416062416e-07,0,0.2207697149937236,0.0036654096380510626,0.09145762026309967,1.0005245988232363
0.014,28,refine,0,124,2.689878553030582,98.76407094874392,33.81031129096049,135.264260792735,268.07108001211503,0.00010831495757718497,1.6228006109543915,15.367807084593494,0.9944686617165749,3.247205402345799e-07,0,0.20677620848557027,0.0035120431725419727,0.06022249162197113,1.0005245988232363
0.0140625,28,physics,0,124,2.681166487594319,104.32825472922423,34.55524811264949,141.56466932946805,270.0882562347057,0.00010913000393341907,1.6601104210411517,15.682458803015187,0.9943554241922746,3.2713118258698144e-07,0,0.20503941496637806,0.00353943163866038,0.06022249162197113,1.0005238831925327
0.014125,28,physics,0,124,1.9513730013500665,109.20088002245575,35.65538575655191,146.8076387803577,272.12058630871667,0.000109951173250674,1.6909858247894427,13.485604129274819,0.9951461321318373,3.29800414533565e-07,0,0.20343211356501448,0.0035675249346032137,0.06022249162197113,1.0005242410078206
0.0141875,28,physics,0,124,0.8713474104154613,112.72502721411315,36.68572723777575,150.2821018623044,274.1682104521814,0.00011077852218448428,1.7095836866578458,9.147048945946219,0.9967077223840384,3.330075823981816e-07,0,0.20198654056327034,0.0035961157936855886,0.06022249162197113,1.0005265668103107
0.01425,28,physics,0,124,0.18850175741502212,114.43578259778191,36.96368388616832,151.58796824136525,276.2312738098912,0.00011161210938105642,1.7137936365660895,3.591489574437118,0.9987073205853544,3.362406193474499e-07,0,0.2006185437391314,0.0036249228540408437,0.06022249162197113,1.000526387902235
0.0143125,28,physics,0,124,0.3295826856994497,114.19579649601111,36.10117402015974,150.6265532018703,278.30984608185076,0.00011245196300289524,1.7036873521234501,-1.9622634899243947,1.000706273774575,3.3946506405868604e-07,0,0.1992826806924607,0.0036536856024766405,0.06022249162197113,1.0005288926182077
0.014375,28,physics,0,124,0.9968978361951194,112.27982484794363,34.3940275192831,147.67075020342185,280.40407465962636,0.00011329814260402355,1.6816796856378948,-6.267227123973402,1.002255751570161,3.4269773685480216e-07,0,0.19795051779816186,0.003682212603844238,0.06022249162197113,1.0005301449785453
0.0144375,28,physics,0,124,1.450713041779652,109.30022211202137,32.60541986065885,143.35635501445987,282.5140580662114,0.00011415068799296476,1.6521480833256255,-8.378425326372568,1.0030156285728904,3.454586794404689e-07,0,0.19651696796356974,0.0037102105069440404,0.06022249162197113,1.0005305027960725
0.0145,28,physics,0,124,1.2143983599987052,106.0113766148663,31.343429476419782,138.56920445128478,284.6399011709224,0.00011500964154249393,1.6205711792430193,-7.875271788835398,1.0028342878456231,3.480221506535489e-07,0,0.1949903563799433,0.0037376118047736957,0.06022249162197113,1.0005317551584256
0.0145,29,refine,0,128,1.214398359998705,106.01137661486628,31.343429476419782,138.56920445128478,284.6399011709224,0.00011500964154249394,1.6205711792430193,-7.875271788835398,1.0028342878456231,3.480221506535489e-07,0,0.1949903563799433,0.003612185897301388,0.06022249162197113,1.0005317551584256
0.0145625,29,physics,0,128,0.5203064169153216,103.08645218002803,30.607618790544254,134.21437738748762,286.7817546285354,0.00011587506412514405,1.59147501782205,-4.970969406279593,1.0017890335464743,3.500796772470951e-07,0,0.1933806216405279,0.003638765873581826,0.06022249162197113,1.0005360489841086
0.014625,29,physics,0,128,0.06879393235678719,101.07083950132048,30.008492845825565,131.14812627950283,288.9397363366761,0.00011674700337781932,1.5714088678444413,-0.4113724226632644,1.0001480627216377,3.520881275420607e-07,0,0.19179648310745093,0.003664987400302404,0.06022249162197113,1.0005383748140475
0.014687500000000001,29,physics,0,128,0.3386382338086532,100.25114915330806,29.218318185978656,129.80810557309536,291.1139441248504,0.00011762549882883715,1.5615108048444222,4.624312025921853,0.9983356042542079,3.5405524201337315e-07,0,0.19020571805278613,0.003690971512635396,0.06022249162197113,1.0005419530245108
0.014750000000000001,29,physics,0,128,1.1352026667003288,100.74880030618,28.436942373688197,130.32094534656852,293.3045187877517,0.00011851060736673349,1.5622437056537128,8.896352663373886,0.9967980019072125,3.559403971564735e-07,0,0.1886762057063328,0.003716836026982653,0.06022249162197113,1.0005423108462608
0.014812500000000001,29,physics,0,128,1.7939825428124485,102.51032883835347,28.20467620257771,132.50898758374362,295.5115797758061,0.00011940237725582622,1.5721836127935969,11.4732909504398,0.995870511046519,3.582703893556527e-07,0,0.1872808159478717,0.0037430586317789122,0.06022249162197113,1.0005457101592696
0.014875000000000001,29,physics,0,128,1.8305104656305344,105.30780644054457,28.849678066486977,135.98799497266208,297.7352244082671,0.00012030084781826386,1.588695051027708,11.916975517189131,0.9957113530182291,3.608684764344617e-07,0,0.18607980786771633,0.003769460523650818,0.06022249162197113,1.0005460679823632
0.014937500000000001,29,physics,0,128,1.4083039490247997,108.77703922378052,30.09505950602123,140.28040267882653,299.9755929537075,0.00012120607573000162,1.6087536828470603,10.407537516971809,0.9962544031584122,3.6397636904439423e-07,0,0.18497887161007684,0.003796161774176331,0.06022249162197113,1.0005498251325742
0.015,29,physics,0,128,1.1840493511104269,112.5247423670138,31.2236812235962,144.93247294172042,302.23285143070586,0.00012211812807136482,1.6297975836338228,7.526730633132142,0.9972909646291019,3.6709922035527127e-07,0,0.183976418605494,0.003823219758416917,0.06022249162197113,1.0005514353441265
0.015,30,refine,0,134,1.1840493511104269,112.5247423670138,31.223681223596195,144.93247294172042,302.23285143070586,0.00012211812807136485,1.6297975836338228,7.526730633132142,0.9972909646291019,3.582211567376703e-07,0,0.183976418605494,0.0036069859388202993,0.05878870561718941,1.0005514353441265
0.0150625,30,physics,0,134,1.6777355806925713,116.2553348693843,31.656615996789355,149.5896864468662,304.5070722851325,0.0001230370341143339,1.6503583432972186,4.230149977886647,0.9984774806371244,3.614275598806672e-07,0,0.18300078968290323,0.003632496650513425,0.05878870561718941,1.0005550136012977
0.015125,30,physics,0,134,2.757468038626129,119.96939371734506,31.514710659635135,154.24157241560633,306.7984448780255,0.00012396287037082796,1.6702025622635115,1.575558241643878,0.9994329243785236,3.6443712669864697e-07,0,0.18197184889880644,0.0036584246667884105,0.05878870561718941,1.0005566238212
0.0151875,30,physics,0,134,3.7481112863022314,123.8350862666079,31.424399714213973,159.0075972671241,309.10704310643683,0.00012489566669918179,1.6906536951904059,0.43387972704462413,0.9998438383466653,3.673355752908947e-07,0,0.18081588564331327,0.0036848294471779606,0.05878870561718941,1.0005621701540313
0.01525,30,physics,0,134,4.052985363533603,128.17096703519385,32.016068363131026,164.2400207618585,311.43300985654145,0.00012583548083300086,1.7136538239236478,1.266592731596041,0.99954412893081,3.7002436226174485e-07,0,0.17955584260580323,0.0037112939045771494,0.05878870561718941,1.0005670008560634
0.0153125,30,physics,0,134,3.699130066155082,133.2825794255321,33.35751677511986,170.33922626680703,313.7764842822818,0.0001267823689978705,1.7411234231141195,3.97408326877582,0.9985696523248275,3.724424031403833e-07,0,0.17815187807877272,0.0037383543358690957,0.05878870561718941,1.000568968926541
0.015375,30,physics,0,134,3.2757961461842293,139.3567707400226,34.94697344890798,177.5795403351148,316.13758860426924,0.00012773638057741063,1.7742101457222454,7.9509884821511125,0.9971382874433196,3.747074295290532e-07,0,0.17665502824320028,0.0037657723247384754,0.05878870561718941,1.0005695056737065
0.0154375,30,physics,0,134,3.3364888776644133,146.41902990150427,36.2233315665307,185.97885034569939,318.51644481931487,0.00012869756486481396,1.8127408079655274,12.227522017263636,0.9955991459046135,3.770769199107346e-07,0,0.17508861703981063,0.003793786430451776,0.05878870561718941,1.0005714737491107
0.0155,30,physics,0,134,3.8532397581706976,154.32495630315844,37.08060553349349,195.25880159482264,320.91321509364707,0.00012966598738385193,1.8550585648623452,15.73639881189695,0.9943362465950761,3.794597818185254e-07,0,0.17357999754833398,0.0038223965130098365,0.05878870561718941,1.0005736207448757
0.0155,31,refine,0,153,3.853239758170697,154.32495630315842,37.08060553349348,195.25880159482261,320.91321509364707,0.00012966598738385193,1.8550585648623452,15.73639881189695,0.9943362465950761,2.778659426994066e-07,0,0.19002468373708936,0.0036165705722442493,0.043146226555109024,1.0005736207448757
0.0155625,31,physics,0,153,4.25506907650163,162.6500064460513,37.844290065109504,204.74936558766242,323.3280215001101,0.00013064169745843863,1.8971149712386635,17.606904599295824,0.9936629411462751,2.7975965899429427e-07,0,0.18845757808982067,0.0036440776304044816,0.043146226555109024,1.0005743364111546
0.015625,31,physics,0,153,3.9662947649876843,171.0929927369211,39.02239755281285,214.08168505472162,325.76098087621324,0.00013162474229713484,1.9375167922117666,17.311396865358258,0.9937693055542559,2.8192773449120523e-07,0,0.18701284670938353,0.0036721841678960436,0.043146226555109024,1.0005764834130622
0.0156875,31,physics,0,153,2.9880952164554655,178.90635915903326,40.51048427620465,222.40493865169339,328.2122383980021,0.0001326151805587755,1.971784071870589,14.874737680557736,0.994646302703709,2.8432264631561534e-07,0,0.18567172570848295,0.0037009234913274024,0.043146226555109024,1.0005831033646122
0.01575,31,physics,0,153,1.9138161143665164,185.44328797491798,41.755615056704826,229.11271914598933,330.68198292789003,0.0001336130885538087,1.997142745119567,10.825037947181803,0.9961038712257726,2.8693989584382983e-07,0,0.18444817816379908,0.003730161088523837,0.043146226555109024,1.00058471362972
0.0158125,31,physics,0,153,1.3961368374734553,190.24176997466785,42.17306593141407,233.81097274355537,333.1703075373596,0.00013461850388805805,2.0122429980830536,6.073262228213202,0.9978141314340656,2.89458347069171e-07,0,0.18325354747513775,0.003759923945767258,0.043146226555109024,1.000587218491705
0.015875,31,physics,0,153,1.5604505185979596,193.1806089541499,41.674148621466514,236.41520809421436,335.6773787324489,0.00013563149383880849,2.0174267946644675,1.6885496654255385,0.9993922661269582,2.9207851692802944e-07,0,0.18206209538750426,0.00378993961277457,0.043146226555109024,1.0005879341677097
0.0159375,31,physics,0,153,1.9160994845771147,194.51757674063367,40.75981225240377,237.19348847761455,338.20327394077947,0.0001366520896909324,2.0146300792723197,-1.36387390699942,1.0004908759197593,2.9455344563444886e-07,0,0.18078622198510327,0.0038199345954913586,0.043146226555109024,1.0005890076826764
0.016,31,physics,0,153,1.8525120439809095,194.78592369964048,40.08302274658877,236.72145849021015,340.74820206230464,0.00013768037585110878,2.0069342432779482,-2.447327456344135,1.0008808269609981,2.9684930158424587e-07,0,0.17945233252855514,0.0038499268012706796,0.043146226555109024,1.000593659594175
0.016,32,refine,0,176,1.8525120439809097,194.78592369964042,40.083022746588775,236.7214584902101,340.7482020623047,0.00013768037585110878,2.0069342432779482,-2.447327456344135,1.0008808269609981,2.9684930158424587e-07,0,0.17945233252855514,0.00374277378423385,0.043146226555109024,1.000593659594175
0.0160625,32,physics,0,176,1.2413729530967523,194.47601342754035,39.81665039869778,235.53403677933488,343.31226010733843,0.0001387163915166581,2.0403543175587338,-1.4048916038071553,1.0005056389020068,2.9899241305031405e-07,0,0.17802369470316184,0.0037690712441773144,0.043146226555109024,1.0005979536855236
0.016125,32,physics,0,176,0.5552757248773521,194.43317102474612,39.81229110274185,234.80073785236533,345.8956164187838,0.00013976020470705638,2.0332295833880907,1.3059329711584746,0.9995299786995299,3.009491278405108e-07,0,0.17654910450862737,0.0037951453306074214,0.043146226555109024,1.0006002796593652
0.0161875,32,physics,0,176,0.3995399568059725,194.91138514569906,39.51095426803981,234.82187937054482,348.4984104555242,0.00014081187177110134,2.029896082315184,4.882596453617963,0.9982427002244018,3.0282944329940196e-07,0,0.17503507570492902,0.0038211451372663187,0.043146226555109024,1.0006058262341915
0.01625,32,physics,0,176,0.9146526414790049,196.12029554967899,38.79670716077172,235.8316553519297,351.1207873889787,0.0001418714513657584,2.031105991508407,8.348502871851123,0.9969952901830345,3.0480598489646116e-07,0,0.17357317262762298,0.0038472182680498726,0.043146226555109024,1.0006111939165236
0.0163125,32,physics,0,176,1.6328894398599554,198.08859679478164,38.05919020333146,237.78067643797306,353.7629128429808,0.0001429390104118551,2.0361803358487096,10.794388166863286,0.9961149887842663,3.0687229468639945e-07,0,0.17220147349851483,0.003873326424638198,0.043146226555109024,1.0006135199211432
0.016375,32,physics,0,176,1.9172474263607837,200.66696882821134,37.82388545857372,240.40810171314584,356.42488890516995,0.00014401459015822115,2.043530134296611,11.618191895890925,0.9958184970959991,3.090903009095313e-07,0,0.17091846396825594,0.003899862212958756,0.043146226555109024,1.0006167405518507
0.0164375,32,physics,0,176,1.5611658341877557,203.5582641752368,38.22739568371817,243.3468256931427,359.1069194608184,0.00014509827298533795,2.051212583140976,10.668313325195328,0.9961603685347065,3.115346478566036e-07,0,0.16977548325604216,0.003926722297195971,0.043146226555109024,1.0006154880831215
0.0165,32,physics,0,176,0.9819782262647814,206.4080454071521,38.844640811779016,246.23466444519588,361.8091249118945,0.00014619010754199704,2.0575714111331163,8.266558551088023,0.9970247875530653,3.1416657542138166e-07,0,0.16872871626707547,0.003953899352878052,0.043146226555109024,1.0006156670071298
0.0165,33,refine,0,187,0.9819782262647816,206.4080454071521,38.844640811779016,246.23466444519588,361.80912491189457,0.00014619010754199704,2.0575714111331163,8.266558551088023,0.9970247875530653,2.4560622780001056e-07,0,0.16872871626707547,0.003445584410386142,0.033634260296821594,1.0006156670071298
0.0165625,33,physics,0,187,0.8345250091856822,208.9074984106015,39.0145590619019,248.7565824816891,364.53167640920225,0.00014729016298221562,2.0600152190842986,5.120669209471459,0.9981570231493243,2.4766868644832103e-07,0,0.16773977871234633,0.003468870627340939,0.033634260296821594,1.0006178140977233
0.016625,33,physics,0,187,1.3993188466203925,211.09463675047994,38.5402410983274,251.03419669542774,367.27471737542896,0.00014839849725637865,2.063174296685365,2.1599722509663812,0.9992226064339056,2.4972938206246914e-07,0,0.16680175164548097,0.003492242145790543,0.033634260296821594,1.0006201401177321
0.0166875,33,physics,0,187,2.334824672811904,213.16430606143342,37.724462575834906,253.22359331008022,370.03838726318025,0.00014951516671074728,2.065915167721353,0.27627495078948444,0.9999005662864957,2.5180021445692134e-07,0,0.1658117703822965,0.0035154788614963207,0.033634260296821594,1.000620319042572
0.01675,33,physics,0,187,3.015090926457381,215.55715385502282,37.230836383321375,255.8030811648016,372.8228413938681,0.00015064023410342323,2.0706339326721284,0.08412786185407684,0.9999697218212827,2.537159407012266e-07,0,0.1647064933405697,0.0035386428130135144,0.033634260296821594,1.0006235396951635
0.0168125,33,physics,0,187,3.1360124128577205,218.7845819692206,37.46512732793419,259.3857217100125,375.628275330625,0.00015177377845230155,2.079859750600329,1.7781677056298244,0.9993600286699591,2.5544799786558775e-07,0,0.1635514583372874,0.0035616927936351684,0.033634260296821594,1.000627476062408
0.016875,33,physics,0,187,2.9993258670169105,223.2819826677393,38.263478744457565,264.5447872792138,378.45479463269373,0.0001529158424089239,2.0956494817989433,5.070511451158776,0.9981751041128355,2.5708088902121057e-07,0,0.16228545135567216,0.0035848192779898446,0.033634260296821594,1.0006296231783411
0.0169375,33,physics,0,187,3.2010431716898706,229.32404403411198,39.120082414624044,271.64516962042586,381.3026532796748,0.00015406652859454166,2.1189911405020845,9.270286417864954,0.996663590114192,2.5861216901290607e-07,0,0.16096546035596004,0.0036081178940466476,0.033634260296821594,1.0006328438608794
0.017,33,physics,0,187,4.03166743302096,236.99702394631493,39.70978615123607,280.73847753057197,384.171883738849,0.0001552258501276611,2.1495433041232945,13.44993254253328,0.9951593401412028,2.601366730914376e-07,0,0.15965546648290044,0.0036318555367262193,0.033634260296821594,1.0006360645537837
0.017,34,refine,0,203,4.03166743302096,236.99702394631498,39.70978615123607,280.738477530572,384.17188373884903,0.0001552258501276611,2.1495433041232945,13.44993254253328,0.9951593401412028,2.2177154956892767e-07,0,0.15965546648290044,0.0036318555367262193,0.02870587445795536,1.0006360645537837
0.0170625,34,physics,0,203,5.179113306253402,246.11795602998922,40.164194279741906,291.46126361598454,387.0627014277236,0.00015639389404839918,2.185078182312413,16.765790252010746,0.9939659708739599,2.2321905568389866e-07,0,0.1583803807186082,0.0036561530563175826,0.02870587445795536,1.0006362434814713
0.017125,34,physics,0,203,5.990730127858496,256.5356212466196,40.97313287325775,303.49948424773584,389.9752685508144,0.0001575707258959973,2.2242243790508067,18.51101089962539,0.9933378744761311,2.2473632377284516e-07,0,0.15720608191297122,0.0036812023347249753,0.02870587445795536,1.0006392852570545
0.0171875,34,physics,0,203,6.076710741074594,267.6784089579475,42.3376506023788,316.0927703014009,392.90975295100117,0.00015875641348789558,2.263434469074076,18.387347209680392,0.9933823941395269,2.2649402442453945e-07,0,0.15608161207751725,0.003706825995852306,0.02870587445795536,1.0006417902556541
0.01725,34,physics,0,203,5.651568366949184,278.93574379877475,43.97454534752731,328.5618575132512,395.8663414088524,0.00015995103229336647,2.300041744246576,16.55877505738954,0.9940405100050205,2.283563711458214e-07,0,0.15507089497444715,0.003732941605092574,0.02870587445795536,1.0006434006152083
0.0173125,34,physics,0,203,5.318276560065904,289.72572233306784,45.28517602700028,340.329174920134,398.84515759900023,0.0001611546322835315,2.3321941739096275,13.598098065871987,0.9951060561785048,2.3031299711817583e-07,0,0.15410499704328043,0.003759244134506677,0.02870587445795536,1.000645726694695
0.017375,34,physics,0,203,5.4958290100523595,299.66140295498076,45.87192026605919,351.0291522310923,401.8463780725531,0.00016236728479441766,2.359201062573322,10.323303958572586,0.9962846610676585,2.3227601975150947e-07,0,0.1531405659263799,0.0037853573878943226,0.02870587445795536,1.0006507367304163
0.0174375,34,physics,0,203,6.03059705797956,308.66183804466533,45.89542295991642,360.5878580625613,404.8701933305196,0.00016358906679855286,2.381666798160938,7.6169087029519496,0.9972586943310432,2.3427359163719064e-07,0,0.1521653517940023,0.0038111370899,0.02870587445795536,1.0006478738497897
0.0175,34,physics,0,203,6.3603652776469435,316.94162135167073,45.9310205903462,369.2330072196639,407.91682897620177,0.00016482006945165632,2.401166125065632,6.178996037798252,0.9977761981499887,2.3608262278429509e-07,0,0.1510707996657565,0.003836313152700406,0.02870587445795536,1.0006514524518528
0.0175,35,refine,0,220,6.3603652776469435,316.94162135167073,45.93102059034621,369.23300721966393,407.91682897620177,0.0001648200694516563,2.401166125065632,6.178996037798252,0.9977761981499887,2.3608262278429509e-07,0,0.15818620221556307,0.0037151405857255917,0.02870587445795536,1.0006514524518528
0.0175625,35,physics,0,220,6.074345129289669,324.8137344183518,46.41275767562385,377.3008372232654,410.98630970330305,0.00016606030273129602,2.4326298544133103,6.354494654665147,0.9977130391860699,2.3793600334443012e-07,0,0.15696884553098697,0.003742905832093871,0.02870587445795536,1.0006541364117987
0.017625000000000002,35,physics,0,220,5.3159420270459545,332.8548556684666,47.38214957638948,385.552947271902,414.0788329907615,0.00016730984642945412,2.4528336538663025,8.059486770779793,0.9970994261559505,2.395087550510765e-07,0,0.155607557359946,0.0037708318432833343,0.02870587445795536,1.0006569993103427
0.017687500000000002,35,physics,0,220,4.658905712140053,341.2971624418741,48.32396548638154,394.2800336403957,417.19462003123044,0.00016856878991971337,2.475151580116772,10.800502973584663,0.9961129576001883,2.411132449253726e-07,0,0.15422342220005072,0.003798851799499961,0.02870587445795536,1.0006582518310312
0.017750000000000002,35,physics,0,220,4.5578857648864535,350.28348503966686,48.815423392729045,403.65679419728235,420.3338076610007,0.00016983718849120473,2.4998298566652553,13.80543949763425,0.9950315132465067,2.4280608990068247e-07,0,0.15285187138847042,0.00382721483048347,0.02870587445795536,1.0006609358092147
0.017812500000000002,35,physics,0,220,4.918659340848691,359.77291515378903,48.8851345160809,413.5767090107186,423.4965213748128,0.00017111509285047016,2.5259490967533353,16.246565458191657,0.99415299318308,2.4435386070109644e-07,0,0.15149030134837196,0.003855966149535189,0.02870587445795536,1.0006598622170775
0.017875000000000002,35,physics,0,220,5.197018923919167,369.5358550488147,48.962072796309776,423.69494676904367,426.68298893731924,0.00017240259502652934,2.551746432601958,17.44231167586252,0.9937226729233447,2.461323616032014e-07,0,0.15018287084880108,0.0038850889575998138,0.02870587445795536,1.0006641565925374
0.017937500000000002,35,physics,0,220,4.918493940597967,379.17214568046734,49.43188420548928,433.52252382655456,429.8933714261484,0.00017369976010330135,2.575085902214192,17.03533825346678,0.9938691487705072,2.480847189900715e-07,0,0.14905467305063647,0.003914504910561076,0.02870587445795536,1.000665230189282
0.018000000000000002,35,physics,0,220,4.129094503379253,388.1790029722966,50.23299663783877,442.5410941135146,433.12770120691397,0.0001750066011582137,2.594055177494972,15.068691445553322,0.9945769344039077,2.501792675246861e-07,0,0.1480685342512272,0.003944204887201611,0.02870587445795536,1.0006664827202731
0.018000000000000002,36,refine,0,241,4.129094503379252,388.17900297229653,50.23299663783877,442.54109411351453,433.127701206914,0.0001750066011582137,2.594055177494972,15.068691445553322,0.9945769344039077,2.501792675246861e-07,0,0.13949679263488768,0.0037644923411433496,0.02870587445795536,1.0006664827202731
0.0180625,36,physics,0,241,3.3605969663654904,395.9932293967284,50.828037211563256,450.18186357465714,436.38682639867056,0.00017632346087641942,2.606130365217885,11.970238285717745,0.9956920455397241,2.5227790523274533e-07,0,0.1386999159668987,0.0037931740287665662,0.02870587445795536,1.0006695245877788
0.018125,36,physics,0,241,3.128640279869705,402.52931837384017,50.87162072393953,456.52957937764944,439.67053929340676,0.00017765025533284843,2.6147098697146407,8.480987934031068,0.9969477892313747,2.5469034881098154e-07,0,0.13790808052356246,0.0038218514906635083,0.02870587445795536,1.000673103267271
0.0181875,36,physics,0,241,3.4699383604880794,407.7379732091483,50.27473127936767,461.48264284900404,442.9789725171062,0.00017898703811544393,2.618597528487745,5.421405282923516,0.9980489071811491,2.567880912351939e-07,0,0.13711300471201163,0.0038506551120535758,0.02870587445795536,1.0006756083505306
0.01825,36,physics,0,241,3.9204653670382825,411.9727064520912,49.51066927063583,465.4038410897653,446.3122772923916,0.00018033387032617907,2.619864718348766,3.519865972649949,0.9987332460695741,2.5888565780007877e-07,0,0.13620026924554268,0.003879211442043062,0.02870587445795536,1.0006766819595616
0.0183125,36,physics,0,241,3.975080538235659,415.80403300147873,49.12821650732459,468.90733004703895,449.67068843880253,0.00018169084684462267,2.621048935114274,3.207699142774869,0.9988455955945895,2.6091509752745873e-07,0,0.1352045052269958,0.003907692856508024,0.02870587445795536,1.0006816921502697
0.018375,36,physics,0,241,3.580346526330908,419.8525075002922,49.28366265791137,472.71651668453444,453.05439798142095,0.00018305804525910917,2.624613287795719,4.527695056771198,0.9983705551997422,2.6273354158945494e-07,0,0.13419023268388677,0.0039363849073269725,0.02870587445795536,1.000685449809763
0.0184375,36,physics,0,241,3.185107132239545,424.6421145984651,49.65364400160839,477.480865732313,456.46355074053156,0.0001844355240847271,2.6323256505875197,7.1222488301020705,0.9974368315951264,2.6438990552435387e-07,0,0.1329939993019462,0.003965067919536238,0.02870587445795536,1.0006850919368224
0.0185,36,physics,0,241,3.303522246304962,430.51944411724105,49.79906766138431,483.6220340249303,459.8983423340434,0.00018582336236150392,2.6449177291644403,10.347244808713599,0.9962762299120446,2.6619584936327074e-07,0,0.1318254224036427,0.003994038818328537,0.02870587445795536,1.0006883127978954
0.0185,37,refine,0,258,3.3035222463049614,430.51944411724105,49.79906766138431,483.6220340249303,459.89834233404343,0.00018582336236150392,2.6449177291644403,10.347244808713599,0.9962762299120446,2.546012289883491e-07,0,0.1318254224036427,0.0036429258355221653,0.027507703751325607,1.0006883127978954
0.0185625,37,physics,0,258,4.0186157473708874,437.52871619176165,49.59427891234245,491.141610851475,463.35895462740405,0.00018722163357274212,2.6617763143418753,13.403589377671771,0.9951763029320361,2.560675760321372e-07,0,0.13065663395703023,0.0036693135067061944,0.027507703751325607,1.0006908179192304
0.018625,37,physics,0,258,4.892817364655787,445.79718374636167,49.40756921573647,500.09757032675395,466.8456286838698,0.0001886304351208036,2.68161180609318,15.552634061927458,0.9944029015941472,2.5782084467351767e-07,0,0.12966780511502385,0.003695733912998147,0.027507703751325607,1.0006902811069878
0.0186875,37,physics,0,258,5.382375105251796,454.9634019898259,49.64312067779977,509.9888977728775,470.35855233899144,0.00019004984290122966,2.7026043542508096,16.363153900069605,0.9941112350759022,2.5971648476286186e-07,0,0.12873153960050257,0.003722182319800203,0.027507703751325607,1.000694575612992
0.01875,37,physics,0,258,5.34106771219537,464.61328560432196,50.37811135681497,520.3324646733323,473.897917490031,0.00019147993445070859,2.7227719705120923,15.725905803730837,0.9943405858677488,2.618384735697532e-07,0,0.12784565139502752,0.0037488767784913525,0.027507703751325607,1.0006956492423724
0.0188125,37,physics,0,258,5.154006993833299,474.2935539952311,51.22361688961299,530.6711778786774,477.46387092928575,0.00019292076908112706,2.740656228448962,13.91353624367902,0.9949928293055418,2.6403857766865766e-07,0,0.1271427443770672,0.0037759347318298947,0.027507703751325607,1.0006995858932901
0.018875,37,physics,0,258,5.373499952113979,483.66316270157887,51.652991690260905,540.6896543439537,481.0566909316358,0.00019437245923031968,2.755702321084538,11.500642029300545,0.9958611900610277,2.660544140553611e-07,0,0.12644276673029747,0.0038031804227806527,0.027507703751325607,1.000700301649666
0.0189375,37,physics,0,258,6.2029175274292925,492.6300350559477,51.47779070331006,550.310743286687,484.676569277043,0.00019583508238757948,2.7684009302776085,9.24115143314003,0.9966741151528272,2.682972750633894e-07,0,0.12574593509261048,0.0038304286417058793,0.027507703751325607,1.000701554224556
0.019,37,physics,0,258,7.313270922583035,501.400491007544,51.02847222411904,559.7422341542461,488.32356632896824,0.00019730866294295147,2.780196428569827,7.816613083016416,0.9971868106793171,2.7046269490682546e-07,0,0.12503133004338984,0.0038577268305690594,0.027507703751325607,1.000706385599533
0.019,38,refine,0,276,7.313270922583036,501.4004910075441,51.02847222411904,559.7422341542461,488.32356632896824,0.00019730866294295145,2.780196428569827,7.816613083016416,0.9971868106793171,2.247612895800446e-07,0,0.12503133004338984,0.0036627157370621483,0.022864405065774918,1.000706385599533
0.0190625,38,physics,0,276,8.169968984631451,510.33077559522394,50.8461360949309,569.3468806747862,491.9980089129909,0.00019879333295133225,2.79192091733721,7.7104563478659625,0.9972250163561841,2.2651003384055433e-07,0,0.12413814564187452,0.0036883023933852476,0.022864405065774918,1.0007124695863883
0.019125,38,physics,0,276,8.540641818931247,520.1252271123586,51.27869663812012,579.94456556941,495.7002144278876,0.00020028922065868938,2.808200184477612,9.078435904215056,0.9967326933169037,2.280164714818511e-07,0,0.12325494514314024,0.0037139776918748727,0.022864405065774918,1.0007149747681976
0.0191875,38,physics,0,276,8.714561506864865,531.173928047986,52.11465815995095,592.0031477148018,499.4302522153216,0.00020179635408273857,2.829092843330697,11.694496014283827,0.9957911759748013,2.295905980886916e-07,0,0.12226463944936976,0.0037397978756518813,0.022864405065774918,1.0007171220718827
0.01925,38,physics,0,276,9.208918855978137,543.7907929429566,52.90201506445645,605.9017268633912,503.18838946835956,0.0002033148411836734,2.855236632784711,15.013386186308935,0.9945967261166921,2.3102143487108117e-07,0,0.1211861034203051,0.0037658585540847156,0.022864405065774918,1.0007160484194642
0.0193125,38,physics,0,276,10.253683970287288,558.0874103909356,53.380504748239886,621.7215991094628,506.9747819476215,0.0002048447448970591,2.886161150856502,18.326666208351117,0.9934043063539093,2.324602448311453e-07,0,0.12012030732099373,0.0037922797588480534,0.022864405065774918,1.0007199851506303
0.019375,38,physics,0,276,11.556601275253287,573.9609749948465,53.72069888293958,639.2382751530395,510.78966603170284,0.00020638616073240576,2.9204158925641384,20.934142852881163,0.9924659007893646,2.3374582269752856e-07,0,0.1191328569990224,0.0038192515420054697,0.022864405065774918,1.0007173010140644
0.0194375,38,physics,0,276,12.563721879406444,591.0965688860472,54.324855409072214,657.9851461745259,514.633275575634,0.00020793918317956925,2.9559311883202843,22.320011017528017,0.9919671362505165,2.3545032590277552e-07,0,0.11827286993345504,0.0038466943290651682,0.022864405065774918,1.0007203430360496
0.0195,38,physics,0,276,12.966756706898108,609.0028578562515,55.39400153762089,677.3636161007704,518.5058510640152,0.0002095039094071038,2.990496437217158,22.27132883097891,0.991984702597457,2.3717494634922776e-07,0,0.11741678734475423,0.003874662756736059,0.022864405065774918,1.0007212377501582
0.0195,39,refine,0,298,12.966756706898108,609.0028578562515,55.394001537620895,677.3636161007704,518.5058510640151,0.0002095039094071038,2.990496437217158,22.27132883097891,0.991984702597457,2.3717494634922776e-07,0,0.11741678734475423,0.0037254037573941196,0.022864405065774918,1.0007212377501582
0.0195625,39,physics,0,298,12.985716881228813,626.9835658548143,56.66129615732784,696.6305788933709,522.4074902214438,0.00021108037890093829,3.021748174538186,20.941028076807136,0.9924634982975126,2.393290605695596e-07,0,0.1167003810288011,0.0037525940149515736,0.022864405065774918,1.0007235640105838
0.019625,39,physics,0,298,13.141311739380011,644.7684164907766,57.664344540438016,715.5740727705947,526.3385244730425,0.00021266872557442937,3.0498525239195153,18.777728936572387,0.9932420721949222,2.413402744316783e-07,0,0.11604468504532578,0.0037800848897620405,0.022864405065774918,1.0007248166145912
0.0196875,39,physics,0,298,13.776398352029796,661.9462509906808,58.064296221752194,733.7869455644628,530.2991432372676,0.00021426902596269605,3.074080372946161,16.431534489763752,0.9940864401939188,2.433694126224853e-07,0,0.11539273017192705,0.0038079035865528133,0.022864405065774918,1.0007287533802507
0.01975,39,physics,0,298,14.732986773695487,678.5301915297518,58.02784779316469,751.2910260966121,534.2895086822696,0.0002158813455902863,3.0955296488443893,14.580348538897205,0.9947526726861172,2.4532345399563816e-07,0,0.11474231088176867,0.003835993168290494,0.022864405065774918,1.0007298270463003
0.0198125,39,physics,0,298,15.515730454519558,694.8206884847613,58.063629733098935,768.4000486723799,538.3099214866916,0.0002175058059473456,3.1159532403520585,13.759211685585509,0.9950482140842993,2.4727624392539853e-07,0,0.11389485131608226,0.003864363858980231,0.022864405065774918,1.0007298270463003
0.019875,39,physics,0,298,15.773695182220834,711.2832412653713,58.57359790653576,785.6305343541279,542.3606773971179,0.00021914252653120551,3.1373286268593423,14.235333653807782,0.9948768704584343,2.4908513207577704e-07,0,0.11306433127735986,0.0038929614515130287,0.022864405065774918,1.0007359111756724
0.0199375,39,physics,0,298,15.639102499058783,728.391511801676,59.51372432743227,803.544338628167,546.4419236400495,0.00022079156682919368,3.1613628927462694,15.921487178355363,0.9942700466644219,2.508102130427402e-07,0,0.1122063432621553,0.003921820715928138,0.022864405065774918,1.0007400269312223
0.02,39,physics,0,298,15.596753352460288,746.4974649720939,60.47751958725459,822.5717379118088,550.5537652288272,0.00022245296927227872,3.1890049255917816,18.417602849423503,0.9933716426250165,2.524559192806919e-07,0,0.11120034958559286,0.00395084796281612,0.022864405065774918,1.000741100609367
0.02,40,refine,0,326,15.596753352460288,746.4974649720939,60.4775195872546,822.5717379118088,550.5537652288272,0.00022245296927227875,3.1890049255917816,18.417602849423503,0.9933716426250165,1.673509206767675e-07,0,0.10246683337331323,0.0037330697013783437,0.015055622905492783,1.000741100609367
0.0200625,40,physics,0,326,16.02246866193827,765.6236180644321,61.07181483682895,842.7179015631993,554.6965691130875,0.000224126882127608,3.218610325440584,21.114831657914205,0.9924009220177681,1.680413141968983e-07,0,0.10164314889989597,0.0037608959563846457,0.015055622905492783,1.000741100609367
0.020125,40,physics,0,326,16.804062483627646,786.0131028702172,61.40504026952427,864.2222056233691,558.8705300511383,0.00022581338408788427,3.2525856804893567,23.35424300023643,0.991594990309477,1.687133313055255e-07,0,0.10080492202081003,0.0037889775017005884,0.015055622905492783,1.000742353235325
0.0201875,40,physics,0,326,17.45921995296118,807.259656548194,61.803398843035495,886.5222753441908,563.0759779913465,0.0002275126084697763,3.2873582963967785,24.602198587203684,0.9911458909201586,1.6998681040547573e-07,0,0.1000161691047997,0.003817325052963723,0.015055622905492783,1.0007487953364473
0.02025,40,physics,0,326,17.580757272375,828.9070187876903,62.579325482229315,909.0671015422946,567.3129839342346,0.00022922458396126713,3.3209328656008683,24.571961397469163,0.9911567919871468,1.712686952259901e-07,0,0.09925890073427074,0.0038459135170484443,0.015055622905492783,1.0007491532321702
0.0203125,40,physics,0,326,17.224657259343967,850.3895357432759,63.65683706945772,931.2710300720777,571.5819112461629,0.00023094945738167015,3.3514123021178888,23.30175202286987,0.9916141003344989,1.726334097895688e-07,0,0.09856047654653936,0.0038747428427637794,0.015055622905492783,1.0007523742994344
0.020375,40,physics,0,326,16.853900614681237,871.1687747248225,64.60549677364028,952.628172113144,575.8828791555176,0.00023268727690558752,3.3776309728825087,21.131179425190325,0.992395261588321,1.745435405098306e-07,0,0.09795112882523868,0.0039037809180061016,0.015055622905492783,1.0007514795574877
0.0204375,40,physics,0,326,16.91856643277058,890.8981033190705,65.02190693169815,972.8385766835393,580.2160835212628,0.00023443812167044583,3.3993697564731225,18.617629974200806,0.9932998796022549,1.7642221195046678e-07,0,0.09729908248868295,0.0039331329779007385,0.015055622905492783,1.0007534479908264
0.0205,40,physics,0,326,17.445469055155506,909.5406017013988,64.90447864048195,991.8905493970362,584.5817240957455,0.00023620207238680513,3.4174161385182376,16.41511200989421,0.9940925131737973,1.78220666668949e-07,0,0.09669772881152301,0.003962707565259117,0.015055622905492783,1.000754342734533
0.0205,41,refine,0,354,17.445469055155506,909.540601701399,64.90447864048195,991.8905493970365,584.5817240957456,0.00023620207238680513,3.4174161385182376,16.41511200989421,0.9940925131737973,1.78220666668949e-07,0,0.09669772881152301,0.0036880801525912697,0.015055622905492783,1.000754342734533
0.0205625,41,physics,0,354,18.040853014174097,927.2350792301052,64.62790378703914,1009.9038360313184,588.9805938676143,0.0002379794494642057,3.4315755717347303,15.076158694741983,0.9945743731430206,1.7961038523139934e-07,0,0.09601343810170579,0.003715735945879398,0.015055622905492783,1.0007568480211673
0.020625,41,physics,0,354,18.274960763669494,944.7951689928573,64.7382606810797,1027.8083904376065,593.4125746324537,0.00023977020514178503,3.4477772961646638,14.935172901512697,0.9946251170533408,1.809548830777884e-07,0,0.09530148643187517,0.0037435105194737533,0.015055622905492783,1.0007581006668365
0.0206875,41,physics,0,354,18.11677598879023,962.6436903518916,65.30655071747839,1046.0670170581602,597.8778134679026,0.00024157439884672256,3.465952889922554,16.029837190849115,0.994231175542549,1.8230341858327414e-07,0,0.09455332939077474,0.0037714043177042708,0.015055622905492783,1.0007593533140733
0.02075,41,physics,0,354,17.962923956386494,981.2714549736099,66.02999566409028,1065.2643745940868,602.3766817983842,0.00024339218065421724,3.4873466617188225,18.082512118268294,0.9934922997813629,1.8323963502098198e-07,0,0.09379517944230234,0.0037994769434498378,0.015055622905492783,1.0007615007129846
0.0208125,41,physics,0,354,18.25597131960943,1000.9887402875981,66.51461933804556,1085.7593309452532,606.9094695951551,0.00024522366772806146,3.512353910603105,20.575925362016395,0.992594955311511,1.840482610759864e-07,0,0.09295137087242632,0.0038277288212039988,0.015055622905492783,1.0007615007129846
0.020875,41,physics,0,354,19.056930106713878,1021.8880117934474,66.66415131081445,1107.6090932109757,611.4763418370342,0.00024706892672846244,3.540410300982412,22.888249331083976,0.991762818572777,1.8477803820360355e-07,0,0.09215813265198844,0.0038562787253212626,0.015055622905492783,1.0007625744141682
0.0209375,41,physics,0,354,19.987580495571223,1043.8375460164114,66.7624564317872,1130.5875829437696,616.0775908950532,0.00024892807578884925,3.570152552242059,24.474296098217813,0.9911920258206647,1.860748373161415e-07,0,0.09144422363825219,0.003885067052724947,0.015055622905492783,1.000765258672167
0.021,41,physics,0,354,20.581494691677946,1066.4968654503814,67.17882938840502,1154.2571895304645,620.7134332600615,0.0002508012023830262,3.5997965800732783,24.974159791983826,0.991012152407815,1.874640940258134e-07,0,0.09075314169997305,0.003914213009832229,0.015055622905492783,1.0007670481814992
0.021,42,refine,0,374,20.581494691677946,1066.4968654503814,67.17882938840502,1154.2571895304645,620.7134332600615,0.0002508012023830262,3.5997965800732783,24.974159791983826,0.991012152407815,1.8301844306733986e-07,0,0.09075314169997305,0.0036799338071325472,0.014697176404297352,1.0007670481814992
0.0210625,42,physics,0,374,20.72485497607189,1089.2763952214673,67.97246229727878,1177.9737124948178,625.3841500977836,0.00025268842011688273,3.627421439042235,24.31405408103325,0.9912499889490842,1.8443440108484294e-07,0,0.0901386073413191,0.0037074115287826673,0.014697176404297352,1.0007688376940316
0.021125,42,physics,0,374,20.757681254299964,1111.8877907137894,68.83713796862003,1201.4826099367094,630.0900271042904,0.0002545898444268091,3.6520171772710146,22.732525232916633,0.9918194299080374,1.8594650796899267e-07,0,0.08951712234733991,0.003734770041514636,0.014697176404297352,1.0007702693063611
0.0211875,42,physics,0,374,21.16421478882564,1133.8593550383234,69.31526132283881,1224.3388311499878,634.8313397503193,0.0002565055866176176,3.6729665263293554,20.687543059211297,0.9925554310110147,1.8747268093477495e-07,0,0.0890069570003788,0.0037624265775452136,0.014697176404297352,1.0007690166454608
0.02125,42,physics,0,374,22.126592274930804,1155.1011421170888,69.24945722498556,1246.477191617005,639.6083353772494,0.00025843574662836536,3.6906995995173313,18.76151486856154,0.9932485377021052,1.8894995523766053e-07,0,0.08849670797881945,0.0037903811368772806,0.014697176404297352,1.000769195596922
0.0213125,42,physics,0,374,23.3684943573737,1175.846540010467,68.92405121829313,1268.1390855861337,644.4212178000142,0.0002603804068111132,3.7064936191686946,17.510142196193783,0.9936988517805833,1.9046304533532047e-07,0,0.08789646832201997,0.0038182761264264767,0.014697176404297352,1.0007722377766586
0.021375,42,physics,0,374,24.438359902975215,1196.587633754266,68.8166344855542,1289.8426281427955,649.2704313323075,0.00026233974669219754,3.7221381684573602,17.320176647039055,0.9937672311704572,1.9190953359782238e-07,0,0.08725337147575427,0.0038465287090844796,0.014697176404297352,1.000774385203217
0.0214375,42,physics,0,374,25.147019719601083,1217.9288674522963,69.18043234996865,1312.256319521866,654.1560962556455,0.00026431381487174063,3.7394952927630594,18.317276528172137,0.9934084247268399,1.93263566927726e-07,0,0.08660177159024435,0.003874781292019053,0.014697176404297352,1.0007751010130936
0.021500000000000002,42,physics,0,374,25.755416983836305,1240.4306069328022,69.84801964574768,1336.0340435623862,659.0784890766357,0.00026630272307310166,3.760046036086545,20.32339069194667,0.9926863240099641,1.945703740346974e-07,0,0.08591876178583938,0.003903331898255202,0.014697176404297352,1.0007749220605764
0.021500000000000002,43,refine,0,404,25.755416983836305,1240.4306069328024,69.84801964574768,1336.0340435623864,659.0784890766357,0.00026630272307310166,3.760046036086545,20.32339069194667,0.9926863240099641,1.4260027914048134e-07,0,0.09434311975889373,0.0036880352473011887,0.010786556638777256,1.0007749220605764
0.021562500000000002,43,physics,0,404,26.723673900731754,1264.3446769680068,70.41816236136304,1361.4865132301015,664.0379471302422,0.00026830660759752693,3.7838998175440057,22.926964144978136,0.9917496188661514,1.4353251653886877e-07,0,0.09358911867178263,0.0037152023354227685,0.010786556638777256,1.0007759957761595
0.021625000000000002,43,physics,0,404,28.25320865951499,1290.1531827317642,70.70789053252602,1389.1142819238053,669.0346760983916,0.0002703255515514414,3.8124113297195787,25.554612699315108,0.990803600939501,1.4445895235581919e-07,0,0.09284750329825404,0.0037424887620539013,0.010786556638777256,1.0007777853046913
0.021687500000000002,43,physics,0,404,30.09694247481394,1317.6597655185049,70.86266219769456,1418.6193701910133,674.0690287960615,0.0002723596974908396,3.843602662859413,27.65675837983183,0.9900475950979009,1.454604090511679e-07,0,0.09212013315160089,0.003769710443897703,0.010786556638777256,1.0007808275105392
0.021750000000000002,43,physics,0,404,31.779475547804214,1346.5850274703007,71.24895252788147,1449.6134555459864,679.1412502953349,0.0002744091444378623,3.875962973082011,28.827994955169157,0.9896261130975018,1.4649529411769904e-07,0,0.09143186326510924,0.0037971164235019133,0.010786556638777256,1.000781722278725
0.021812500000000002,43,physics,0,404,33.038529092386554,1376.4774110569824,72.05494506656248,1481.5708852159314,684.251633162655,0.0002764740106048952,3.9078061726878053,28.903986084014516,0.9895987933777749,1.475599713529619e-07,0,0.09077806304253798,0.0038247881526029767,0.010786556638777256,1.0007845855422957
0.021875000000000002,43,physics,0,404,34.06267825964638,1406.8109320887463,73.07438245872164,1513.9479928071144,689.4005153146283,0.00027855443252819894,3.9377181948263056,28.000730697788438,0.9899235438634758,1.4869826969743353e-07,0,0.09015541888677335,0.003852827821611169,0.010786556638777256,1.0007811854177175
0.021937500000000002,43,physics,0,404,35.31477332916066,1437.1384784453553,73.86640731403509,1546.3196590885511,694.5881207010948,0.0002806505006954064,3.964876954744771,26.489939625936646,0.9904675242241722,1.499907220647856e-07,0,0.08955720692119203,0.003880676439803309,0.010786556638777256,1.0007844065880824
0.022,43,physics,0,404,37.10082115849142,1467.2441396313193,74.1472143445134,1578.4921751343243,699.8147410854003,0.0002827623329944092,3.98929292790876,24.884127614478004,0.9910454152071498,1.513343521608589e-07,0,0.08892856069901482,0.003908952333744617,0.010786556638777256,1.0007829749555293
0.022,44,refine,0,473,37.10082115849143,1467.2441396313193,74.1472143445134,1578.4921751343243,699.8147410854004,0.00028276233299440927,3.98929292790876,24.884127614478004,0.9910454152071498,1.513343521608589e-07,0,0.08892856069901482,0.003793979971868824,0.010786556638777256,1.0007829749555293
0.0220625,44,physics,0,473,39.305292685066796,1496.8856331190673,73.98563859986058,1610.1765644039947,705.0807130264836,0.0002848900654128982,4.054055279885254,23.726179240891287,0.991462116607383,1.5249785079163295e-07,0,0.08833512129760648,0.0038218641505817635,0.010786556638777256,1.0007847644965406
0.022125,44,physics,0,473,41.48702675496841,1527.14772948512,73.96352261806874,1642.598278858157,710.3863203236309,0.00028703381262086157,4.076771297020514,23.448627699405765,0.9915619861935597,1.5367450245662442e-07,0,0.08771815455258342,0.003849928783099204,0.010786556638777256,1.0007892383630694
0.0221875,44,physics,0,473,43.33610694832384,1558.2510028870256,74.35897496508383,1675.9460848004333,715.7318071800037,0.0002891936732893502,4.100633634398828,24.244130923711566,0.9912757515861438,1.5482164794633472e-07,0,0.08707941131465227,0.0038779792523878235,0.010786556638777256,1.0007940701613842
0.02225,44,physics,0,473,44.958835913016415,1590.7578151840144,75.14679486240618,1710.8634459594368,721.1175466162742,0.00029136979813853224,4.1272282618946265,26.048139088109473,0.9906265676716802,1.558684390445819e-07,0,0.08642300001706157,0.0039060490116205274,0.010786556638777256,1.0007960386784966
0.0223125,44,physics,0,473,46.765371311918905,1625.1077781358376,75.98720381446105,1747.8603532622176,726.5437653871886,0.00029356227878937156,4.157457828584279,28.52633172405978,0.9897348154689609,1.569824581437727e-07,0,0.08572781653232184,0.003934149330497648,0.010786556638777256,1.0007972913732206
0.022375,44,physics,0,473,49.070680382851634,1661.533043403214,76.57752280952292,1787.1812465955884,732.0107659949817,0.00029577123746884137,4.191346169236195,31.194703766734992,0.9887746307027385,1.5812057796438244e-07,0,0.08499850660661386,0.003962904259235385,0.010786556638777256,1.0007974703297378
0.0224375,44,physics,0,473,51.779232956015846,1700.0285479419213,76.94685986008115,1828.7546407580182,737.5188158747346,0.00029799678223492194,4.228116989281291,33.51784113209831,0.9879386660025421,1.5917685303179494e-07,0,0.08435624028437895,0.003992048633586458,0.010786556638777256,1.0007958597222355
0.0225,44,physics,0,473,54.46263300164692,1740.3552010600063,77.4120612909631,1872.2298953526163,743.0681425182852,0.00030023900500640186,4.266365529045721,35.061061643257716,0.9873833318921742,1.6029955762775224e-07,0,0.08370251225840379,0.004021470555977999,0.010786556638777256,1.000800333638364
0.0225,45,refine,0,495,54.46263300164692,1740.3552010600063,77.4120612909631,1872.2298953526163,743.0681425182852,0.00030023900500640186,4.266365529045721,35.061061643257716,0.9873833318921742,1.2508935576249764e-07,0,0.08370251225840379,0.003640076527270994,0.008408565074205399,1.000800333638364
0.0225625,45,physics,0,495,56.76102394749738,1781.9872464767864,78.2192793784952,1916.9675498027789,748.6595845419356,0.0003024982446288172,4.302338130763509,35.57699080674593,0.9871977328216378,1.260378859058164e-07,0,0.08308821827050672,0.00366476884443549,0.008408565074205399,1.0007994388535382
0.022625,45,physics,0,495,58.6952147871808,1824.5437926561606,79.36721938130327,1962.6062268246446,754.2930967759123,0.0003047744828511807,4.339540023250407,35.097686295413695,0.9873702835545677,1.2704500385041242e-07,0,0.08252057088708616,0.0036897614655296445,0.008408565074205399,1.0008024811252094
0.0226875,45,physics,0,495,60.65771044647994,1867.4111999644074,80.44032834043053,2008.509238751318,759.968958392681,0.0003070678324739993,4.373959092623447,33.89592945978284,0.9878027468325853,1.2801272841755912e-07,0,0.08197922745748729,0.003715056676490241,0.008408565074205399,1.000804449658866
0.02275,45,physics,0,495,63.03748624267665,1910.2450220131389,81.07527275809014,2054.3577810139054,765.6875080352501,0.0003093784303270389,4.4054069816714065,32.41470807614557,0.9883357682510079,1.2896250733973602e-07,0,0.08147961857680122,0.0037405205935396833,0.008408565074205399,1.0008078498624835
0.0228125,45,physics,0,495,65.86580012640027,1952.9974648180655,81.25597020094244,2100.1192351454083,771.4491986877717,0.00031170645943996163,4.434447311515243,31.168142845219506,0.9887843470489618,1.2994793241460906e-07,0,0.08093279307732552,0.0037662085016389388,0.008408565074205399,1.0008082077793259
0.022875,45,physics,0,495,68.79562920263959,1995.9422095914529,81.3342685269167,2146.0721073210093,777.2542100825557,0.000314051992434169,4.4622883926080785,30.605451252532013,0.9889868456729632,1.309696084916824e-07,0,0.08036695265147308,0.003791961544740104,0.008408565074205399,1.0008091025719914
0.0229375,45,physics,0,495,71.44717396473042,2039.5750903307166,81.71839576168384,2192.740660057131,783.1029056461305,0.0003164151761532854,4.490469460673075,31.002193858650898,0.9888433086357173,1.3193539061262514e-07,0,0.07980417829545024,0.003817840228685716,0.008408565074205399,1.0008114290366663
0.023,45,physics,0,495,73.77567607956354,2084.4648819478225,82.51963888288884,2240.760196910275,788.9956149653736,0.0003187961437679187,4.520454884790142,32.373974144186384,0.9883496469961482,1.328837297975838e-07,0,0.079198373238183,0.0038439320664730844,0.008408565074205399,1.000811071118672
0.023,46,refine,0,535,73.77567607956354,2084.4648819478225,82.51963888288884,2240.760196910275,788.9956149653736,0.0003187961437679187,4.520454884790142,32.373974144186384,0.9883496469961482,1.1322816106940083e-07,0,0.079198373238183,0.0036838904345370756,0.00717646861448884,1.000811071118672
0.0230625,46,physics,0,535,76.11726318875449,2130.920345824169,83.45992906849912,2290.4975380814226,794.9326350083934,0.000321195015268961,4.551709652025332,34.50590981094517,0.9875830001531372,1.1398912214133337e-07,0,0.07856246897606907,0.00371082632869597,0.00717646861448884,1.0008107132008057
0.023125,46,physics,0,535,78.84829512297736,2179.608585055099,84.24660068582317,2342.7034808638996,800.9143638462901,0.0003236119514982845,4.588233948063802,36.973592398063985,0.9866953938059506,1.1482024042663852e-07,0,0.07794427698536456,0.003738005115939226,0.00717646861448884,1.000810892159723
0.0231875,46,physics,0,535,82.03071121376112,2230.4241954537642,84.75162555897421,2397.2065322265,806.9410339304584,0.00032604704637860115,4.627334598215453,39.28075672804331,0.9858652123322128,1.1564804847097308e-07,0,0.07734024168512475,0.0037653573626848466,0.00717646861448884,1.0008114290366663
0.02325,46,physics,0,535,85.34154722150944,2283.193559764636,85.2121926127013,2453.7472995988464,813.0131555935311,0.0003285005061114064,4.668025508940916,40.9789373093749,0.9852542234008687,1.1637497543404146e-07,0,0.07673383086557461,0.003792892920670158,0.00717646861448884,1.0008094604892819
0.0233125,46,physics,0,535,88.3594883318815,2337.5183399959865,85.9515468164567,2511.829375144325,819.1308561411888,0.000330972382134958,4.708919562694864,41.77500596428247,0.9849677838196513,1.1722687709436733e-07,0,0.07617297396593896,0.0038206982472143384,0.00717646861448884,1.0008112500776531
0.023375,46,physics,0,535,90.96683329407685,2392.8514222510994,87.04232203866937,2570.8605775838455,825.2947021500679,0.00033346290337631687,4.748634879385729,41.60402806317988,0.9850292839975212,1.180856141758114e-07,0,0.07562382151506065,0.00384871514288747,0.00717646861448884,1.0008173347020524
0.0234375,46,physics,0,535,93.45061020150946,2448.6174188158852,88.20448856522593,2630.2725175826204,831.5048770106062,0.00033597214393496207,4.786079489677979,40.64063009795995,0.9853759408677935,1.1901953467230443e-07,0,0.0751286673800282,0.0038770017328479127,0.00717646861448884,1.000820377028124
0.0235,46,physics,0,535,96.24138688985515,2504.383789605329,89.04250508712346,2689.667681582308,837.7617367561654,0.00033850024766728624,4.82075556605643,39.253456732686274,0.9858751016317555,1.2003216998124334e-07,0,0.07463453140033599,0.003905499800492216,0.00717646861448884,1.000819124304504
0.0235,47,refine,0,584,96.24138688985515,2504.383789605329,89.04250508712346,2689.667681582308,837.7617367561654,0.00033850024766728624,4.82075556605643,39.253456732686274,0.9858751016317555,1.2003216998124334e-07,0,0.07782960461225875,0.0037652378537478704,0.00717646861448884,1.000819124304504
0.0235625,47,physics,0,584,99.52542562773498,2559.7663899949703,89.38598962725519,2748.6778052499603,844.0656728110989,0.0003410473727295223,4.852890081917117,37.91076369189474,0.9863577832285366,1.2103773006089106e-07,0,0.07727999657902453,0.0037932003010897612,0.00717646861448884,1.0008198401463806
0.023625,47,physics,0,584,103.07297951444443,2615.3973420100947,89.49782228098798,2807.968143805527,850.4171339732379,0.0003436137004598364,4.883302729290916,37.08189685247249,0.9866556030177945,1.2198174914601633e-07,0,0.07675856651411442,0.003821331605329162,0.00717646861448884,1.0008241352083929
0.0236875,47,physics,0,584,106.49191683986126,2671.4969596097694,89.77676654358919,2867.76564299322,856.8164198152448,0.00034619935190149904,4.913387315797183,37.0879439130539,0.9866534173591399,1.2293669815477396e-07,0,0.07620244138377194,0.0038495806972978176,0.00717646861448884,1.000823240402287
0.02375,47,physics,0,584,109.60481997205892,2728.645111706051,90.45359459167177,2928.703526269782,863.2636534935394,0.0003488043768162465,4.944613460353753,38.040229343416485,0.9863107200720095,1.238362248301428e-07,0,0.07564546796618467,0.0038778820561493205,0.00717646861448884,1.0008250300152988
0.0238125,47,physics,0,584,112.63340014267405,2787.401203805961,91.39183220333675,2991.4264361519718,869.7596478856439,0.00035142910364978163,4.9781255722782145,39.80373882503853,0.9856761080932012,1.2467161081275446e-07,0,0.0750683584023691,0.0039064162690322125,0.00717646861448884,1.0008244931310593
0.023875,47,physics,0,584,115.97112562959026,2848.1626414216053,92.24959225817753,3056.383359309373,876.3044259263054,0.00035407354166896077,5.014441490285432,42.04672447990997,0.9848689811850758,1.2558555617658837e-07,0,0.07448082117077566,0.003935124010321148,0.00717646861448884,1.0008239562471077
0.0239375,47,physics,0,584,119.82199846487303,2911.105445010595,92.82315282512366,3123.7505963005915,882.898455142927,0.00035673787977969233,5.0534148216402075,44.32103474506389,0.9840505518760422,1.2650314396012169e-07,0,0.07387188246869247,0.00396407083657126,0.00717646861448884,1.000826103784642
0.024,47,physics,0,584,123.9912761120245,2976.1540720388784,93.24030510781483,3193.385653258718,889.5420198823322,0.00035942223287319867,5.094252111838954,46.177590368388614,0.983382475137871,1.2736959131842698e-07,0,0.07329055809344581,0.003993205133161573,0.00717646861448884,1.000832904350568
0.024,48,refine,0,650,123.9912761120245,2976.154072038879,93.24030510781483,3193.3856532587183,889.5420198823322,0.00035942223287319867,5.094252111838954,46.177590368388614,0.983382475137871,1.21424829302441e-07,0,0.07078856090704329,0.003795310551826717,0.006876925937831402,1.000832904350568
0.0240625,48,physics,0,650,128.08269385616788,3042.726034342738,93.76418548560892,3264.5729136845143,896.2355611008352,0.00036212677911925674,5.147654060118361,47.28278333917231,0.9829847742393983,1.2225408951849212e-07,0,0.07027495340625367,0.0038238608451612636,0.006876925937831402,1.0008359467239691
0.024125,48,physics,0,650,131.8414263002713,3110.862016078099,94.705246759366,3337.4086891377365,902.9792943496814,0.00036485160561202095,5.189579036376249,47.48653218734521,0.9829114438250874,1.2320052888981092e-07,0,0.06976625060748068,0.0038528283711860003,0.006876925937831402,1.0008414946051563
0.0241875,48,physics,0,650,135.42346761530123,3179.728791794959,95.84039545665242,3410.9926548669127,909.7736381642108,0.00036759688146200314,5.229272427815501,46.873019326336674,0.9831322292765309,1.2415296080092736e-07,0,0.06927323528947046,0.003881974996424247,0.006876925937831402,1.000841852534031
0.02425,48,physics,0,650,139.24294750672277,3248.840164534833,96.7904449257516,3484.8735569673076,916.618969357675,0.00037036275892177574,5.266165822754668,45.736315242903444,0.98354130238153,1.2513261538060766e-07,0,0.06900017437439869,0.003911240550087126,0.006876925937831402,1.0008448949346331
0.0243125,48,physics,0,650,143.59046859042127,3317.945380335641,97.29211646879598,3558.827965394858,923.5153365722682,0.00037314925764536904,5.300258249985836,44.49025185573919,0.9839897572992359,1.2604726151721485e-07,0,0.06872785852923635,0.003940744524581022,0.006876925937831402,1.000849727001657
0.024375,48,physics,0,650,148.39198503797905,3387.113352340396,97.43973469465473,3632.9450720730297,930.4631910967084,0.00037595655997739994,5.3322206227446305,43.583158160361215,0.9843162397318993,1.2709779007025198e-07,0,0.06834133138370437,0.003970129572853003,0.006876925937831402,1.0008509797635825
0.0244375,48,physics,0,650,153.2952554552586,3456.7327119689053,97.60497087671101,3707.6329383008747,937.4626415679261,0.00037878470981295956,5.363155878536821,43.380770740209705,0.984389104017894,1.2802889415297608e-07,0,0.06784624003806757,0.003999693158837838,0.006876925937831402,1.0008529483926336
0.0245,48,physics,0,650,158.02304876954784,3527.3744069555796,98.10639849279798,3783.5038542179254,944.5139425293794,0.00038163381000112773,5.394378196437859,44.059363186099084,0.9841449556293104,1.2896519407945564e-07,0,0.06735209490834325,0.004029375957522703,0.006876925937831402,1.0008577804985397
0.0245,49,refine,0,700,158.02304876954784,3527.3744069555796,98.106398492798,3783.5038542179254,944.5139425293794,0.0003816338100011278,5.394378196437859,44.059363186099084,0.9841449556293104,1.2896519407945564e-07,0,0.06735209490834325,0.0036557628358877396,0.006876925937831402,1.0008577804985397
0.0245625,49,physics,0,700,162.6711620264827,3599.4949920164167,98.91002414388802,3861.0761781867877,951.6212570594543,0.0003845055426467312,5.426974297365989,45.582579134647354,0.9835968781980465,1.2984998232212785e-07,0,0.06686585581070799,0.003682398555291135,0.006876925937831402,1.0008572435967313
0.024625,49,physics,0,700,167.58882925228517,3673.9982107483074,99.80290290595848,3941.389942906551,958.7819402007931,0.00038739883904648795,5.463636875418983,47.70100545584522,0.9828346070141815,1.306110108956204e-07,0,0.06638132820267946,0.0037090939713474544,0.006876925937831402,1.0008588543030204
0.0246875,49,physics,0,700,173.08046612011876,3750.9611573621896,100.46406133820258,4024.505684820511,965.9965519280042,0.00039031392545988834,5.503212452368887,50.01824486653143,0.9820008455790795,1.3097121964733552e-07,0,0.06590229366715507,0.0037360874357991207,0.006876925937831402,1.0008642233427045
0.02475,49,physics,0,700,179.09654491814655,3830.4240034658437,100.90307019965465,4110.423618583645,973.2656429287802,0.00039325102439401557,5.54506444956698,52.101307386777286,0.9812513021124268,1.3186393843511715e-07,0,0.06542501531523869,0.0037632001841460152,0.006876925937831402,1.0008688765337284
0.0248125,49,physics,0,700,185.27069660024003,3912.1544911408705,101.39566461601096,4198.820852357122,980.5889925796685,0.00039621004670527444,5.588074690807334,53.58317953494585,0.9807180526611481,1.328219649820995e-07,0,0.06495245574089117,0.003790491804286983,0.006876925937831402,1.0008713821070863
0.024875,49,physics,0,700,191.29538700466037,3995.7285705778113,102.20122305727685,4289.225180639749,987.9679124316574,0.00039919152232993974,5.630932833721292,54.25268323278716,0.9804772290000668,1.3385000130483602e-07,0,0.06448171199301521,0.0038179027069758804,0.006876925937831402,1.000874782538105
0.0249375,49,physics,0,700,197.16748899448731,4080.589855222818,103.2878484345689,4381.0451926518745,995.4021278319193,0.00040219534029367816,5.6723957600787385,54.11453509793281,0.9805269727995567,1.3482219074489868e-07,0,0.06401356768862873,0.0038454924805736987,0.006876925937831402,1.0008785409226717
0.025,49,physics,0,700,203.23580284251028,4166.217312737095,104.33342947927852,4473.786545058884,1002.8923267571115,0.0004052217785756084,5.711658078846968,53.37062310033956,0.9807947301338132,1.360059673771729e-07,0,0.06369654823062793,0.003873261124856922,0.006876925937831402,1.0008799726919333
0.025,50,refine,0,738,203.23580284251028,4166.217312737095,104.33342947927852,4473.786545058884,1002.8923267571114,0.0004052217785756084,5.711658078846968,53.37062310033956,0.9807947301338132,1.1373181862950328e-07,0,0.06369654823062793,0.003666879305608423,0.005716101266443729,1.0008799726919333
0.0250625,50,physics,0,738,209.8745194304011,4252.107472410483,104.99197695370346,4566.973968794588,1010.4388694488646,0.00040827098273248666,5.747722232167534,52.378119261951056,0.9811519708699125,1.1455228765555608e-07,0,0.0634470060474072,0.0036937381270102793,0.005716101266443729,1.0008819413780123
0.025125,50,physics,0,738,217.1468955461601,4338.584768726905,105.24927323203696,4660.980937505103,1018.0422577811931,0.0004113431555480772,5.7827664036351365,51.56033322727479,0.9814463171437611,1.1539109534552949e-07,0,0.06314532608690406,0.0037207734023327007,0.005716101266443729,1.0008885633505142
0.0251875,50,physics,0,738,224.7781917900998,4425.783890213231,105.38106051629441,4755.943142519625,1025.7028269734892,0.00041443843246882246,5.816850215914769,51.29002943375158,0.981543683382762,1.163656015990001e-07,0,0.06268867999709091,0.003747909867175505,0.005716101266443729,1.000895543314904
0.02525,50,physics,0,738,232.43795849084933,4514.260657773222,105.75267447085947,4852.451290734931,1033.420947691237,0.00041755696326326996,5.851164347965531,51.80867802998009,0.9813570817375833,1.1720304504692094e-07,0,0.06223596776504684,0.003775226447419044,0.005716101266443729,1.0008998387017998
0.0253125,50,physics,0,738,240.07459213099293,4604.654722214727,106.48781107327251,4951.2171254189925,1041.1971949377428,0.00042069898026330234,5.886882305149374,53.153772729280774,0.9808730983132974,1.1798797050488476e-07,0,0.061784592965019786,0.003802723137750984,0.005716101266443729,1.0009032392294988
0.025375,50,physics,0,738,247.9697986979528,4697.544252444473,107.38584986320076,5052.899901005627,1049.03200528883,0.0004238646598687454,5.9249620466457245,55.16165323432052,0.9801505807750948,1.187963141191518e-07,0,0.06133907500587435,0.0038304465417895936,0.005716101266443729,1.0009028812786707
0.025437500000000002,50,physics,0,738,256.4746898013971,4793.321183086893,108.14290541373892,5157.938778302029,1056.925659629561,0.00042705411557208647,5.965600971955475,57.501492201091125,0.9793086850016189,1.1965101176514297e-07,0,0.06089680650926411,0.003858223663452385,0.005716101266443729,1.000905386937156
0.025500000000000002,50,physics,0,738,265.67976530789394,4892.1257142284485,108.65578382503833,5266.461263361381,1064.8785079090935,0.00043026748877137636,6.008392335412823,59.77503085912418,0.9784906372578649,1.2051078090991036e-07,0,0.06045778539143836,0.0038864202547293334,0.005716101266443729,1.0009059238647904
0.025500000000000002,51,refine,0,790,265.67976530789394,4892.1257142284485,108.65578382503833,5266.461263361381,1064.8785079090935,0.0004302674887713764,6.008392335412823,59.77503085912418,0.9784906372578649,8.268928120003224e-08,0,0.06146909857183419,0.003732391284063699,0.0037639057263731956,1.0009059238647904
0.025562500000000002,51,physics,0,790,275.3341219496337,4993.618384701092,109.10684872126842,5378.059355371994,1072.8914883137268,0.0004335051585437203,6.052315712394921,61.59829847191154,0.9778346661907623,8.32858457755492e-08,0,0.060979035541324576,0.0037588243151270868,0.0037639057263731956,1.000911114180106
0.025625000000000002,51,physics,0,790,285.0668968303257,5097.88998987316,109.80947608016038,5492.7663627836455,1080.9647736295465,0.0004367671947038764,6.096634397294987,62.730313395698104,0.9774272448513873,8.389322658786106e-08,0,0.06054679903480839,0.003785324770750503,0.0037639057263731956,1.0009130829274386
0.025687500000000002,51,physics,0,790,294.7479191164526,5204.209259077889,110.8364859790221,5609.793664173364,1089.0986399683925,0.0004400537088156967,6.140022784259631,63.08337737458309,0.9773002274025226,8.450705557550006e-08,0,0.060131560327299084,0.003812117968411446,0.0037639057263731956,1.000917736345619
0.025750000000000002,51,physics,0,790,304.6262026932534,5312.031193028822,111.95700498434088,5728.614400706416,1097.2938774155887,0.00044336502011562535,6.181661658717963,62.78121476194251,0.9774090901851545,8.52256398786722e-08,0,0.05974963942773053,0.003839061101173921,0.0037639057263731956,1.0009211369341249
0.025812500000000002,51,physics,0,790,315.0853217559439,5420.957320174403,112.81430609510078,5848.856948025448,1105.5507645549183,0.00044670124116631,6.221216267281027,62.112281752147716,0.9776498719632123,8.627569236807629e-08,0,0.05934727597154392,0.00386618364007292,0.0037639057263731956,1.0009218528489667
0.025875000000000002,51,physics,0,790,326.32425188787636,5530.844293100615,113.243177574491,5970.411722562982,1113.8698293344169,0.0004500625852868046,6.258906899254234,61.451383617764044,0.9778878795106477,8.733408130012786e-08,0,0.05892803778996897,0.0038935447133081305,0.0037639057263731956,1.0009268642671971
0.025937500000000002,51,physics,0,790,338.1824744493398,5641.9079285694515,113.42235904820772,6093.512762066999,1122.2514821064524,0.00045344921828126587,6.295531788541809,61.18890808259174,0.9779837791074464,8.796980921488287e-08,0,0.058574667712294755,0.003920937240249278,0.0037639057263731956,1.0009293699857216
0.026000000000000002,51,physics,0,790,350.32618205532276,5754.636279941288,113.71668408917972,6218.67914608579,1130.696208073064,0.0004568613361970936,6.3322458450986625,61.599669915807894,0.9778360671949322,8.860342504135586e-08,0,0.05815996003883065,0.003948562879889421,0.0037639057263731956,1.0009318757105188
0.026000000000000002,52,refine,0,878,350.32618205532276,5754.636279941287,113.71668408917972,6218.679146085789,1130.696208073064,0.00045686133619709363,6.3322458450986625,61.599669915807894,0.9778360671949322,8.75238015396462e-08,0,0.05119054355233494,0.003750860429295631,0.0037639057263731956,1.0009318757105188
0.0260625,52,physics,0,878,362.6010063163226,5869.291441837106,114.34038973391546,6346.232837887344,1139.2044834085264,0.00046029913143399146,6.369033341773271,62.79168723882613,0.9774072085310415,8.809915286178699e-08,0,0.05082937478744255,0.003777468655863638,0.0037639057263731956,1.0009370661604104
0.026125,52,physics,0,878,375.1581151255359,5987.256602698442,115.24448420323465,6477.659202027213,1147.7767053532332,0.00046376276449818237,6.4092583661990306,64.68104550429437,0.9767274695464095,8.873133783282564e-08,0,0.0504519158196947,0.003804254564644176,0.0037639057263731956,1.0009397508864333
0.0261875,52,physics,0,878,388.353306343096,6108.642522156873,116.12498269010278,6613.120811190072,1156.4134923305955,0.00046725248526557754,6.452042579680136,67.01540008078298,0.9758876014098393,8.937187612190185e-08,0,0.050097226011145274,0.0038311895469052225,0.0037639057263731956,1.000942435619657
0.02625,52,physics,0,878,402.39691825089324,6233.685400468961,116.78946376980961,6752.871782489665,1165.1152671341442,0.0004707684645672244,6.497310639295427,69.43242669947047,0.9750180397499134,9.001322531787547e-08,0,0.04974480161090338,0.003858334347963972,0.0037639057263731956,1.0009440464630477
0.0263125,52,physics,0,878,417.1466488034502,6362.364657088303,117.32735182662839,6896.838657718382,1173.882481205496,0.0004743108848095192,6.544469363391961,71.56956858027353,0.9742491137955228,9.0658619278372e-08,0,0.04939745802189269,0.003885625916987234,0.0037639057263731956,1.0009463732414108
0.026375,52,physics,0,878,432.2568050235395,6494.4050021932435,118.0130237498372,7044.67483096662,1182.715719013385,0.00047787998214887987,6.592525983044777,73.12565074057393,0.9736894390622576,9.130724709649493e-08,0,0.04905155426106203,0.0039130688449438575,0.0037639057263731956,1.0009508478303886
0.0264375,52,physics,0,878,447.4907261985591,6629.334396016562,119.020620607963,7195.845742823084,1191.6152811689935,0.00048147587804819457,6.640358976071677,73.96946098978331,0.9733858366907658,9.196929084964716e-08,0,0.04872680541418074,0.003940721549042419,0.0037639057263731956,1.0009540695468384
0.0265,52,physics,0,878,462.96626162764437,6766.599961832541,120.22660765936553,7349.792831119552,1200.5817889894224,0.00048509882355257905,6.686905937746227,74.14006584870548,0.9733245056444777,9.262715394697804e-08,0,0.04842553247437395,0.003968522172602256,0.0037639057263731956,1.0009606919965501
0.0265,53,refine,0,936,462.9662616276444,6766.599961832541,120.22660765936553,7349.792831119552,1200.5817889894224,0.00048509882355257905,6.686905937746227,74.14006584870548,0.9733245056444777,8.711226850977035e-08,0,0.04842553247437395,0.003725051217990417,0.003674294101074338,1.0009606919965501
0.0265625,53,physics,0,936,479.0590981242277,6905.463317941583,121.2712736080083,7505.793689673819,1209.6159477923193,0.0004887491036478331,6.729712576427569,73.84019243418658,0.9734323854371705,8.773691462238286e-08,0,0.04808682634679141,0.0037505736891815214,0.003674294101074338,1.000963555772158
0.026625,53,physics,0,936,496.0466006165475,7046.211301089243,121.94195990499331,7664.199861610784,1218.7180152102046,0.0004924268224311817,6.772669872126061,73.41110780841791,0.9735867648588005,8.836747422691363e-08,0,0.04775035269311781,0.0037763260934518543,0.003674294101074338,1.0009651666495378
0.0266875,53,physics,0,936,513.9034307620684,7188.66093951215,122.26770100125594,7824.832071275475,1227.8884432525301,0.0004961321625384564,6.814221910122764,73.21213350197988,0.9736584497983916,8.907262927237961e-08,0,0.04741611686628493,0.0038021417788531835,0.003674294101074338,1.0009699992972323
0.02675,53,physics,0,936,532.3434451523638,7333.1982433650655,122.56532398939429,7988.107012506824,1237.1274998398485,0.0004998652322237942,6.8552284457808215,73.54851791864111,0.9735375283243013,8.971257869916356e-08,0,0.04710511429950748,0.0038282279804083483,0.003674294101074338,1.000970178284632
0.0268125,53,physics,0,936,551.115938763289,7480.426050102246,123.13864975132216,8154.680638616857,1246.4354556646347,0.0005036261408613368,6.896728520241919,74.59542355384816,0.9731608893289925,9.038260095906033e-08,0,0.046776882355578885,0.0038543720904589606,0.003674294101074338,1.0009741160155232
0.026875,53,physics,0,936,570.2638578784033,7630.980736028675,124.02369389075105,8325.26828779783,1255.8125161765743,0.0005074149714636725,6.939562320766301,76.34043137321186,0.9725331167370682,9.101693532187492e-08,0,0.04645085407037962,0.0038806812044589758,0.003674294101074338,1.0009789487064251
0.0269375,53,physics,0,936,590.0984100094081,7785.403405959129,124.99037920166221,8500.4921951702,1265.2587210553527,0.0005112317400635029,6.984170437348372,78.60582451809516,0.9717181363573612,9.158347502591369e-08,0,0.04612784700080206,0.00390706864180296,0.003674294101074338,1.0009839604105233
0.027,53,physics,0,936,610.9066743707087,7944.007225377532,125.78895971723291,8680.702859465473,1274.7740358922165,0.0005150764327578646,7.030538082399628,81.08733518272108,0.970825424971297,9.209826501432878e-08,0,0.04580796710196108,0.003933698389477286,0.003674294101074338,1.000983602430827
0.027,54,refine,0,990,610.9066743707089,7944.007225377532,125.7889597172329,8680.702859465473,1274.7740358922165,0.0005150764327578646,7.030538082399628,81.08733518272108,0.970825424971297,9.209826501432878e-08,0,0.04580796710196108,0.003694416494545568,0.003674294101074338,1.000983602430827
0.0270625,54,physics,0,990,632.7233534639897,8106.827225109492,126.39614773259967,8865.946726306081,1284.3664537446944,0.000518952279166612,7.078298092392356,83.42612299476194,0.9699841141970584,9.26708629833683e-08,0,0.0454902499373149,0.003720523319118842,0.003674294101074338,1.0009875402145276
0.027125,54,physics,0,990,655.2346652289308,8274.034926203354,127.06504794598881,9056.334639378274,1294.031013001228,0.0005228572745351029,7.128348357856075,85.3277536436389,0.9692999813788221,9.33353545562454e-08,0,0.045155551808929564,0.0037468685623203535,0.003674294101074338,1.0009911200313344
0.0271875,54,physics,0,990,678.1484637875424,8444.989159072802,128.0145451194399,9251.152167979784,1303.76832252627,0.000526791664876923,7.178803469229213,86.59509528064316,0.9688440888980184,9.402186229579005e-08,0,0.044842435029303816,0.0037733330149047456,0.003674294101074338,1.0009955948203462
0.02725,54,physics,0,990,701.4425274385023,8619.149943864257,129.23670693839827,9449.829178241158,1313.5788098129647,0.0005307556229220132,7.228724527604337,87.19955836751058,0.9686268064382404,9.469534667516647e-08,0,0.04453286915187101,0.0037999762814943743,0.003674294101074338,1.0010004276149473
0.0273125,54,physics,0,990,725.4163344354388,8796.00197082495,130.4563368740402,9651.874642134428,1323.4632500050948,0.0005347494618696404,7.277406758680414,87.28982601546466,0.968594424856503,9.545784074305164e-08,0,0.04426140107476597,0.003826738757465416,0.003674294101074338,1.001004186471324
0.027375,54,physics,0,990,750.4162590951562,8975.197369456402,131.35884378493125,9856.97247233649,1333.4219943151393,0.0005387733236283046,7.324569298490537,87.13637111013855,0.9686496636679623,9.614075935360231e-08,0,0.043955222300137285,0.0038536800474408264,0.003674294101074338,1.001009735285106
0.0274375,54,physics,0,990,776.5521394421933,9156.688246468168,131.86796882186653,10065.108354732229,1343.455687693262,0.0005428274687921352,7.370416228886708,87.06840453092678,0.9686742010282178,9.68432436465604e-08,0,0.043651185766024996,0.003880800151420455,0.003674294101074338,1.0010152841296462
0.0275,54,physics,0,990,803.6258065558654,9340.77135401002,132.21423893533233,10276.611399501217,1353.5649933800573,0.0005469121653455668,7.4156547021276635,87.39791732406447,0.9685539388136182,9.759375885209927e-08,0,0.04337627066481808,0.003908158698686692,0.003674294101074338,1.0010181480614435
0.0275,55,refine,0,1073,803.6258065558654,9340.771354010021,132.21423893533233,10276.611399501218,1353.5649933800573,0.0005469121653455668,7.4156547021276635,87.39791732406447,0.9685539388136182,7.119714151571088e-08,0,0.04683538978136192,0.003680212558316977,0.002696639159694314,1.0010181480614435
0.0275625,55,physics,0,1073,831.3703397675288,9527.652711617931,132.72155846797008,10491.744609853431,1363.7503345522198,0.0005510275842744649,7.460608502020699,88.35201637426485,0.9682104456754699,7.172229743446229e-08,0,0.046505888431996455,0.003706021097540321,0.002696639159694314,1.0010204750120621
0.027625,55,physics,0,1073,859.7002955245292,9718.669612851565,133.56342689024356,10711.933335266338,1374.0122686688335,0.0005551739508219148,7.507339960243436,89.9771807971705,0.9676257891749911,7.222070408374752e-08,0,0.04617067466610669,0.0037320676132643294,0.002696639159694314,1.0010254869240742
0.0276875,55,physics,0,1073,888.8482368746294,9914.098816179294,134.59040981042142,10937.537462864346,1384.3513834221012,0.0005593515024467873,7.555862427731378,92.17130012308988,0.9668362398889291,7.269175394952752e-08,0,0.04583887988738756,0.0037582333449755214,0.002696639159694314,1.0010287088807617
0.02775,55,physics,0,1073,919.1507796914312,10114.375954888897,135.53944749759538,11169.066182077924,1394.76830349673,0.0005635604915548908,7.606504440661301,94.67908727081951,0.9659340029421981,7.319433681374221e-08,0,0.04550993611066022,0.003784637715697253,0.002696639159694314,1.001032646841907
0.0278125,55,physics,0,1073,950.7269318178554,10319.673017939971,136.2957533740369,11406.695703131863,1405.263141373293,0.0005678009635943528,7.658885480228101,97.18751720254538,0.9650316202009412,7.36991090377615e-08,0,0.04517095493345305,0.003811696516214595,0.002696639159694314,1.0010365848185443
0.027875,55,physics,0,1073,983.4082366597806,10529.889671512174,136.99889370339952,11650.296801875355,1415.8365044887262,0.0005720731640019663,7.712226397226096,99.390108718787,0.964239229429697,7.420477921016294e-08,0,0.04484561356910786,0.0038400346992464598,0.002696639159694314,1.0010392698114972
0.0279375,55,physics,0,1073,1016.869193384282,10744.668387839003,137.89638819858,11899.433969421865,1426.4881367015687,0.0005763769892829753,7.765628832345205,101.05843917620179,0.9636389541134425,7.472043694889412e-08,0,0.04452441803935704,0.0038686117834914138,0.002696639159694314,1.0010407018106835
0.028,55,physics,0,1073,1050.9905920081544,10963.494832697761,139.07937386673632,12153.564798572652,1437.2182697247856,0.0005807125330617284,7.818154367070846,102.10675360084416,0.96326170918299,7.526886758313375e-08,0,0.044205916979593245,0.0038974571069826614,0.002696639159694314,1.0010471458323718
0.028,56,refine,0,1190,1050.9905920081542,10963.494832697761,139.07937386673632,12153.564798572652,1437.2182697247854,0.0005807125330617284,7.818154367070846,102.10675360084416,0.96326170918299,7.526886758313375e-08,0,0.044205916979593245,0.003781518910279057,0.002696639159694314,1.0010471458323718
0.0280625,56,physics,0,1190,1086.003844425809,11185.540423260682,140.33949112530195,12411.883758811793,1448.0329900302909,0.0005850822545962078,7.867684408153922,102.5895023298801,0.9630879818604546,7.584847505626155e-08,0,0.04390195464536297,0.003807052631271112,0.002696639159694314,1.001052515882133
0.028125,56,physics,0,1190,1122.239697242416,11411.181515666887,141.4187996764347,12674.840012585737,1458.929161373635,0.0005894848866770533,7.917882488596805,102.7230941221982,0.9630400473024517,7.637133769833326e-08,0,0.04361353981363494,0.0038327854061657543,0.002696639159694314,1.0010591389831793
0.0281875,56,physics,0,1190,1159.9230103170441,11639.818757720222,142.10385207202089,12941.845620109289,1469.9072104408378,0.0005939206017080841,7.966702021957375,102.8080659613625,0.9630095139694937,7.689639236474466e-08,0,0.04334161402919857,0.0038586526325377225,0.002696639159694314,1.0010618240366274
0.02825,56,physics,0,1190,1198.9770179883876,11871.625283850477,142.5153422260093,13213.117644064874,1480.9679663119466,0.0005983897346816849,8.014750502838512,103.1565566654321,0.9628842061683356,7.748869990109588e-08,0,0.04304440129716775,0.0038847361930845208,0.002696639159694314,1.001066836155666
0.0283125,56,physics,0,1190,1239.1397336479108,12107.082454978223,142.97080214731707,13489.192990773452,1492.1119756007427,0.0006028925064588617,8.062904368173372,104.00820999600874,0.9625779212891122,7.802291790426351e-08,0,0.042743511121726085,0.003910866901215837,0.002696639159694314,1.0010700582454424
0.028375,56,physics,0,1190,1280.2619030532333,12346.837453532382,143.7106971052157,13770.810053690831,1503.3398208162698,0.0006074291524042142,8.112006190767266,105.48133411257969,0.9620479669476641,7.859119843800491e-08,0,0.04243752573663459,0.003937203313368272,0.002696639159694314,1.001073817363289
0.0284375,56,physics,0,1190,1322.479912551508,12591.540391103305,144.70882046794262,14058.729124122754,1514.6521929008168,0.0006119999516951329,8.162736893860455,107.53963553729412,0.9613074276346952,7.909646626558238e-08,0,0.042126960742355404,0.003963623451646966,0.002696639159694314,1.0010768604690272
0.0285,56,physics,0,1190,1366.1010369240425,12841.710401616445,145.73686018992254,14353.548298730411,1526.0494266280746,0.0006166050395979737,8.215490342531188,109.9981211053438,0.9604229749906668,7.963873471794608e-08,0,0.04181275658704317,0.003990156318351513,0.002696639159694314,1.0010829467082558
0.0285,57,refine,0,1302,1366.1010369240425,12841.710401616443,145.73686018992254,14353.54829873041,1526.0494266280748,0.0006166050395979737,8.215490342531188,109.9981211053438,0.9604229749906668,7.963873471794608e-08,0,0.04181275658704317,0.0036928448747339366,0.002696639159694314,1.0010829467082558
0.0285625,57,physics,0,1302,1411.3995624614026,13097.204680828456,146.57247252948736,14655.176715819345,1537.532674331981,0.0006212448817168657,8.315612799572627,112.58637839187267,0.9594919371129308,8.018392172459706e-08,0,0.041514389498384895,0.0037168679682687412,0.002696639159694314,1.001089391001888
0.028625,57,physics,0,1302,1458.2937868011495,13358.943406868351,147.33924960130082,14964.576443270802,1549.1023234217623,0.0006259196345857172,8.373277681875631,115.0069481078818,0.9586210050267765,8.070074564159316e-08,0,0.04118809290934664,0.003740997692996207,0.002696639159694314,1.0010929711829424
0.0286875,57,physics,0,1302,1506.5123853356165,13626.2313985175,148.2137767556542,15280.957560608771,1560.7589183751693,0.0006306295182024647,8.43130783025449,117.00353386672239,0.9579027400956781,8.125225203770021e-08,0,0.04089301430588237,0.0037654718129258185,0.002696639159694314,1.001094403258949
0.02875,57,physics,0,1302,1555.8568994828647,13898.63023765933,149.36052610451492,15603.847663246708,1572.50296592211,0.0006353747373129121,8.488747661560293,118.44255603746335,0.9573851017426744,8.180495214560334e-08,0,0.04060113448421969,0.0037901573529046323,0.002696639159694314,1.0010983414785308
0.0288125,57,physics,0,1302,1606.4160452218525,14175.585736283741,150.69460302331106,15932.696384528905,1584.3348274066823,0.0006401554379192718,8.544735997180874,119.33365640240415,0.9570644586392459,8.2427647818406e-08,0,0.04032392107716703,0.0038150195627294796,0.002696639159694314,1.0011015636697118
0.028875,57,physics,0,1302,1658.5142952631336,14456.601130396019,151.9233986811514,16267.038824340303,1596.2546154454367,0.0006449716655246141,8.598669152447865,119.81859741003832,0.9568901724590698,8.298609444068456e-08,0,0.0400855950351898,0.0038401555892458392,0.002696639159694314,1.0011035327916502
0.0289375,57,physics,0,1302,1712.4726023777503,14741.379928029433,152.79149073089604,16606.64402113808,1608.2625058948133,0.0006498234911842854,8.650503253470415,120.14899307203504,0.9567715614077037,8.355116509761726e-08,0,0.03986246995530664,0.0038654421970278105,0.002696639159694314,1.001106934011394
0.029,57,physics,0,1302,1768.33992976442,15029.947661235969,153.30090988513516,16951.588500885526,1620.3581510885097,0.0006547107744226312,8.700649337537788,120.61570392492972,0.95660396153782,8.4118430443425e-08,0,0.0395913940631097,0.003890887707209138,0.002696639159694314,1.0011101562302316
0.029,58,refine,0,1399,1768.33992976442,15029.94766123597,153.30090988513513,16951.588500885526,1620.3581510885099,0.0006547107744226312,8.700649337537788,120.61570392492972,0.95660396153782,6.733955526527785e-08,0,0.0395913940631097,0.003706323448682054,0.0021021412685513496,1.0011101562302316
0.0290625,58,physics,0,1399,1825.957514307214,15322.647304348891,153.69699342209023,17302.301812078196,1632.5508484936222,0.0006596372719102643,8.748545698968833,121.47486013793726,0.9562948164983011,6.784215589306082e-08,0,0.03932166183681885,0.003731182842661926,0.0021021412685513496,1.001114452538148
0.029125,58,physics,0,1399,1885.0993736646155,15620.603052718383,154.3294138020907,17660.03184018509,1644.8355470070587,0.0006646009427332103,8.8004026736844,122.88813416039694,0.9557864641172326,6.831940879692404e-08,0,0.03904776269043226,0.003756044563877504,0.0021021412685513496,1.0011164216854382
0.0291875,58,physics,0,1399,1945.796188620804,15924.133001234877,155.25096772526982,18025.18015758095,1657.2126376502551,0.0006696019448849033,8.854052563980899,124.8799370476519,0.9550699038843691,6.880316849589012e-08,0,0.03875228536481317,0.0037810184483761567,0.0021021412685513496,1.001119464920687
0.02925,58,physics,0,1399,2008.3433096420788,16233.863971877661,156.30066976479935,18398.507951284537,1669.6828812251051,0.0006746405857697255,8.909833923085074,127.32875179774062,0.9541890094173148,6.928673901285265e-08,0,0.03845261486126746,0.0038062238051688175,0.0021021412685513496,1.0011192859065927
0.029312500000000002,58,physics,0,1399,2073.0407001499166,16550.176516887106,157.26356468043207,18780.480781717455,1682.2469191793657,0.0006797171245666472,8.96769239109597,130.00900059353316,0.9532248797848965,6.97771946889248e-08,0,0.03811606749230275,0.0038315435736153316,0.0021021412685513496,1.0011208970345933
0.029375000000000002,58,physics,0,1399,2139.950628485063,16873.213982602247,158.09312944144608,19171.25774052876,1694.905434138368,0.0006848318370925672,9.027166388959174,132.64433961756816,0.9522768642780349,7.026510306928914e-08,0,0.03784556361317152,0.0038570218373084482,0.0021021412685513496,1.0011219711213675
0.029437500000000002,58,physics,0,1399,2208.8972660974164,17202.82571259787,158.95248105851294,19570.675459753802,1707.6593680326894,0.000689985103937479,9.087402377465022,134.9799880053083,0.9514366166007037,7.072627017379317e-08,0,0.037577094976792146,0.0038826718083787037,0.0021021412685513496,1.0011255514189374
0.029500000000000002,58,physics,0,1399,2279.6452261369477,17538.669617464107,160.03850716607087,19978.353350767127,1720.5091031899656,0.0006951770795820578,9.147306491689957,136.83892359896367,0.9507679192951257,7.121831391287959e-08,0,0.0373105839107576,0.003908501798834345,0.0021021412685513496,1.0011271625570215
0.029500000000000002,59,refine,0,1524,2279.6452261369477,17538.669617464107,160.03850716607087,19978.353350767127,1720.5091031899653,0.0006951770795820578,9.147306491689957,136.83892359896367,0.9507679192951257,5.968656946464532e-08,0,0.03888858136240829,0.0037944545199161198,0.00179411715362221,1.0011271625570215
0.029562500000000002,59,physics,0,1524,2352.2185087512157,17879.829147928474,161.34698829093276,20393.394644970624,1733.4557983577588,0.0007004082322218774,9.205123967161974,138.17349504812427,0.9502878188295334,6.009446362753584e-08,0,0.03861108185233241,0.0038168137258197798,0.00179411715362221,1.001132354019596
0.029625000000000002,59,physics,0,1524,2426.833588556873,18226.593042837303,162.68841020796498,20816.11504160214,1746.4994690543554,0.0007056785681271497,9.263084487748483,139.06632905951162,0.9499667552660668,6.056205403837105e-08,0,0.03836084886876899,0.0038453259260382605,0.00179411715362221,1.001139156666478
0.029687500000000002,59,physics,0,1524,2503.8807105797605,18578.216036357593,163.75378427891647,21245.85053121627,1759.6411154470923,0.0007109884914186144,9.319461896406333,139.721475685524,0.9497312625278072,6.097419102957241e-08,0,0.03808889845878636,0.0038739877955167945,0.00179411715362221,1.0011409468443926
0.029750000000000002,59,physics,0,1524,2583.517791618763,18934.625069540336,164.43541757248238,21682.578278731584,1772.8807248642534,0.0007163379969762254,9.374395433081528,140.39606678504003,0.9494887671124429,6.137923946880624e-08,0,0.03781836512958902,0.003902769593732724,0.00179411715362221,1.0011475705305104
0.029812500000000002,59,physics,0,1524,2665.667602486393,19296.05815795948,164.9040335460452,22126.629793991917,1786.2187939735081,0.0007217272854801074,9.428658529466672,141.35067554487935,0.9491454939045726,6.185542922310094e-08,0,0.03755576131419491,0.00393164558736069,0.00179411715362221,1.0011531201391055
0.029875000000000002,59,physics,0,1524,2750.1198404742454,19663.023472080593,165.45723746330125,22578.60055001814,1799.6553328550776,0.0007271563610032068,9.483054188066532,142.7721963112533,0.9486340196743057,6.233053095883179e-08,0,0.03728915973293903,0.003960639439174561,0.00179411715362221,1.0011559844652553
0.029937500000000002,59,physics,0,1524,2836.8439997894466,20036.17140341246,166.26821948635728,23039.28362268826,1813.1905544319525,0.0007326253095777243,9.538229956411175,144.7329896669533,0.9479285085096679,6.274597463828972e-08,0,0.03702400567614293,0.00398965802030015,0.00179411715362221,1.0011558054446308
0.03,59,physics,0,1524,2926.0539400082334,20416.094274590512,167.2643823247724,23509.412596923517,1826.8241046310513,0.0007381339881393259,9.594470986316017,147.1732230762839,0.9470506367743706,6.315983469562529e-08,0,0.036744807886602976,0.004018733144996498,0.00179411715362221,1.0011581327152457
0.03,60,refine,0,1677,2926.0539400082334,20416.094274590512,167.26438232477244,23509.412596923517,1826.8241046310513,0.000738133988139326,9.594470986316017,147.1732230762839,0.9470506367743706,6.315983469562529e-08,0,0.036744807886602976,0.003809890937505138,0.001775067183189094,1.0011581327152457
0.0300625,60,physics,0,1677,3018.1340536307116,20803.412428193482,168.21388323113234,23989.760365055325,1840.5704671847561,0.0007436882488853131,9.653289797447156,149.92660521506838,0.946060113690178,6.358794557570487e-08,0,0.03648529432864784,0.003836644748692336,0.001775067183189094,1.0011574166314032
0.030125,60,physics,0,1677,3113.2438527045633,21198.95283295834,169.09672887452552,24481.29341453743,1854.420417286843,0.0007492843645039263,9.712982184929563,152.74851781453768,0.9450448396422209,6.401792962407175e-08,0,0.03622720728968283,0.003863547644351989,0.001775067183189094,1.001162787272705
0.0301875,60,physics,0,1677,3211.310429238986,21602.206827403294,169.95509126779194,24983.472347910072,1868.3745922077833,0.0007549225924862902,9.775156040164008,155.38848075983776,0.944095135864976,6.443810995904191e-08,0,0.03594897476291075,0.003890659209950059,0.001775067183189094,1.0011686950114127
0.03025,60,physics,0,1677,3312.1250967655915,22012.88555931723,170.9912255575142,25496.001881640335,1882.4336811954392,0.000760603211325158,9.838809050798176,157.64904010993945,0.9432818637947409,6.48605684716586e-08,0,0.03569559034730181,0.003917950393111442,0.001775067183189094,1.0011690530573034
0.0303125,60,physics,0,1677,3415.591391344805,22430.568398330826,172.29214978915485,26018.451939464787,1896.5986113624417,0.0007663265956232848,9.902609882663379,159.43350490547263,0.9426398482504051,6.535972474353004e-08,0,0.03544379586526192,0.003945391385652759,0.001775067183189094,1.0011717384055643
0.030375,60,physics,0,1677,3521.8907382810926,22854.71246132179,173.70646753769591,26550.30966714058,1910.8699611152751,0.0007720929790876183,9.965849946208838,160.7673728256357,0.942160059658944,6.580047795523569e-08,0,0.03521587805657178,0.003972982173166624,0.001775067183189094,1.0011735286417396
0.0304375,60,physics,0,1677,3631.4182466000475,23284.94104168794,174.94258314826823,27091.30187143626,1925.2484935588172,0.0007779026700530703,10.027718613482369,161.79865748641845,0.9417891446241318,6.629339743824398e-08,0,0.03496728569716481,0.004000719834760618,0.001775067183189094,1.0011774671725937
0.0305,60,physics,0,1677,3744.4371250873687,23721.03500112458,175.7994616684011,27641.27158788035,1939.7343037904138,0.0007837557069440214,10.087892590041728,162.7517022391109,0.9414463168109074,6.674080399449163e-08,0,0.03472108312613805,0.004028666165810581,0.001775067183189094,1.001180152543423
0.0305,61,refine,0,1836,3744.4371250873683,23721.03500112458,175.79946166840114,27641.27158788035,1939.7343037904138,0.0007837557069440212,10.087892590041728,162.7517022391109,0.9414463168109074,6.425391685382917e-08,0,0.03472108312613805,0.0037734003926850135,0.0017192314844578505,1.001180152543423
0.0305625,61,physics,0,1836,3861.032688741898,24162.733158805964,176.32223286838337,28200.088080416244,1954.3307703973983,0.0007896534548892363,10.145685236367951,163.8627936909099,0.9410465970868667,6.468913404944478e-08,0,0.03449827780639024,0.003799107291511681,0.0017192314844578505,1.0011842701260174
0.030625,61,physics,0,1836,3981.0229677547213,24611.497049308062,176.83455856367553,28769.354575626458,1969.0371556539583,0.0007955956158082981,10.20455362675839,165.34880069322867,0.9405120357673791,6.517985795539975e-08,0,0.03426086279057664,0.003824987860898044,0.0017192314844578505,1.0011876716200638
0.0306875,61,physics,0,1836,4104.2867300757725,25067.458910342168,177.55612784850092,29349.30176826644,1983.8537167143445,0.0008015822936051854,10.263841641541314,167.32237478827105,0.9398020302207877,6.5620250566667e-08,0,0.03403173293562974,0.003850928566434041,0.0017192314844578505,1.001191610206555
0.03075,61,physics,0,1836,4230.983513366272,25531.280315732463,178.5202612153098,29940.784090314046,1998.7817907078688,0.0008076140285511751,10.324168214339212,169.77755539206805,0.9389187349624493,6.606152602728342e-08,0,0.033776857068379566,0.0038770430830759478,0.0017192314844578505,1.001193579505611
0.0308125,61,physics,0,1836,4361.454421789801,26003.562415268367,179.56377761864837,30544.580614676815,2013.8221267188956,0.0008136911233161453,10.38573456803066,172.59849755331908,0.9379039601958049,6.647087502642528e-08,0,0.033539350720051334,0.0039034015773038114,0.0017192314844578505,1.0011973390872924
0.030875,61,physics,0,1836,4495.994877017723,26484.669765798142,180.5226247710832,31161.187267586945,2028.975646802739,0.0008198139504594272,10.448319451124453,175.5815044199833,0.9368309510287623,6.691805864988964e-08,0,0.033304589732696774,0.003929701191951181,0.0017192314844578505,1.001198950340906
0.0309375,61,physics,0,1836,4634.6755202649765,26974.67741502754,181.4068612809817,31790.7597965735,2044.243353965195,0.0008259829152486477,10.511787444019172,178.4923222558702,0.9357838049645468,6.731578761076659e-08,0,0.033050071737014,0.003956239427729866,0.0017192314844578505,1.0012048582930075
0.031,61,physics,0,1836,4777.3361879228205,27473.410821155026,182.38846140984268,32433.13547048769,2059.625778539832,0.0008321982319667413,10.575910618301794,181.12166831236686,0.9348379265164962,6.776657635043651e-08,0,0.0328184499849263,0.003982953335993768,0.0017192314844578505,1.0012052163518312
0.031,62,refine,0,1930,4777.3361879228205,27473.410821155026,182.38846140984268,32433.13547048769,2059.6257785398325,0.0008321982319667413,10.575910618301794,181.12166831236686,0.9348379265164962,5.6103484524783125e-08,0,0.0328184499849263,0.003768539834857683,0.0014290253166109324,1.0012052163518312
0.0310625,62,physics,0,1930,4923.876346751617,27980.19710952139,183.60116788597065,33087.67462415898,2075.124021527707,0.0008384603454766259,10.639247010864038,183.34211804402278,0.9340390053955431,5.6507684753626214e-08,0,0.032623425260531996,0.0037946448161763607,0.0014290253166109324,1.001206648588406
0.031125,62,physics,0,1930,5074.397618469453,28495.151549386894,185.00441213774616,33754.55357999409,2090.7389349468112,0.0008447696000388335,10.702342116190884,185.121437556403,0.9333988715160622,5.6878911358637546e-08,0,0.03240917130387292,0.0038208979689037005,0.0014290253166109324,1.0012070066478698
0.0311875,62,physics,0,1930,5229.223112176308,29017.508251126208,186.33650193061078,34433.067865233126,2106.470798571554,0.0008511261086970894,10.764144982767517,186.5488475501377,0.9328856563354867,5.725230867170701e-08,0,0.032182193853944205,0.00384733079975158,0.0014290253166109324,1.0012129146475108
0.03125,62,physics,0,1930,5388.72765916563,29547.005614217407,187.34250728613043,35123.07578066917,2122.3201860077083,0.0008575301032185998,10.824283674721991,187.8054629536554,0.9324338560328908,5.762502564010677e-08,0,0.03195744591904229,0.0038739773142076636,0.0014290253166109324,1.0012150630196601
0.0313125,62,physics,0,1930,5553.07814680311,30083.633536807054,187.97793662639646,35824.68962023656,2138.2872363254037,0.0008639816397950873,10.882831629816208,189.11994473794667,0.9319612169716527,5.799957314422964e-08,0,0.031753486315459156,0.0039007669188030375,0.0014290253166109324,1.0012186436501533
0.031375,62,physics,0,1930,5722.220368007667,30627.6804471614,188.44531023329967,36538.346125402364,2154.3717417667585,0.0008704806344813334,10.940458336233345,190.7083679667122,0.9313921620789515,5.837812189213302e-08,0,0.03155107417612916,0.003927765155795144,0.0014290253166109324,1.00122473075138
0.0314375,62,physics,0,1930,5896.060163246343,31179.668470081782,189.0151769601133,37264.74381028824,2170.5733215228715,0.0008770269334103157,10.997554803210484,192.70906614164159,0.9306726193569559,5.881160047849222e-08,0,0.03133622416292078,0.003954852827520241,0.0014290253166109324,1.0012284904500373
0.0315,62,physics,0,1930,6074.6566688948005,31740.144611973665,189.8099836606837,38004.61126452915,2186.890863012955,0.0008836200870402932,11.0540971916372,195.171109628557,0.9297853744806293,5.919273782239996e-08,0,0.03112272292076374,0.003982178930979793,0.0014290253166109324,1.00123278726579
0.0315,63,refine,0,2030,6074.6566688948005,31740.144611973672,189.8099836606837,38004.61126452916,2186.890863012955,0.0008836200870402933,11.0540971916372,195.171109628557,0.9297853744806293,5.919273782239996e-08,0,0.03112272292076374,0.0038086878840988907,0.0014290253166109324,1.00123278726579
0.0315625,63,physics,0,2030,6258.383833790533,32310.702835246117,190.75062404690277,38759.837293083554,2203.3467246614227,0.0008902691293624643,11.11137772894443,198.03759046005445,0.9287541902101913,5.95778808509806e-08,0,0.030891733204993114,0.003832702833196181,0.0014290253166109324,1.0012369050648566
0.031625,63,physics,0,2030,6447.552480027896,32891.647346559446,191.7160439582656,39530.91587054561,2219.9263024966403,0.0008969681595964937,11.172684683399265,201.14740512682295,0.9276364709791899,5.99615961327516e-08,0,0.03067629702972647,0.003856689032532463,0.0014290253166109324,1.001242634204774
0.0316875,63,physics,0,2030,6642.382456548224,33482.82534702461,192.62250210827239,40317.830305681106,2236.630784937331,0.0009037176579266802,11.23683264132397,204.28592825610943,0.9265073098731355,6.034931709919541e-08,0,0.030462042474107113,0.0038807971502011814,0.0014290253166109324,1.001245319750395
0.03175,63,physics,0,2030,6842.808873019354,34084.200242488,193.58407960736895,41120.59319511472,2253.4609654294795,0.0009105179449473537,11.303177872163317,207.24507285362742,0.9254414657474224,6.073887037771893e-08,0,0.030250405778824666,0.00390482372479548,0.0014290253166109324,1.0012465730074833
0.0318125,63,physics,0,2030,7048.73658424951,34695.46479517919,194.76055569739702,41938.9619351261,2270.417821252021,0.0009173694155311215,11.37078004797934,209.87358135788227,0.9244958059314214,6.112882822151271e-08,0,0.030053236881020805,0.003929270770044466,0.0014290253166109324,1.0012508699008382
0.031875,63,physics,0,2030,7260.216021785613,35316.16258539306,196.16654505979446,42772.54515223847,2287.5019929382597,0.0009242723284874677,11.438435626975416,212.1033863177684,0.9236937469545069,6.152313281049253e-08,0,0.02984409002956219,0.003953793925110345,0.0014290253166109324,1.0012551668126335
0.0319375,63,physics,0,2030,7477.500528205833,35945.81907667437,197.60309309619356,43620.9226979764,2304.7138035796547,0.0009312268143625072,11.504736026688745,213.96974456715122,0.9230225679779239,6.205431279937547e-08,0,0.029649817822992162,0.003978456332598728,0.0014290253166109324,1.0012582104696455
0.032,63,physics,0,2030,7701.036115027543,36584.078669740324,198.78871817376722,44483.90350294163,2322.0537692310872,0.0009382330816698299,11.568966941117473,215.61142727516852,0.9224320835193986,6.255995987913814e-08,0,0.02944396851610159,0.004003008509979918,0.0014290253166109324,1.0012642978114263
0.032,64,refine,0,2182,7701.036115027542,36584.078669740324,198.78871817376722,44483.90350294163,2322.0537692310872,0.00093823308166983,11.568966941117473,215.61142727516852,0.9224320835193986,4.744930137690065e-08,0,0.027034018660130266,0.0037767541069440936,0.0009409764315932989,1.0012642978114263
0.0320625,64,physics,0,2182,7931.135247052246,37230.726585027835,199.56853071876174,45361.43036279884,2339.5267988799715,0.0009452931139011291,11.629887638190516,217.21921483281912,0.9218537390959289,4.777138329359327e-08,0,0.026863629125663577,0.0038007166088787937,0.0009409764315932989,1.0012657301325179
0.032125,64,physics,0,2182,8167.814893067581,37886.65083539778,200.11613632451696,46254.58186478988,2357.131171678316,0.0009524062157424032,11.692952189883139,219.00014013836739,0.9212139940762171,4.8094705107359974e-08,0,0.02669483131247473,0.0038248193106880106,0.0009409764315932989,1.0012644768514507
0.0321875,64,physics,0,2182,8411.045756480993,38551.962412434965,200.66230975260402,47163.67047866856,2374.868149350966,0.0009595728969975187,11.756150261303594,221.13573592479287,0.9204465048660362,4.851038504227751e-08,0,0.02654858411085224,0.003849025077771898,0.0009409764315932989,1.001271459437374
0.03225,64,physics,0,2182,8660.842520957522,39227.36420285342,201.41048936357504,48089.61721317452,2392.7382454043886,0.0009667933651503688,11.82005787565626,223.69689839419698,0.9195249262014923,4.883663784482891e-08,0,0.026381908330960806,0.0038733585699328482,0.0009409764315932989,1.0012725336856843
0.0323125,64,physics,0,2182,8917.505527924222,39913.501163500005,202.36805068250362,49033.37474210673,2410.742990739989,0.00097406823876645,11.885236744233776,226.6632812249786,0.9184578851054382,4.916760332207564e-08,0,0.026228665383895563,0.00389768051244149,0.0009409764315932989,1.0012755773954887
0.032375,64,physics,0,2182,9181.442210652443,40610.92932028913,203.39267646469682,49995.76420740627,2428.883394022836,0.0009813979254000343,11.951681142701334,229.92898249579568,0.9172829011712755,4.949617249394581e-08,0,0.02606509894166322,0.003922312543619261,0.0009409764315932989,1.0012788001571313
0.0324375,64,physics,0,2182,9452.925080146091,41319.94112382535,204.3725401512534,50977.2387441227,2447.1601999931404,0.0009887827259657325,12.019289027717878,233.3119903307317,0.9160657418654425,4.9829534276568765e-08,0,0.025903137878777203,0.003946873690567057,0.0009409764315932989,1.0012843504931648
0.0325,64,physics,0,2182,9732.060413619078,42040.58455835077,205.34738269376413,51977.992354663606,2465.5744935293787,0.0009962230788120832,12.08814337045078,236.6181373843775,0.9148761842079381,5.0164054243850895e-08,0,0.02574175337902981,0.003971621876054642,0.0009409764315932989,1.0012873942388905
0.0325,65,refine,0,2380,9732.060413619078,42040.58455835077,205.34738269376413,51977.992354663606,2465.5744935293787,0.0009962230788120832,12.08814337045078,236.6181373843775,0.9148761842079381,4.446216905762403e-08,0,0.02574175337902981,0.0037681965393572218,0.0009300431702286005,1.0012873942388905
0.0325625,65,physics,0,2380,10018.842470203559,42772.10021884079,206.4549016898522,52997.397590734196,2484.1274723601446,0.0010037194678850663,12.156333005884203,239.67006957350074,0.913778091739878,4.476942816467038e-08,0,0.025581869822541008,0.0037917061630485267,0.0009300431702286005,1.0012918703523543
0.032625,65,physics,0,2380,10313.221513915709,43515.252921912994,207.79180143054356,54036.266237259246,2502.8198478501936,0.0010112721806138346,12.22407918174406,242.37496450393596,0.912805092558894,4.5079376675971716e-08,0,0.025423062477316846,0.0038153979828555516,0.0009300431702286005,1.0012992112217523
0.0326875,65,physics,0,2380,10615.473619079185,44269.03618304295,209.2353999035579,55093.74520202569,2521.6530225371043,0.0010188817836980803,12.290428219723617,244.7261490010259,0.9119593591506561,4.5418937943964004e-08,0,0.025297459773910888,0.0038391494174422913,0.0009300431702286005,1.0013026131063076
0.03275,65,physics,0,2380,10926.029923722233,45033.1213979176,210.5345180574735,56169.68583969731,2540.627995273192,0.0010265486807272022,12.355526980075453,246.81420834557974,0.91120816043672,4.573203149504932e-08,0,0.025141949373282096,0.0038629902677394835,0.0009300431702286005,1.0013027921531832
0.0328125,65,physics,0,2380,11245.2746397044,45807.283811065456,211.4849130334518,57264.04336380331,2559.7456886667396,0.0010342732444839596,12.419536633124975,248.79651626798767,0.9104949577042545,4.604790326823153e-08,0,0.02498739163735405,0.0038869801358278355,0.0009300431702286005,1.0013042245293415
0.032875,65,physics,0,2380,11573.423559457882,46591.72255131787,212.09646112761044,58377.24257190336,2579.007194064324,0.0010420559159303481,12.482830075271563,250.86214934286633,0.9097517936782132,4.639406370188227e-08,0,0.024833947605078285,0.003911029618404399,0.0009300431702286005,1.001308163574342
0.0329375,65,physics,0,2380,11910.534856195547,47386.83936495644,212.58710589189167,59509.96132704388,2598.4138394599977,0.0010498972316465138,12.546010986249263,253.1787796059399,0.908918706612258,4.674200937415655e-08,0,0.024681452108792853,0.003935198317566045,0.0009300431702286005,1.0013110283440754
0.033,65,physics,0,2380,12256.59708043814,48193.215952655664,213.20509087619268,60663.018123969996,2617.966165900535,0.0010577974102440966,12.609838493605984,255.86310764235952,0.9079528361375951,4.7064011354791566e-08,0,0.024550199779037822,0.003959545835529945,0.0009300431702286005,1.0013151464649264
0.033,66,refine,0,2547,12256.59708043814,48193.215952655664,213.2050908761927,60663.018123969996,2617.966165900535,0.0010577974102440966,12.609838493605984,255.86310764235952,0.9079528361375951,4.5500340384307874e-08,0,0.024550199779037822,0.0037353349265850664,0.0009185735252685845,1.0013151464649264
0.0330625,66,physics,0,2547,12611.89529705549,49011.059922249755,214.04036040095252,61836.9955797062,2637.665806259251,0.001065757111490663,12.674468045928322,258.9367040483457,0.9068517774889049,4.5795759184841364e-08,0,0.02440007890559408,0.003759128827661222,0.0009185735252685845,1.001320517952359
0.033125,66,physics,0,2547,12976.814919920374,49841.98561575781,215.0222483796956,63033.822784057884,2657.513760057099,0.0010737767392457773,12.741338736600147,262.3461320097222,0.9056360658104372,4.6094142724939456e-08,0,0.024261841919527984,0.003783060658611307,0.0009185735252685845,1.0013230246563554
0.0331875,66,physics,0,2547,13351.741206405104,50685.84254668353,216.0106822171633,64253.5944353058,2677.510382208923,0.001081856436913892,12.809927952127275,265.9465696110798,0.904341118065465,4.6395491004602685e-08,0,0.02411367030951316,0.0038071369287828783,0.0009185735252685845,1.0013291123921864
0.03325,66,physics,0,2547,13675.977980900916,51541.68470756736,216.93861040969492,65434.60129887797,2697.1494712392114,0.0010897916722076545,12.878828069797406,266.9766426721303,0.9039907801566331,4.66969698464935e-08,0,0.023967222754250662,0.0038313630187546345,0.0009185735252685845,1.0013335886921453
0.0333125,66,physics,0,2547,13952.770253266288,52405.82891854619,217.89868218594955,66576.49785399841,2716.463082002966,0.0010975953969916217,12.947131191206672,266.99500949705885,0.903990981265457,4.700145694869219e-08,0,0.023813885892543112,0.0038556263175311403,0.0009185735252685845,1.0013378859589317
0.033375,66,physics,0,2547,14239.280819016842,53276.91793155277,218.99390786418763,67735.1926584338,2735.928886875268,0.001105460616278791,13.014052436849616,266.9882657162005,0.9039906205483245,4.732480274327593e-08,0,0.023668464399172487,0.0038800335582833525,0.0009185735252685845,1.0013412879748835
0.0334375,66,physics,0,2547,14511.346444693472,54154.02305438111,220.14605634735582,68885.51555542194,2755.343536656901,0.0011133051661926345,13.078482679751065,267.032694057036,0.9039906935783458,4.763235761373609e-08,0,0.023524807785456434,0.00390453128137537,0.0009185735252685845,1.001345406220184
0.0335,66,physics,0,2547,14796.672382835954,55036.23133812898,221.1933955459786,70054.09711651092,2774.9345990293655,0.001121220996163735,13.139836360754828,266.9850427362514,0.9039901476335956,4.7939912484196236e-08,0,0.02338302445296931,0.003929149135773729,0.0009185735252685845,1.0013504197590628
0.0335,67,refine,0,2677,14796.672382835954,55036.23133812897,221.1933955459786,70054.09711651091,2774.9345990293655,0.001121220996163735,13.139836360754828,266.9850427362514,0.9039901476335956,4.790138641297412e-08,0,0.02338302445296931,0.003753369107075465,0.000911187322344631,1.0013504197590628
0.0335625,67,physics,0,2677,15070.522391390059,55925.84955222928,222.0019054107047,71218.37384903005,2794.527461039067,0.0011291375532850854,13.220540267504433,267.0346840036324,0.9039901182071498,4.820925036952422e-08,0,0.023245393305382635,0.0037772705378594567,0.000911187322344631,1.0013547170980805
0.033625,67,physics,0,2677,15355.125712464094,56821.21241705016,222.63499788752938,72398.97312740178,2814.2835595137103,0.0011371200666084789,13.283972850056895,266.9940174294547,0.9039904724998804,4.8519448458961305e-08,0,0.02310923563778058,0.0038012315736100305,0.000911187322344631,1.0013559704921013
0.0336875,67,physics,0,2677,15615.644028909734,57721.4655231566,223.19557553448075,73560.30512760082,2833.91399397238,0.0011450518049940148,13.349485419793005,266.99517599897365,0.9039912423795541,4.884273030469895e-08,0,0.022974731224378975,0.003825431319177029,0.000911187322344631,1.0013590144555404
0.03375,67,physics,0,2677,15871.04080834306,58626.54865615467,223.8599306866043,74721.44939518433,2853.5775728714743,0.00115299693549445,13.417518616797055,267.01716195929936,0.9039902249106279,4.9184225581200194e-08,0,0.02284664387829704,0.003849630919932483,0.000911187322344631,1.0013640280625529
0.0338125,67,physics,0,2677,16109.281536426834,59535.62364799247,224.69461187384945,75869.59979629316,2873.173782188973,0.0011609148451044997,13.487554580442099,266.9953449617573,0.9039899866967643,4.9504115473553216e-08,0,0.022716232894795792,0.003874068989652578,0.000911187322344631,1.0013693998122075
0.033875,67,physics,0,2677,16331.330005554955,60448.26608435418,225.63554986083284,77005.23163976998,2892.7087781551286,0.0011688080212680827,13.558273372607546,266.99159253506247,0.9039908913908953,4.983249057843861e-08,0,0.022587751890747423,0.003898745684207599,0.000911187322344631,1.0013749506504572
0.0339375,67,physics,0,2677,16541.478769668975,61363.7427120673,226.56993321253262,78131.79141494882,2912.215115646803,0.0011766896178848165,13.629458472138651,267.0125698088227,0.9039902779759518,5.015408577335724e-08,0,0.022461732593214635,0.003923600835396047,0.000911187322344631,1.0013769203101357
0.034,67,physics,0,2677,16742.4429450424,62281.18395712602,227.4362105822495,79251.06311275066,2931.71252245755,0.0011845676060328577,13.699905405959239,267.0090397044315,0.9039899997840983,5.0463572431880246e-08,0,0.022337425705270916,0.003948813613963671,0.000911187322344631,1.0013821130678584
0.034,68,refine,0,2838,16742.442945042403,62281.18395712602,227.4362105822495,79251.06311275068,2931.7125224575507,0.0011845676060328577,13.699905405959239,267.0090397044315,0.9039899997840983,3.836050410654923e-08,0,0.022337425705270916,0.0038112999436086935,0.0007145126583054662,1.0013821130678584
0.0340625,68,physics,0,2838,16938.788523581803,63201.99454222011,228.27304307341308,80369.05610887533,2951.257553594879,0.001192464836938604,13.768418315685333,267.02871381001427,0.9039905632366341,3.860158948043594e-08,0,0.022214797747935142,0.003832340382430753,0.0007145126583054662,1.0013867686666411
0.034125,68,physics,0,2838,17149.302538223943,64125.78599008419,229.2220505222244,81504.31057883035,2970.9958670850674,0.0012004401641825123,13.840089856715878,267.039850514719,0.9039904412928337,3.884114363472687e-08,0,0.022093877563433142,0.0038551598859545557,0.0007145126583054662,1.0013926777270357
0.0341875,68,physics,0,2838,17369.410406278414,65051.80145465453,230.2855372411258,82651.49739817408,2990.889677832656,0.0012084783205793153,13.912051351886632,266.99530298455073,0.9039898965090956,3.9079626645843706e-08,0,0.021974935526543258,0.0038819985839105113,0.0007145126583054662,1.0013993030786397
0.03425,68,physics,0,2838,17605.882941795047,65980.65778943786,231.3986356938174,83817.93936692672,3010.994739993091,0.0012166018337699852,13.983797289197879,267.0211246005528,0.9039900236006202,3.9318109656960574e-08,0,0.021861949261483764,0.003909014193284741,0.0007145126583054662,1.0014010937217328
0.0343125,68,physics,0,2838,17850.596029865046,66912.15098644863,232.43253624748095,84995.17955256115,3031.2416981186598,0.001224782680468669,14.055679523735801,266.9967626023743,0.9039901481491815,3.955659266807741e-08,0,0.021746874578705225,0.003936208726075201,0.0007145126583054662,1.0014010937217328
0.034375,68,physics,0,2838,18101.875378884484,67846.04093382551,233.302087921801,86181.2184006318,3051.6146997177884,0.0012330144554267024,14.12695706091584,267.0511225773696,0.9039905097738539,3.979553575561563e-08,0,0.021633300129219504,0.003963582182056847,0.0007145126583054662,1.0014080772603904
0.0344375,68,physics,0,2838,18357.49328061114,68782.07521874369,234.02590294062094,87373.59440229544,3072.0936004685573,0.0012412890192682214,14.19704631584642,267.0160712212072,0.903990021769561,4.0034018766732476e-08,0,0.02152154740350444,0.003991076932614287,0.0007145126583054662,1.001410405117432
0.0345,68,physics,0,2838,18606.871155282624,69719.7479044524,234.7016178759752,88561.320677611,3092.588888041295,0.0012495702042555714,14.2655878067449,267.01952163487886,0.9039907368413235,4.0270970558253674e-08,0,0.02141227025792341,0.004018784232466729,0.0007145126583054662,1.0014175677884243
0.0345,69,refine,0,3127,18606.871155282628,69719.7479044524,234.70161787597516,88561.320677611,3092.588888041294,0.0012495702042555712,14.2655878067449,267.01952163487886,0.9039907368413235,3.680513316339784e-08,0,0.02159646464551994,0.0037933023592110027,0.0006741597899235785,1.0014175677884243
0.0345625,69,physics,0,3127,18839.553952429247,70658.56911591571,235.42440985639888,89733.54747820135,3113.0249363243033,0.0012578274534226557,14.351863911404442,267.03148352569525,0.903989912310182,3.699279371716106e-08,0,0.021446589898967215,0.003817973907560586,0.0006741597899235785,1.0014238351675684
0.034625,69,physics,0,3127,19044.882692746738,71599.08350194301,236.27704298142996,90880.24323767117,3133.305833025692,0.001266022013108338,14.421696725884653,267.01306839279914,0.9039905810765352,3.718268359875763e-08,0,0.02130396430699889,0.0038428249677460295,0.0006741597899235785,1.0014236560990486
0.0346875,69,physics,0,3127,19242.574755193426,72539.98097596959,237.1913642346865,92019.7470953977,3153.59466117011,0.0012742197775178208,14.492184708701359,267.0071530054439,0.903990282106242,3.736584730518192e-08,0,0.021110339044868278,0.003868015688230893,0.0006741597899235785,1.001426521199209
0.03475,69,physics,0,3127,19414.853968978554,73480.45039652495,238.09857358420018,93133.4029390877,3173.741948443714,0.0012823603518966318,14.563793248434957,267.0606802845897,0.903990558981101,3.754680122369793e-08,0,0.02096985955013929,0.0038935106998639387,0.0006741597899235785,1.001432967704541
0.0348125,69,physics,0,3127,19581.53458006993,74420.39530736393,238.9808683861738,94240.91075582003,3193.9117065623304,0.0012905100056900417,14.636995371387044,267.0626813464204,0.9039899781758708,3.77266626827577e-08,0,0.02082989390900363,0.003919357532827848,0.0006741597899235785,1.0014356537606772
0.034875,69,physics,0,3127,19746.28011813171,75359.32302210134,239.85185571987222,95345.45499595292,3214.13403532184,0.0012986809008154665,14.711071057101178,267.0258703063629,0.9039901866296616,3.79076290357715e-08,0,0.020697188974485033,0.003945576661704475,0.0006741597899235785,1.001439593322709
0.0349375,69,physics,0,3127,19916.612527828307,76296.92016322952,240.74064934526712,96454.2733404031,3234.4708825919733,0.0013068980675028491,14.78388026810911,267.0368723943382,0.9039918224699686,3.8087490494831486e-08,0,0.02056433194331691,0.003972031876032505,0.0006741597899235785,1.001441025894563
0.035,69,physics,0,3127,20107.259331890666,77233.6557966941,241.6486910026531,97582.56381958743,3255.043488280132,0.0013152104931157308,14.85423949467814,267.0210580514124,0.9039900754959719,3.826515460048079e-08,0,0.02043303969851126,0.003998853359795337,0.0006741597899235785,1.0014449654777284
0.035,70,refine,0,3375,20107.259331890666,77233.6557966941,241.6486910026531,97582.56381958743,3255.043488280132,0.0013152104931157308,14.85423949467814,267.0210580514124,0.9039900754959719,3.286293814852568e-08,0,0.02043303969851126,0.0037894196397193166,0.0005255353171378374,1.0014449654777284
0.0350625,70,physics,0,3375,20308.076180402135,78169.74169429211,242.52733545691302,98720.34521015115,3275.773324289249,0.001323586448130612,14.922163043938486,267.0434027089075,0.9039908744806235,3.3248309883049374e-08,0,0.020296949356041098,0.0038114992261290954,0.0005255353171378374,1.0014429956842084
0.035125,70,physics,0,3375,20523.163800498885,79105.73246931563,243.36623083874684,99872.26250065326,3296.6891787079885,0.0013320375644658266,14.992155120118634,267.01894576037705,0.9039910544040645,3.3562832513211936e-08,0,0.02016034388162074,0.003834251973308973,0.0005255353171378374,1.0014433538281966
0.035187500000000003,70,physics,0,3375,20749.415719806122,80041.31245506859,244.12272456036848,101034.85089943507,3317.7639305862817,0.001340552883815756,15.062029898723369,267.03497225942584,0.9039899633301612,3.379718904739089e-08,0,0.020025042643152077,0.0038568857861806935,0.0005255353171378374,1.0014467562024723
0.035250000000000004,70,physics,0,3375,20980.40366935699,80976.15503793788,244.821938215732,102201.3806455106,3338.943124574303,0.0013491104033259576,15.131972390525076,267.0300340478121,0.9039899635217453,3.4029877582497674e-08,0,0.01989529232349904,0.003879430440158357,0.0005255353171378374,1.0014512330283412
0.035312500000000004,70,physics,0,3375,21200.419105439312,81909.82880771227,245.52453275926513,103355.77244591086,3360.095325587261,0.0013576570162406052,15.202916242746696,267.02744019687987,0.9039905687267463,3.4269519666452224e-08,0,0.01976039341899192,0.0039018859298624296,0.0005255353171378374,1.0014540982074
0.035375000000000004,70,physics,0,3375,21407.858078563506,82841.77268927981,246.2722134963327,104495.90298133963,3381.2068823207906,0.0013661872067071354,15.276147959384192,267.0357900642293,0.903989825030439,3.451143726351797e-08,0,0.01963172284057486,0.003926151566155841,0.0005255353171378374,1.0014560680227582
0.035437500000000004,70,physics,0,3375,21599.636146629942,83771.50723030939,247.0687808552563,105618.2121577946,3402.250604117241,0.0013746899882550192,15.35074914529501,267.07252714106244,0.9039907336251567,3.475406895603327e-08,0,0.019497553728562135,0.003953835687737625,0.0005255353171378374,1.0014583959913583
0.035500000000000004,70,physics,0,3375,21771.600252933895,84697.78126864604,247.86874045956398,106717.2502620395,3423.1895254576716,0.0013831504248515334,15.424736156558929,267.01787224169897,0.903990429413702,3.4997953868298704e-08,0,0.01936355899325784,0.003981800092555109,0.0005255353171378374,1.0014617984167393
0.035500000000000004,71,refine,0,3661,21771.600252933895,84697.78126864604,247.86874045956398,106717.2502620395,3423.1895254576716,0.0013831504248515334,15.424736156558929,267.01787224169897,0.903990429413702,3.092480316269073e-08,0,0.020157161092575614,0.003788045600244078,0.00046502158511430025,1.0014617984167393
0.035562500000000004,71,physics,0,3661,21921.21977481012,85620.05185059407,248.61801286544906,107789.88963826964,3444.0073097378818,0.0013915619156394145,15.536982541151609,267.0530939019322,0.9039927711280683,3.113910818086646e-08,0,0.020018369761947378,0.0038145531473698768,0.00046502158511430025,1.0014632310203582
0.035625000000000004,71,physics,0,3661,22062.37431000251,86539.42927914418,249.3712718685082,108851.17486101521,3464.8149175629533,0.0013999692945993682,15.612560275931399,267.03047674726827,0.9039899826462289,3.134627490908311e-08,0,0.019873101254082228,0.0038412694115873953,0.00046502158511430025,1.0014650217777634
0.035687500000000004,71,physics,0,3661,22203.764480610887,87454.66327801842,250.09903471910476,109908.52679334841,3485.68411730623,0.0014084015599659062,15.687733685263899,267.04268306339844,0.9039916233628503,3.156551287020193e-08,0,0.01973502390313196,0.0038681943934638185,0.00046502158511430025,1.0014687823787374
0.035750000000000004,71,physics,0,3661,22351.14207126228,88365.98947200575,250.80951541555226,110967.94105868357,3506.661985902604,0.0014168777333219231,15.762195665375978,267.0282854056181,0.9039898790456167,3.1802719568929594e-08,0,0.019608458271053945,0.003895357878164843,0.00046502158511430025,1.0014741546903394
0.035812500000000004,71,physics,0,3661,22501.420801201828,89272.97823137871,251.49814217284018,112025.8971747534,3527.7215439466727,0.0014253869135547987,15.836092095066153,267.04139008770346,0.9039903507142004,3.20284812005412e-08,0,0.0194712635523156,0.003922853299703422,0.00046502158511430025,1.0014786316386894
0.035875000000000004,71,physics,0,3661,22674.02446440061,90175.77563408876,252.16250712508406,113101.96260561445,3549.024110051893,0.0014339942819536,15.90991123585333,267.07916396937634,0.9039901219842976,3.22542428321526e-08,0,0.019334050908444974,0.003950616959302413,0.00046502158511430025,1.001482213211779
0.035937500000000004,71,physics,0,3661,22863.0744272938,91075.04880305383,252.79131857768263,114190.91454892531,3570.518422817344,0.0014426791261903168,15.982631720413549,267.0178496943216,0.9039904861839879,3.2482878609130266e-08,0,0.019197998159750526,0.00397867461629404,0.00046502158511430025,1.0014865111163942
0.036000000000000004,71,physics,0,3661,23059.97381591568,91970.16878353764,253.3673902692518,115283.50998972257,3592.129956090495,0.0014514113337388774,16.05366516542709,267.0490611136737,0.9039905002456607,3.273231641287565e-08,0,0.01907894255703999,0.004007060140403559,0.00046502158511430025,1.0014861529569719
0.036000000000000004,72,refine,0,3977,23059.97381591568,91970.16878353764,253.3673902692518,115283.50998972257,3592.1299560904954,0.0014514113337388774,16.05366516542709,267.0490611136737,0.9039905002456607,2.994768699693394e-08,0,0.01907894255703999,0.0038080984468517984,0.0004485292884055525,1.0014861529569719
0.0360625,72,physics,0,3977,23264.803514483167,92861.43978884982,253.8902610333692,116380.13356436636,3613.8648938602364,0.0014601934032599097,16.123096470292367,267.0611845265034,0.9039900555368011,3.002448778488547e-08,0,0.018943977683105576,0.0038345048873818293,0.0004485292884055525,1.0014872274356232
0.036125,72,physics,0,3977,23463.432015026956,93748.54690013317,254.39167958320542,117466.37059474332,3635.6005195260814,0.0014689757507278978,16.193098095848722,267.07672562143733,0.9039899723572293,3.009967119993461e-08,0,0.01882645488751054,0.0038609717626582334,0.0004485292884055525,1.0014899136372954
0.0361875,72,physics,0,3977,23653.47570576956,94630.87632272522,254.8666945309373,118539.21872302573,3657.315663861141,0.001477749822650025,16.262701079714493,267.03147737175976,0.9039901950915769,3.024842865073651e-08,0,0.0186918159647827,0.003887497819476291,0.0004485292884055525,1.0014934952507328
0.03625,72,physics,0,3977,23827.045921587174,95507.794972256,255.32365115495637,119590.16454499814,3678.9436199945567,0.0014864886659069281,16.332088507875067,267.0544171532035,0.9039898652969022,3.042248408746668e-08,0,0.01855776249072805,0.003914023876781192,0.0004485292884055525,1.0014976141220207
0.0363125,72,physics,0,3977,23984.018366545235,96379.32150406159,255.76366759243226,120619.10353819926,3700.4825579119756,0.001495191541074763,16.40124513162925,267.0477939606575,0.9039906545505022,3.067795262268188e-08,0,0.01842474630431533,0.003940669132209288,0.0004485292884055525,1.0015040610850008
0.036375,72,physics,0,3977,24122.528478681772,97243.98448202238,256.17925973509455,121622.69222043926,3721.915122039124,0.0015038514355805595,16.470243454266928,267.0525297951774,0.903990021233646,3.0749781387839956e-08,0,0.01829224445911944,0.003967256873046745,0.0004485292884055525,1.001508538167043
0.0364375,72,physics,0,3977,24258.42139126978,98101.44864538392,256.5570412778025,122616.42707793151,3743.370717114972,0.0015125206358131804,16.53728485917646,267.0681641216559,0.9039903821573639,3.081878219290956e-08,0,0.018170710070254077,0.0039938446166396845,0.0004485292884055525,1.001511761678506
0.0365,72,physics,0,3977,24380.569003173732,98951.41218860947,256.8632786164254,123588.84447039962,3764.753492373645,0.0015211604129710646,16.601003677343233,267.0732626836136,0.90399051000819,3.088617717139645e-08,0,0.01803913895301512,0.004020551141714938,0.0004485292884055525,1.00151749239117
0.0365,73,refine,0,4251,24380.569003173736,98951.41218860948,256.86327861642536,123588.84447039964,3764.753492373644,0.0015211604129710642,16.601003677343233,267.0732626836136,0.90399051000819,3.088617717139645e-08,0,0.01803913895301512,0.0038213847289232284,0.0004437667957972735,1.00151749239117
0.0365625,73,physics,0,4251,24504.185629201667,99794.83006359849,257.07487439411886,124556.09056719429,3786.1975111676043,0.0015298249357700144,16.672302368739203,267.04635073788717,0.9039900930468857,3.106833723620644e-08,0,0.0179185841966182,0.0038495063090716077,0.0004437667957972735,1.0015205368456102
0.036625,73,physics,0,4251,24641.693783068662,100632.1904528348,257.25033878545185,125531.13457468891,3807.7999128296597,0.0015385534536627079,16.732149256198408,267.0576673919996,0.9039905325797601,3.1329049576811525e-08,0,0.017788583678952405,0.003877633789515726,0.0004437667957972735,1.001527342130176
0.0366875,73,physics,0,4251,24802.67566601174,101463.35205482482,257.37869696798236,126523.40641780454,3829.6394693581638,0.0015473777947195232,16.790338693697198,267.07133590568765,0.9039901289276422,3.149851224293345e-08,0,0.01765901429657596,0.0039062412979450007,0.0004437667957972735,1.00153450563757
0.03675,73,physics,0,4251,24965.950182615456,102287.33505861301,257.47733449061616,127510.76257571908,3851.538383485105,0.0015562261193996787,16.84771945934061,267.0588794108504,0.9039900538989142,3.156106487267608e-08,0,0.017530291808336502,0.003934483601524867,0.0004437667957972735,1.0015423855548826
0.0368125,73,physics,0,4251,25141.80714237484,103105.3623680723,257.5622887581404,128504.73179920527,3873.581166000502,0.001565132574551846,16.904537586139227,267.0634155443753,0.9039899346070256,3.162203654483167e-08,0,0.01741217213011112,0.003963189261749091,0.0004437667957972735,1.0015463255367882
0.036875,73,physics,0,4251,25331.33549182512,103916.92360839894,257.62202120712254,129505.88112143119,3895.774677628003,0.0015740999322726647,16.959984338126606,267.05829701297773,0.9039899056787702,3.197991205183824e-08,0,0.017285233677235386,0.003992186237788786,0.0004437667957972735,1.0015504446253527
0.0369375,73,physics,0,4251,25520.62955223021,104721.37666491355,257.6234449950491,130499.6296621388,3918.000199998618,0.0015830802240343524,17.013359700593835,267.07972601547516,0.9039902941183272,3.221905053862875e-08,0,0.017169221673019788,0.004021363245397747,0.0004437667957972735,1.0015527728133393
0.037,73,physics,0,4251,25699.559774881698,105518.28553642645,257.54165667743973,131475.3869679856,3940.1694412764855,0.001592037775244594,17.063580252783623,267.0504566214233,0.9039900207311193,3.2277315042961157e-08,0,0.017038555623841763,0.004050748856299355,0.0004437667957972735,1.0015531309965868
0.037,74,refine,0,4556,25699.559774881698,105518.28553642645,257.54165667743973,131475.3869679856,3940.169441276486,0.0015920377752445941,17.063580252783623,267.0504566214233,0.9039900207311193,3.16386694620974e-08,0,0.017038555623841763,0.0038230642524691347,0.0004298078711144626,1.0015531309965868
0.0370625,74,physics,0,4556,25869.48339048581,106308.47425531349,257.39321619792844,132435.35086199723,3962.3060911618277,0.0016009821578008476,17.111880014154792,267.0573709588014,0.9039899783632344,3.1720956528147286e-08,0,0.01690859885375324,0.0038400205591545534,0.0004298078711144626,1.0015581455755025
0.037125,74,physics,0,4556,26030.071640153852,107091.38077400558,257.2252742316251,133378.67768839106,3984.398014708158,0.0016099084685397556,17.160370426217263,267.07475363130874,0.903990355353098,3.208232346452179e-08,0,0.016794720250720308,0.0038643329630870067,0.0004298078711144626,1.0015604737813906
0.0371875,74,physics,0,4556,26175.31177105735,107866.69636613992,257.0447099943386,134299.0528471916,4006.394312412293,0.0016187961413586505,17.207931934407462,267.0633795572167,0.9039899513712591,3.2482510015086044e-08,0,0.016672439966844053,0.00389280675967358,0.0004298078711144626,1.0015640556471712
0.03725,74,physics,0,4556,26312.181946605117,108633.94210441706,256.85387636112483,135202.9779273833,4028.3516874883,0.0016276680873676965,17.255260773300854,267.0837506634403,0.9039904604744524,3.254198954749653e-08,0,0.01656028601242785,0.003921460016741318,0.0004298078711144626,1.0015683539030167
0.0373125,74,physics,0,4556,26443.40667800193,109392.99627867053,256.63281647421337,136093.03577314666,4050.291131121832,0.0016365327881225167,17.30149675144507,267.0416568521687,0.9039906127617321,3.260032777063769e-08,0,0.016439513438909124,0.003950292730566455,0.0004298078711144626,1.0015694284698602
0.037375,74,physics,0,4556,26570.54562988723,110143.58293524655,256.34570906037425,136970.47427419416,4072.222725130585,0.0016453943172103599,17.34529709073839,267.05668158748813,0.9039900057349419,3.265557335652139e-08,0,0.016319470755444168,0.0039794387137445635,0.0004298078711144626,1.0015717567019764
0.0374375,74,physics,0,4556,26711.328196354778,110885.64698661266,255.97458240854922,137852.949765376,4094.2906397281604,0.0016543109270583524,17.385252262927292,267.05365426557245,0.9039899288228608,3.270977799729738e-08,0,0.016200961441273753,0.004008638689323695,0.0004298078711144626,1.0015739058441182
0.0375,74,physics,0,4556,26857.561624960756,111619.16283941467,255.52925911621884,138732.25372349162,4116.42232413073,0.0016632533032959397,17.421194424053272,267.05274311371386,0.9039899298878457,3.276136872898397e-08,0,0.01608324929024471,0.00403807114298956,0.0004298078711144626,1.0015756967994256
0.0375,75,refine,0,4766,26857.56162496076,111619.16283941467,255.5292591162188,138732.25372349165,4116.422324130731,0.0016632533032959395,17.421194424053272,267.05274311371386,0.9039899298878457,3.276136872898397e-08,0,0.01608324929024471,0.0038061502473777397,0.0004298078711144626,1.0015756967994256
0.0375625,75,physics,0,4766,27023.901424904507,112347.05661015424,255.04164831947884,139625.99968337824,4138.761417709133,0.00167227948385867,17.47699550926999,267.0692345909101,0.9039899447528531,3.2810903327629175e-08,0,0.015966153438200372,0.003827697297904038,0.0004298078711144626,1.0015814278779303
0.037625,75,physics,0,4766,27190.98663495906,113067.84161965233,254.58470588019128,140513.4129604916,4161.130766482147,0.0016813178891275198,17.512468371421704,267.07881286379484,0.903989961597819,3.285831695620804e-08,0,0.015850231652488323,0.003855776717519507,0.0004298078711144626,1.001581606974662
0.0376875,75,physics,0,4766,27375.606407400046,113781.92078937736,254.1388858379267,141411.66608261532,4183.669253695962,0.0016904246353119708,17.548824341415965,267.05727024404854,0.9039902274457189,3.290368866259994e-08,0,0.015735258091105354,0.0038840056502331766,0.0004298078711144626,1.001583577040824
0.03775,75,physics,0,4766,27563.653894619514,114488.95172812932,253.6894671805827,142306.29508992942,4206.257585604002,0.001699551521400586,17.586545979466806,267.08118777709524,0.9039901904692844,3.2946967820635136e-08,0,0.015664543252353363,0.003912345287741,0.0004298078711144626,1.0015848307213084
0.0378125,75,physics,0,4766,27751.98301294673,115188.22500402018,253.2106704584199,143193.41868742532,4228.867154534468,0.0017086869883747252,17.624027298846524,267.0695349986461,0.9039899232689089,3.298826278808062e-08,0,0.01563637753668009,0.0039409184199308235,0.0004298078711144626,1.001589129066311
0.037875,75,physics,0,4766,27931.766587050028,115879.56417234603,252.67778527554333,144064.00854467158,4251.421411252255,0.0017178001062762038,17.658636158946777,267.0705281502486,0.9039898886460972,3.311577856379694e-08,0,0.015522407368711853,0.003969596033132693,0.0004298078711144626,1.0015923528371686
0.0379375,75,physics,0,4766,28112.46982683083,116562.92865489415,252.09573871949974,144927.4942204445,4273.995250917183,0.00172692113672897,17.6898156114041,267.06858373818164,0.9039900542745327,3.3295860291104886e-08,0,0.015409487201614697,0.003998482638459339,0.0004298078711144626,1.0015943229244673
0.038,75,physics,0,4766,28278.00968554536,117236.70650309284,251.4687994358852,145766.18498807406,4296.44952613991,0.0017359938567953824,17.717229959280765,267.07575699748844,0.9039903052431042,3.347539578868458e-08,0,0.01529462676752652,0.004027459233915732,0.0004298078711144626,1.0015975467120422
0.038,76,refine,0,5018,28278.00968554536,117236.70650309284,251.46879943588522,145766.18498807406,4296.449526139909,0.0017359938567953824,17.717229959280765,267.07575699748844,0.9039903052431042,2.440359025968068e-08,0,0.01529462676752652,0.003805653646585214,0.000259317021118477,1.0015975467120422
0.0380625,76,physics,0,5018,28429.682412975275,117905.51936931937,250.81638626733871,146586.01816856198,4318.830844367681,0.0017450370983599348,17.741714620240487,267.110823805367,0.9039900462695369,2.458076853173452e-08,0,0.015073276567237077,0.0038211373290928585,0.000259317021118477,1.0016005914098347
0.038125,76,physics,0,5018,28588.38490004978,118568.14756549936,250.2191421853646,147406.7516077345,4341.2871616522625,0.0017541106435280242,17.771944214818028,267.0872844982746,0.9039901359312391,2.475915916733133e-08,0,0.014804664760576925,0.0038365036970433187,0.000259317021118477,1.001604889822475
0.0381875,76,physics,0,5018,28736.885801805172,119222.62755200095,249.62052620048414,148209.13388000662,4363.673134004801,0.0017631557656058701,17.803655811628598,267.0760883092752,0.9039901169676121,2.4938260345663808e-08,0,0.01479740171130133,0.003859536647705317,0.000259317021118477,1.0016086509486675
0.03825,76,physics,0,5018,28891.87494287129,119869.74587165492,249.00483884989674,149010.6256533761,4386.1258333246315,0.001772227848923509,17.836054039142535,267.09361750005064,0.9039899748293782,2.5120705515746568e-08,0,0.014789860313026941,0.0038872259145825015,0.000259317021118477,1.0016127702935596
0.0383125,76,physics,0,5018,29045.525615180544,120508.72218524694,248.3515193003446,149802.59931972783,4408.576873785405,0.0017812992619742245,17.866562074353062,267.09867283552177,0.9039898629401274,2.530522014154713e-08,0,0.014778603374320172,0.003915094206164303,0.000259317021118477,1.0016134867030964
0.038375,76,physics,0,5018,29211.82043571697,121139.87642394545,247.66180244295793,150599.35866210537,4431.138902820634,0.0017904155203048858,17.89448183041366,267.0903471050829,0.9039899923194076,2.549023658815486e-08,0,0.01467364277815391,0.003942962875098165,0.000259317021118477,1.0016154568319644
0.0384375,76,physics,0,5018,29395.130695891407,121762.37361973533,246.94364562731096,151404.44796125407,4453.843533499328,0.0017995893972751528,17.918609777386912,267.08256092177066,0.9039904452028266,2.56750443128339e-08,0,0.014569627962139975,0.0039710649927329825,0.000259317021118477,1.0016197553084003
0.0385,76,physics,0,5018,29581.251407359137,122375.39765665309,246.18690848929066,152202.83597250152,4476.565653661139,0.0018087703409266033,17.937088161544064,267.09290804721786,0.9039906205600925,2.5859350216705947e-08,0,0.014466481868325913,0.003999301212942595,0.000259317021118477,1.0016238746989616
0.0385,77,refine,0,5290,29581.251407359137,122375.3976566531,246.1869084892907,152202.83597250155,4476.565653661139,0.0018087703409266033,17.937088161544064,267.09290804721786,0.9039906205600925,2.294719436690687e-08,0,0.014466481868325913,0.00380798936449901,0.00023524410789832473,1.0016238746989616
0.0385625,77,physics,0,5290,29776.076366613404,122988.4479758839,245.44088445193415,153009.96522694925,4499.41299116132,0.0018180018790344584,17.95732132427516,267.0951687790956,0.9039903096987919,2.296642165333649e-08,0,0.01436410268200259,0.003824109344237132,0.00023524410789832473,1.0016285314217361
0.038625,77,physics,0,5290,29979.06272056114,123595.2252222994,244.76637688340162,153819.05431974394,4522.337138277013,0.00182726445230725,17.984195900252136,267.08727833239334,0.9039903562842991,2.2984774972201194e-08,0,0.014262716617461892,0.003851203832895499,0.00023524410789832473,1.0016324717425322
0.0386875,77,physics,0,5290,30181.443505719835,124196.3073809786,244.12388648827798,154621.87477318672,4545.262930773544,0.0018365276904013833,18.01464295948784,267.0760208186262,0.903990000605649,2.3002993287946093e-08,0,0.014157607339098623,0.0038784775533144598,0.00023524410789832473,1.0016367702919884
0.03875,77,physics,0,5290,30378.42766322143,124789.96784776851,243.4801977080033,155411.87570869795,4568.147941761438,0.0018457744505996458,18.04553634669627,267.07522675535733,0.9039903261154457,2.3019325112727526e-08,0,0.014070906320100076,0.0039058710171149436,0.00023524410789832473,1.0016387404666542
0.0388125,77,physics,0,5290,30570.744647101645,125376.40406440292,242.81569966361408,156189.96441116818,4590.994083611335,0.0018550055056007482,18.074589136961034,267.09454925887945,0.9039901336196068,2.3036037077872593e-08,0,0.0139720552714687,0.003933413962500921,0.00023524410789832473,1.0016419643971939
0.038875,77,physics,0,5290,30754.3020433309,125953.7696716944,242.11440714240257,156950.18612216768,4613.76224203686,0.0018642050511564188,18.099764270918737,267.116529533598,0.9039900119231097,2.305053570239578e-08,0,0.013874583364177706,0.00396113613098192,0.00023524410789832473,1.0016451883381101
0.0389375,77,physics,0,5290,30936.997021402844,126522.263495247,241.3627078340902,157700.62322448392,4636.511875140902,0.0018733971114978925,18.118689000684842,267.12166234337735,0.9039900826354893,2.3063556398028572e-08,0,0.013809690747350337,0.003988918537179305,0.00023524410789832473,1.001649128724433
0.039,77,physics,0,5290,31105.71619305202,127079.47152698186,240.53828363648046,158425.72600367034,4659.12589050168,0.0018825343750662137,18.1310714932876,267.0997179570266,0.9039899460649974,2.307621826957987e-08,0,0.013713591784410131,0.004016880157484856,0.00023524410789832473,1.001652890016747
0.039,78,refine,0,5654,31105.71619305202,127079.47152698186,240.53828363648046,158425.72600367034,4659.12589050168,0.0018825343750662135,18.1310714932876,267.0997179570266,0.9039899460649974,2.307621826957987e-08,0,0.013154092785225667,0.0038074520628640657,0.00023251079255715013,1.001652890016747
0.0390625,78,physics,0,5654,31279.240513963065,127640.88696152461,239.73237577509923,159159.85985126277,4681.85305837752,0.0018917173582621782,18.14532128177155,267.1034553429091,0.9039903912576184,2.30870043083087e-08,0,0.013061807483289608,0.0038236162096038106,0.00023251079255715013,1.001658263315982
0.039125,78,physics,0,5654,31456.279787634863,128196.09815225194,239.02475630941512,159891.40269619622,4704.613489432608,0.0019009137815488028,18.170229357708752,267.1180412810672,0.9039902579875242,2.309707269887439e-08,0,0.012970807951268315,0.0038397850864568496,0.00023251079255715013,1.0016616664204063
0.0391875,78,physics,0,5654,31633.21434048955,128745.46076779242,238.37048119646224,160617.04558947845,4727.3767056346305,0.0019101113301835352,18.200243421330637,267.07837220294465,0.9039898301675908,2.310406799210796e-08,0,0.012880452176469506,0.003855841752511275,0.00023251079255715013,1.001662561976124
0.03925,78,physics,0,5654,31824.173313703664,129289.33513696256,237.74737842492857,161351.25582909113,4750.259885588065,0.0019193573505466755,18.233448490630156,267.099568211717,0.903990406801726,2.3110317215468934e-08,0,0.01279095350589555,0.0038718445265509068,0.00023251079255715013,1.001666323318881
0.0393125,78,physics,0,5654,32013.851424836852,129826.70507153844,237.1489238462923,162077.70542022158,4773.135076561801,0.0019286001429374188,18.268820328543292,267.10645300586054,0.9039900632162764,2.3115095615366957e-08,0,0.0127024961379229,0.0038896652300831128,0.00023251079255715013,1.0016693682257436
0.039375,78,physics,0,5654,32218.122919494628,130358.64095376276,236.58458835280268,162813.34846161018,4796.1340881021115,0.0019378929654147489,18.30451452590197,267.10207702861203,0.903990242568802,2.3118353453810437e-08,0,0.012614871516032985,0.0039168747379931534,0.00023251079255715013,1.0016727713678966
0.0394375,78,physics,0,5654,32426.348510907646,130885.57438996783,236.06093765003635,163547.9838385255,4819.167273269814,0.001947199595853943,18.342936239964267,267.11205668493517,0.9039904818803677,2.3240751545472422e-08,0,0.012527266672509661,0.003944085481706068,0.00023251079255715013,1.001675099840242
0.0395,78,physics,0,5654,32644.13699692146,131406.96040292268,235.56446960938808,164286.66186945353,4842.280271935716,0.0019565384751850873,18.382347862140733,267.11282876002355,0.9039900628923083,2.3403600835081343e-08,0,0.012427108082122853,0.003971475683995459,0.00023251079255715013,1.0016815479457548
0.0395,79,refine,0,5980,32644.136996921465,131406.9604029227,235.56446960938806,164286.66186945356,4842.280271935717,0.0019565384751850873,18.382347862140733,267.11282876002355,0.9039900628923083,2.234887475083267e-08,0,0.012427108082122853,0.0037967003983674446,0.00022779683058615774,1.0016815479457548
0.0395625,79,physics,0,5980,32855.002513641724,131921.71052747598,235.04826891916468,165011.76131003688,4865.336988150364,0.0019658546134173416,18.420670367965048,267.09518762988677,0.903989917932775,2.217042194274656e-08,0,0.012341055309447542,0.0038230862934035127,0.00022779683058615774,1.0016842346686359
0.039625,79,physics,0,5980,33064.66618552956,132431.97094538168,234.51280637235496,165731.1499372836,4888.384065137589,0.001975166856889047,18.45629776654435,267.10187884061116,0.9039900258306052,2.234857632288369e-08,0,0.012256023300391793,0.0038495826404280832,0.00022779683058615774,1.0016872796299463
0.0396875,79,physics,0,5980,33277.02664024774,132936.95844766573,233.9382244068153,166447.9233123203,4911.453521227963,0.001984488142707041,18.488650219888733,267.1030985357554,0.9039901558378655,2.2451883907592677e-08,0,0.01217103674036274,0.0038763110022546274,0.00022779683058615774,1.001692653113662
0.03975,79,physics,0,5980,33471.981189861835,133434.88843310726,233.3295836213651,167140.19920659045,4934.377369584528,0.0019937505952657497,18.51929367181182,267.0855261830458,0.9039912144956396,2.2621830630953318e-08,0,0.012074256344687385,0.0039031743446428587,0.00022779683058615774,1.0016971310387783
0.0398125,79,physics,0,5980,33663.12514573375,133927.51388447284,232.7215426211156,167823.36057282772,4957.268188878254,0.0020029997023275708,18.54839217653461,267.12399866499976,0.9039898478410939,2.280169653090528e-08,0,0.011942993745751612,0.003930335761938673,0.00022779683058615774,1.0016973101561992
0.039875,79,physics,0,5980,33849.68013033242,134414.09755714203,232.1328594681366,168495.91054694258,4980.1187590762,0.002012232546616835,18.57817733512908,267.08807390735836,0.9039902571999056,2.265810650214919e-08,0,0.011860171071978225,0.003957676126533781,0.00022779683058615774,1.0016989222144297
0.0399375,79,physics,0,5980,34030.235486686106,134893.96155711138,231.56017198936757,169155.75721578687,5002.916118759822,0.002021443891032066,18.607828988277234,267.11637017105875,0.9039904271853522,2.2793911647056555e-08,0,0.011777944209143812,0.003985135872250248,0.00022779683058615774,1.001700355157257
0.04,79,physics,0,5980,34213.547974341236,135367.62872358738,230.97516147178735,169812.1518594004,5025.731195475799,0.0020306623940690703,18.636078748956155,267.11615095016384,0.9039900261262263,2.2901947005493672e-08,0,0.011696523581848589,0.004012714997164269,0.00022779683058615774,1.0017021463386737
0.04,80,refine,0,6280,34213.547974341236,135367.62872358738,230.97516147178737,169812.1518594004,5025.731195475799,0.0020306623940690707,18.636078748956155,267.11615095016384,0.9039900261262263,2.2901947005493672e-08,0,0.011696523581848589,0.0038177470876298086,0.00022070750128477812,1.0017021463386737
0.0400625,80,physics,0,6280,34402.21632152374,135835.93352147186,230.36197789546662,170468.51182089106,5048.592628006803,0.002039899627318319,18.660931536427803,267.11474302844084,0.9039900348076907,2.3080573896550036e-08,0,0.011615899355090472,0.003844133452974969,0.00022070750128477812,1.0017076990214198
0.040125,80,physics,0,6280,34595.42274556837,136299.11745253194,229.7468275499795,171124.2870256503,5071.489002217977,0.0020491509788616207,18.68495082052088,267.1331771444597,0.9039900700238869,2.3259593362467938e-08,0,0.011535380552602167,0.0038706689799251517,0.00022070750128477812,1.0017137890959524
0.0401875,80,physics,0,6280,34791.23239633546,136755.96954035555,229.1354393314615,171776.33737602248,5094.4038094014795,0.002058409778305828,18.70879274161354,267.1320017008802,0.9039902489171003,2.338020799186328e-08,0,0.01143730443732982,0.003897443013991352,0.00022070750128477812,1.0017157594221109
0.04025,80,physics,0,6280,34998.79626047397,137208.11735648278,228.55271315054102,172435.46633010727,5117.412789665021,0.002067706628676275,18.73317064208456,267.11614236945167,0.9039899746730055,2.3234998813848074e-08,0,0.011358164027675243,0.0039245746864273,0.00022070750128477812,1.0017214913020627
0.0403125,80,physics,0,6280,35218.144875588776,137655.08202498464,228.00248702930728,173101.2293876027,5140.515432760187,0.0020770413238072618,18.759047716180163,267.13292452232326,0.903989964193898,2.3330949616706705e-08,0,0.011279153215022188,0.003951884224782064,0.00022070750128477812,1.0017257902335501
0.040375,80,physics,0,6280,35430.719390270046,138095.96396714923,227.46896655152645,173754.1523239708,5163.555617508029,0.002086350782448376,18.78521278449918,267.1060859939115,0.9039900617964839,2.3498998302784457e-08,0,0.01120973653452935,0.0039793652184339275,0.00022070750128477812,1.001730268306801
0.0404375,80,physics,0,6280,35648.439623485916,138531.46788327582,226.91912864110964,174406.82663540283,5186.630249562367,0.0020956741596306816,18.810714066083698,267.1093815541797,0.9039900162712278,2.367801243963184e-08,0,0.011094297567530364,0.004007059325605655,0.00022070750128477812,1.0017336716558602
0.0405,80,physics,0,6280,35856.23914300683,138959.5572923653,226.3223832442565,175042.11881861638,5209.6103148737075,0.002104959326824794,18.8317864514603,267.1281469379861,0.9039903279862355,2.3677987570636092e-08,0,0.011017384763975,0.004034996230161388,0.00022070750128477812,1.0017408366390432
0.0405,81,refine,0,6591,35856.239143006824,138959.55729236527,226.32238324425654,175042.11881861635,5209.6103148737075,0.002104959326824794,18.8317864514603,267.1281469379861,0.9039903279862355,1.6921885226395248e-08,0,0.011017384763975,0.0038312410667043243,0.00013138382928445935,1.0017408366390432
0.0405625,81,physics,0,6591,36058.1952476162,139384.29795708583,225.67510505424895,175668.1683097563,5232.549191801544,0.0021142278517240682,18.870757376327866,267.08871523638595,0.9039905395236854,1.7063354285085114e-08,0,0.010940734273211258,0.003857963122228669,0.00013138382928445935,1.0017474642941142
0.040625,81,physics,0,6591,36255.878751091404,139803.6566461954,225.09840832448992,176284.6338056113,5255.446751107989,0.002123479682109174,18.893544425921313,267.1148017736166,0.9039901038901832,1.7179859312932448e-08,0,0.010864139514188218,0.0038849687239393385,0.00013138382928445935,1.001748359926541
0.0406875,81,physics,0,6591,36449.604136234586,140217.38778189494,224.57390701114713,176891.5658251407,5278.305340104083,0.00213271576641901,18.920123297057852,267.1051804270532,0.9039900255758802,1.7293299237053364e-08,0,0.010801934993421745,0.003912213346928075,0.00013138382928445935,1.001751405082782
0.04075,81,physics,0,6591,36631.505640490985,140624.92560637277,224.08732181632564,177480.51856868007,5301.058109588556,0.0021419090940233746,18.94875259095995,267.13938578093985,0.9039901776577782,1.74081025150485e-08,0,0.010735674544839398,0.003939705263213548,0.00013138382928445935,1.0017535546104077
0.0408125,81,physics,0,6591,36814.10740509378,141025.36832207002,223.61960079260749,178063.09532795643,5323.807917089801,0.0021511012248297667,18.977454400535386,267.14152238914977,0.9039903257155042,1.752385436759596e-08,0,0.01061217631182613,0.003967400191837666,0.00013138382928445935,1.0017574954230344
0.040875,81,physics,0,6591,36992.800054015635,141419.46643955965,223.14689836752967,178635.41339194283,5346.513387212881,0.002160275440979891,19.005320813077486,267.1289888823829,0.9039899104747595,1.767937440888545e-08,0,0.010538000639454714,0.003995361812307783,0.00013138382928445935,1.0017574954230344
0.0409375,81,physics,0,6591,37174.357143202265,141806.54590787366,222.6361562442731,179203.5392073202,5369.227115199552,0.002169452993745933,19.029080699538483,267.1366748620299,0.903989999734074,1.781174496784385e-08,0,0.010502963971825199,0.004023562463922173,0.00013138382928445935,1.0017643023177223
0.041,81,physics,0,6591,37360.79879057614,142185.2621913772,222.0770001441237,179768.13798209745,5391.960460431712,0.002178638472921188,19.047202433476624,267.1366387173838,0.9039902490623196,1.7944829622251795e-08,0,0.01038191639322979,0.004052063621847291,0.00013138382928445935,1.001763585800314
0.041,82,refine,0,6889,37360.79879057614,142185.26219137717,222.0770001441237,179768.13798209743,5391.960460431712,0.0021786384729211884,19.047202433476624,267.1366387173838,0.9039902490623196,1.7297322685294603e-08,0,0.01038191639322979,0.0038092315272116642,0.00013138382928445935,1.001763585800314
0.0410625,82,physics,0,6889,37553.40145111584,142564.57180667366,221.5231996154523,180339.49645740495,5414.768433028532,0.0021878541055156725,19.08071561079535,267.128125621667,0.9039900494325613,1.742069777321834e-08,0,0.010302697322215532,0.0038298875007550066,0.00013138382928445935,1.001766272743238
0.041125,82,physics,0,6889,37754.807411465765,142938.7346735734,221.05094661069944,180914.59303164986,5437.6413231027,0.002197095968219388,19.106520144630952,267.12488821159593,0.9039898625764516,1.7545696451293234e-08,0,0.010268189364550793,0.0038504692465649148,0.00013138382928445935,1.001773437959603
0.0411875,82,physics,0,6889,37964.150697050834,143307.77212620573,220.62556367281906,181492.5483869294,5460.570587133026,0.002206360608997187,19.135498503134222,267.11490140587955,0.9039899366990078,1.7672277863312054e-08,0,0.010149176201181864,0.003870936148144365,0.00013138382928445935,1.001778991037536
0.04125,82,physics,0,6889,38173.87706480766,143671.45290323795,220.21390121454797,182065.54386926015,5483.490929331154,0.002215621644879388,19.165743343284284,267.1249118670015,0.9039899651620084,1.7799386853312168e-08,0,0.01003125742640151,0.0038941489556849765,0.00013138382928445935,1.0017841858802439
0.0413125,82,physics,0,6889,38384.45532117256,144027.903588227,219.78323692823835,182632.14214632777,5506.403148987357,0.00222487939882479,19.19384052367449,267.1480655595751,0.9039901252822612,1.7907221483426396e-08,0,0.009948759568540345,0.003920189026035657,0.00013138382928445935,1.0017893807498903
0.041375,82,physics,0,6889,38587.098789127675,144376.92509733024,219.30337249799175,183183.3272589559,5529.229196453065,0.0022341023346266996,19.21703965759077,267.1214341009268,0.9039901891028169,1.8044319816112855e-08,0,0.009915174504563676,0.003946295915069824,0.00013138382928445935,1.0017943965116618
0.0414375,82,physics,0,6889,38785.3783000014,144717.4374048716,218.7745852650923,183721.5902901381,5551.992739795896,0.002243300015441407,19.233772892348085,267.12997823475627,0.9039902549809468,1.8186484318505333e-08,0,0.009870473390139562,0.003972643280238941,0.00013138382928445935,1.0017992331628678
0.0415,82,physics,0,6889,38971.65845527173,145047.85221370036,218.19586517325214,184237.70653414534,5574.622614305603,0.0022524436869476236,19.243008357566865,267.13069517263654,0.9039899801888419,1.832764340292667e-08,0,0.009755222496025357,0.003999201195876571,0.00013138382928445935,1.0018033532915729
0.0415,83,refine,0,7254,38971.65845527174,145047.85221370036,218.19586517325212,184237.70653414534,5574.622614305602,0.0022524436869476236,19.243008357566865,267.13069517263654,0.9039899801888419,1.7177978151039507e-08,0,0.009755222496025357,0.0038278786722194483,0.00013138382928445935,1.0018033532915729
0.0415625,83,physics,0,7254,39148.646097813806,145382.79874402343,217.65069466313375,184749.09553650036,5597.228605687555,0.0022615777084009255,19.255360437594778,267.1585616649909,0.9039901245608809,1.7298139809440707e-08,0,0.00964657923590319,0.0038427036346238425,0.00013138382928445935,1.001805682067467
0.041625,83,physics,0,7254,39322.29134598977,145712.5753914614,217.22125344017076,185252.08799089133,5619.796287733387,0.0022706962508472787,19.27956473929923,267.1158822649368,0.9039901925502133,1.7421712072973585e-08,0,0.00962554994583595,0.003857345465640795,0.00013138382928445935,1.0018094439476544
0.0416875,83,physics,0,7254,39498.237448521024,146037.03732552988,216.84201893928423,185752.1167929902,5642.3727184487325,0.0022798183282206844,19.3101643301467,267.135069893245,0.9039899364220737,1.7550988218317765e-08,0,0.009512775343056107,0.003877457675146419,0.00013138382928445935,1.0018137432565943
0.04175,83,physics,0,7254,39665.629523804106,146355.82672048535,216.4829460485504,186237.93919033802,5664.867130690335,0.002288907265772776,19.341925474106073,267.1580070774733,0.903990010930403,1.7681447417317024e-08,0,0.009401414155907761,0.003904518440346649,0.00013138382928445935,1.0018139223948672
0.0418125,83,physics,0,7254,39841.293923177334,146669.51431518042,216.130510778315,186726.93874913608,5687.419474319413,0.002298019610684359,19.375065644037626,267.1318505768402,0.9039899743341099,1.7723542633518702e-08,0,0.009364693496334533,0.003931788005914499,0.00013138382928445935,1.0018175051670524
0.041875,83,physics,0,7254,40025.16774165459,146978.64426259766,215.80117976361583,187219.61318401588,5710.0286798387315,0.0023071549308187633,19.40944559725275,267.14676509937493,0.9039899995803865,1.7849182576412685e-08,0,0.00925508639043559,0.003959296143618331,0.00013138382928445935,1.0018191174187159
0.0419375,83,physics,0,7254,40215.472530663515,147282.8124451501,215.49876343040347,187713.783739244,5732.679044787467,0.0023163068815502128,19.446358510882845,267.14504803612965,0.9039899649098689,1.797952720039577e-08,0,0.009202936061173428,0.003986983312786215,0.00013138382928445935,1.001821446231255
0.042,83,physics,0,7254,40418.853424500034,147581.6750636421,215.21869517099753,188215.74718331313,5755.424782419628,0.0023254973679116744,19.483441187541036,267.1233007166478,0.9039907331526057,1.810454985928798e-08,0,0.009127962542981349,0.00401484951279134,0.00013138382928445935,1.0018228793493542
0.042,84,refine,0,7619,40418.853424500034,147581.6750636421,215.21869517099753,188215.74718331313,5755.424782419629,0.0023254973679116744,19.483441187541036,267.1233007166478,0.9039907331526057,1.5985596846235236e-08,0,0.009366064830190405,0.0037946526489031347,0.00011625539627857506,1.0018228793493542
0.0420625,84,physics,0,7619,40613.33533171884,147875.53420160204,214.91185231069204,188703.7813856316,5778.086039058231,0.0023346537194646366,19.518412451186357,267.1404513310916,0.9039899099828326,1.6112116973943076e-08,0,0.009297098448233194,0.00381909779939904,0.00011625539627857506,1.0018269995753097
0.042125,84,physics,0,7619,40821.53076533829,148165.22688286664,214.5984357138911,189201.3560839188,5800.849293454941,0.0023438512835287618,19.55211917037829,267.139562861454,0.9039901071990848,1.6283073556166993e-08,0,0.00922750695140536,0.00384590873703239,0.00011625539627857506,1.0018320155254312
0.0421875,84,physics,0,7619,41020.40644033438,148449.43260543712,214.24598219884678,189684.08502797037,5823.52206408881,0.0023530122873468293,19.58224772633085,267.15250500391903,0.9039903453002834,1.6339990693836612e-08,0,0.009157802050820042,0.003872898570241115,0.00011625539627857506,1.0018391812120269
0.04225,84,physics,0,7619,41219.53378502141,148727.89518858376,213.87814666712984,190161.30712027228,5846.183742709209,0.0023621688094016685,19.610913355391276,267.14105012240526,0.9039904001099027,1.6438746364144656e-08,0,0.009088871090456831,0.003900097089209675,0.00011625539627857506,1.0018425849311143
0.0423125,84,physics,0,7619,41407.193929090325,149001.2698205613,213.5118278424522,190621.97557749407,5868.736130672483,0.002371281172224966,19.638539466673528,267.1569929280313,0.9039902718501209,1.661394044560892e-08,0,0.009020899138233916,0.0039274745037240835,0.00011625539627857506,1.001845272085931
0.042375,84,physics,0,7619,41585.0824854369,149268.54502656485,213.1598382747449,191066.78735027649,5891.1921748608365,0.0023803546070457083,19.666064458604207,267.15604129124483,0.9039898163760751,1.6671177327509654e-08,0,0.008953533406489132,0.003955090394944795,0.00011625539627857506,1.0018472426707106
0.0424375,84,physics,0,7619,41760.066906929846,149529.9617058072,212.8079353910954,191502.8365481281,5913.607491878578,0.002389411585924551,19.69162298351397,267.1388666999704,0.9039901236399517,1.6801834590296477e-08,0,0.008886612264097227,0.00398288518191471,0.00011625539627857506,1.0018526170125372
0.0425,84,physics,0,7619,41934.974687216934,149785.51230263128,212.4234258812848,191932.91041572948,5936.002412099577,0.0023984603234139335,19.713822683987818,267.1370175241521,0.9039901385235941,1.69216649581472e-08,0,0.008819546163588782,0.0040109780284105015,0.00011625539627857506,1.0018576330909204
0.0425,85,refine,0,8014,41934.974687216934,149785.51230263128,212.4234258812848,191932.91041572948,5936.002412099578,0.0023984603234139335,19.713822683987818,267.1370175241521,0.9039901385235941,1.69216649581472e-08,0,0.008819546163588782,0.0038130550403795566,0.00011094169894931838,1.0018576330909204
0.0425625,85,physics,0,8014,42102.84152919814,150036.72184229465,211.98633442062678,192351.5497059134,5958.333529756648,0.002407483281279,19.77023997226471,267.1608705419541,0.9039899378852095,1.7014254893865645e-08,0,0.008752712866252553,0.003836477123854638,0.00011094169894931838,1.0018630074884858
0.042625,85,physics,0,8014,42275.07315750979,150283.82859102235,211.55034041888896,192770.45208895102,5980.685979978922,0.0024165148586332394,19.78754725410955,267.1645696232315,0.9039900239104336,1.716494146819512e-08,0,0.008686678407700188,0.003864111196026458,0.00011094169894931838,1.0018690985072463
0.0426875,85,physics,0,8014,42454.00684999819,150525.86205555833,211.12990014995466,193190.99880570648,6003.0788192755435,0.002425562755317863,19.80742370450851,267.1608694225784,0.9039906481558563,1.7227579363066067e-08,0,0.008621954558010434,0.003891953764529343,0.00011094169894931838,1.001872681476757
0.04275,85,physics,0,8014,42637.78644078001,150763.33478335978,210.7248736846815,193611.84609782448,6025.495679146421,0.0024346203575916765,19.828848899578542,267.1663269932076,0.9039898889419686,1.741260202692277e-08,0,0.0086321883005891,0.0039199828789067345,0.00011094169894931838,1.0018768019075348
0.0428125,85,physics,0,8014,42826.74373650826,150995.1877809543,210.3336488535016,194032.26516631604,6047.937537841182,0.0024436880607182397,19.848975177492004,267.1657466598232,0.9039900737179576,1.7414913067170837e-08,0,0.008730253078030967,0.003948132241254645,0.00011094169894931838,1.0018816389565932
0.042875,85,physics,0,8014,43022.281056551044,151222.5566392169,209.93877047177287,194454.7764662397,6070.413973839159,0.002452769734912285,19.868161108687236,267.1343170727955,0.9039898212095585,1.7622709513887e-08,0,0.008714380983966976,0.003976455825445524,0.00011094169894931838,1.001884505367055
0.0429375,85,physics,0,8014,43225.77400280943,151442.9035633626,209.5088311685227,194878.18639734056,6092.9323843688335,0.0024618683690462604,19.8823936462613,267.1413511481077,0.9039900338223593,1.7680867436808957e-08,0,0.008620303155506586,0.004004899663605156,0.00011094169894931838,1.0018888049981247
0.043000000000000003,85,physics,0,8014,43425.080733151495,151655.90098866666,209.02786431151912,195290.0095861297,6115.386224992919,0.0024709409135081403,19.890082062699083,267.16546077224865,0.90399003468196,1.7814286046302634e-08,0,0.00859148368684508,0.004033465980136306,0.00011094169894931838,1.0018929254952145
0.043000000000000003,86,refine,0,8434,43425.080733151495,151655.90098866666,209.02786431151912,195290.0095861297,6115.386224992919,0.00247094091350814,19.890082062699083,267.16546077224865,0.90399003468196,1.6520083079285535e-08,0,0.00859148368684508,0.0038096008772036003,0.00011094169894931838,1.0018929254952145
0.043062500000000004,86,physics,0,8434,43621.499275320726,151868.98885979236,208.54370795199344,195699.03184306508,6137.8276440666505,0.002480008439003623,19.904995556116276,267.157076951705,0.9039898676455743,1.661334181335401e-08,0,0.008545385785829635,0.0038236689692904688,0.00011094169894931838,1.0019002707711868
0.043125000000000004,86,physics,0,8434,43819.1064541722,152078.1929157535,208.13183240567957,196105.43120233138,6160.260914559742,0.002489072672040003,19.92205294683671,267.15713256159546,0.9039899006825356,1.670387916874462e-08,0,0.008470754836061533,0.003847285606357423,0.00011094169894931838,1.0019058245521857
0.043187500000000004,86,physics,0,8434,44004.93584509439,152282.2279659733,207.7687462123791,196494.93255728006,6182.5769983621285,0.0024980895554270258,19.94112071062877,267.1564770361233,0.9039902360093186,1.6851717354882142e-08,0,0.008452560042209605,0.0038745641355996873,0.00011094169894931838,1.001911199208271
0.043250000000000004,86,physics,0,8434,44188.19346282967,152480.6381955018,207.43841886781948,196876.27007719927,6204.850484624985,0.0025070892271451387,19.961636149977245,267.15965915501914,0.9039899374070001,1.7134338392565924e-08,0,0.008358878281971651,0.0039020517175875407,0.00011094169894931838,1.0019144240157614
0.043312500000000004,86,physics,0,8434,44362.635645589085,152673.1774308316,207.10318112372397,197242.91625754442,6227.026099803497,0.0025160493537464404,19.980713438104072,267.1562363843297,0.9039900806369479,1.725580567324415e-08,0,0.008331599825049489,0.00392974835108696,0.00011094169894931838,1.0019156781103664
0.043375000000000004,86,physics,0,8434,44539.88141597794,152858.98060964764,206.72055901253086,197605.58258463812,6249.195505898033,0.0025250069715471654,19.993519343141138,267.1887630836441,0.9039900431252134,1.7358535941980342e-08,0,0.00825978874630388,0.003957636113430164,0.00011094169894931838,1.0019181863042856
0.043437500000000004,86,physics,0,8434,44707.35772536759,153036.94572279922,206.28452820859303,197950.58797637542,6271.24741115916,0.002533917112769069,19.999182185583912,267.1722797890531,0.9039906847258559,1.7453340106499163e-08,0,0.00822379502899632,0.003985664410485795,0.00011094169894931838,1.001923381868807
0.043500000000000004,86,physics,0,8434,44889.83859917499,153205.001063215,205.7870234717455,198300.62668586173,6293.380740091487,0.002542860153479082,19.996805505600648,267.1454813703402,0.9039899591292471,1.7548545727663606e-08,0,0.008173578083514247,0.004013912407129704,0.00011094169894931838,1.001926069240338
0.043500000000000004,87,refine,0,8809,44889.83859917498,153205.001063215,205.7870234717455,198300.62668586173,6293.380740091487,0.002542860153479082,19.996805505600648,267.1454813703402,0.9039899591292471,1.2288249084946316e-08,0,0.008173578083514247,0.003810539695012521,6.482925527961925e-05,1.001926069240338
0.043562500000000004,87,physics,0,8809,45069.15580329682,153381.353283978,205.3016744247609,198655.8107616996,6315.535815654925,0.0025518119809841127,20.00226950244031,267.1688767275626,0.9039900135445367,1.237433089329443e-08,0,0.008109035151373602,0.003836742882877809,6.482925527961925e-05,1.0019330564400528
0.043625000000000004,87,physics,0,8809,45249.958038918776,153553.26937329792,204.94176567669228,199008.1691778934,6337.684345358564,0.0025607611636138316,20.014545358750908,267.1617970811549,0.903989897767109,1.2460922960144675e-08,0,0.0080794566278526,0.003863799861886834,6.482925527961925e-05,1.0019404020102414
0.043687500000000004,87,physics,0,8809,45444.8738542923,153722.0528959113,204.643492984949,199371.57024318853,6359.9313979456,0.0025697501547218217,20.034509659178262,267.19080837353164,0.9039900615305034,1.2549312256027189e-08,0,0.008012612957961362,0.0038910363492329954,6.482925527961925e-05,1.001945060204606
0.043750000000000004,87,physics,0,8809,45644.23927893844,153887.25304137127,204.38340678081326,199735.87572709052,6382.196228115618,0.00257874632891725,20.058572811503513,267.1632710466759,0.9039899651618515,1.2639935764724466e-08,0,0.00800384756007727,0.003918392813874415,6.482925527961925e-05,1.0019447018811938
0.043812500000000004,87,physics,0,8809,45844.08981252799,154047.91613085734,204.1521673249087,200096.15811071024,6404.445521610462,0.0025877362254713306,20.08494195903032,267.16918067601284,0.9039900089763755,1.2731446563663006e-08,0,0.0079293726359334,0.003945928772010959,6.482925527961925e-05,1.00194685182359
0.043875000000000004,87,physics,0,8809,46041.39779624618,154203.92120490913,203.96125079322104,200449.28025194854,6426.653500090245,0.002596709428564201,20.115987941231214,267.15473611098065,0.9039902355124225,1.2823416994933715e-08,0,0.00790691644239436,0.003973703745784734,6.482925527961925e-05,1.0019509725594105
0.043937500000000004,87,physics,0,8809,46246.32573402212,154356.43613815747,203.8048131596277,200806.5666853392,6448.90405762373,0.0026056998358559283,20.14730479057031,267.17753598021187,0.90398995483362,1.2916407943208713e-08,0,0.007815296830366827,0.004001661197347563,6.482925527961925e-05,1.0019561682939486
0.044,87,physics,0,8809,46428.21139187865,154502.70967455488,203.65400281196645,201134.5750692455,6470.9400968399195,0.002614603566351556,20.17479171573315,267.1724951242841,0.9039901599674566,1.3011246746685841e-08,0,0.007790116863114751,0.004029759329846783,6.482925527961925e-05,1.0019581390968562
0.044,88,refine,0,9143,46428.21139187865,154502.70967455488,203.65400281196645,201134.5750692455,6470.9400968399195,0.002614603566351556,20.17479171573315,267.1724951242841,0.9039901599674566,1.3011246746685841e-08,0,0.007790116863114751,0.003829280672755285,6.482925527961925e-05,1.0019581390968562
0.0440625,88,physics,0,9143,46622.47785994114,154646.50576517888,203.48953019625858,201472.4731553163,6493.063642871269,0.002623542654249699,20.19956457766453,267.17593746626125,0.903989920987058,1.3108544916207142e-08,0,0.007752278321024316,0.003840240435053145,6.482925527961925e-05,1.0019631557035673
0.044125,88,physics,0,9143,46799.6941571316,154785.43190687167,203.32406615031465,201788.4501301536,6515.025176004002,0.002632416280328852,20.224560688350966,267.182111658017,0.9039902926521579,1.3208343752069137e-08,0,0.00768722014258297,0.003852772591476575,6.482925527961925e-05,1.0019674556721683
0.0441875,88,physics,0,9143,46980.185188293704,154921.8035773263,203.13684605145977,202105.12561167145,6536.993904523559,0.002641292813726444,20.24585088281373,267.1819590254576,0.9039899565223966,1.330940690991157e-08,0,0.007674124213873134,0.0038651236609651583,6.482925527961925e-05,1.0019717556592225
0.04425,88,physics,0,9143,47152.98395729867,155052.8032894113,202.95129008594887,202408.73853679592,6558.8777208442725,0.002650135038084877,20.268550648894312,267.1764110170386,0.903990199187908,1.3410327515117615e-08,0,0.00765279137281808,0.0038773250852342854,6.482925527961925e-05,1.0019749806616234
0.0443125,88,physics,0,9143,47327.29861485163,155180.07903375998,202.77782939345596,202710.15547800506,6580.75274136209,0.002658973708471753,20.290197584911265,267.17529503465266,0.9039900200474664,1.3511422647383134e-08,0,0.007575925970650914,0.003899135093982001,6.482925527961925e-05,1.001976772334109
0.044375,88,physics,0,9143,47502.51957663412,155302.26331157348,202.60314592483678,203007.38603413242,6602.612425037791,0.002667806181959245,20.308464707960237,267.19550734425627,0.9039899835864926,1.3613496996356364e-08,0,0.007565488596532526,0.0039269432750827,6.482925527961925e-05,1.0019817890341134
0.0444375,88,physics,0,9143,47687.49242237776,155420.93303381218,202.41597093104096,203310.841427121,6624.528144152709,0.002676661296741502,20.321505679194644,267.1756992664329,0.9039900040317022,1.371695956819962e-08,0,0.007545350849967235,0.003954873136294262,6.482925527961925e-05,1.001987880775029
0.0445,88,physics,0,9143,47874.06812390109,155532.94850916415,202.19835284328545,203609.21498590853,6646.428443781235,0.002685510181230632,20.32916415355714,267.18602216272404,0.9039900015170031,1.372473290572883e-08,0,0.007490501128778624,0.003983099639057032,6.482925527961925e-05,1.0019941517234812
0.0445,89,refine,0,9509,47874.06812390109,155532.94850916415,202.19835284328545,203609.21498590853,6646.428443781236,0.002685510181230632,20.32916415355714,267.18602216272404,0.9039900015170031,1.372473290572883e-08,0,0.007490501128778624,0.0038293925751380522,6.482925527961925e-05,1.0019941517234812
0.0445625,89,physics,0,9509,48063.81798789499,155644.87298278578,201.9562637743496,203910.6472344551,6668.350213284029,0.0026943677406903706,20.333751801153923,267.1757056842442,0.9039899203887688,1.3907671014834492e-08,0,0.007477069786210583,0.0038405344336180395,6.482925527961925e-05,1.00200042271118
0.044625,89,physics,0,9509,48258.029047007396,155751.90442551754,201.77092553679452,204211.7043980617,6690.288420434743,0.0027032319418329844,20.34508381284531,267.1946888297365,0.9039901472043328,1.4013767479781358e-08,0,0.007436627710378009,0.0038514985727370692,6.482925527961925e-05,1.0020022144291598
0.0446875,89,physics,0,9509,48454.922549716524,155856.2937355219,201.6312904759665,204512.84757571438,6712.227061814277,0.0027120963184262474,20.358242968437963,267.1923954332887,0.9039899801909965,1.4119573510384976e-08,0,0.007393481383872003,0.0038705022487388577,6.482925527961925e-05,1.002007947948225
0.04475,89,physics,0,9509,48657.34010460544,155957.2132734972,201.52555185391455,204816.07892995657,6734.188750032719,0.0027209700071669065,20.37045984555684,267.20584011957396,0.9039899238062806,1.4224907030069273e-08,0,0.007373377831585143,0.0038975176216117413,6.482925527961925e-05,1.0020093813331172
0.0448125,89,physics,0,9509,48851.9982883561,156052.50720759708,201.43580551037167,205105.94130146358,6756.060789978992,0.0027298074732442466,20.38023915131677,267.19866648618864,0.9039899816499604,1.4330348907520819e-08,0,0.007336092645138854,0.003924710872300519,6.482925527961925e-05,1.0020127856304548
0.044875,89,physics,0,9509,49042.57294029239,156143.1212487689,201.33800492715184,205387.03219398845,6777.870104765093,0.0027386195950233026,20.38477145033905,267.16632333013735,0.9039899014502752,1.4436610129564509e-08,0,0.0073040112764154504,0.00395209791386843,6.482925527961925e-05,1.002016010764917
0.0449375,89,physics,0,9509,49232.018337948735,156227.198744276,201.22727994752785,205660.44436217225,6799.636775861619,0.002747414486485974,20.38593746841328,267.1907382726737,0.9039899436772841,1.4544325743770493e-08,0,0.007272468408686154,0.003979709682704905,6.482925527961925e-05,1.002019056734774
0.045,89,physics,0,9509,49410.294878685185,156303.68951939602,201.09668193406603,205915.08108001525,6821.270590492554,0.002756155696879466,20.381765037926172,267.2044921701594,0.9039897951967532,1.4653005919740269e-08,0,0.007250954643739201,0.004007529638812914,6.482925527961925e-05,1.0020237152948182
0.045,90,refine,0,9877,49410.29487868518,156303.68951939602,201.09668193406605,205915.08108001525,6821.270590492554,0.002756155696879466,20.381765037926172,267.2044921701594,0.9039897951967532,1.1585458814522545e-08,0,0.00693810371406422,0.003824790003250887,5.812769813928753e-05,1.0020237152948182
0.0450625,90,physics,0,9877,49585.652819849056,156385.29331789032,200.98887311858772,206171.93501085797,6842.905148228108,0.0027648972075254227,20.398949222977393,267.2069554667105,0.903989951159942,1.1629572860272232e-08,0,0.006886833033403976,0.0038319833306654405,5.812769813928753e-05,1.0020265821117642
0.045125,90,physics,0,9877,49764.49468335249,156463.5262086796,200.99452185425113,206429.0154138863,6864.547728591446,0.00277364195973933,20.407250086228558,267.2087535460175,0.9039900433623212,1.1659972543043284e-08,0,0.00682855509506159,0.003845615357313149,5.812769813928753e-05,1.0020294489369124
0.0451875,90,physics,0,9877,49944.29180317535,156538.45179176086,201.06913155976235,206683.81272649596,6886.177834911046,0.0027823816717769223,20.41978525417337,267.18444038617633,0.9039899900733585,1.1744189620799256e-08,0,0.006802311910794323,0.0038693665808115577,5.812769813928753e-05,1.0020357201455192
0.04525,90,physics,0,9877,50119.31041880672,156609.69689805442,201.18758726494988,206930.19490412608,6907.747556466353,0.0027910969851615533,20.43599586129906,267.19558681223,0.9039899759266514,1.1761450480207689e-08,0,0.0067386668739316735,0.003896569828240515,5.812769813928753e-05,1.0020394828895225
0.0453125,90,physics,0,9877,50301.215939961374,156677.66500885424,201.34148437763494,207180.22243319324,6929.354353657433,0.0027998272790726313,20.454357943858437,267.1805770863575,0.9039900512140857,1.1778738873147188e-08,0,0.006676377584357119,0.003923922081716642,5.812769813928753e-05,1.0020455749811992
0.045375,90,physics,0,9877,50489.89046937438,156741.87003996977,201.53963097209424,207433.30014031625,6950.997052191564,0.002808572079032985,20.47627150356516,267.1936514186588,0.9039898253688747,1.1822599788047213e-08,0,0.006629631925891469,0.003951438228305874,5.812769813928753e-05,1.00205202547158
0.0454375,90,physics,0,9877,50673.98780233126,156802.72461656725,201.7865357475652,207678.4989546461,6972.580552590386,0.0028172929598018746,20.500967903403623,267.2119753531183,0.9039898901361887,1.185229425715306e-08,0,0.006576468532386129,0.00397907361009214,5.812769813928753e-05,1.0020536381006633
0.0455,90,physics,0,9877,50865.24803773147,156859.98999723676,202.07108142139475,207927.30911638963,6994.202028910893,0.0028260291848605196,20.524760241696605,267.1975425069726,0.9039899427675075,1.189660192579823e-08,0,0.006532366286232163,0.0040068282270992045,5.812769813928753e-05,1.0020561466399511
0.0455,91,refine,0,10303,50865.248037731464,156859.98999723676,202.07108142139475,207927.3091163896,6994.202028910895,0.0028260291848605196,20.524760241696605,267.1975425069726,0.9039899427675075,1.189660192579823e-08,0,0.006532366286232163,0.0038217306194023486,5.812769813928753e-05,1.0020561466399511
0.0455625,91,physics,0,10303,51056.04027536934,156914.15240085384,202.3701454003882,208172.56282162355,7015.80201447663,0.0028347567265117777,20.54521281979617,267.20713897063274,0.9039898283937727,1.1929662591114722e-08,0,0.006483099724570047,0.0038282275575742676,5.812769813928753e-05,1.0020579384575732
0.045625,91,physics,0,10303,51251.07032524452,156964.97575268632,202.69378243231068,208418.73986036316,7037.418161818268,0.002843490798379357,20.56488530778679,267.2056957345563,0.9039899423654356,1.197418697529429e-08,0,0.0064410152682208635,0.0038347246403972845,5.812769813928753e-05,1.0020602678252717
0.0456875,91,physics,0,10303,51436.64022484582,157011.33273575525,203.03386121634588,208651.0068218174,7058.936174704135,0.0028521852187133323,20.58388451407351,267.1915891307554,0.9039900324984358,1.2005660465774788e-08,0,0.006392719339608455,0.003845498906767137,5.812769813928753e-05,1.0020627763811567
0.04575,91,physics,0,10303,51619.617949226624,157053.50417132903,203.4087658660398,208876.5308864217,7080.413417056017,0.0028608631655863597,20.6033701032219,267.1829960607279,0.9039900957910986,1.2052163711473467e-08,0,0.006353265911739514,0.003874599066214064,5.812769813928753e-05,1.0020658224931738
0.0458125,91,physics,0,10303,51805.663606929695,157095.0074629381,203.8246035934277,209104.4956734612,7101.896840395981,0.002869543609905921,20.622613460230134,267.18838513338864,0.9039900468151301,1.2082928435575015e-08,0,0.006306400869092509,0.003903938115232403,5.812769813928753e-05,1.0020658224931738
0.045875,91,physics,0,10303,51978.21850771707,157129.4138866832,204.2726761204817,209311.90507052076,7123.247726382033,0.002878170502093048,20.640174540784056,267.21023311202777,0.9039900770778425,1.213015288215049e-08,0,0.006268865054465706,0.0039332920846997235,5.812769813928753e-05,1.0020688686144505
0.0459375,91,physics,0,10303,52142.49713196469,157159.81987651478,204.74661203839776,209507.06362051787,7144.507502791192,0.0028867605811724612,20.653148450745167,267.2137215243124,0.9039900535125595,1.2191168075048635e-08,0,0.006239302558852443,0.003962765277750796,5.812769813928753e-05,1.0020697645342354
0.046,91,physics,0,10303,52313.80215540494,157185.53710523984,205.2314240538546,209704.57068469864,7165.802120342261,0.0028953647379218973,20.66155042473977,267.22214593776636,0.9039898897434591,1.2224493417534188e-08,0,0.006195977587116941,0.003992491798835556,5.812769813928753e-05,1.0020686894305897
0.046,92,refine,0,10676,52313.80215540495,157185.53710523984,205.2314240538546,209704.57068469867,7165.80212034226,0.002895364737921897,20.66155042473977,267.22214593776636,0.9039898897434591,1.2224493417534188e-08,0,0.006195977587116941,0.003816373406541806,5.517687532119453e-05,1.0020686894305897
0.0460625,92,physics,0,10676,52478.32441106356,157209.0661608341,205.73399053465448,209893.12456243232,7187.034159273799,0.0029039436095858453,20.66960521980687,267.20789020786077,0.9039899718607417,1.2286479389445077e-08,0,0.006168111832352573,0.0038340720694151945,5.517687532119453e-05,1.0020686894305897
0.046125,92,physics,0,10676,52640.663641792984,157230.1365662882,206.30531228824748,210077.10552036943,7208.230676956494,0.0029125081287772778,20.681631088341312,267.21665447021087,0.9039899256565774,1.2320558795408957e-08,0,0.006127080998004151,0.0038612467252612586,5.517687532119453e-05,1.0020740649603526
0.0461875,92,physics,0,10676,52815.27500286937,157247.76953925757,206.93564098160743,210269.98018310854,7229.5121941498155,0.002921106992287248,20.69491195845345,267.197546847624,0.9039899773191314,1.2341210720023825e-08,0,0.006080131103052411,0.0038886380399488787,5.517687532119453e-05,1.0020789029617947
0.04625,92,physics,0,10676,52987.34636530782,157262.03300623898,207.63277809270926,210457.0121496395,7250.754343107033,0.002929689948938464,20.708200451651667,267.20114912494165,0.903989866189796,1.2347485700558998e-08,0,0.006026766537743762,0.003916194453532932,5.517687532119453e-05,1.002083382613586
0.0463125,92,physics,0,10676,53164.89121116715,157271.9451105865,208.38511484344605,210645.2214365971,7272.0231344361455,0.002938283670522463,20.7179965986818,267.19383868843187,0.9039900755723212,1.2338435162462237e-08,0,0.005966965058158754,0.003943984807781973,5.517687532119453e-05,1.0020880414726923
0.046375,92,physics,0,10676,53340.70891686446,157276.96708813473,209.17441548621173,210826.85042048543,7293.255970996477,0.0029468628644692537,20.723539381908946,267.1910094378596,0.9039898728909767,1.2359972600961557e-08,0,0.005923103058171716,0.003971979407056328,5.517687532119453e-05,1.0020912668493773
0.0464375,92,physics,0,10676,53526.752053796714,157277.94736871266,209.9999376045463,211014.69936011394,7314.54876301674,0.002955466283607263,20.72558031277264,267.19597205483706,0.9039899988371415,1.2365420687388009e-08,0,0.005872637691689139,0.004000204263360838,5.517687532119453e-05,1.0020957465564397
0.0465,92,physics,0,10676,53705.27986184583,157271.1160160753,210.8603302660649,211187.2562081872,7335.749085800941,0.0029640323402614194,20.72297879358513,267.2124785100284,0.9039898789037955,1.2356103695765317e-08,0,0.0058158821000623044,0.004028652673490057,5.517687532119453e-05,1.0021011222313487
0.0465,93,refine,0,11044,53705.27986184583,157271.11601607534,210.8603302660649,211187.25620818723,7335.7490858009405,0.0029640323402614194,20.72297879358513,267.2124785100284,0.9039898789037955,8.609278623339373e-09,0,0.0058158821000623044,0.0038309131215946953,3.284595732111484e-05,1.0021011222313487
0.0465625,93,physics,0,11044,53888.06385178986,157268.94499428995,211.80361246342608,211368.81245854325,7357.008156235894,0.002972622134088213,20.7235567637656,267.19628394075085,0.9039902854595806,8.661773520657338e-09,0,0.0057682093193455,0.0038570019418968445,3.284595732111484e-05,1.0021043476501361
0.046625,93,physics,0,11044,54065.26663310622,157263.31609404055,212.87787835285485,211541.46060549963,7378.207568896506,0.002981187823003299,20.732807385635656,267.2240553341225,0.903989990108147,8.715447918916659e-09,0,0.005728449254661067,0.003883104383206551,3.284595732111484e-05,1.0021066771257168
0.0466875,93,physics,0,11044,54228.90547116501,157254.4601487802,214.06009701430122,211697.42571695952,7399.280728180393,0.0029897024988476528,20.74490947196761,267.2326502931467,0.9039898851318906,8.798212824956417e-09,0,0.005703580149683878,0.003909226554460011,3.284595732111484e-05,1.0021088274156744
0.04675,93,physics,0,11044,54386.55180926647,157241.52847893565,215.3350546623643,211843.4153428645,7420.292682288097,0.0029981924445488814,20.75789269823726,267.22351470263544,0.9039899414447314,8.862417466559686e-09,0,0.0056526948295989345,0.003935819964198844,3.284595732111484e-05,1.0021134863930778
0.0468125,93,physics,0,11044,54544.860338182596,157227.33126140435,216.69373550048297,211988.88533508743,7441.298900604609,0.003006680072685404,20.77378270998705,267.215358552525,0.9039899273060064,8.921642979942143e-09,0,0.005593853220305131,0.003963406934057169,3.284595732111484e-05,1.0021138447768523
0.046875,93,physics,0,11044,54701.910842353755,157208.3024293385,218.1480707946764,212128.36134248695,7462.284237997218,0.003015159263819749,20.794368604617304,267.22852850583587,0.9039901464781873,8.97640983765768e-09,0,0.005566100575357621,0.003991231022732029,3.284595732111484e-05,1.002118145392142
0.0469375,93,physics,0,11044,54861.54997447882,157187.34651984755,219.69810772097838,212268.59460204732,7483.281071748759,0.003023643100093521,20.818179816417352,267.2377606489083,0.9039899702771499,9.090928010380151e-09,0,0.005536536529974399,0.004019349164234805,3.284595732111484e-05,1.0021208332860703
0.047,93,physics,0,11044,55020.295959749834,157162.59879794676,221.33029314611326,212404.2250508427,7504.260323151667,0.003032119832163845,20.839788056006874,267.2181386000067,0.9039896789078298,9.15784514887718e-09,0,0.0054960893578245565,0.0040476527334419605,3.284595732111484e-05,1.002121550059002
0.047,94,refine,0,11461,55020.29595974984,157162.59879794676,221.33029314611326,212404.2250508427,7504.260323151666,0.003032119832163845,20.839788056006874,267.2181386000067,0.9039896789078298,8.873526802233318e-09,0,0.0054960893578245565,0.0038229718584203757,3.284595732111484e-05,1.002121550059002
0.0470625,94,physics,0,11461,55176.99978276112,157135.23093103737,223.03340921871495,212535.2641230172,7525.216153232119,0.003040587100775343,20.856996079672005,267.2469714241921,0.9039899940154307,8.930062023182454e-09,0,0.005463671263183576,0.003830937233640623,3.284595732111484e-05,1.0021249547374294
0.047125,94,physics,0,11461,55343.565987577305,157106.43203348148,224.8324430581019,212674.8304641169,7546.247559167493,0.003049084906048459,20.872516094254237,267.2354991904394,0.9039901906547199,8.992306455013464e-09,0,0.005424707489639091,0.0038451635321996337,3.284595732111484e-05,1.0021269258723322
0.0471875,94,physics,0,11461,55514.89913624415,157075.19792497964,226.72604216232702,212816.82310338612,7567.31299741817,0.0030575964621836786,20.888335565389717,267.2216846672545,0.9039899727623202,9.057613326035592e-09,0,0.0053731638522068765,0.0038672850348148028,3.284595732111484e-05,1.0021290762057389
0.04725,94,physics,0,11461,55696.24110223983,157041.24734607118,228.73058840487715,212966.21903671586,7588.457157847835,0.0030661398262606726,20.906081421808107,267.23508657251165,0.9039898552125741,9.119565547166539e-09,0,0.005336409160427379,0.003889367746635186,3.284595732111484e-05,1.0021342728638547
0.0473125,94,physics,0,11461,55866.042308181255,157003.51869271413,230.85393477241024,213100.4149356678,7609.500092584309,0.0030746422897814326,20.924925916492484,267.21865741278555,0.9039901457788189,9.204518924832416e-09,0,0.005300102652293467,0.003911349051178245,3.284595732111484e-05,1.0021369608010402
0.047375,94,physics,0,11461,56034.22064387497,156962.49876285356,233.0979836428792,213229.8173903714,7630.524962961447,0.0030831374543407704,20.942240712459878,267.2253602474443,0.9039900211896953,9.268695144726298e-09,0,0.005260260925560332,0.003938136138626238,3.284595732111484e-05,1.0021373191932097
0.0474375,94,physics,0,11461,56204.43568564031,156919.04218109418,235.4553097906712,213358.93317652517,7651.562060827988,0.0030916375594546228,20.953953609597992,267.2185267551347,0.9039900104233178,9.335167305835045e-09,0,0.005205838709690057,0.003965977594582052,3.284595732111484e-05,1.002143949471464
0.0475,94,physics,0,11461,56364.28798939394,156871.1353193741,237.9058002525191,213473.32910902053,7672.506030533237,0.0031001000358444474,20.9582469240845,267.22379685161843,0.9039898347239661,9.417201241035422e-09,0,0.005160074041949113,0.0039938108511718895,3.284595732111484e-05,1.002143949471464
0.0475,95,refine,0,11912,56364.287989393946,156871.1353193741,237.9058002525191,213473.32910902056,7672.506030533239,0.0031001000358444474,20.9582469240845,267.22379685161843,0.9039898347239661,8.926174466239432e-09,0,0.005160074041949113,0.0038329353615414777,3.241462763980962e-05,1.002143949471464
0.0475625,95,physics,0,11912,56522.99194943387,156822.3958457744,240.4562713226049,213585.84406653087,7693.451806181307,0.0031085632419303503,20.982512006220045,267.2110933945435,0.9039899734410267,9.001538181507855e-09,0,0.005128171006915669,0.0038383787319753336,3.241462763980962e-05,1.002148250215949
0.047625,95,physics,0,11912,56677.542865187985,156772.5057916423,243.17128444905603,213693.21994127933,7714.365421453485,0.0031170134535162923,20.992561693852583,267.2290315947689,0.9039898468971885,9.045355575665321e-09,0,0.005071114562092884,0.003856489147374497,3.241462763980962e-05,1.002152013382514
0.0476875,95,physics,0,11912,56825.95043677727,156719.9562580199,246.0293835505165,213791.93607834767,7735.229886731012,0.003125443805892378,21.004650351194975,267.24692376953624,0.9039899561966079,9.121797539535232e-09,0,0.0050488561459644775,0.0038818932020855982,3.241462763980962e-05,1.0021548805665244
0.04775,95,physics,0,11912,56975.86837500978,156665.18070176698,249.02505520712305,213890.07413198389,7756.110682087854,0.003133880756489134,21.015735765766713,267.2418140572185,0.9039897867522596,9.167990810965398e-09,0,0.004936062895428411,0.003910499807406727,3.241462763980962e-05,1.0021559557626432
0.0478125,95,physics,0,11912,57128.67478243326,156608.21074453823,252.14663685316276,213989.03216382465,7777.018491598378,0.0031423286222379554,21.02238471258125,267.2617347645434,0.9039899342571968,9.245514576150513e-09,0,0.004753402163333085,0.003939107255441932,3.241462763980962e-05,1.0021606149591546
0.047875,95,physics,0,11912,57284.867334643684,156547.9339100325,255.3851022720803,214088.18634694826,7797.956758490981,0.0031507887943869497,21.021982220570028,267.22556719625186,0.903989824586796,9.156949198896317e-09,0,0.0045733284447746925,0.003968190888091544,3.241462763980962e-05,1.0021663493845971
0.0479375,95,physics,0,11912,57441.46365481834,156484.87476981018,258.7476971500262,214185.08612177853,7818.897693860252,0.0031592500447428402,21.01631928061074,267.2603167339201,0.9039898695417199,8.933113582187962e-09,0,0.004395644006031017,0.003997274627596937,3.241462763980962e-05,1.0021745926786576
0.048,95,physics,0,11912,57599.026667808816,156415.57966026658,262.2450259243764,214276.85135399978,7839.843042934828,0.003167713078469315,21.007513046265686,267.2157360583541,0.9039902563423939,8.705595355706922e-09,0,0.004220332828661339,0.004026656490076548,3.241462763980962e-05,1.0021805063879048
0.048,96,refine,0,12358,57599.026667808816,156415.57966026655,262.2450259243765,214276.85135399975,7839.843042934827,0.0031677130784693156,21.007513046265686,267.2157360583541,0.9039902563423939,8.705595355706922e-09,0,0.004220332828661339,0.003820349298486503,3.241462763980962e-05,1.0021805063879048
0.0480625,96,physics,0,12358,57767.013267427,156352.23850478802,265.9242553400053,214385.17602755502,7860.925024851194,0.003176231319123057,21.002395638286004,267.24579892225245,0.9039899895220856,8.473961532473597e-09,0,0.004047435779618524,0.003835951438537651,3.241462763980962e-05,1.0021871369518915
0.048125,96,physics,0,12358,57934.88295998555,156287.53938214685,269.8881440847886,214492.31048621717,7882.021016766103,0.003184755220560042,21.007370049402436,267.2305066069561,0.903990028492244,8.237450499493108e-09,0,0.003876885041388711,0.0038525287602446325,3.241462763980962e-05,1.0021912586759396
0.0481875,96,physics,0,12358,58097.56922794827,156222.23041786804,274.09453556825486,214593.89418138456,7903.091258814276,0.00319326871768292,21.014368224536714,267.21841433120244,0.9039897851761355,7.996441286906011e-09,0,0.003708810712619205,0.003871659717638581,3.241462763980962e-05,1.00219645565651
0.04825,96,physics,0,12358,58264.895733445745,156155.84220100456,278.53488782890554,214699.2728222792,7924.2200027231665,0.003201805852664928,21.01962316763736,267.2305971360119,0.9039900334204751,7.751597363991896e-09,0,0.0035431484986710544,0.0038997854531124055,3.241462763980962e-05,1.002201473456425
0.0483125,96,physics,0,12358,58430.383797136106,156088.3385028858,283.2198571098007,214801.9421571317,7945.355501106436,0.003210345716813773,21.026310629635823,267.23735078812507,0.9039900281936272,7.503208943049336e-09,0,0.0033797093991239265,0.003928090158090367,3.241462763980962e-05,1.002202369494768
0.048375,96,physics,0,12358,58586.01803010493,156019.96173718816,288.1582961372769,214894.13806343038,7966.431965106992,0.003218861727935596,21.03981504522531,267.2455009839624,0.9039899305590571,7.2510597526331946e-09,0,0.0032182787300076136,0.003956633431040083,3.241462763980962e-05,1.0022059536561505
0.0484375,96,physics,0,12358,58738.41979770799,155951.60706427286,293.3553631582226,214983.38222513907,7987.507987864401,0.0032273775607709124,21.057416546904065,267.26145759877727,0.9039898941210027,7.167461291146537e-09,0,0.0031344356875929323,0.003985355669146235,3.241462763980962e-05,1.0022106130851107
0.0485,96,physics,0,12358,58893.36849184608,155881.9351224985,298.80698355585196,215074.1105979004,8008.632613373443,0.003235913031700241,21.07341403614602,267.2316275645026,0.9039899499166721,7.371639076936263e-09,0,0.003176340236521381,0.004014255890071495,3.241462763980962e-05,1.0022097170393975
0.0485,97,refine,0,12844,58893.36849184608,155881.9351224985,298.80698355585196,215074.1105979004,8008.632613373444,0.003235913031700241,21.07341403614602,267.2316275645026,0.9039899499166721,7.371639076936263e-09,0,0.003176340236521381,0.0038322334747995066,2.7736747142625973e-05,1.0022097170393975
0.0485625,97,physics,0,12844,59043.59352206811,155811.88610100147,304.48799956067273,215159.96762263024,8029.751986840078,0.003244446380524954,21.102348498075635,267.25084955047726,0.9039900753645072,7.578177418920971e-09,0,0.0032173428263614265,0.0038371569391459056,2.7736747142625973e-05,1.0022116883410241
0.048625,97,physics,0,12844,59195.033536212766,155742.9169705463,310.4192751784475,215248.3697819375,8050.916382579852,0.003252997920740231,21.10979233729114,267.2546159399349,0.903989867036311,7.4354535861687e-09,0,0.003110306836311311,0.003842037199803608,2.7736747142625973e-05,1.0022176022691682
0.0486875,97,physics,0,12844,59351.73692160849,155674.0964197978,316.61067495404575,215342.44401636036,8072.1628469085,0.0032615826210246395,21.11620245446678,267.25794860855626,0.9039898945902858,7.171890858970193e-09,0,0.0029557171902798683,0.003860959204661224,2.7736747142625973e-05,1.0022227993863462
0.04875,97,physics,0,12844,59499.572402587524,155605.00051333895,323.0927165995429,215427.665632526,8093.375379822505,0.0032701536112151185,21.123970670118958,267.26345088746245,0.9039900706704671,6.904481431035954e-09,0,0.002803249164068758,0.003886015687267587,2.7736747142625973e-05,1.0022287133800554
0.0488125,97,physics,0,12844,59658.037066299155,155536.68141822433,329.89168736087316,215524.61017188436,8114.721454573779,0.003278778559401823,21.132648796387198,267.25464391290313,0.9039900131149524,6.632604465650618e-09,0,0.0026528052963245515,0.003911074001330898,2.7736747142625973e-05,1.0022308639318747
0.048875,97,physics,0,12844,59823.94285036227,155469.36843407602,337.030491645701,215630.341776084,8136.174663932736,0.003287446795661819,21.139362446429818,267.24388781133257,0.9039899781682103,6.356144277575025e-09,0,0.0025044609355946066,0.003936132929593039,2.7736747142625973e-05,1.002231939209515
0.0489375,97,physics,0,12844,59982.38315011539,155401.06694452133,344.5161341388807,215727.9662287756,8157.61418970979,0.0032961095030283752,21.14100456748412,267.24729843873695,0.9039898495824767,6.074978964321062e-09,0,0.002358231682381341,0.00396108816409053,2.7736747142625973e-05,1.0022373156150202
0.049,97,physics,0,12844,60148.20160743166,155333.0307824083,352.3649767005427,215833.59736654052,8179.16441599469,0.003304816939278322,21.134094279355402,267.2520109157949,0.9039898226470661,5.7893636551398355e-09,0,0.002214086334458221,0.003986029091603383,2.7736747142625973e-05,1.002237853257157
0.049,98,refine,0,13309,60148.20160743165,155333.03078240828,352.3649767005427,215833.5973665405,8179.164415994691,0.0033048169392783217,21.134094279355402,267.2520109157949,0.9039898226470661,5.7893636551398355e-09,0,0.002214086334458221,0.003827086934236166,2.7736747142625973e-05,1.002237853257157
0.0490625,98,physics,0,13309,60320.4326951055,155268.72767205164,360.5904071148648,215949.750774272,8200.840470869132,0.0033135752169655775,21.126617676355043,267.26692372891455,0.9039899889366565,5.499149802190576e-09,0,0.0020719314551439906,0.003850647273878279,2.7736747142625973e-05,1.002243229694388
0.049125,98,physics,0,13309,60489.91913639958,155206.8018788417,369.28764370590676,216066.0086589472,8222.556998663968,0.003322349847861363,21.12396495321233,267.2492710550664,0.9039899772918908,5.204489728072312e-09,0,0.001931826858925234,0.003878360669482146,2.7736747142625973e-05,1.0022475308649386
0.0491875,98,physics,0,13309,60649.656697100145,155145.80020218372,378.4551824277334,216173.9120817116,8244.258481710218,0.003331118399879055,21.124453811740405,267.28497727905875,0.9039900525362202,4.90500307037678e-09,0,0.0017936979263356925,0.0039063130465734385,2.7736747142625973e-05,1.00225057753858
0.04925,98,physics,0,13309,60811.44565874053,155087.45390678884,388.10195227696636,216287.00151780635,8266.047732757805,0.0033399224148318125,21.124965718541606,267.2479797178634,0.9039899762149686,4.5577155383114066e-09,0,0.0016421084544259875,0.003934444963663361,2.7736747142625973e-05,1.0022546995235422
0.0493125,98,physics,0,13309,60975.1797787237,155030.33318446344,398.2080632414006,216403.72102642854,8287.9282198275,0.003348763293984915,21.121869074546836,267.25325136794646,0.9039899389691836,3.903482426181888e-09,0,0.0013857529839917896,0.0039628752032488225,2.7736747142625973e-05,1.0022590007433159
0.049375,98,physics,0,13309,61136.764759051,154975.8830707934,408.75764584712147,216521.40547569154,8309.864161245861,0.0033576265796407567,21.11042409844773,267.2484630983315,0.9039899813581119,3.992756347770409e-09,0,0.0013966836576197658,0.003991425181578049,2.7736747142625973e-05,1.0022627643257602
0.0494375,98,physics,0,13309,61292.967395031716,154920.66860981676,419.76167421595835,216633.39767906442,8331.833053026443,0.003366503178993019,21.09457904738123,267.28473004537955,0.9039898124033456,4.1917922466438945e-09,0,0.0014447894023426632,0.004020154492072834,2.7736747142625973e-05,1.0022641980751705
0.0495,98,physics,0,13309,61452.71950900278,154866.13879718282,431.22461427049643,216750.0829204561,8353.908655195319,0.0033754228950104203,21.07224343620363,267.262343946217,0.9039899621339721,4.39351666159382e-09,0,0.0014920879675468766,0.004049122728358119,2.7736747142625973e-05,1.0022641980751705
0.0495,99,refine,0,13798,61452.719509002774,154866.13879718282,431.22461427049643,216750.0829204561,8353.908655195319,0.0033754228950104203,21.07224343620363,267.262343946217,0.9039899621339721,2.1967583307969136e-09,0,0.0018391671108910885,0.0038266161047032553,1.620731381990481e-05,1.0022641980751705
0.0495625,99,physics,0,13798,61609.92670064267,154822.8165083571,443.201767392976,216875.94497639273,8376.101419314538,0.00338438995068037,21.05170471042582,267.2518744958192,0.9039899389303732,2.2985930936414413e-09,0,0.0017230207765270356,0.0038540824977672753,1.620731381990481e-05,1.0022695746537265
0.049625,99,physics,0,13798,61772.10461442346,154785.1195392802,455.8247903173771,217013.04894402105,8398.440906536205,0.003393416290277811,21.045475257243794,267.2698384950156,0.9039898925372385,2.4016155730777155e-09,0,0.0014684786440977223,0.003881669617919613,1.620731381990481e-05,1.002276205807001
0.0496875,99,physics,0,13798,61938.26131087243,154751.05148397904,469.0857102954198,217158.3985051469,8420.92570101162,0.0034025013417250515,21.044636419731322,267.2596213221754,0.9039898664996243,2.5059605501809293e-09,0,0.0012178571848569927,0.003909492954243166,1.620731381990481e-05,1.0022790733463292
0.04975,99,physics,0,13798,62105.33723599471,154722.08208770017,483.00918088883293,217310.42850458372,8443.53505279474,0.0034116367209411766,21.044250233943988,267.2884913257914,0.9039899283775881,2.611683536102303e-09,0,0.001025164837482054,0.00393737891324544,1.620731381990481e-05,1.0022860630078128
0.0498125,99,physics,0,13798,62281.29303055197,154699.10633296054,497.66437855268157,217478.0637420652,8466.345341643795,0.003420853289407435,21.04771747870768,267.25565543225264,0.9039899899924605,2.5276558623943447e-09,0,0.0008303016832533273,0.003965502691573052,1.620731381990481e-05,1.0022896474685072
0.049875,99,physics,0,13798,62460.27054464877,154682.12208929332,513.0986925804978,217655.49132652258,8489.312790645166,0.003430133358924041,21.05525355902468,267.271310941755,0.9039899408813801,1.7683086106501175e-09,0,0.0005783458260836619,0.003993805249085309,1.620731381990481e-05,1.0022928734940926
0.0499375,99,physics,0,13798,62632.022920002884,154670.8589175912,529.3583870602048,217832.2402246543,8512.358345799505,0.003439444987474841,21.06422047714147,267.2750709728482,0.9039898828721674,8.56398063575601e-10,0,0.0002788706932466282,0.00402234797591922,1.620731381990481e-05,1.002295382632282
0.05,99,physics,0,13798,62812.39537810746,154666.21088142978,546.4708712313193,218025.07713076856,8535.621606626408,0.003448844580682845,21.071530075947035,267.25975628228684,0.9039898359455023,6.421529974431966e-11,0,2.0818390731155492e-05,0.004051186973890982,1.620731381990481e-05,1.002299863251815
0.05,100,refine,0,14286,62812.39537810745,154666.21088142978,546.4708712313193,218025.07713076854,8535.621606626408,0.003448844580682845,21.071530075947035,267.25975628228684,0.9039898359455023,1.1146639167285193e-11,0,8.148260397448569e-06,0.0038219500382678322,1.620731381990481e-05,1.002299863251815
0.0500625,100,physics,0,14286,62994.66452744769,154667.93614379328,564.4413600527032,218227.04203129368,8559.06164964257,0.003458315603286472,21.112422034323345,267.2699656134606,0.9039899440525538,-1.1236744867915655e-10,1,-0.00014035012937079158,0.0038307892158915106,1.620731381990481e-05,1.002303626987702
0.050125,100,physics,0,14286,63171.860749728614,154678.5876897053,583.3668236953386,218433.81526312928,8582.625233384093,0.003467836542906845,21.114931554021876,267.2668050037555,0.9039898788798559,-1.792646031617479e-10,1,-0.00022287753019239846,0.003839610628937283,1.620731381990481e-05,1.002306673831867
0.0501875,100,physics,0,14286,63341.10025840232,154696.5916717726,603.245938038811,218640.93786821372,8606.29432559514,0.0034774001135532925,21.114332344336137,267.2698011197221,0.9039900349413545,-2.814122268546279e-10,1,-0.0003482419158375747,0.0038548949079348755,1.620731381990481e-05,1.002312050638281
0.05025,100,physics,0,14286,63513.46194972794,154723.2301324935,624.111740139596,218860.80382236105,8630.17639354784,0.00348704973771295,21.118526665741996,267.2579822941931,0.9039898390367946,-4.011653231828055e-10,1,-0.000494112805235481,0.0038824345290799224,1.620731381990481e-05,1.0023138429134955
0.0503125,100,physics,0,14286,63682.476727682304,154758.6964329565,645.9978370319977,219087.1709976708,8654.222897284788,0.003496765802665392,21.12383916071322,267.2689782283395,0.9039899645397427,-5.137898995144581e-10,1,-0.0006298046058564852,0.003910228164023481,1.620731381990481e-05,1.0023185028440516
0.050375,100,physics,0,14286,63856.17015612093,154802.68542982222,668.9321234036738,219327.78770934683,8678.51264683294,0.003506580151847968,21.127284767962475,267.27357757785484,0.9039898323436931,-6.342926184288454e-10,1,-0.000773770636870878,0.003938290701156048,1.620731381990481e-05,1.002324058943414
0.0504375,100,physics,0,14286,64033.16269158067,154856.86051845824,692.9488995959429,219582.97210963484,8703.043427971132,0.0035164918905968997,21.1253159561456,267.2754483577526,0.9039899307400927,-7.669473944815818e-10,1,-0.0009310303032670255,0.003966577425825112,1.620731381990481e-05,1.0023296150735754
0.0505,100,physics,0,14286,64212.16700317253,154919.7162636302,718.0806762827599,219849.9639430855,8727.810870204656,0.003526499253000826,21.113128191412578,267.29476620781554,0.9039899364349967,-8.691949382466632e-10,1,-0.001049908558271435,0.003995036172546906,1.620731381990481e-05,1.0023351712345359
0.0505,101,refine,0,14765,64212.16700317254,154919.7162636302,718.0806762827599,219849.9639430855,8727.810870204657,0.003526499253000826,21.113128191412578,267.29476620781554,0.9039899364349967,-8.691949382466632e-10,1,-0.001049908558271435,0.0038287923823643985,1.620731381990481e-05,1.0023351712345359
0.0505625,101,physics,0,14765,64396.529331502556,154997.61387702107,744.4399447981667,220138.5831533218,8752.882558867346,0.003536629547125174,21.10827685028859,267.2798130271579,0.9039898749459921,-9.869229877779042e-10,1,-0.0011861322444899377,0.0038357550851325513,1.620731381990481e-05,1.002342161287233
0.050625,101,physics,0,14765,64589.10691059599,155088.5940886314,772.151425789109,220449.8524250165,8778.275494476175,0.0035468896420807828,21.10325527886817,267.2925378718939,0.9039898894879279,-1.1168510560821528e-09,1,-0.0013354638934275345,0.0038541541986022447,1.620731381990481e-05,1.0023452082485358
0.0506875,101,physics,0,14765,64782.78122889802,155190.8589920319,801.3026238475993,220774.9428447775,8803.948322872257,0.0035572628285923495,21.099706682019683,267.2788920101767,0.9039900370465607,-1.2669234550344361e-09,1,-0.0015070988097262237,0.0038793322622756973,1.620731381990481e-05,1.0023471798166674
0.05075,101,physics,0,14765,64972.81212961839,155307.81612298393,831.9728181048577,221112.6010707072,8829.86521297001,0.003567734628996403,21.09503467993073,267.2747711668739,0.9039899988369287,-1.3699330558836236e-09,1,-0.0016210911022051834,0.003904499533529485,1.620731381990481e-05,1.0023498683249148
0.050812500000000003,101,physics,0,14765,65173.55211881432,155437.47822169453,864.2638379881678,221475.29417849702,8856.170496732691,0.003578363361073902,21.086924128098037,267.3070264526958,0.9039900868761831,-1.4681020843454425e-09,1,-0.0017280436542380087,0.003929603551968401,1.620731381990481e-05,1.0023557830684422
0.050875000000000004,101,physics,0,14765,65371.00773361464,155581.69124414903,898.2451461457102,221850.9441239094,8882.750234773706,0.003589102987260585,21.072925366613735,267.2741574443053,0.9039897879567041,-1.5935190944560426e-09,1,-0.0018655829309708355,0.0039546670636938985,1.620731381990481e-05,1.0023590093068953
0.050937500000000004,101,physics,0,14765,65574.56216348466,155738.07906537436,934.023289315065,222246.66451817408,8909.70537774271,0.0035999942969810452,21.050071386264776,267.26986550717305,0.9039899253592828,-1.7472014945951981e-09,1,-0.0020343214604422264,0.003979668572231056,1.620731381990481e-05,1.0023651033411942
0.051000000000000004,101,physics,0,14765,65780.91769739063,155908.69143811188,971.674203209499,222661.283338712,8937.014976488566,0.003611028825665307,21.02200182183529,267.2825671802561,0.9039898175207773,-1.8405277302235918e-09,1,-0.002131100139035617,0.004004625604401767,1.620731381990481e-05,1.0023676126602037
0.051000000000000004,102,refine,0,15298,65780.91769739063,155908.69143811185,971.6742032094991,222661.28333871198,8937.014976488566,0.003611028825665307,21.02200182183529,267.2825671802561,0.9039898175207773,-1.8405277302235918e-09,1,-0.002131100139035617,0.0038367691313245405,1.620731381990481e-05,1.0023676126602037
0.051062500000000004,102,physics,0,15298,65980.09881758684,156105.55278225514,1011.2938431590894,223096.94544300108,8964.673537607647,0.0036222043536865093,20.99743855469137,267.30402606237993,0.9039899768350314,-2.01409644517978e-09,1,-0.0023187648215571366,0.003847294369647908,1.620731381990481e-05,1.0023746029391398
0.051125000000000004,102,physics,0,15298,66183.3193644087,156320.81649397244,1053.07496014984,223557.210818531,8992.752472446238,0.0036335497350214858,20.987860599162058,267.27824934336934,0.9039898136001342,-2.1715251818932504e-09,1,-0.0024857274498283092,0.0038577537189995632,1.620731381990481e-05,1.00237926315218
0.051187500000000004,102,physics,0,15298,66384.66714246833,156556.28419724456,1097.0458473680424,224037.99718708094,9021.224335258557,0.0036450538801333014,20.984654825606583,267.2763316888797,0.903989923875602,-2.2853456904670222e-09,1,-0.0026007875025107134,0.003868194324838951,1.620731381990481e-05,1.00238320642629
0.051250000000000004,102,physics,0,15298,66580.18582034144,156812.45010774417,1143.27787996738,224535.91380805298,9050.07143681027,0.0036567096416290205,20.98446897500461,267.2895233857367,0.9039898488839377,-2.395321274661915e-09,1,-0.00270978394865997,0.00387859178621324,1.620731381990481e-05,1.0023851780691626
0.051312500000000004,102,physics,0,15298,66794.27099101595,157091.79376265412,1191.8978634930859,225077.96261716317,9079.527791691136,0.0036686115738364545,20.989518575885743,267.28699657641323,0.9039898942261566,-2.5686572868721855e-09,1,-0.0028883775244201797,0.0038908829806184697,1.620731381990481e-05,1.0023912722625594
0.051375000000000004,102,physics,0,15298,66999.38026476404,157393.13009114208,1243.0600426060482,225635.57039851218,9109.386645449378,0.0036806761369712936,21.000556772877264,267.30919753898934,0.9039899887434515,-2.7156570325814743e-09,1,-0.0030349193938737054,0.0039182937524625105,1.620731381990481e-05,1.002393243921297
0.051437500000000004,102,physics,0,15298,67226.35939028283,157720.90069750187,1296.9399478308796,226244.2000356156,9139.928953618552,0.0036930168519979096,21.01250775291097,267.3036814801505,0.9039900449231476,-2.842841517747271e-09,1,-0.00315718981121459,0.0039458831434019395,1.620731381990481e-05,1.0023989796778572
0.051500000000000004,102,physics,0,15298,67447.37333773365,158073.5188827417,1353.6843907322645,226874.5766112076,9170.94717074756,0.0037055498595240013,21.021865207738333,267.3020166109378,0.9039898241178909,-3.024546835206358e-09,1,-0.0033376371270716267,0.003973650978249219,1.620731381990481e-05,1.0024047154672375
0.051500000000000004,103,refine,0,15905,67447.37333773365,158073.5188827417,1353.6843907322645,226874.5766112076,9170.94717074756,0.003705549859524001,21.021865207738333,267.3020166109378,0.9039898241178909,-3.024546835206358e-09,1,-0.0033376371270716267,0.0038239400127438516,1.533735849079676e-05,1.0024047154672375
0.051562500000000004,103,physics,0,15905,67677.60766117138,158452.4475205281,1413.4467466816868,227543.50192838119,9202.6036366784,0.0037183407534747293,21.02915335539051,267.293602856789,0.9039900513298288,-3.2142208894470295e-09,1,-0.0035239190804006444,0.0038342283011823467,1.533735849079676e-05,1.0024106305344112
0.051625000000000004,103,physics,0,15905,67904.82856117231,158860.7243508862,1476.5885787017678,228242.14149076026,9234.820236670126,0.0037313579713415808,21.035386619301843,267.32124044045577,0.9039899803562585,-3.373778589832448e-09,1,-0.0036743274644899498,0.0038444791550298913,1.533735849079676e-05,1.0024152909149497
0.051687500000000004,103,physics,0,15905,68149.48224892186,159299.81231835223,1543.282715860671,228992.57728313477,9267.80325367025,0.003744684862396654,21.04148698958709,267.2676643243613,0.903989997815885,-3.524478930927468e-09,1,-0.003812622760392349,0.003871093682823092,1.533735849079676e-05,1.0024152909149497
0.051750000000000004,103,physics,0,15905,68395.28766727744,159770.43563592574,1613.7249758982907,229779.44827910146,9301.446340567509,0.0037582784567543027,21.046993167649582,267.3218552567291,0.9039899683373209,-3.7041840705853433e-09,1,-0.0039795882906380805,0.0038986468626756917,1.533735849079676e-05,1.0024183380985552
0.051812500000000004,103,physics,0,15905,68640.62110895898,160272.72077114205,1688.0901402215,230601.4320203225,9335.770303271342,0.003772147161109572,21.05235189829455,267.2720047651948,0.9039901160549906,-3.908076084968553e-09,1,-0.004169229281490675,0.00392640880930876,1.533735849079676e-05,1.0024242532461143
0.051875000000000004,103,physics,0,15905,68883.25770648518,160809.40543468224,1766.591265873395,231459.25440704083,9370.78220005568,0.0037862938273778867,21.05347558809217,267.3033451896974,0.9039899516928848,-4.140278342390492e-09,1,-0.004385479817001603,0.003954442832135701,1.533735849079676e-05,1.0024285551935352
0.051937500000000004,103,physics,0,15905,69119.93657035523,161380.2722706622,1849.1114727872966,232349.32031380472,9406.49106911935,0.0038007221074736605,21.050518406582526,267.2745547206723,0.9039898459400717,-4.330236169636253e-09,3,-0.004553251637449089,0.003982760096998274,1.533735849079676e-05,1.0024326779104713
0.052000000000000005,103,physics,0,15905,69356.19973064185,161987.56788748785,1935.6723821399296,233279.44000026962,9442.969783365228,0.0038154614459197985,21.038854107799022,267.321209667749,0.9039901241764177,-4.713791135202353e-09,3,-0.004659493098179122,0.004011328483602434,1.533735849079676e-05,1.0024360836459463
0.052000000000000005,104,refine,1,16384,69356.19973064185,161987.56788748785,1935.6723821399291,233279.44000026962,9442.969783365228,0.0038154614459197994,21.038854107799022,267.321209667749,0.9039901241764177,-4.4643337915318005e-09,4,-0.004659493098179122,0.00400580539635626,1.3794218830298632e-05,1.0024360836459463
0.0520625,104,physics,1,16384,65651.9746051122,161696.79937375028,1988.6993928060901,229337.4733716686,9442.969783365228,0.0038154614459197994,20.97198665176044,265.54767265163144,0.9045812020722858,-4.705041689589945e-09,4,-0.004873349444397856,0.004034328632066572,1.3794218830298632e-05,1.0024378761429493
0.052125,104,physics,1,16384,62045.98858664822,161365.81471558526,1998.4313353399223,225410.23463757342,9442.969783365228,0.0038154614459197994,20.80003108785362,264.0375715897005,0.905124146481184,-4.949299636791682e-09,5,-0.00508633687336321,0.004063091253431753,1.3794218830298632e-05,1.0024425366501573
0.0521875,104,physics,1,16384,58536.26565552397,160990.80748228365,1988.7194077600216,221515.79254556762,9442.969783365228,0.0038154614459197994,20.546570258951714,262.68836665802894,0.9056089692480118,-5.1609463369572975e-09,6,-0.0052610654990023755,0.004092032400832136,1.3794218830298632e-05,1.002444687660792
0.05225,104,physics,1,16384,55117.06244037721,160568.62457023893,1975.7964154970819,217661.4834261132,9442.969783365228,0.0038154614459197994,20.231147626578732,261.5279169939122,0.9060261854338044,-5.415381476581153e-09,6,-0.005473879084505412,0.004121153336825661,1.3794218830298632e-05,1.0024471971790327
0.0523125,104,physics,1,16384,51789.86214543633,160095.12987339555,1961.982712598366,213846.97473143027,9442.969783365228,0.0038154614459197994,19.87594452082213,260.5178828630324,0.9063894853459895,-5.990845153291945e-09,6,-0.005756330992190693,0.004150215057137348,1.3794218830298632e-05,1.0024489896959083
0.052375,104,physics,1,16384,48563.22146316574,159565.02290172828,1940.6624005166682,210068.9067654107,9442.969783365228,0.0038154614459197994,19.494740782114707,259.54420852090277,0.9067400843583504,-7.110063648951834e-09,6,-0.005921966724573356,0.004179158633965421,1.3794218830298632e-05,1.0024543672657662
0.0524375,104,physics,1,16384,45445.52441929453,158964.5469835684,1906.6514992997934,206316.72290216273,9442.969783365228,0.0038154614459197994,19.092071278754382,258.44944718741203,0.9071337881862578,-8.233338455454501e-09,6,-0.006129252442661459,0.004207625875775713,1.3794218830298632e-05,1.0024581315818313
0.0525,104,physics,1,16384,42438.35346325521,158219.24897085744,1866.9729178555556,202524.5753519682,9442.969783365228,0.0038154614459197994,18.747148144654677,257.05933982943725,0.9076331667883504,-9.135550982364282e-09,7,-0.0063784632327668995,0.004235436645355618,1.3794218830298632e-05,1.0024611788956654
