t,macro,phase,capacity_blocked,samples,elastic_energy,kinetic_energy,affine_kinetic_energy,total_energy,mass,grown_rest_area,max_speed,max_volumetric_pressure,min_elastic_det,min_triangle_area,inverted_triangles,min_triangle_quality,max_edge,min_weight,max_hardening
0.0,0,initial,0,40,0.0,0.0,0.0,0.0,50.00000059604645,2.020265648638997e-05,0.0,-0.0,1.0,3.695373642642604e-07,0,0.6193306435154042,0.001783800070510901,0.3658304810523987,1.0
0.0,0,refine,0,40,0.0,0.0,0.0,0.0,50.00000059604645,2.020265648638997e-05,0.0,-0.0,1.0,3.695373642642604e-07,0,0.6193306435154042,0.001783800070510901,0.3658304810523987,1.0
6.25e-05,0,physics,0,40,1.426157310669376,0.008201566093739485,0.0805741527288453,1.5149330294919607,50.37621956129397,2.035466893494904e-05,0.031569694834369735,19.666554664049936,0.9929200048729808,3.6960792648699226e-07,0,0.619315831781584,0.0017841561587511486,0.3658304810523987,0.9999989271169696
0.000125,0,physics,0,40,4.324507932017047,0.1207717117492384,1.1820900156332195,5.6273696593995055,50.755270005100556,2.050782545126804e-05,0.12111020289352945,33.188989071965295,0.9880518228584213,3.7049292345159286e-07,0,0.619343872990615,0.001786506682590333,0.3658304810523987,1.000002503398214
0.0001875,0,physics,0,40,5.989497134496274,0.49313426639640334,4.780689752068399,11.263321152961076,51.13717210704264,2.066213418896784e-05,0.24517691252790694,36.63257128909776,0.9868120479516671,3.727463475655674e-07,0,0.61909563252621,0.0017925346020678332,0.3658304810523987,1.0000032186559977
0.00025,0,physics,0,40,5.049264951182122,1.1369965109778555,10.8402560935153,17.026517555675277,51.521938846284044,2.0817600392320198e-05,0.373551319996682,29.138498002056224,0.9895098893680253,3.76565107984561e-07,0,0.6190929540231336,0.0018027489964441063,0.3658304810523987,0.9999996423721953
0.0003125,0,physics,0,40,2.623511393680575,1.8316733691655736,17.061089345340527,21.516274108186675,51.90960713658845,2.0974238976446643e-05,0.4758535307912876,13.072952077301455,0.995293602602988,3.815531766093727e-07,0,0.6189444143070477,0.0018162625846647358,0.3658304810523987,0.9999964237277084
0.000375,0,physics,0,40,1.0187776629053387,2.2487888002144008,20.375318279162894,23.642884742282632,52.30018530462688,2.113205330576463e-05,0.5279540921054097,-6.643849119136474,1.002391850691833,3.8711373129274307e-07,0,0.6184946537443466,0.0018312411852917274,0.3658304810523987,0.9999971389811435
0.0004375,0,physics,0,40,1.418169850060763,2.189818142204368,19.3006494479529,22.90863744021803,52.693704692724744,2.129105604423868e-05,0.5178832367526288,-23.903445510869723,1.0086055142834383,3.9240124216632895e-07,0,0.6180053309918119,0.0018462113178481503,0.3658304810523987,0.9999989271169696
0.0005,0,physics,0,40,2.910944740620657,1.7316239689204305,14.952508886488818,19.595077596029906,53.090186147775285,2.1451255615121153e-05,0.45024631894162725,-33.26711743730633,1.011976552037627,3.966701465074604e-07,0,0.6173952705186242,0.0018584537621735419,0.3658304810523987,1.000003933914293
0.0005,1,refine,0,40,2.910944740620657,1.7316239689204305,14.952508886488818,19.595077596029906,53.090186147775285,2.1451255615121153e-05,0.45024631894162725,-33.26711743730633,1.011976552037627,3.966701465074604e-07,0,0.6173952705186242,0.0018584537621735419,0.3658304810523987,1.000003933914293
0.0005625000000000001,1,physics,0,40,3.785903942443216,1.1375325883267786,9.77957452455204,14.703011055322033,53.489668858408876,2.161266785270062e-05,0.3458328380918225,-31.797419950116673,1.0114473782205349,3.9946054197770266e-07,0,0.6166217821735773,0.0018675578419952827,0.3658304810523987,1.0000051856175407
0.000625,1,physics,0,40,3.464001862965823,0.6343164226330281,5.537854732016341,9.636173017615192,53.892107012155954,2.1775274246305577e-05,0.235203056712325,-20.104695548340988,1.0072378275838918,4.009554066541907e-07,0,0.6163126406726197,0.0018725925399183088,0.3658304810523987,1.0000110865253833
0.0006875,1,physics,0,40,2.8198528239926883,0.29534731734957453,2.6195124958242513,5.734712637166514,54.297594989744674,2.193911293076418e-05,0.1485738992380233,-2.065081115417009,1.0007434435587228,4.0137853751787123e-07,0,0.6158907300652465,0.0018752148721552812,0.3658304810523987,1.0000168086510905
0.00075,1,physics,0,40,2.7840069236111207,0.11566042550564692,0.9807204787491888,3.880387827865956,54.706138528079265,2.2104186224090507e-05,0.1063681254818959,16.546818464547105,0.994043034574197,4.0170069137701603e-07,0,0.6153365266869663,0.0018771261843121161,0.3658304810523987,1.0000169874680465
0.0008125000000000001,1,physics,0,40,3.1498879075883086,0.1243433787975412,1.0324065552498174,4.306637841635667,55.11774592925562,2.227049748077234e-05,0.11462012033191836,30.005357990206523,0.9891979552307799,4.0273562262882473e-07,0,0.6152092993712255,0.0018801210562987408,0.3658304810523987,1.000015199299926
0.000875,1,physics,0,40,3.0379030353465017,0.36855467410440196,3.229711992065559,6.636169701516463,55.53248575080647,2.2438074401695048e-05,0.16513548473188347,34.350338115252086,0.9876338517436622,4.05107401846294e-07,0,0.6150915349615513,0.0018860041093419233,0.3658304810523987,1.0000155569332942
0.0009375,1,physics,0,40,2.2678497721236983,0.8023672149324964,6.990077402417026,10.06029438947322,55.95033099854136,2.2606906079771613e-05,0.23965090241550377,28.405659608557638,0.9897739076840324,4.0903340803311e-07,0,0.6150118590109218,0.001895275710605019,0.3658304810523987,1.000018954456672
0.001,1,physics,0,40,1.8135997182499823,1.2462050515212093,10.525414047529182,13.585218817300373,56.37132072073699,2.277700829258024e-05,0.3164494160367848,14.086267154774253,0.994928889417459,4.1427666985782676e-07,0,0.6150973866275159,0.0019073502570383786,0.3658304810523987,1.0000180603704534
0.001,2,refine,0,40,1.8135997182499823,1.2462050515212093,10.525414047529182,13.585218817300373,56.37132072073699,2.277700829258024e-05,0.3164494160367848,14.086267154774253,0.994928889417459,4.1427666985782676e-07,0,0.6150973866275159,0.0019073502570383786,0.3658304810523987,1.0000180603704534
0.0010625,2,physics,0,40,2.648840056661315,1.5044122174075838,12.146999248035184,16.300251522104084,56.79546345561846,2.294838449001744e-05,0.37629518639896264,-4.165651197395368,1.0014996403304957,4.20154457003719e-07,0,0.6150196469414222,0.0019213292011479362,0.3658304810523987,1.00001984854369
0.0011250000000000001,2,physics,0,40,4.299103836713771,1.5360286199427715,11.793361926248561,17.628494382905103,57.222815161068844,2.312105728204076e-05,0.40728294567052237,-20.63532891895373,1.007428715754107,4.2584818871205175e-07,0,0.6146133021803648,0.0019355122530851777,0.3658304810523987,1.0000259283566113
0.0011875,2,physics,0,40,5.008452614681815,1.4795831307031517,11.0033519729492,17.491387718334167,57.65337353355809,2.3295025737901685e-05,0.40760421348035253,-30.127385186373296,1.010845940121808,4.303776535152791e-07,0,0.6140552478124849,0.0019481668828316447,0.3658304810523987,1.0000300411921943
0.00125,2,physics,0,40,3.6527130275745057,1.4818936745386813,11.163046857754498,16.297653559867683,58.08717139254168,2.347030311840376e-05,0.38518383392473765,-29.696466262090997,1.0106906972679788,4.3349569978090585e-07,0,0.6131000749603219,0.0019581344626797568,0.3658304810523987,1.0000382669141055
0.0013125,2,physics,0,40,1.2510299732249046,1.5273380904997251,11.957814707687959,14.736182771412588,58.52422826746914,2.364689731448208e-05,0.35392376735435727,-19.64020954189423,1.0070704248632816,4.3523772319531386e-07,0,0.6118493391187281,0.001965175698967937,0.3658304810523987,1.00004112805063
0.001375,2,physics,0,40,0.1295639130777118,1.4813501268410483,11.855253112354728,13.466167152273488,58.96457985360846,2.382482274892122e-05,0.32774246296826437,-3.3558517178648217,1.0012080958171647,4.3601284005490036e-07,0,0.6103695713752078,0.0019707647608528593,0.3658304810523987,1.0000493538637358
0.0014375,2,physics,0,40,1.5017855131423183,1.28821348690516,10.084116665998351,12.87411566604583,59.40825006352789,2.4004089083669114e-05,0.3155826968110585,13.92199992059504,0.9949881248384419,4.364495440611902e-07,0,0.6090557795104126,0.00197599641185033,0.3658304810523987,1.000051499739152
0.0015,2,physics,0,40,4.146011892306896,1.0716160229027727,7.763230712822648,12.980858628032315,59.855259654643135,2.418470470582446e-05,0.31878126329751816,26.88355988312769,0.9903220084315993,4.375450233240485e-07,0,0.6076475457951314,0.0019822477735992345,0.3658304810523987,1.0000525726785867
0.0015,3,refine,0,40,4.146011892306896,1.0716160229027727,7.763230712822648,12.980858628032315,59.855259654643135,2.418470470582446e-05,0.31878126329751816,26.88355988312769,0.9903220084315993,4.375450233240485e-07,0,0.6076475457951314,0.0019822477735992345,0.3658304810523987,1.0000525726785867
0.0015625,3,physics,0,40,5.577432967273122,1.0231940291118515,6.898832242444854,13.499459238829829,60.30562895225598,2.4366677827888948e-05,0.33155446053626286,31.704379750295896,0.9885866812868915,4.4006959853959394e-07,0,0.6063813247007406,0.001991119116594094,0.3658304810523987,1.0000559703277245
0.0016250000000000001,3,physics,0,40,4.465260820300941,1.2023666492942375,8.307237067135254,13.974864536730433,60.759395618112585,2.455002366720881e-05,0.3437494810731493,27.0616073019869,0.9902577238167081,4.4412216038125497e-07,0,0.6052843122309224,0.00200260455210104,0.3658304810523987,1.0000581162173379
0.0016875,3,physics,0,40,1.89424246464346,1.4507717694974813,10.612371881526187,13.957386115667127,61.21658240083007,2.4734751415433853e-05,0.3450418440174594,14.414122725636433,0.9948109909765518,4.4947829458408224e-07,0,0.6046134990544932,0.0020163469016792864,0.3658304810523987,1.000060083286862
0.00175,3,physics,0,40,0.2782571632316022,1.5113834612961539,11.383102781086137,13.172743405613893,61.677197023881945,2.4920864193257718e-05,0.32929251223622225,-2.399291787245507,1.0008637149262518,4.5560307615488677e-07,0,0.6040776663375789,0.0020309030780862095,0.3658304810523987,1.0000595468129716
0.0018125,3,physics,0,40,1.0071257808719918,1.2594177154105224,9.395972724174774,11.662516220457288,62.14127507485752,2.5108376379957045e-05,0.29765916862120184,-18.21127038436636,1.0065558041233502,4.6151116261938875e-07,0,0.6037981803102294,0.002044731352701349,0.3658304810523987,1.0000684880820485
0.001875,3,physics,0,40,3.156947085661234,0.8335818319498487,5.850620091021005,9.841149008632087,62.608848904610966,2.529730104699556e-05,0.2594044901779317,-28.043901813719945,1.0100954562997662,4.666628798943863e-07,0,0.6037645620561359,0.0020562040074831958,0.3658304810523987,1.0000747470179674
0.0019375,3,physics,0,40,4.580565518005486,0.525336810015835,3.3024682819305404,8.408370609951861,63.07993833424074,2.5487646203150063e-05,0.22943659782981893,-28.759140428455165,1.0103528684635714,4.7025779004172834e-07,0,0.6033263295729245,0.002065168964353028,0.3658304810523987,1.0000759988098518
0.002,3,physics,0,40,4.1714193576314695,0.530445385305135,3.404986552955699,8.106851295892303,63.55458325170734,2.5679427965275617e-05,0.22307242984315856,-20.139599040553858,1.0072499419212768,4.722460147377211e-07,0,0.6025662928501138,0.0020717644869521004,0.3658304810523987,1.0000785023983212
0.002,4,refine,0,40,4.1714193576314695,0.530445385305135,3.404986552955699,8.106851295892303,63.55458325170734,2.5679427965275617e-05,0.22307242984315856,-20.139599040553858,1.0072499419212768,4.722460147377211e-07,0,0.6025662928501138,0.0020717644869521004,0.3658304810523987,1.0000785023983212
0.0020625,4,physics,0,40,2.79574435292354,0.8267484197187803,5.781421675281591,9.403914447923912,64.03278614955033,2.587264734049061e-05,0.24986725090553918,-4.957210860204546,1.0017845429380976,4.731502540877836e-07,0,0.6014028588281014,0.0020769304672891226,0.3658304810523987,1.0000827942788502
0.002125,4,physics,0,40,2.031176131826774,1.284116483802476,8.95679305812561,12.27208567375486,64.51459508642735,2.6067323747045854e-05,0.3095036247732759,12.00132068320965,0.9956797207801363,4.738058603237504e-07,0,0.5997143943306305,0.0020819700877983756,0.3658304810523987,1.0000831519363922
0.0021875,4,physics,0,40,2.3712948037688304,1.8263777120511944,11.955115037883917,16.15278755370394,65.00003053634504,2.6263465457527734e-05,0.39122906315826395,25.51977433019403,0.9908133247823326,4.750323121527342e-07,0,0.5975782058280235,0.0020894961374619443,0.3658304810523987,1.0000831519363922
0.0022500000000000003,4,physics,0,40,2.959023262831059,2.4326182478392857,14.710303072404031,20.101944583074378,65.48912447511113,2.6461085391861218e-05,0.47612665185314146,31.568219381069905,0.9886359653032288,4.775690545244522e-07,0,0.5953882513813548,0.002100243510832863,0.3658304810523987,1.0000847613969148
0.0023125,4,physics,0,40,2.8798042099463648,3.005930629743194,17.155564440891162,23.04129928058072,65.98188940241515,2.6660188600585018e-05,0.541660798375709,28.379774018632666,0.9897837435464266,4.816728065293319e-07,0,0.5931388356914625,0.00211469455085745,0.3658304810523987,1.00008780149608
0.002375,4,physics,0,40,2.3165271739853126,3.311834495038498,18.411107153534118,24.03946882255793,66.47836685508065,2.686079186678244e-05,0.5675127958603928,16.913831814932028,0.9939114103225337,4.873500500934822e-07,0,0.5910094602190146,0.002132095925035619,0.3658304810523987,1.0000879803257303
0.0024375,4,physics,0,40,2.2225042617335706,3.1127598032378607,17.239508561954658,22.57477262692609,66.97858090033805,2.7062904914893116e-05,0.5416834337909263,0.5494717009095571,0.9998022038404656,4.940027098498938e-07,0,0.5892061766753094,0.0021508322045609204,0.3658304810523987,1.000092451077384
0.0025,4,physics,0,40,2.9822205856830464,2.395678870175045,13.364582236204278,18.74248169206237,67.48255176826628,2.726653591894368e-05,0.4654283231325961,-15.815783121855644,1.0056932696043837,5.006096603921155e-07,0,0.587906265610535,0.0021683311104616133,0.3658304810523987,1.0000972795116183
0.0025,5,refine,0,40,2.9822205856830464,2.395678870175045,13.364582236204278,18.74248169206237,67.48255176826628,2.726653591894368e-05,0.4654283231325961,-15.815783121855644,1.0056932696043837,5.006096603921155e-07,0,0.587906265610535,0.0021683311104616133,0.3658304810523987,1.0000972795116183
0.0025625,5,physics,0,40,3.7319693706127848,1.4481411970156408,8.146369552410505,13.32648012003893,67.99032130091302,2.7471701785344235e-05,0.35497236682751354,-27.202802763931874,1.009792222770794,5.063198678101346e-07,0,0.586973477268567,0.0021828503241599112,0.3658304810523987,1.000100856144599
0.002625,5,physics,0,40,3.305020147030328,0.6610619601373502,3.695616851841174,7.661698959008852,68.50190295238654,2.7678407950269294e-05,0.2382503506784463,-30.115763628864652,1.0108407250131592,5.106780394115164e-07,0,0.5864502131896083,0.002193679397000495,0.3658304810523987,1.0001049692883397
0.0026875000000000002,5,physics,0,40,1.7685276199213271,0.23891195091058945,1.2658181405391031,3.27325771137102,69.01732853798015,2.7886667268787534e-05,0.146983924209309,-23.679244450276858,1.008523733876504,5.133300948756416e-07,0,0.5860323463237649,0.0022003124629760163,0.3658304810523987,1.0001081882821974
0.00275,5,physics,0,40,0.6415747034209918,0.12450794617627682,0.64372232015474,1.4098049697520085,69.53663754554213,2.809649569608744e-05,0.10693355014631545,-9.926169315048831,1.0035730631439552,5.146372288322709e-07,0,0.5855096857000466,0.002204254797197159,0.3658304810523987,1.0001185606662186
0.0028125,5,physics,0,40,1.3447451791407259,0.20226945949718428,1.11447681612233,2.66149145476024,70.05985000922968,2.8307901327032834e-05,0.13033374432425143,6.9295603293615935,0.9975056103020346,5.153920632494644e-07,0,0.5851271052174375,0.0022071917940687854,0.3658304810523987,1.0001219585395484
0.002875,5,physics,0,40,3.560548556042118,0.5185861170917048,2.7305512614935754,6.809685934627398,70.5870116054208,2.8520902617306986e-05,0.21300661537996027,21.893625938354017,0.9921191374136606,5.164174829985773e-07,0,0.5842165666848239,0.0022114428850190234,0.3658304810523987,1.0001246410792792
0.0029375,5,physics,0,40,5.353836495650311,1.2538674007523196,6.309571740792481,12.917275637195111,71.11813596495222,2.873550507449204e-05,0.3364088116882429,30.68737443185418,0.988953728429039,5.186591689465558e-07,0,0.5831054375534327,0.0022191440837193628,0.3658304810523987,1.0001271447895197
0.003,5,physics,0,40,5.002518508990887,2.469122628111904,12.109819536268784,19.581460673371573,71.65325816458396,2.8951722871462542e-05,0.47266955290047485,30.881367461725205,0.9888839640125106,5.226009047731849e-07,0,0.5814074719134771,0.002231689082370875,0.3658304810523987,1.0001267871162445
0.003,6,refine,0,40,5.002518508990887,2.469122628111904,12.109819536268784,19.581460673371573,71.65325816458396,2.8951722871462542e-05,0.47266955290047485,30.881367461725205,0.9888839640125106,5.226009047731849e-07,0,0.5814074719134771,0.002231689082370875,0.3658304810523987,1.0001267871162445
0.0030625,6,physics,0,40,2.7085458469303054,3.8860113232042273,18.66146028206832,25.25601745220285,72.19240937992133,2.9169568604819206e-05,0.5908056417605059,22.513777369450093,0.9918959618365137,5.28132087396216e-07,0,0.5792803170117545,0.002248686327195477,0.3658304810523987,1.0001280389732672
0.003125,6,physics,0,40,0.4833760322835695,4.939744028718797,23.169038817484342,28.592158878486707,72.73561763253561,2.9389053596765514e-05,0.6633443026800804,8.027321126277855,0.9971104919909524,5.348942107019646e-07,0,0.5767245517014927,0.002269132963480624,0.3658304810523987,1.0001283966469903
0.0031875000000000002,6,physics,0,40,0.2634496914751523,5.116822621540167,23.378336849006068,28.758609162021386,73.28290814594386,2.961018803894231e-05,0.6727500390598877,-8.387335663277987,1.0030190893725568,5.422394568910256e-07,0,0.5740963319537337,0.0022905607876027717,0.3658304810523987,1.0001328675793193
0.0032500000000000003,6,physics,0,40,2.0633396999230285,4.329753002940007,19.293657161649577,25.686749864512613,73.83431785750659,2.9832986856005546e-05,0.6166364596215871,-21.924525867067473,1.0078918894104356,5.488820322696593e-07,0,0.57143285310515,0.00231138152177563,0.3658304810523987,1.0001344771198506
0.0033125,6,physics,0,40,4.021106394207712,2.992353665891397,13.131597724574007,20.145057784673117,74.38987928284669,3.005746318599427e-05,0.5094945063133802,-28.62363291284803,1.0103032144319146,5.543674879149302e-07,0,0.5689462104831428,0.002329091733487573,0.3658304810523987,1.0001385904018654
0.003375,6,physics,0,40,4.30811318451878,1.7054674986369514,7.545345910302837,13.558926593458569,74.94963094682254,3.028363259499789e-05,0.37950261854210593,-26.583611743498434,1.009568845950949,5.581625721617912e-07,0,0.5668130728841652,0.0023424848482732534,0.3658304810523987,1.0001448497765202
0.0034375,6,physics,0,40,2.8974578157108324,0.8415071905504634,3.864432816544626,7.603397822805922,75.51358907633278,3.051150163954556e-05,0.26035306177888584,-16.600892222128284,1.0059755315201575,5.602680710481424e-07,0,0.5649640800561384,0.0023513234020155886,0.3658304810523987,1.0001514668723228
0.0035,6,physics,0,40,1.3619280699586427,0.4164121179664517,1.9301626953551063,3.7085028832802007,76.08178978193561,3.0741084910221096e-05,0.18125265691228878,-1.8494292949340396,1.0006657041908211,5.613821905114946e-07,0,0.5634980493679574,0.002357069177689174,0.3658304810523987,1.0001629127630143
0.0035,7,refine,0,40,1.3619280699586427,0.4164121179664517,1.9301626953551063,3.7085028832802007,76.08178978193561,3.0741084910221096e-05,0.18125265691228878,-1.8494292949340396,1.0006657041908211,5.613821905114946e-07,0,0.5634980493679574,0.002357069177689174,0.3658304810523987,1.0001629127630143
0.0035625,7,physics,0,40,1.1113252906350848,0.30105329615404386,1.2723632156559408,2.6847418024450693,76.65427465686889,3.097239921290225e-05,0.15904305574581312,13.22621167546095,0.9952392218921626,5.627561030507879e-07,0,0.5627912230696979,0.0023615937669186015,0.3658304810523987,1.0001691722898907
0.003625,7,physics,0,40,2.077561316932496,0.4678547802508135,2.034624004276851,4.580040101460161,77.23107870516463,3.1205458691077515e-05,0.1950101283450227,24.295735574144683,0.9912547487651806,5.647755045856685e-07,0,0.5622155012670863,0.002367131747082704,0.3658304810523987,1.000169529978324
0.0036875000000000002,7,physics,0,40,3.1029819248824855,1.003916006532747,4.64975788325209,8.756655814667322,77.81221443664606,3.1440268399380084e-05,0.27640385028460795,28.34670076678641,0.9897966693236497,5.682104236015566e-07,0,0.5616666895357117,0.002375756103352567,0.3658304810523987,1.0001634492923543
0.00375,7,physics,0,40,3.3330419411043835,1.928432622630445,8.850463449141488,14.111938012876315,78.39772705795654,3.1676846603695513e-05,0.38135211414168724,24.475268790622,0.9911902029656792,5.732648276079996e-07,0,0.5610072907763624,0.002388028341507378,0.3658304810523987,1.000165774256154
0.0038125,7,physics,0,40,2.9965284930392264,3.050175204505382,13.319841272509136,19.366544970053745,78.98764989479716,3.191520676937737e-05,0.48492583263083033,14.029648086493536,0.9949500807467563,5.79781428200477e-07,0,0.5600322509794133,0.0024040048849720223,0.3658304810523987,1.0001652377255668
0.003875,7,physics,0,40,2.8418377632607523,4.0267303430900405,16.49585901813407,23.364427124484862,79.58200317338667,3.2155357068892635e-05,0.564983783146801,0.21036101778974384,0.9999242812587279,5.870680848119043e-07,0,0.5585276524263116,0.0024229285080640916,0.3658304810523987,1.000164522351898
0.0039375,7,physics,0,40,3.0557136679973924,4.57081760313058,17.721131221356426,25.3476624924844,80.18082695529502,3.239731368924378e-05,0.6070080217222249,-12.85003217976038,1.0046253225823178,5.943225378501895e-07,0,0.5564958713548981,0.002443070782738462,0.3658304810523987,1.000174001094534
0.004,7,physics,0,40,3.0189294113736835,4.608262606629895,17.503605361407594,25.13079737941117,80.78417383634107,3.2641097881935875e-05,0.6071034783809075,-21.302822276152234,1.0076678381400488,6.005601402847567e-07,0,0.5538504805010659,0.0024630261483003252,0.3658304810523987,1.0001811549220438
0.004,8,refine,0,40,3.0189294113736835,4.608262606629895,17.503605361407594,25.13079737941117,80.78417383634107,3.2641097881935875e-05,0.6071034783809075,-21.302822276152234,1.0076678381400488,6.005601402847567e-07,0,0.5538504805010659,0.0024630261483003252,0.3658304810523987,1.0001811549220438
0.0040625,8,physics,0,40,2.216374200145942,4.256219151457225,16.638899458885014,23.11149281048818,81.39202725543979,3.288670295541066e-05,0.5721531791753148,-22.759113153614333,1.0081919857133341,6.054094150442781e-07,0,0.5507391558325949,0.002480903350185696,0.3658304810523987,1.0001877722580463
0.004125,8,physics,0,40,1.138759030905189,3.683912284466691,15.268573164970075,20.091244480341956,82.00444556651021,3.313415248775147e-05,0.5168441066944213,-17.04328365317877,1.0061345958767252,6.087859549808172e-07,0,0.5474734759301004,0.0024967231726169374,0.3658304810523987,1.0001952838816994
0.0041875,8,physics,0,40,0.9436038084196261,3.026847169545778,13.011988277137675,16.98243925510308,82.6215253073593,3.338348548536089e-05,0.4585737539578258,-6.164705783364875,1.0022189262411643,6.108678878291589e-07,0,0.5439877799430451,0.0025098184761117985,0.3658304810523987,1.0002026167115852
0.00425,8,physics,0,40,2.1481455523841473,2.4092035954216793,9.968872812943406,14.526221960749233,83.24323101467691,3.363468761917767e-05,0.41202670622180493,6.402315335194071,0.9976955625083345,6.126838103526211e-07,0,0.5409251363594579,0.002521835936263442,0.3658304810523987,1.0002078033798187
0.0043125,8,physics,0,40,3.8478514975840996,1.9827293744830101,7.290023673186922,13.120604545254032,83.86961689339697,3.38877807908747e-05,0.38547464877810084,16.84977956027702,0.9939351270601273,6.149374396358102e-07,0,0.5384180764187821,0.0025333413588067458,0.3658304810523987,1.0002158517113606
0.004375,8,physics,0,40,4.437543519794967,1.8803578351215289,6.468524500582747,12.786425855499242,84.50071945417088,3.4142779752694846e-05,0.37964288033761046,22.15338591215776,0.9920261913403093,6.184856147228858e-07,0,0.5365499430094142,0.002545647948525288,0.3658304810523987,1.0002162094164877
0.0044375000000000005,8,physics,0,40,3.187914551228838,2.107581546122901,7.948608596718864,13.244104694070604,85.13657836858536,3.439970053406665e-05,0.3890087480083815,20.8866724558208,0.9924821530881822,6.235141496446769e-07,0,0.5353244740144957,0.0025592449362136153,0.3658304810523987,1.0002197864747957
0.0045000000000000005,8,physics,0,40,1.0938282466183438,2.490044444164393,10.469515938261203,14.05338862904394,85.77722077017731,3.465855409838047e-05,0.4048198975402322,13.56408364754117,0.9951178361438736,6.297661325760373e-07,0,0.5345132261516726,0.0025742316262362132,0.3658304810523987,1.0002174613854404
0.0045000000000000005,9,refine,0,40,1.0938282466183438,2.490044444164393,10.469515938261203,14.05338862904394,85.77722077017731,3.465855409838047e-05,0.4048198975402322,13.56408364754117,0.9951178361438736,6.297661325760373e-07,0,0.5345132261516726,0.0025742316262362132,0.3658304810523987,1.0002174613854404
0.0045625,9,physics,0,40,0.06780655296779861,2.7654516671551317,11.950299859977944,14.783558080100875,86.42268529198458,3.491935605543597e-05,0.4187740814069122,2.4766880393338924,0.9991085595341971,6.370851259873696e-07,0,0.5341399823370698,0.0025903914230428616,0.3658304810523987,1.0002215750087469
0.004625,9,physics,0,40,1.1365109111635272,2.7778608446764084,11.260150165008891,15.174521920848827,87.0729948744103,3.5182115674374806e-05,0.42624822592644257,-8.950648252479544,1.003221623829873,6.444466040811394e-07,0,0.533620407113843,0.0026073619546011302,0.3658304810523987,1.0002244366697208
0.0046875,9,physics,0,40,3.3822206361678715,2.6105690931100507,9.2528652470606,15.245654976338521,87.72820247746542,3.544685435385483e-05,0.4280015039256802,-17.162938144959725,1.006177470153975,6.512277632708681e-07,0,0.5325381126573441,0.002623709701750556,0.3658304810523987,1.0002299811611568
0.00475,9,physics,0,40,4.773739253137515,2.5193318772879936,8.003750398813253,15.296821529238763,88.38833728634617,3.571358388624582e-05,0.4297212942254033,-19.562482939385507,1.0070411515765403,6.567077348584853e-07,0,0.5309980486405715,0.00263898216769283,0.3658304810523987,1.0002357045393926
0.0048125,9,physics,0,40,4.134978913640866,2.7172282299924335,8.923335829953915,15.775542973587214,89.05344620029847,3.5982323221334634e-05,0.43944467972104334,-15.387558132346703,1.0055384344079596,6.606118359009366e-07,0,0.5288262829918772,0.0026529650135709605,0.3658304810523987,1.000241964521837
0.004875,9,physics,0,40,2.2316738027398593,3.2239576825545613,11.594962268330317,17.05059375362474,89.72355647624954,3.625308337236784e-05,0.4636633601083642,-5.947489716588503,1.0021406564394866,6.632989246746497e-07,0,0.526030654990107,0.002666628158433876,0.3658304810523987,1.0002471513941131
0.0049375,9,physics,0,40,0.8828223104249973,3.9135710459922537,14.407020935637147,19.203414292054397,90.39872075100493,3.6525885607411224e-05,0.5039951062111413,5.834795978486854,0.9978999192416886,6.655055582172046e-07,0,0.5228213728217438,0.002680251157315803,0.3658304810523987,1.0002528748705983
0.005,9,physics,0,40,1.1318759950604493,4.657835804003655,16.149607627006766,21.93931942607087,91.07896467257264,3.680074028962257e-05,0.5555008705283832,16.350589053079716,0.9941150676864254,6.679091546502034e-07,0,0.5190117617912048,0.002695811978279084,0.3658304810523987,1.0002568097796793
0.005,10,refine,0,40,1.1318759950604493,4.657835804003655,16.149607627006766,21.93931942607087,91.07896467257264,3.680074028962257e-05,0.5555008705283832,16.350589053079716,0.9941150676864254,6.679091546502034e-07,0,0.5190117617912048,0.002695811978279084,0.3658304810523987,1.0002568097796793
0.0050625,10,physics,0,40,2.394787129209,5.376959112242011,16.873794250034102,24.645540491485114,91.76432494978678,3.707766225132098e-05,0.6074008833403073,22.43204116280069,0.9919257719120852,6.71460782974975e-07,0,0.5155616860101793,0.002713433197530953,0.3658304810523987,1.0002614601467323
0.005125,10,physics,0,40,3.2864866882686163,5.963780738289058,17.307414906587653,26.557682333145326,92.45484132562508,3.735666755078084e-05,0.6456697973970059,22.228378026287874,0.9919991116827533,6.765087503524112e-07,0,0.5121484116489623,0.0027337945841190824,0.3658304810523987,1.000267183705093
0.0051875,10,physics,0,40,3.075643867797054,6.218826254111911,17.68133414584726,26.975804267756224,93.15054999251183,3.763777081166427e-05,0.657012171050238,15.69776946427503,0.9943497669398226,6.831180234811994e-07,0,0.5092010956239399,0.002756224382437156,0.3658304810523987,1.0002736227473958
0.00525,10,physics,0,40,2.260500955008047,5.9241887931714805,17.290751881758034,25.475441629937563,93.85148820947765,3.7920987088599066e-05,0.6331083114585689,4.622980702118837,0.9983361060403557,6.909479242089844e-07,0,0.5068617320315046,0.0027794317769022857,0.3658304810523987,1.0002766634206695
0.0053125,10,physics,0,40,1.8227395781937856,5.022789784071434,15.230756369082009,22.076285731347227,94.55769691561741,3.8206332923154404e-05,0.5740653528766879,-7.891929678923537,1.002840425183303,6.992421388574146e-07,0,0.5052088066650166,0.00280127977094629,0.3658304810523987,1.0002850700360582
0.0053750000000000004,10,physics,0,40,2.0829569560815933,3.7342112214092857,11.506020990667805,17.323189168158684,95.26921172958649,3.84938227071593e-05,0.48985685038884885,-18.219187464870814,1.0065573396090222,7.071460990104591e-07,0,0.5039672076461177,0.0028208944618151044,0.3658304810523987,1.0002929401230065
0.0054375000000000005,10,physics,0,40,2.428096708904433,2.4681079937040282,7.333048377059628,12.229253079668089,95.98609776829565,3.878348275130505e-05,0.39898758771409815,-23.27885440546004,1.0083784111976664,7.137117119526691e-07,0,0.5029883278046687,0.0028371276782822243,0.3658304810523987,1.0002977695251993
0.0055,10,physics,0,40,2.1751451799007437,1.5860706558556104,4.2956477453227375,8.056863581079092,96.70835909690082,3.907531469813065e-05,0.32412839690466,-21.47295288031708,1.007728346054022,7.186275787773878e-07,0,0.5020090047377721,0.002849956144165684,0.3658304810523987,1.0002983061268822
0.0055,11,refine,0,40,2.1751451799007437,1.5860706558556104,4.2956477453227375,8.056863581079092,96.70835909690082,3.907531469813065e-05,0.32412839690466,-21.47295288031708,1.007728346054022,7.186275787773878e-07,0,0.5020090047377721,0.002849956144165684,0.3658304810523987,1.0002983061268822
0.0055625,11,physics,0,40,1.524613703626503,1.232099670855358,3.222934949733234,5.979648324215095,97.43608013684987,3.9369352658385725e-05,0.28601607645101157,-13.203491398825523,1.0047520382335828,7.218843114387137e-07,0,0.5007866030830335,0.0028601238513130014,0.3658304810523987,1.0002995581985952
0.005625,11,physics,0,40,1.4248463223262666,1.3881214824169672,3.920974041649949,6.733941846393183,98.16927746462659,3.966560332985052e-05,0.29753679644672026,-0.7399646178146267,1.0002663170118902,7.240844448475064e-07,0,0.499301176885228,0.002869119361064558,0.3658304810523987,1.000300273668849
0.0056875,11,physics,0,40,2.4422704170884684,2.0629674189307536,5.88620217473101,10.391440010750232,98.90800050570766,3.99640866830433e-05,0.3600377909786282,12.461794095563931,0.9955149500512493,7.260995418256755e-07,0,0.49724091285716143,0.0028793212557462165,0.3658304810523987,1.0003045665011192
0.00575,11,physics,0,40,3.9313313543687993,3.36665532810149,9.027752808227419,16.325739490697707,99.65227698555952,4.026481392052538e-05,0.4629055028603532,22.772653593523554,0.9918039290142683,7.289434424961887e-07,0,0.494839064507763,0.0028923154179734214,0.3658304810523987,1.0003067129241627
0.0058125,11,physics,0,40,4.507388851063235,5.347554294091811,13.504945469845847,23.35988861500089,100.40215999421697,4.0567806493491286e-05,0.586025999146856,27.420060255228147,0.9901315046479823,7.332231102274988e-07,0,0.49213224440884035,0.0029093532786767036,0.3658304810523987,1.0003092170902015
0.005875,11,physics,0,40,3.4119759491796717,7.736970066099544,18.88277532368986,30.031721338969074,101.15768553334813,4.0873078948527525e-05,0.7041524169632086,25.15566261756839,0.9909464856660498,7.393450940362814e-07,0,0.48924683434307426,0.002931195551424166,0.3658304810523987,1.000313867700905
0.0059375,11,physics,0,40,1.382783529328204,9.87443310107049,23.645615115937225,34.90283174633592,101.91889462107463,4.118064785913428e-05,0.7922807944361653,16.557026112817162,0.994041143710891,7.47245783916384e-07,0,0.4861437762069731,0.002957044753168822,0.3658304810523987,1.000313867700905
0.006,11,physics,0,40,0.09916614614668252,10.963901722357502,25.808446718252824,36.87151458675701,102.68583234971578,4.149053144500412e-05,0.8310518471974067,3.890393505800413,0.9985997578277783,7.563585011638457e-07,0,0.48277689259688783,0.0029856041661242994,0.3658304810523987,1.0003183394623563
0.006,12,refine,0,40,0.09916614614668252,10.963901722357502,25.808446718252824,36.87151458675701,102.68583234971578,4.149053144500412e-05,0.8310518471974067,3.890393505800413,0.9985997578277783,7.563585011638457e-07,0,0.48277689259688783,0.0029856041661242994,0.3658304810523987,1.0003183394623563
0.0060625,12,physics,0,40,0.6436798738557536,10.533634888492928,24.262071311592628,35.43938607394131,103.45853621243609,4.180274485536729e-05,0.8114907232663736,-9.48477817607293,1.0034137674012291,7.657300815644416e-07,0,0.4793405284667288,0.0030148446305134436,0.3658304810523987,1.000326030938814
0.006125,12,physics,0,40,2.449696870986162,8.759504606685171,19.662318676667283,30.87152015433862,104.23705477523703,4.211730771346847e-05,0.7378045121129971,-19.979192003898003,1.0071909016499918,7.743649668157111e-07,0,0.4762362932574165,0.0030418544278777646,0.3658304810523987,1.00033318585373
0.0061875,12,physics,0,40,3.8136968339768478,6.368061720675637,13.997488065672677,24.179246620325163,105.02142509388902,4.243423499180749e-05,0.6270119899006881,-24.801447837371402,1.0089265082064207,7.815062872396088e-07,0,0.47353057183985453,0.003065439407836337,0.3658304810523987,1.0003430239453006
0.00625,12,physics,0,40,3.5159187572318022,4.179033037732449,9.194924536177249,16.8898763311415,105.81170453699794,4.275354987034883e-05,0.5049231052741926,-22.750052681225927,1.0081881636672014,7.869035965057951e-07,0,0.471136154167022,0.0030845649143523023,0.3658304810523987,1.0003496423522507
0.0063125,12,physics,0,40,1.941345356099296,2.6671193804236273,6.045156696015855,10.653621432538777,106.6079633075164,4.307528071481485e-05,0.3995019596873148,-14.553578759674982,1.005238046227353,7.905428311971723e-07,0,0.4691292997758855,0.003099314490452055,0.3658304810523987,1.0003517888720168
0.0063750000000000005,12,physics,0,40,0.6066982144206032,1.8859673922432802,4.326113139207341,6.818778745871224,107.41013503278818,4.3399400707126404e-05,0.333695931296563,-2.5749608702505653,1.000926760178386,7.93120555897531e-07,0,0.467153218215222,0.0031109373540564767,0.3658304810523987,1.0003614482679621
0.0064375000000000005,12,physics,0,40,0.6589597570715211,1.7237974396596834,3.7386813422429857,6.12143853897419,108.21840891097754,4.372598629339303e-05,0.3201014511192049,9.885651624250038,0.9964420447688656,7.954574270385697e-07,0,0.46569535123966266,0.0031217707552644207,0.3658304810523987,1.000363594813061
0.006500000000000001,12,physics,0,40,1.8867760864035847,2.1653034818154264,4.5160425345306665,8.568122102749678,109.0327855898457,4.40550377353446e-05,0.3589303494943906,19.57036991367407,0.9929563723988655,7.986746526356105e-07,0,0.4642660996640263,0.0031334415892061976,0.3658304810523987,1.0003614482679621
0.006500000000000001,13,refine,0,40,1.8867760864035847,2.1653034818154264,4.5160425345306665,8.568122102749678,109.0327855898457,4.40550377353446e-05,0.3589303494943906,19.57036991367407,0.9929563723988655,7.986746526356105e-07,0,0.4642660996640263,0.0031334415892061976,0.3658304810523987,1.0003614482679621
0.0065625,13,physics,0,40,3.1192734797354316,3.301088732858351,7.083860204798983,13.504222417392764,109.85326258632445,4.438655402968968e-05,0.4392133018210104,24.101103986218455,0.9913257386634363,8.033050029609953e-07,0,0.4628918490873526,0.003147378395656678,0.3658304810523987,1.0003684245563738
0.006625,13,physics,0,40,3.445476803803045,5.1225270459833965,11.246677245682005,19.814681095468444,110.67987346819629,4.472054873959568e-05,0.5423884263659288,22.571479392608683,0.9918763013559598,8.098179309357084e-07,0,0.4615602070495761,0.0031652745391510906,0.3658304810523987,1.0003746853694473
0.0066875,13,physics,0,40,2.9744921627031493,7.342243340125883,15.873568515542429,26.190304018371464,111.51274249507094,4.505707207254624e-05,0.6469910393270712,15.681770778822829,0.9943560099325034,8.179950796716178e-07,0,0.46005410814547404,0.0031869744417199826,0.3658304810523987,1.00037450648853
0.00675,13,physics,0,40,2.4724258526131315,9.432783583195041,19.505438637746483,31.410648073554654,112.35187822642185,4.539612748702335e-05,0.7333727128084082,5.513156839652684,0.9980157812671502,8.271918030544607e-07,0,0.45820616710426854,0.0032120072443006823,0.3658304810523987,1.0003768319429498
0.0068125,13,physics,0,40,2.399687097025091,10.868061592753882,21.334866768542895,34.602615458321864,113.1973135912614,4.573772828809736e-05,0.7876422221903636,-5.052298857052443,1.0018183443584117,8.367044053159134e-07,0,0.45593634157374957,0.003239319026042439,0.3658304810523987,1.0003825561614752
0.006875,13,physics,0,40,2.44224599255039,11.376165963268406,21.596405082471595,35.414817038290394,114.04912427973059,4.6081905058606234e-05,0.8041954188652121,-13.12357084861816,1.0047232100239063,8.453888256099166e-07,0,0.45300030364614946,0.003267065559958422,0.3658304810523987,1.0003897114806923
0.0069375,13,physics,0,40,2.036722778443521,11.015483401858063,21.00520084157609,34.05740702187767,114.90733098570635,4.64286661599756e-05,0.7861257787090176,-16.640964159851205,1.005989059078413,8.528515564876206e-07,0,0.4497730065325675,0.0032942287650573484,0.3658304810523987,1.0003923947385935
0.007,13,physics,0,40,1.2226239004282755,10.058017426508748,19.90065709031002,31.181298417247042,115.7720074748745,4.677804139746134e-05,0.7433880070248896,-14.914443612468098,1.0053676541817358,8.586544764099804e-07,0,0.446088006285205,0.0033197935124035976,0.3658304810523987,1.0003954357729152
0.007,14,refine,0,40,1.2226239004282755,10.058017426508748,19.90065709031002,31.181298417247042,115.7720074748745,4.677804139746134e-05,0.7433880070248896,-14.914443612468098,1.0053676541817358,8.586544764099804e-07,0,0.446088006285205,0.0033197935124035976,0.3658304810523987,1.0003954357729152
0.0070625,14,physics,0,40,0.7656781094346748,8.823952921145938,18.057712725982896,27.647343756563508,116.64318051093557,4.713004158502029e-05,0.689425264788267,-8.802571058443448,1.0031679947150391,8.632469299385557e-07,0,0.44240495606447944,0.0033434929943317116,0.3658304810523987,1.0004059900225704
0.007125,14,physics,0,40,1.3392636257040986,7.593425813021097,15.336576004195003,24.2692654429202,117.52090557373057,4.748468913945559e-05,0.6372334376863097,-0.3519598600874748,1.0001266685113124,8.671274365212858e-07,0,0.438895034390723,0.003365234875712059,0.3658304810523987,1.0004095677595877
0.0071875,14,physics,0,40,2.665717483760539,6.596283745496083,12.362600499628677,21.6246017288853,118.40524521773253,4.784200933609754e-05,0.5962416761488225,7.838589264895753,0.9971789398168791,8.710201289119363e-07,0,0.4357448302814492,0.003385605853479594,0.3658304810523987,1.0004176177146589
0.00725,14,physics,0,40,3.608035670696097,5.998757805404142,10.366587452533741,19.97338092863398,119.29623666849673,4.820201721604807e-05,0.5707587153490268,13.419801602421995,0.9951703156030658,8.758383085449847e-07,0,0.43332449844746795,0.0034051465127122784,0.3658304810523987,1.0004204799365164
0.0073125,14,physics,0,40,3.2062321846326634,5.850285279208359,10.22285081876432,19.27936828260534,120.19394520254514,4.856473915448986e-05,0.5601783581970478,14.909010289578715,0.9946343828050979,8.819975203522282e-07,0,0.4314836921819794,0.0034246355449637027,0.3658304810523987,1.0004220899399099
0.0073750000000000005,14,physics,0,40,1.6611148577364463,6.042833283344751,11.598338638944378,19.302286780025575,121.09841036268858,4.893019112881921e-05,0.5605217970407469,12.057421878405584,0.9956606652631965,8.897293870546719e-07,0,0.43027310595056895,0.0034443201873048733,0.3658304810523987,1.000429245541896
0.0074375000000000005,14,physics,0,40,0.2729134273165747,6.354940390643502,13.1003112706009,19.728165088560978,122.0096804938925,4.9298392672970496e-05,0.5667672309088224,5.881678323378455,0.9978832601798445,8.984824351188084e-07,0,0.4293812251382948,0.003464926242721808,0.3658304810523987,1.0004326444707685
0.0075,14,physics,0,40,0.31059660658026544,6.590010290840709,13.40585769897197,20.306464596392942,122.92781035013917,4.966936591046135e-05,0.5751179426523436,-1.6312852909487923,1.0005870764452065,9.07504466240994e-07,0,0.42855163631478443,0.0034859535194568976,0.3658304810523987,1.0004398001482466
0.0075,15,refine,0,42,0.31059660658026544,6.59001029084071,13.405857698971971,20.306464596392946,122.92781035013915,4.966936591046134e-05,0.5751179426523436,-1.6312852909487923,1.0005870764452065,5.992704839030692e-07,0,0.4328638750532287,0.003408018217691221,0.24088996648788452,1.0004398001482466
0.0075625,15,physics,0,42,1.826513877470042,6.722454480261032,12.398005563803137,20.94697392153421,123.85282999102702,5.00431229869665e-05,0.5841888729742849,-8.077551605792339,1.0029069983655567,6.050892729092536e-07,0,0.4316330489263246,0.003429892851121424,0.24088996648788452,1.0004430202198098
0.007625,15,physics,0,42,3.5684567440628934,6.9115654262794965,11.32399683942109,21.80401900976348,124.7848214672007,5.041969705530523e-05,0.5969281772794205,-11.414259746896729,1.0041078081969799,6.103013401315131e-07,0,0.42985326532825624,0.003452096733482066,0.24088996648788452,1.000446776983066
0.0076875,15,physics,0,42,4.126197092387924,7.398245324215855,11.618162190764435,23.142604607368213,125.72382096254975,5.0799102735691176e-05,0.6170176906180774,-10.506940147709281,1.0037812717288794,6.146571784881871e-07,0,0.4274190347818207,0.0034749738205464326,0.24088996648788452,1.000449818182701
0.00775,15,physics,0,42,3.2087780351045874,8.330032947692878,13.702431204566219,25.24124218736368,126.66989725378701,5.118136781757015e-05,0.6483923760917201,-5.538179254472641,1.001993081178175,6.182372658258835e-07,0,0.42419465177547566,0.0034985233002207765,0.24088996648788452,1.0004533960764606
0.0078125,15,physics,0,42,1.8071693408213825,9.692685968353649,16.705023835311774,28.204879144486803,127.62309934736948,5.1566512102154174e-05,0.6924919078803167,2.0713798133574652,0.9992545581715421,6.210966576603036e-07,0,0.42033363846312205,0.003523539397907206,0.24088996648788452,1.00046234086684
0.007875,15,physics,0,42,1.1419910572428604,11.354254610947285,19.344087722561312,31.840333390751457,128.58345531069696,5.195454693016387e-05,0.7466039639315059,10.082773640008757,0.99637145849831,6.241461862899202e-07,0,0.4160404618424721,0.003550257562024999,0.24088996648788452,1.0004652032166517
0.0079375,15,physics,0,42,1.5251551064237248,13.123713482137672,20.994452437792976,35.64332102635437,129.55105330494897,5.234550792339933e-05,0.803607255704156,16.1011677588661,0.994205587958465,6.275725290549871e-07,0,0.4116548387538086,0.0035792117400845745,0.24088996648788452,1.0004628775568059
0.008,15,physics,0,42,2.2357432650247437,14.745035127157538,21.91161300818836,38.89239140037064,130.52592173786744,5.2739406560097455e-05,0.8530971721615207,18.26898047684194,0.9934254681151884,6.316433731612392e-07,0,0.4074535048533891,0.0036102738611546,0.24088996648788452,1.0004652032166517
0.008,16,refine,0,42,2.2357432650247437,14.745035127157538,21.91161300818836,38.89239140037064,130.52592173786744,5.2739406560097455e-05,0.8530971721615207,18.26898047684194,0.9934254681151884,6.316433731612392e-07,0,0.4074535048533891,0.0036102738611546,0.24088996648788452,1.0004652032166517
0.0080625,16,physics,0,42,2.402497869469084,15.87003742130155,22.54371428585445,40.81624957662508,131.50812358952038,5.313626828755157e-05,0.8837668632827813,15.776559995107032,0.9943224631167796,6.371621115164317e-07,0,0.4037210239737036,0.0036430216603756463,0.24088996648788452,1.0004652032166517
0.008125,16,physics,0,42,1.90640537503443,16.115611555801056,22.765064253735694,40.78708118457118,132.4977103933045,5.3536113927991577e-05,0.8862959221326908,9.085261081630078,0.9967304737388913,6.432350367902023e-07,0,0.40054962637753205,0.0036763617802551348,0.24088996648788452,1.0004659188053842
0.0081875,16,physics,0,42,1.4099886981384115,15.236398000651322,21.85772771450719,38.504114413296925,133.49475329986782,5.3938972230059186e-05,0.8561908770949572,-0.19886925446239867,1.0000715670894096,6.504696328235584e-07,0,0.3977811519582395,0.003709447168559833,0.24088996648788452,1.0004703912465582
0.00825,16,physics,0,42,1.5483028949512472,13.316029385526654,19.259307819762114,34.12364010024002,134.4992904056133,5.434485858672503e-05,0.7957808455435321,-9.686675400330863,1.0034859070027484,6.578214506447476e-07,0,0.3955337140297165,0.0037406730650495425,0.24088996648788452,1.000476652697791
0.0083125,16,physics,0,42,2.17288293696434,10.809776929824624,15.321704868646634,28.3043647354356,135.51137265490073,5.4753793582216965e-05,0.7146608180147485,-16.823441429580495,1.0060541607624138,6.646281818234451e-07,0,0.39363155421534857,0.003769167913404593,0.24088996648788452,1.0004866711012734
0.008375,16,physics,0,42,2.4785750167998493,8.36684429207973,11.284314698601515,22.129734007481094,136.5310708737688,5.516580583401722e-05,0.6282925078844166,-19.608460177243316,1.0070563550475022,6.704687871561525e-07,0,0.3917049746075343,0.0037944166804623133,0.24088996648788452,1.000488460112452
0.0084375,16,physics,0,42,1.9103518025962027,6.539801974216818,8.445350593551817,16.89550437036484,137.55846461440194,5.558092748543445e-05,0.5547757654363651,-17.15138657536814,1.00617226048567,6.746861629380876e-07,0,0.3898620932474639,0.003816610860769579,0.24088996648788452,1.0004957950917295
0.0085,16,physics,0,42,0.8829784541843977,5.602856964702782,7.3250770365655855,13.810912455452765,138.59358096630726,5.599916948206868e-05,0.5107025723151812,-9.950362353989991,1.0035808175916578,6.782451986708793e-07,0,0.38778759531497126,0.0038364206350470467,0.24088996648788452,1.0005049191653923
0.0085,17,refine,0,44,0.8829784541843978,5.602856964702782,7.325077036565585,13.810912455452765,138.59358096630723,5.5999169482068676e-05,0.5107025723151812,-9.950362353989991,1.0035808175916578,6.782451986708793e-07,0,0.38778759531497126,0.0036716396865898704,0.24088996648788452,1.0005049191653923
0.0085625,17,physics,0,44,0.48100200617026995,5.608841691291087,7.595604755464541,13.685448452925897,139.63649311081676,5.642056139306577e-05,0.5067131219780835,0.2514822317282024,0.9999094998523752,6.809256349882273e-07,0,0.3854221216145087,0.003689592315912785,0.24088996648788452,1.000511717548884
0.008625,17,physics,0,44,1.3868950496343195,6.57418779595663,8.804319164937292,16.76540201052824,140.6872579191744,5.684512619742956e-05,0.5466138914510289,10.920442316953224,0.9960700956689684,6.829016720999456e-07,0,0.38314235026303933,0.0037082879104023162,0.24088996648788452,1.0005118964543365
0.0086875,17,physics,0,44,3.117046582048377,8.583026113519336,10.914634703641543,22.614707399209255,141.74595062169746,5.727289429220482e-05,0.6241718681659257,19.44614272365357,0.9930020169203918,6.857571523966042e-07,0,0.38074306692891474,0.003729196334720951,0.24088996648788452,1.0005163691010472
0.00875,17,physics,0,44,4.365226591896664,11.660679758986063,14.234649636282318,30.26055598716505,142.8125983868687,5.770387665490196e-05,0.7262335108097646,23.802893686394068,0.9914342290323012,6.90153651561331e-07,0,0.3780206607060892,0.0037535875603560832,0.24088996648788452,1.0005210206748365
0.008812500000000001,17,physics,0,44,4.138743581884634,15.538197005697256,18.708325993526795,38.38526658110868,143.88726793054352,5.81381002422708e-05,0.835082853034823,23.003397754676776,0.9917219717541428,6.955421785193039e-07,0,0.3753896848980989,0.003781914635846894,0.24088996648788452,1.0005215573962807
0.008875000000000001,17,physics,0,44,2.6325775830619467,19.534575932137077,23.419696444481836,45.58684995968086,144.97001793637938,5.857558876562654e-05,0.9319766444517461,17.33120520427275,0.993763182182346,7.017655949681508e-07,0,0.3728079269922696,0.0038140215961022417,0.24088996648788452,1.0005240621001605
0.008937500000000001,17,physics,0,44,1.035065903600783,22.716815577316694,26.893973300358365,50.645854781275844,146.06091630587707,5.9016369660782764e-05,1.0008362450444415,8.229447414840237,0.9970385599246528,7.09586453595534e-07,0,0.370175117757337,0.003849113131731728,0.24088996648788452,1.000526208994191
0.009000000000000001,17,physics,0,44,0.46720038741206593,24.282595619390943,28.01270598868195,52.76250199548496,147.16002009224837,5.9460465980268e-05,1.0313317821860506,-2.0372281096049383,1.0007331120895695,7.177931795609995e-07,0,0.36743272548705624,0.003886007520295987,0.24088996648788452,1.0005283558928284
0.009000000000000001,18,refine,0,48,0.4672003874120658,24.282595619390943,28.01270598868195,52.76250199548496,147.16002009224835,5.946046598026799e-05,1.0313317821860506,-2.0372281096049383,1.0007331120895695,7.074668895157278e-07,0,0.36743272548705624,0.003515051661595868,0.23809105157852173,1.0005283558928284
0.0090625,18,physics,0,48,1.0399777668842964,23.94013414239558,26.675465879081596,51.65557778836147,148.26740280233747,5.9907907424752344e-05,1.019473560450776,-10.931184280524372,1.0039336532419854,7.150723213555915e-07,0,0.3645492489882644,0.003549383943524435,0.23809105157852173,1.0005326497039233
0.009125,18,physics,0,48,1.9012485589945234,21.996792618839386,23.991117392486927,47.88915857032084,149.38310061665481,6.03587086130841e-05,0.9737324228998663,-16.397300639908046,1.0059006642859363,7.219066189279027e-07,0,0.361457784721144,0.0035825239983065587,0.23809105157852173,1.000544636690756
0.0091875,18,physics,0,48,2.167060880650504,19.169504628088053,20.975368477120327,42.311933985858886,150.50720914126012,6.081290817519043e-05,0.904436271913041,-17.29927892604343,1.0062251907759365,7.27573397085735e-07,0,0.3581896931289535,0.003613875638667754,0.23809105157852173,1.000557518388932
0.00925,18,physics,0,48,1.7498708272472232,16.220211643468414,18.155245916508925,36.12532838722456,151.6397782967748,6.127052628165442e-05,0.8268714655375212,-13.704676183268413,1.0049316168377376,7.321191226594698e-07,0,0.355069361270298,0.00364260456533783,0.23809105157852173,1.0005680743485712
0.0093125,18,physics,0,48,1.2979853869903564,13.70768873409977,15.51474387954138,30.52041800063151,152.7808786705638,6.173159145352142e-05,0.7561486596824878,-6.83292092730256,1.0024587978652304,7.355189914903804e-07,0,0.35208488079366357,0.0036686497143167043,0.23809105157852173,1.0005759466621533
0.009375,18,physics,0,48,1.389631970490587,11.940941082227667,13.091648664629105,26.42222171734736,153.9305477764304,6.219611884836091e-05,0.7040377334545591,1.3446101779055726,0.9995161543431367,7.387947560388855e-07,0,0.34933526009186977,0.0036930867569612866,0.23809105157852173,1.000581493102096
0.0094375,18,physics,0,48,1.8931781923184308,11.055956773427571,11.391925898516153,24.341060864262154,155.0888957157744,6.266415295298743e-05,0.6770056515908099,8.662400198984717,0.99688293915426,7.424861205862503e-07,0,0.3468801326356671,0.0037157954408538565,0.23809105157852173,1.0005834612010789
0.0095,18,physics,0,48,2.1500976490897807,11.078411581368647,11.113685703392859,24.34219493385129,156.25594359666252,6.313570229618137e-05,0.6757754400479415,13.359498910996953,0.9951927496605776,7.467184603981981e-07,0,0.3449058660465332,0.0037377291435345354,0.23809105157852173,1.0005881130867909
0.0095,19,refine,0,60,2.1500976490897807,11.078411581368645,11.113685703392859,24.34219493385128,156.2559435966625,6.313570229618139e-05,0.6757754400479415,13.359498910996953,0.9951927496605776,5.40692321138181e-07,0,0.36629581776511827,0.003526403358900872,0.1725849062204361,1.0005881130867909
0.0095625,19,physics,0,60,1.7577275491730255,11.923994528206645,12.37261017256483,26.0543322499445,157.43177936779298,6.361080241388907e-05,0.6940373819331487,14.536613999135382,0.9947691774939761,5.444538340171339e-07,0,0.36472580117326375,0.0035477137202714064,0.1725849062204361,1.0005875763296435
0.009625,19,physics,0,60,1.077713084812934,13.379603286800796,14.634319800782318,29.09163617239605,158.61645451559568,6.408947410936348e-05,0.7295783554008758,12.172457918616624,0.9956198885373864,5.489992496165997e-07,0,0.3633984553870479,0.0035699291360040343,0.1725849062204361,1.0005950909559103
0.0096875,19,physics,0,60,0.9519895691546503,15.142330242880085,16.654601593883058,32.7489214059178,159.81005526747063,6.457175222305498e-05,0.7723655803123595,7.25762045615575,0.9973884425744531,5.541743730574922e-07,0,0.36216032739046505,0.00359355352939774,0.1725849062204361,1.0006035002474565
0.00975,19,physics,0,60,1.8387414369103858,16.944368280342452,17.69507561920427,36.47818533645711,161.01266276303605,6.505766953967992e-05,0.8158854969348607,1.439768968520166,0.999481922514362,5.595005738712186e-07,0,0.360770825813461,0.003618516976291628,0.1725849062204361,1.000606005156472
0.0098125,19,physics,0,60,3.234028279310277,18.663925081765417,18.033084935045505,39.9310382961212,162.2242551436758,6.554721722719607e-05,0.8561835614372906,-3.4579922729385024,1.0012443003691378,5.646280882842803e-07,0,0.35917892762787534,0.0036446043991167883,0.1725849062204361,1.0006111939165236
0.009875,19,physics,0,60,4.025130268270556,20.336196200872205,18.644616878753073,43.00594334789584,163.44499547318554,6.604046117203974e-05,0.8921522960169315,-5.964439637424113,1.0021461868022434,5.694733422600961e-07,0,0.3571508239347488,0.003672020822850479,0.1725849062204361,1.0006120885330452
0.0099375,19,physics,0,60,3.4972730119131077,22.055835670616286,20.242913602233568,45.79602228476296,164.6748861076668,6.653740232620098e-05,0.9248386504430863,-5.362786048062855,1.0019296838787135,5.735179104959802e-07,0,0.35464403283038043,0.00370064242613065,0.1725849062204361,1.000620676892348
0.01,19,physics,0,60,2.028763215061911,23.8609385450429,22.576836062061066,48.466537822165876,165.9140910161834,6.703810694189252e-05,0.956046671503227,-1.9083896615456417,1.000686691122251,5.771891107286822e-07,0,0.35168299869245784,0.0037301423400304687,0.1725849062204361,1.0006278339147436
0.01,20,refine,0,70,2.0287632150619115,23.860938545042906,22.57683606206106,48.466537822165876,165.91409101618345,6.70381069418925e-05,0.956046671503227,-1.9083896615456417,1.000686691122251,5.771891107286822e-07,0,0.35168299869245784,0.003270389349639013,0.1725849062204361,1.0006278339147436
0.0100625,20,physics,0,70,0.7742555496337244,25.689187783564684,24.5391993882363,51.00264272143471,167.16259986339165,6.754257084308642e-05,1.0322085307506648,3.3222308479587905,0.998804587649551,5.804079741267279e-07,0,0.34839278298958687,0.0032925066398186214,0.1725849062204361,1.0006326649337998
0.010125,20,physics,0,70,0.6008150396627324,27.434915557051934,25.53182077033926,53.56755136705392,168.42050308770376,6.805083057170568e-05,1.0633955760899287,8.617370806921583,0.996899262205692,5.834538123750117e-07,0,0.34505110335138206,0.003315465919351508,0.1725849062204361,1.0006389274006235
0.0101875,20,physics,0,70,1.3761795525541813,28.927637465057355,25.444837727816417,55.748654745427956,169.6878790586405,6.856291779320011e-05,1.090103285825335,12.284183164332658,0.995579868933928,5.871430195369955e-07,0,0.341805133905771,0.0033393246367996493,0.1725849062204361,1.0006462634830366
0.01025,20,physics,0,70,2.1871710233011896,29.96590651703896,24.959855371196483,57.11293291153663,170.96479964800346,6.907886154759575e-05,1.1073196594030021,13.074736322901622,0.9952954333164437,5.913408678281935e-07,0,0.3388106741758515,0.0033640957259767467,0.1725849062204361,1.0006501999396749
0.0103125,20,physics,0,70,2.2501598309534696,30.30234461856338,24.65059157062621,57.203096020143064,172.25131178750462,6.959868079779746e-05,1.1096374274508585,10.536565902834925,0.9962087139411866,5.962186939711957e-07,0,0.3362577784223587,0.003389908562052697,0.1725849062204361,1.0006539574809117
0.010375,20,physics,0,70,1.611940471904921,29.697743085714393,24.369398351566783,55.679081909186095,173.5475124368959,7.012241472069601e-05,1.0930911604081575,5.119461105762803,0.9981579178429522,6.01741362515895e-07,0,0.33405034713651566,0.0034158170876352604,0.1725849062204361,1.0006541364117987
0.0104375,20,physics,0,70,1.003600168880103,28.05056057133385,23.39653339029514,52.45069413050909,174.8534685395516,7.065009036497098e-05,1.0567286369760935,-1.8912356520610003,1.0006804985596025,6.077238419166524e-07,0,0.3321923417904914,0.0034413716500922217,0.1725849062204361,1.0006537785500567
0.0105,20,physics,0,70,1.0413915590810345,25.526266602207052,21.20399747602515,47.77165563731324,176.16924644479187,7.118173453927254e-05,1.0037082337439605,-8.717895569869707,1.0031368237686782,6.139879173971963e-07,0,0.33052051500982804,0.0034660137473543876,0.1725849062204361,1.0006535996192336
0.0105,21,refine,0,70,1.0413915590810345,25.526266602207052,21.20399747602515,47.77165563731324,176.16924644479187,7.118173453927254e-05,1.0037082337439605,-8.717895569869707,1.0031368237686782,6.139879173971963e-07,0,0.33052051500982804,0.0034660137473543876,0.1725849062204361,1.0006535996192336
0.0105625,21,physics,0,70,1.5894587260991997,22.580746932475133,18.096543513503942,42.26674917207828,177.49493450758973,7.171738294370358e-05,0.9413647896612521,-13.521058099139468,1.0048650478659509,6.195820816401465e-07,0,0.328992047302992,0.003488914735372013,0.1725849062204361,1.000660220080995
0.010625,21,physics,0,70,1.9298296687540095,19.828253938107395,15.107344764104198,36.8654283709656,178.83060837105896,7.22570661421006e-05,0.8802323157716779,-14.922118748321422,1.0053691192195484,6.245021992867808e-07,0,0.3273866452389439,0.0035099923871776853,0.1725849062204361,1.0006654091221847
0.0106875,21,physics,0,70,1.563549863150489,17.829085856684458,13.241439933739379,32.63407565357433,180.17632827829388,7.280080847587413e-05,0.8320612934710907,-12.35277097419597,1.004444634093604,6.28721770645768e-07,0,0.3256402884848185,0.003529645225447598,0.1725849062204361,1.0006697035214496
0.010750000000000001,21,physics,0,70,0.8120193687484382,16.94229680193221,12.790034989157908,30.544351159838556,181.53215212194866,7.33486333367321e-05,0.8072437602065905,-6.284672350556435,1.0022612662556543,6.3193187482824e-07,0,0.32368456933910794,0.0035484789420555333,0.1725849062204361,1.0006745347426516
0.010812500000000001,21,physics,0,70,0.5588277112085515,17.331312139915923,13.34884806836191,31.238987919486384,182.8982090347164,7.390059290114254e-05,0.8125079861092962,1.940185658592768,0.9993019114940838,6.349966836793902e-07,0,0.3215506157208214,0.0035667878468082156,0.1725849062204361,1.0006793659871784
0.010875000000000001,21,physics,0,70,1.3727233438409518,19.062528732217636,14.44118753315787,34.87643960921646,184.27453772614805,7.445670280982053e-05,0.8493171535705982,10.429130314960078,0.9962475802894045,6.377846188954099e-07,0,0.31936915597791926,0.0035850162470356223,0.1725849062204361,1.0006841972550309
0.010937500000000001,21,physics,0,70,2.884076408776586,22.15401618910096,16.049926881314875,41.088019479192425,185.66122190525104,7.50169968856521e-05,0.91353451756691,17.239991696900766,0.9937970534773309,6.412436208691475e-07,0,0.31717725229925436,0.003604564192571703,0.1725849062204361,1.000691354731761
0.011,21,physics,0,70,4.044871860898209,26.495597295955072,18.514092135182327,49.05456129203561,187.05833209988583,7.558150362563965e-05,0.9962680166414947,20.85298508880845,0.9924971137345683,6.450386900169744e-07,0,0.31501274667604207,0.0036261857896759814,0.1725849062204361,1.0006915336693352
0.011,22,refine,0,73,4.044871860898209,26.495597295955072,18.51409213518232,49.0545612920356,187.05833209988577,7.558150362563965e-05,0.9962680166414947,20.85298508880845,0.9924971137345683,6.450386900169744e-07,0,0.31501274667604207,0.0036261857896759814,0.1725849062204361,1.0006915336693352
0.0110625,22,physics,0,73,4.035024758862611,31.703500847372485,21.899292513167648,57.63781811940274,188.46596207705116,7.615026091663208e-05,1.0849979033261015,20.533274466078936,0.9926120991072481,6.499872471366078e-07,0,0.31298372948634806,0.0036504316826078136,0.1725849062204361,1.0006961860574948
0.011125,22,physics,0,73,2.947779260110652,37.09424241910951,25.663381679280793,65.70540335850096,189.8842038376034,7.672330593186287e-05,1.1683165525738661,16.46414943850695,0.9940761696320333,6.560296119673119e-07,0,0.31101944846895113,0.003677055081434525,0.1725849062204361,1.000700122710524
0.0111875,22,physics,0,73,1.6758305161237064,41.782439642079964,28.69501120472224,72.15328136292591,191.31312261907604,7.73006650307613e-05,1.2347298638759798,9.677105250539057,0.9965181670990819,6.623903150426707e-07,0,0.309117939102057,0.003705187199701582,0.1725849062204361,1.0007035225596939
0.01125,22,physics,0,73,1.0853810870361142,44.99424924694111,30.144031652951405,76.22366198692862,192.7527648125672,7.788235695779551e-05,1.2766710608367582,1.8322911372865145,0.999340740970355,6.691867548980203e-07,0,0.30711138612042566,0.003734689484205102,0.1725849062204361,1.0007038804392259
0.0113125,22,physics,0,73,1.2782922176623943,46.34081211542823,29.988009110085695,77.60711344317632,194.20323612081327,7.846842442248648e-05,1.2913615237651916,-5.231382531986432,1.0018822399091754,6.758508659387981e-07,0,0.3050141003649067,0.003764960381729352,0.1725849062204361,1.000709427588337
0.011375,22,physics,0,73,1.6215725063113489,45.92206446514743,28.93706643128389,76.48070340274268,195.66463432751303,7.905890693464324e-05,1.2808916661321728,-9.92964704682525,1.0035726517146886,6.820799844931e-07,0,0.30274512331106335,0.0037949490580215708,0.1725849062204361,1.000715332651825
0.0114375,22,physics,0,73,1.4831200601383734,44.207829560687806,27.74451108267168,73.43546070349785,197.1370196866989,7.96538288400959e-05,1.2513193038998918,-11.341288981854571,1.004080560573164,6.87540001820253e-07,0,0.3002456483913575,0.0038238699990167622,0.1725849062204361,1.0007187325526703
0.0115,22,physics,0,73,0.9023211536403989,41.80558230474261,26.59803965925661,69.30594311763961,198.62048660511797,8.025322828418561e-05,1.210938274887595,-9.450856803093078,1.0034003603653894,6.922183519719747e-07,0,0.29763018711720596,0.0038516531756918287,0.1725849062204361,1.0007221324650666
0.0115,23,refine,0,84,0.9023211536403987,41.805582304742614,26.598039659256614,69.30594311763963,198.62048660511795,8.025322828418563e-05,1.210938274887595,-9.450856803093078,1.0034003603653894,4.786935576817085e-07,0,0.2979095188296809,0.003723013709142162,0.11904552578926086,1.0007221324650666
0.0115625,23,physics,0,84,0.5133066280411155,39.24700320144932,25.099786689600503,64.86009651909093,200.1151107890252,8.085713585626126e-05,1.1806804827449078,-5.022097703885633,1.0018069106098175,4.814569880551285e-07,0,0.2953769307192265,0.003751359954010379,0.11904552578926086,1.00072732182731
0.011625,23,physics,0,84,0.8463592531677249,37.00043993326582,23.175356476494073,61.02215566292762,201.6209782242905,8.146558629918236e-05,1.1424183259914638,0.5071933208799245,0.9998175169089363,4.840775869041637e-07,0,0.29303718664089085,0.0037787489900056636,0.11904552578926086,1.0007364480123928
0.0116875,23,physics,0,84,1.7043124513628922,35.307974189103405,21.099312022903938,58.11159866337024,203.13819086297406,8.207862080699733e-05,1.1131480488034706,5.566352271578051,0.99799728061632,4.86775348029767e-07,0,0.2906047231307734,0.0038055788383640375,0.11904552578926086,1.000743605862851
0.01175,23,physics,0,84,2.3032095506220207,34.295440651394046,19.66030343148207,56.25895363349814,204.66681635898235,8.269626671547853e-05,1.0940473250191618,8.8206499341068,0.9968264296029434,4.898474781356297e-07,0,0.2885177888658942,0.003831881935157652,0.11904552578926086,1.0007498690239995
0.0118125,23,physics,0,84,2.0215062610326484,33.93287872702452,19.40164454807805,55.356029536135225,206.2069519626972,8.331856331894661e-05,1.0839240552925158,9.527367053116654,0.9965721674938643,4.934103134957016e-07,0,0.28682689588636723,0.003857792071318772,0.11904552578926086,1.0007520164025596
0.011875,23,physics,0,84,1.0322436291954096,34.049088908283586,20.080743571126018,55.16207610860501,207.75869368685733,8.39455494116487e-05,1.0802989285925708,7.688895015027698,0.9972336227574192,4.974794016732176e-07,0,0.28533016346251844,0.0038837670867396335,0.11904552578926086,1.0007602480630597
0.0119375,23,physics,0,84,0.2003010155922408,34.413382338466334,20.812842633237565,55.42652598729614,209.32208623612723,8.457724305664419e-05,1.0807305538420842,4.024928115109528,0.9985518834940422,5.019204269984814e-07,0,0.284143617431498,0.0039098149450326235,0.11904552578926086,1.0007588164650656
0.012,23,physics,0,84,0.32005364886777005,34.86929797662606,20.81386595778698,56.00321758328081,210.89725121517782,8.521369338868037e-05,1.0838568481983697,-0.22875110416686656,1.0000823010233206,5.063782833047981e-07,0,0.28300041244519875,0.0039359839181838845,0.11904552578926086,1.0007641849681035
0.012,24,refine,0,95,0.32005364886777,34.86929797662606,20.813865957786977,56.0032175832808,210.89725121517782,8.521369338868039e-05,1.0838568481983697,-0.22875110416686656,1.0000823010233206,4.686210104409837e-07,0,0.2746291865545095,0.0037275455610081658,0.11003081500530243,1.0007641849681035
0.0120625,24,physics,0,95,1.3956746223811094,35.42417595848534,20.03799225963814,56.85784284050459,212.48430531005513,8.58549475551188e-05,1.0886144534429953,-3.614904712130422,1.0013005840514067,4.7266667113632403e-07,0,0.27358014702715755,0.0037521249931493387,0.11003081500530243,1.0007672271326085
0.012125,24,physics,0,95,2.638621245666187,36.347021061961684,19.396186064850944,58.381828372478815,214.08320248330827,8.650098695438356e-05,1.1001268516243239,-4.995441655354363,1.0017972711266443,4.764913743571244e-07,0,0.2721926444400533,0.0037766011037992223,0.11003081500530243,1.0007751010130936
0.0121875,24,physics,0,95,3.2045501244528722,37.91701108453234,19.722689206883597,60.844250415868814,215.694277857401,8.71519469937533e-05,1.1200142867452871,-3.7412158163355875,1.00134602103486,4.798959398755183e-07,0,0.2705551092940271,0.0038014660424123756,0.11003081500530243,1.0007819012324581
0.01225,24,physics,0,95,2.9460997424752273,40.3843836855557,21.250073208174427,64.58055663620536,217.3175414408537,8.780783171720205e-05,1.1509876513470305,0.006982255391959863,0.999997487940045,4.828278674651184e-07,0,0.26884600513208456,0.003826722782590792,0.11003081500530243,1.0007890594080242
0.0123125,24,physics,0,95,2.4613779175228943,43.85954222959489,23.43407462807861,69.7549947751964,218.95301202283164,8.846864871655077e-05,1.1942860057997962,5.401269748557991,0.9980567549286545,4.855009301252258e-07,0,0.2666263169579574,0.0038525849023213115,0.11003081500530243,1.0007942491173254
0.012375,24,physics,0,95,2.4196133630690855,48.29753985748806,25.52649530880792,76.24364852936506,220.60069102841626,8.91343985676079e-05,1.2486953743744666,11.094935790428218,0.996008304953607,4.881785695687315e-07,0,0.26423189115234896,0.0038795933136557834,0.11003081500530243,1.0007985440695126
0.0124375,24,physics,0,95,2.864958344013682,53.49978344904603,27.233632677614903,83.59837447067461,222.2607107841021,8.98051347373072e-05,1.3102879566255843,15.596279509896842,0.9943888532088699,4.910171220728892e-07,0,0.26180187217946177,0.003908120603261972,0.11003081500530243,1.0008053444481717
0.0125,24,physics,0,95,3.184601647774645,59.089034198954,28.82570303030705,91.09933887703569,223.93324094042922,9.04809257734795e-05,1.3728422186368492,17.69275253549769,0.9936346146035334,4.943245919264423e-07,0,0.25972454176300136,0.003938027662563679,0.11003081500530243,1.0008105342419207
0.0125,25,refine,0,98,3.184601647774645,59.089034198954025,28.825703030307054,91.09933887703572,223.93324094042922,9.048092577347951e-05,1.3728422186368492,17.69275253549769,0.9936346146035334,4.943245919264423e-07,0,0.25972454176300136,0.003639577281986822,0.11003081500530243,1.0008105342419207
0.0125625,25,physics,0,98,2.752894062982169,64.47307042333202,30.619875579058387,97.84584006537257,225.61837698403394,9.116181025779864e-05,1.4284834937162956,16.733684633614498,0.9939796748401285,4.98195612763652e-07,0,0.2577790111758914,0.003667270877095824,0.11003081500530243,1.0008209139101556
0.012625,25,physics,0,98,1.5968761492213157,68.93905746885667,32.495538769559786,103.03147238763778,227.3161666943989,9.184780749571381e-05,1.470808318950613,12.780461749314538,0.9954019723987868,5.026257943185892e-07,0,0.2558097797183072,0.0036959780997248164,0.11003081500530243,1.0008162609421174
0.0126875,25,physics,0,98,0.44799627722183033,71.75916450032464,33.727726995522296,105.93488777306877,229.0267509049024,9.253897439139164e-05,1.4938693995113852,6.640034806525325,0.9976111249007984,5.077025226896123e-07,0,0.25396994617722074,0.00372568008124129,0.11003081500530243,1.0008169767819461
0.012750000000000001,25,physics,0,98,0.09742491395981485,72.4786615822371,33.60858859096531,106.18467508716222,230.7502028730425,9.323534054475313e-05,1.494947118358358,-0.3559018515004423,1.0001280416658722,5.123782775839915e-07,0,0.2524696158003664,0.0037554746598561875,0.11003081500530243,1.0008234193634442
0.012812500000000001,25,physics,0,98,0.6697244652078201,71.09813182984202,32.06076669130231,103.82862298635214,232.48661945726968,9.393694509175794e-05,1.4748516260849711,-6.652743209177533,1.0023934249267124,5.173579618045205e-07,0,0.25085446180519994,0.0037852498297849912,0.11003081500530243,1.0008275354788916
0.012875000000000001,25,physics,0,98,1.5048153594261342,68.09311010629698,29.75527018038484,99.35319564610795,234.23609427655293,9.46438258594429e-05,1.4379081739958213,-10.852563010070083,1.0039043526363534,5.219603300687934e-07,0,0.24897970567975358,0.003814214107367185,0.11003081500530243,1.0008363046508595
0.012937500000000001,25,physics,0,98,1.777463582168853,64.23840832670328,27.586972203471287,93.60284411234342,235.99872317959841,9.535602157577738e-05,1.3910897722545126,-12.07064369264863,1.0043425406091715,5.261600115602499e-07,0,0.24720087018863543,0.0038423566022851405,0.11003081500530243,1.0008434632155505
0.013000000000000001,25,physics,0,98,1.2644889398593608,60.34531755787104,26.001444107534013,87.61125060526442,237.7746455864686,9.607358857387322e-05,1.342582560612202,-10.151505469491529,1.0036520941882299,5.297675400584014e-07,0,0.2454752682327478,0.0038694577755877336,0.11003081500530243,1.0008522325270761
0.013000000000000001,26,refine,0,108,1.2644889398593608,60.34531755787103,26.00144410753401,87.6112506052644,237.77464558646855,9.60735885738732e-05,1.342582560612202,-10.151505469491529,1.0036520941882299,4.398799084981424e-07,0,0.2454752682327478,0.003500098031089005,0.09145762026309967,1.0008522325270761
0.0130625,26,physics,0,108,0.512497404162137,57.03237017222564,24.764211889451076,82.30907946583886,239.56389762701886,9.679654145211149e-05,1.2987925969358558,-5.687763594049463,1.0020461879410656,4.421425181533323e-07,0,0.24355571359928083,0.0035246017881033344,0.09145762026309967,1.000864044374251
0.013125,26,physics,0,108,0.2811883034603238,54.787597589975036,23.582477517263577,78.65126341069893,241.36662752480584,9.75249401006833e-05,1.268710840621414,0.14312284979005357,0.9999485113249484,4.4395767062610466e-07,0,0.24141050879362788,0.0035483140352889652,0.09145762026309967,1.0008661919978052
0.0131875,26,physics,0,108,0.7919631753518123,53.79608417315132,22.400042453730492,76.98808980223362,243.18294047015434,9.82588270220682e-05,1.2537032513936244,5.89654680603272,0.9978787210933623,4.458979585564287e-07,0,0.23955521546301625,0.003571772316089391,0.09145762026309967,1.000870666228344
0.01325,26,physics,0,108,1.5491684296208708,54.116372522739525,21.708827816212303,77.3743687685727,245.01295313938354,9.899824935969747e-05,1.25402350714743,10.256402107635743,0.9963102837772546,4.484072704258324e-07,0,0.23808428171796936,0.003595163754193547,0.09145762026309967,1.0008754984197914
0.0133125,26,physics,0,108,1.8632777174445216,55.64660536102263,22.033410461771954,79.5432935402391,246.8566942994171,9.974321873693659e-05,1.2673949111796663,12.345454907675132,0.9955587535978407,4.513170850373174e-07,0,0.23659927463199046,0.003618736828024357,0.09145762026309967,1.0008799726919333
0.013375,26,physics,0,108,1.5474383158285832,58.121980220944494,23.350553688637337,83.01997222541041,248.7143307136426,0.00010049380253505342,1.2900517163683458,11.89689113262289,0.9957201607891336,4.549388510355355e-07,0,0.23508732263670146,0.003642700418636225,0.09145762026309967,1.0008830152084147
0.0134375,26,physics,0,108,1.1126505650505907,61.1670908159685,24.98180137148962,87.26154275250872,250.5859201404402,0.0001012500240915019,1.3178164643714496,9.333741358323406,0.9966422424069603,4.593311864198315e-07,0,0.23415786548099807,0.0036672573153676575,0.09145762026309967,1.0008865946514103
0.0135,26,physics,0,108,1.2719834557055676,64.42212659239361,26.10466957120231,91.79877961930148,252.4715889581713,0.00010201193446985398,1.3472493341721077,5.601282728141731,0.9979849735023928,4.639482362733821e-07,0,0.23322234116391138,0.0036922932631126585,0.09145762026309967,1.000889995134113
0.0135,27,refine,0,110,1.2719834557055676,64.42212659239361,26.10466957120231,91.79877961930148,252.47158895817134,0.00010201193446985398,1.3472493341721077,5.601282728141731,0.9979849735023928,4.639482362733821e-07,0,0.23322234116391138,0.0034546913917129496,0.09145762026309967,1.000889995134113
0.0135625,27,physics,0,110,2.2248649381823205,67.675169567117,26.43103951171582,96.33107401701514,254.37146920123277,0.00010277958701902014,1.3760927845271897,1.9223810950915703,0.9993084388632717,4.6851362611732823e-07,0,0.23226688525195877,0.0034791062165809867,0.09145762026309967,1.0008966171598999
0.013625,27,physics,0,110,3.4124890424088923,70.95910867483978,26.46599823772834,100.83759595497702,256.2856214071009,0.00010355300619935702,1.4047754187051082,-0.5320331093902793,1.0001913934682036,4.726861457804431e-07,0,0.23095649032544105,0.0035040673810672316,0.09145762026309967,1.000896080237258
0.0136875,27,physics,0,110,4.005710449126879,74.45769063310718,27.000839811899848,105.46424089413391,258.2141764435535,0.0001043322448883991,1.4340748310521803,-0.9676666916847325,1.000348106512084,4.761440202116773e-07,0,0.22939431249949424,0.00352945929429551,0.09145762026309967,1.0009034182049608
0.01375,27,physics,0,110,3.6613984055378745,78.40230727885344,28.418021399432128,110.48172708382344,260.1572443058527,0.0001051173475300758,1.4658280099473846,0.8240009421965329,0.9997035770591552,4.794924142181851e-07,0,0.2278216549040533,0.0035554167895584772,0.09145762026309967,1.0009125459959638
0.0138125,27,physics,0,110,2.819559314471639,82.94238623815271,30.363427196793513,116.12537274941785,262.11494415935744,0.00010590836227352275,1.5015551537671576,4.4070210939349685,0.9984146376735701,4.822153591987898e-07,0,0.22596544055745243,0.0035819012798741783,0.09145762026309967,1.0009179153236734
0.013875,27,physics,0,110,2.2558031565035286,88.08823688487732,32.11457102616289,122.45861106754374,264.0873717842172,0.00010670532781900869,1.5415673256636824,8.805900263877557,0.996832230343368,4.845721743862439e-07,0,0.22382204246260753,0.003609032153375401,0.09145762026309967,1.0009254324308567
0.0139375,27,physics,0,110,2.3363505942900455,93.7046978776987,33.24941401241105,129.2904624843998,266.07463037383394,0.00010750828586215011,1.584500955047378,12.823199457820333,0.9953870841647172,4.868840139948817e-07,0,0.22167795237933632,0.003636938167306587,0.09145762026309967,1.0009257903897497
0.014,27,physics,0,110,2.7006524938682412,99.50804866808973,33.966223233401784,136.17492439535977,268.0768402438653,0.00010831728501686459,1.6273276801304288,15.304139168211876,0.9944946086665823,4.896133152243467e-07,0,0.2197540029145669,0.003665619421666841,0.09145762026309967,1.0009259693692443
0.014,28,refine,0,124,2.7006524938682417,99.50804866808973,33.96622323340178,136.17492439535977,268.0768402438654,0.00010831728501686456,1.6273276801304288,15.304139168211876,0.9944946086665823,3.2425789342482863e-07,0,0.20639505775193093,0.0035111353429648274,0.06022249162197113,1.0009259693692443
0.0140625,28,physics,0,124,2.6653709256424625,104.99951274619363,34.710866504086255,142.37575017592235,270.0941496267554,0.0001091323851769341,1.6642860666157764,15.487561821304341,0.9944286256358749,3.268744803719418e-07,0,0.20465844578762535,0.0035385404650552974,0.06022249162197113,1.0009322336717161
0.014125,28,physics,0,124,1.9062675728329457,109.72936465373448,35.80982603889205,147.44545826545948,272.1267032446904,0.00010995364481781048,1.6943183498310548,13.149035440671796,0.9952698984302192,3.295303017125661e-07,0,0.20314771109529164,0.0035668036398336304,0.06022249162197113,1.0009381400499555
0.0141875,28,physics,0,124,0.8202418190646308,113.03763621584771,36.803684910286435,150.6615629451988,274.1745102754547,0.00011078106764780605,1.71192232886721,8.698228940692632,0.9968710018378968,3.3228424989317773e-07,0,0.20167772338934045,0.003595367273708975,0.06022249162197113,1.000942793584631
0.01425,28,physics,0,124,0.16585393060950526,114.47835290305507,36.99751070312906,151.64171753679364,276.2376888935362,0.0001116147014156921,1.7150163885724337,3.080563826408466,0.9988918367252001,3.3587689074465727e-07,0,0.20039773435352526,0.003624285523662997,0.06022249162197113,1.0009479840911384
0.0143125,28,physics,0,124,0.35311183651234873,113.9490271843468,36.03264124461963,150.3347802654788,278.31641142493316,0.00011245461575032656,1.703730476313494,-2.460849682370423,1.0008852281403176,3.395511143367006e-07,0,0.19913783123825834,0.0036532130632463762,0.06022249162197113,1.000952279703086
0.014375,28,physics,0,124,1.05258658519996,111.76425726478186,34.251402353095706,147.06824620307754,280.41075550179085,0.00011330084201922036,1.6805188675455294,-6.676190574081212,1.0024015796031474,3.4248632374556104e-07,0,0.19782116428872312,0.003681693817230037,0.06022249162197113,1.0009605130108468
0.0144375,28,physics,0,124,1.5053134434952096,108.56865012588688,32.43769052735944,142.51165409674152,282.5208713941539,0.00011415344093945466,1.6497955194160456,-8.631578003276376,1.0031049653089104,3.4516700253561773e-07,0,0.19640862401388237,0.003709669957158797,0.06022249162197113,1.0009696413225289
0.0145,28,physics,0,124,1.2452709860964963,105.13343906981105,31.177182540594647,137.5558925965022,284.6468577542868,0.00011501245237178516,1.6170799278209769,-7.934564156415399,1.0028542277168853,3.477818708574882e-07,0,0.19486375330974856,0.0037369710078685122,0.06022249162197113,1.0009750109565225
0.0145,29,refine,0,128,1.2452709860964966,105.13343906981106,31.177182540594643,137.5558925965022,284.6468577542868,0.00011501245237178516,1.6170799278209769,-7.934564156415399,1.0028542277168853,3.477818708574882e-07,0,0.19486375330974856,0.0036095474277547095,0.06022249162197113,1.0009750109565225
0.0145625,29,physics,0,128,0.5347482749805433,102.13173952398691,30.429594869337784,133.09608266830523,286.7888343326018,0.00011587792470174011,1.5871562105780328,-4.854180290821667,1.0017461433428068,3.503360002099499e-07,0,0.19324713340176103,0.0036363654623124703,0.06022249162197113,1.0009828864718184
0.014625,29,physics,0,128,0.09300814547417177,100.10310153067866,29.785895774828628,129.98200545098146,288.94694229670154,0.00011674991496853055,1.5661277775787315,-0.1980127177685872,1.0000712284131872,3.51938337139757e-07,0,0.1915864444742423,0.003662349187561561,0.06022249162197113,1.0009920149875364
0.014687500000000001,29,physics,0,128,0.39166122464817554,99.32179570449698,28.946940525224793,128.66039745436996,291.1212582860279,0.00011762845413856243,1.555465734088393,4.884736697411767,0.9982428825167934,3.534020773798831e-07,0,0.1899913168368653,0.003688571360494747,0.06022249162197113,1.0009988166808212
0.014750000000000001,29,physics,0,128,1.2111160266070709,99.8997193102864,28.15546000524906,129.26629534214254,293.3119881974011,0.00011851362540508936,1.5557344528030579,9.197083596167776,0.9966916662976472,3.556935155302196e-07,0,0.18850392175065617,0.0037143172480857715,0.06022249162197113,1.0009993536585753
0.014812500000000001,29,physics,0,128,1.86986156830781,101.77245129333916,27.97017105393963,131.6124839155866,295.5191695471907,0.00011940544392671779,1.565583139070951,11.80906172510791,0.9957520873538437,3.5814331589278925e-07,0,0.18717667800936783,0.003740302014545475,0.06022249162197113,1.0010052604328814
0.014875000000000001,29,physics,0,128,1.893371504443813,104.69965872718578,28.6934329103808,135.2864631420104,297.74297595717735,0.00012030397985587061,1.5824145991382828,12.269551138933902,0.9955864220499485,3.60695783463427e-07,0,0.18599509949710347,0.003766704445542767,0.06022249162197113,1.001005976407893
0.014937500000000001,29,physics,0,128,1.4729437154305818,108.30704991740024,29.99919523990247,139.7791888727333,299.9835101402365,0.00012120927469400621,1.6031988957590704,10.693753600921008,0.9961532695463232,3.6328018282460974e-07,0,0.1849731541721361,0.003792928985822443,0.06022249162197113,1.0010095562906327
0.015,29,physics,0,128,1.2841026853152178,112.19753057351991,31.143344590106523,144.62497784894165,302.240913450274,0.00012212138555561192,1.6253276877386007,7.729783886147484,0.9972194683225376,3.6694679650395317e-07,0,0.18393677448864526,0.0038198695954406413,0.06022249162197113,1.0010091983017828
0.015,30,refine,0,134,1.2841026853152178,112.19753057351994,31.14334459010653,144.62497784894168,302.2409134502739,0.0001221213855556119,1.6253276877386007,7.729783886147484,0.9972194683225376,3.5811068510582784e-07,0,0.18393677448864526,0.0036022194101350356,0.05878870561718941,1.0010091983017828
0.0150625,30,physics,0,134,1.836217141076601,116.07979735890487,31.567630849210687,149.48364534919216,304.51530550198845,0.00012304036077138053,1.6471508404880995,4.377305353907557,0.9984254164574712,3.611026988536988e-07,0,0.182948631217425,0.0036279685265185606,0.05878870561718941,1.0010142101573347
0.015125,30,physics,0,134,2.9637270593720593,119.96820572738034,31.438367319269272,154.37030010602166,306.8068077693699,0.00012396624942325732,1.6684862571124406,1.705624668077965,0.9993864620920451,3.6420117943691853e-07,0,0.18189889917095972,0.003654254162278941,0.05878870561718941,1.0010202960156687
0.0151875,30,physics,0,134,3.9627820746389766,124.03697916126501,31.41623668343101,159.41599791933498,309.1155761259182,0.00012489911449241697,1.6905810106669545,0.5876068694715618,0.9997886311465056,3.670699388891309e-07,0,0.18077500928134882,0.0036800032806562216,0.05878870561718941,1.001024591937946
0.01525,30,physics,0,134,4.237680260589292,128.6062329700208,32.11532134522087,164.95923457583098,311.44170032119916,0.00012583899224245196,1.7151961939136429,1.4635988650680982,0.9994735321651609,3.6972442973848253e-07,0,0.1794632489364175,0.0037066464669332916,0.05878870561718941,1.0010265609084845
0.0153125,30,physics,0,134,3.8434399072108043,133.97122781981744,33.55262823739904,171.36729596442729,313.785314864277,0.0001267859370221701,1.744118481431895,4.210521772184632,0.9984854549310401,3.7215637949117314e-07,0,0.1780826300052571,0.0037337069623459085,0.05878870561718941,1.0010308568576478
0.015375,30,physics,0,134,3.396846649636248,140.30208200263314,35.186538765782316,178.8854674180517,316.14660591438513,0.00012774002404979134,1.7784052779017696,8.203755516557443,0.9970490757498043,3.743515204490681e-07,0,0.17655633466112206,0.00376148263518018,0.05878870561718941,1.0010313938525897
0.0154375,30,physics,0,134,3.4517342901574457,147.60491915048445,36.460937614123836,187.51759105476572,318.5256263293845,0.00012870127468269963,1.8178687135433624,12.444344595476895,0.9955237201989324,3.764203153622253e-07,0,0.1752351045862532,0.003789258690833575,0.05878870561718941,1.001040343810695
0.0155,30,physics,0,134,3.955406206334636,155.71332507633184,37.31035039501926,196.97908167768574,320.92256852136467,0.00012966976666560094,1.860868060835277,15.85429769359733,0.9942971639647369,3.7875584801838656e-07,0,0.17368790166480386,0.003818047639188607,0.05878870561718941,1.0010480408386648
0.0155,31,refine,0,153,3.9554062063346356,155.71332507633184,37.310350395019256,196.9790816776857,320.9225685213647,0.00012966976666560094,1.860868060835277,15.85429769359733,0.9942971639647369,2.774399980864929e-07,0,0.18989946634597607,0.0036189537243810194,0.043146226555109024,1.0010480408386648
0.0155625,31,physics,0,153,4.314225859958304,164.17981027297952,38.09113589355178,206.5851720264896,323.3375220046722,0.00013064553616704675,1.9032560878266012,17.57318135965698,0.9936788992205339,2.7941585134527734e-07,0,0.18834241715356573,0.0036469470447413857,0.043146226555109024,1.0010530528886936
0.015625,31,physics,0,153,3.9556978095257818,172.6716290045822,39.31517148192951,215.9424982960375,325.7707709538762,0.0001316286980086597,1.9439957186594798,17.090025667222314,0.9938527240543031,2.814822552821287e-07,0,0.18689872639033395,0.0036754432120859573,0.043146226555109024,1.001053768897889
0.0156875,31,physics,0,153,2.9110570019486595,180.42514996289026,40.83211876118412,224.16832572602303,328.22232010194034,0.00013261925410280864,1.9784401029439913,14.472330807189024,0.9947943023473971,2.8386609152164537e-07,0,0.18556304099687623,0.00370428927118327,0.043146226555109024,1.001062182044298
0.01575,31,physics,0,153,1.8058693701435629,186.7861639447351,42.054088496760215,230.6461218116389,330.6921740332506,0.00013361720630182896,2.003797521893265,10.264682672945666,0.996307811283084,2.8650203098834455e-07,0,0.18434601699561362,0.0037333223939020757,0.043146226555109024,1.0010677311795635
0.0158125,31,physics,0,153,1.3005273687040517,191.3059905879845,42.40045788228179,235.00697583897033,333.1806808882333,0.0001346226952729479,2.01867808734923,5.424366660726955,0.998048870565397,2.892502983797841e-07,0,0.1831388006601372,0.003762743078248273,0.043146226555109024,1.0010682681942862
0.015875,31,physics,0,153,1.4951488763331744,193.89519492538543,41.82273896146843,237.213082763187,335.6878946651035,0.00013563574283431297,2.0233623248656674,1.0280441480184948,0.9996302184524356,2.9204781260006014e-07,0,0.18196012378503207,0.0037930868230880506,0.043146226555109024,1.0010700582454424
0.0159375,31,physics,0,153,1.8664117597285141,194.8510370594201,40.860235045551086,237.5776838646997,338.213978746517,0.00013665641500119674,2.019721814960968,-1.940724749722689,1.0006980620009986,2.9442674254198643e-07,0,0.18072855273099114,0.0038235786973042697,0.043146226555109024,1.0010791875561278
0.016,31,physics,0,153,1.7926850304555786,194.74203792885564,40.16587980168647,236.7006027609977,340.7590765592271,0.00013768476972562715,2.0107814451363724,-2.89114279369473,1.0010399097137002,2.96703086988259e-07,0,0.17937750778308773,0.0038540429405942737,0.043146226555109024,1.001085094801524
0.016,32,refine,0,176,1.7926850304555788,194.74203792885564,40.16587980168647,236.7006027609977,340.7590765592271,0.00013768476972562715,2.0107814451363724,-2.89114279369473,1.0010399097137002,2.96703086988259e-07,0,0.17937750778308773,0.0037423936020598825,0.043146226555109024,1.001085094801524
0.0160625,32,physics,0,176,1.166551777479909,194.07920000069623,39.875802306760406,235.12155408493652,343.3233177840019,0.00013872085940552382,2.0431621935478392,-1.7129500872654293,1.0006161232780661,2.9891767194811797e-07,0,0.17790834679850295,0.0037687242371924586,0.043146226555109024,1.0010931501923312
0.016125,32,physics,0,176,0.48883701919385125,193.72338878342606,39.7980734525309,234.0102992551508,345.906854721156,0.00013976474557830462,2.03385235179481,1.1515710306262001,0.9995857981739688,3.006696376317565e-07,0,0.1764182570197959,0.003794709124363614,0.043146226555109024,1.0010951192977207
0.0161875,32,physics,0,176,0.3717549220279456,193.92653260718222,39.380810884825905,233.67909841403608,348.5098411667352,0.00014081649038574258,2.0281264801255636,4.858288035776697,0.9982525558866757,3.023968959681156e-07,0,0.17491548733051626,0.003820773111236253,0.043146226555109024,1.0011049648827655
0.01625,32,physics,0,176,0.9322304774966415,194.89779487751778,38.55257432278209,234.38259967779652,351.1324107576677,0.00014187614782425615,2.026922252479105,8.402379337711242,0.9969778142379597,3.041168783468605e-07,0,0.17344767454168336,0.003846536001945845,0.043146226555109024,1.0011101562302316
0.0163125,32,physics,0,176,1.6705368750770528,196.66394762613174,37.75197140028581,236.08645590149462,353.77471017613755,0.00014294377716124015,2.029790218605083,10.868299174893561,0.9960909025687181,3.061753339750336e-07,0,0.17209217633288915,0.003872500448405293,0.043146226555109024,1.00111481056464
0.016375,32,physics,0,176,1.939713577771998,199.07078763502852,37.51483299687044,238.52533420967097,356.4369049910887,0.00014401944529534376,2.0353279825879653,11.675570933672759,0.9958005439847476,3.0826317498622286e-07,0,0.170848805267825,0.0038990919415898048,0.043146226555109024,1.0011090821561333
0.0164375,32,physics,0,176,1.5561246513869054,201.8176737121728,37.942250197875715,241.31604856143542,359.11911658215973,0.00014510320127038924,2.0417242765478005,10.677245156196685,0.9961596254668933,3.1063249128493464e-07,0,0.16967571773859774,0.003925920117478885,0.043146226555109024,1.0011106932677127
0.0165,32,physics,0,176,0.9734260403171062,204.55246350412855,38.56191315001108,244.08780269445674,361.82150807574726,0.00014619511099810695,2.0474358237287626,8.224313576883334,0.9970419126197948,3.1326093541395045e-07,0,0.1686912337405853,0.003952917483655896,0.043146226555109024,1.0011128414205186
0.0165,33,refine,0,187,0.9734260403171062,204.55246350412858,38.56191315001108,244.08780269445674,361.8215080757473,0.00014619511099810692,2.0474358237287626,8.224313576883334,0.9970419126197948,2.453165741655992e-07,0,0.1686912337405853,0.0034451448713703754,0.033634260296821594,1.0011128414205186
0.0165625,33,physics,0,187,0.8646083758134206,206.97279499817495,38.703227831810864,246.54063120579923,364.54424686296886,0.000147295242113401,2.0502710909027537,5.059825586247348,0.9981801147236135,2.4750233684756056e-07,0,0.16773768019839075,0.003468348052282118,0.033634260296821594,1.0011191068925305
0.016625,33,physics,0,187,1.494004782058549,209.1495998348505,38.18496463761204,248.82856925452108,367.2874677661779,0.0001484036490916646,2.0537174179570403,2.1367152880937232,0.9992314803671222,2.4968507528200224e-07,0,0.16677848163129802,0.0034915044162607935,0.033634260296821594,1.0011225081651869
0.0166875,33,physics,0,187,2.4847173426982216,211.2919116993272,37.36622810949149,251.1428571515169,370.051326720201,0.00014952039493885174,2.057093652739302,0.32918151755808617,0.9998816025484665,2.5163267913797003e-07,0,0.16576766585367117,0.0035147531908703857,0.033634260296821594,1.0011280576348551
0.01675,33,physics,0,187,3.1907714148508957,213.8546372929107,36.92890749274073,253.97431620050233,372.83600936468304,0.00015064555466324093,2.0626650073596617,0.25662313452962954,0.99990769994917,2.5357350441623783e-07,0,0.16469555497307842,0.003537703541901658,0.033634260296821594,1.0011309218893003
0.0168125,33,physics,0,187,3.3198454268637985,217.35195017461308,37.249749895565586,257.9215454970425,375.64161991157675,0.00015177917037199751,2.072817811833953,2.094684834628061,0.9992466056859252,2.552937425903675e-07,0,0.16352404360408004,0.003560664856304017,0.033634260296821594,1.0011334281186623
0.016875,33,physics,0,187,3.205294647219983,222.2102580213284,38.116249429515996,263.53180209806436,378.46836165964453,0.0001529213242086214,2.089482069481975,5.527823838931482,0.9980118212080598,2.569800390261889e-07,0,0.1622508551378291,0.0035837274787327354,0.033634260296821594,1.001140409790682
0.0169375,33,physics,0,187,3.4602969573403852,228.68720230989538,39.000313488767844,271.1478127560036,381.31640022116574,0.00015407208308927195,2.1136772691969745,9.826117535598408,0.9964658765026528,2.5840394535237026e-07,0,0.1609429306874571,0.0036068900449283715,0.033634260296821594,1.0011488236652462
0.017,33,physics,0,187,4.358791373785451,236.84894541436188,39.59986529490396,280.8076020830513,384.18582312695264,0.00015523148238104722,2.145132578835658,14.054281141647103,0.9949451683591174,2.5984720064542475e-07,0,0.15962610508055583,0.0036310401470205818,0.033634260296821594,1.0011498977819824
0.017,34,refine,0,201,4.358791373785451,236.84894541436185,39.59986529490396,280.8076020830513,384.1858231269527,0.00015523148238104725,2.145132578835658,14.054281141647103,0.9949451683591174,2.2145833522557747e-07,0,0.15962610508055583,0.0036304633840622885,0.02870587445795536,1.0011498977819824
0.0170625,34,physics,0,201,5.550325689172528,246.49672047179553,40.09206735344498,292.13911351441305,387.0768537799031,0.00015639961235058616,2.181829542280991,17.299173600459987,0.9937781144590146,2.2281104072874293e-07,0,0.15836684084528638,0.003654656603276768,0.02870587445795536,1.0011541942604514
0.017125,34,physics,0,201,6.355483444987829,257.4347726613437,40.98789384134042,304.778149947672,389.98966098299775,0.00015757654120326068,2.2223586142364313,18.897692772365296,0.9932032032996391,2.244310453036744e-07,0,0.1571999738722751,0.003679501017772991,0.02870587445795536,1.0011552683829497
0.0171875,34,physics,0,201,6.391627199742977,269.06616828633906,42.46703217703043,317.92482766311247,392.9243701837098,0.00015876231962651423,2.263382612794995,18.578376516250103,0.9933180673940769,2.2613189720743773e-07,0,0.1561081565357393,0.003705038961134759,0.02870587445795536,1.0011636823823895
0.01725,34,physics,0,201,5.907141788832888,280.74994601763103,44.2003524823985,330.8574402888624,395.8811692655952,0.00015995702353528485,2.302229324022615,16.539899295693726,0.9940512574665122,2.2809318345196056e-07,0,0.15508850512002192,0.003730920243044591,0.02870587445795536,1.0011645774928744
0.0173125,34,physics,0,201,5.533067376927617,291.88314636909297,45.561941113212825,342.97815485923337,398.8602440331089,0.00016116072800444306,2.336941335925989,13.394297415496917,0.9951825981948617,2.2994106174678532e-07,0,0.15413946680113594,0.003757144311306845,0.02870587445795536,1.0011692320802967
0.017375,34,physics,0,201,5.685783589112709,302.07515933203456,46.17009352613913,353.9310364472864,401.86170833301344,0.00016237347903412915,2.366613650775145,9.986876092360284,0.9964081315695353,2.3168730844957955e-07,0,0.15318776042184948,0.003783326263436498,0.02870587445795536,1.0011746027849815
0.0174375,34,physics,0,201,6.183361287233264,311.25322635091413,46.22770962105491,363.66429725920227,404.88583780011766,0.00016359538799544886,2.3915736685047264,7.223761880551066,0.9974019086722477,2.3371431012719784e-07,0,0.15216534602686788,0.003809160747653219,0.02870587445795536,1.0011785413200611
0.0175,34,physics,0,201,6.437934828648185,319.64443410392033,46.33412992362223,372.41649885619074,407.93260887198517,0.00016482644536792616,2.413081934484635,5.791575158528444,0.9979170198780096,2.3569135532142146e-07,0,0.15110285137488114,0.0038345314088036133,0.02870587445795536,1.0011823008452725
0.0175,35,refine,0,220,6.437934828648186,319.6444341039203,46.33412992362222,372.4164988561907,407.93260887198517,0.0001648264453679262,2.413081934484635,5.791575158528444,0.9979170198780096,2.3569135532142146e-07,0,0.15748434332709574,0.003728913015437303,0.02870587445795536,1.0011823008452725
0.0175625,35,physics,0,220,6.047763658078454,327.557128280539,46.90195055339376,380.50684249201123,411.0023215657652,0.0001660667723744279,2.4460345374296524,6.041822751908739,0.997827024757411,2.3742467192278146e-07,0,0.15630109459046457,0.0037570306024116247,0.02870587445795536,1.001188029672741
0.017625000000000002,35,physics,0,220,5.190737785385828,335.5972336178853,47.915937042873296,388.7039084461444,414.09507259799454,0.00016731640809357294,2.466487959168898,7.838296503416564,0.9971809341271334,2.3910114421710215e-07,0,0.15490794567585275,0.0037852252404014636,0.02870587445795536,1.0011953697808413
0.017687500000000002,35,physics,0,220,4.475268312367521,343.9758768595033,48.826183826295626,397.2773289981664,417.21114412422787,0.00016857546653119482,2.4881353927953778,10.666880833586154,0.9961636270124901,2.407215902167084e-07,0,0.1535225624782163,0.0038136792524220233,0.02870587445795536,1.0011994874260202
0.017750000000000002,35,physics,0,220,4.35782657410253,352.825520948796,49.222355699626185,406.4057032225247,420.3506116724823,0.00016984397820462492,2.51135902539705,13.720743767641126,0.9950653162336969,2.425627032565104e-07,0,0.15215503636043873,0.003842463102403653,0.02870587445795536,1.0012039631465088
0.017812500000000002,35,physics,0,220,4.713906415897224,362.09477318742273,49.18429677626263,415.99297637958256,423.5135753796419,0.00017112198357448422,2.535491760612314,16.157543585141273,0.9941889335210543,2.4408254617469565e-07,0,0.1507934410523955,0.0038713503709925366,0.02870587445795536,1.0012064695587222
0.017875000000000002,35,physics,0,220,4.966357003411087,371.5411906129084,49.18758630546927,425.69513392178874,426.70022712060734,0.00017240956016842588,2.5590787645879516,17.294957316483565,0.9937798889491135,2.4582336877187995e-07,0,0.14951834443547019,0.0039006419085206986,0.02870587445795536,1.0012138098020127
0.017937500000000002,35,physics,0,220,4.6381948952868965,380.7558192109135,49.622549173004856,435.0165632792053,429.91102915923176,0.00017370689476560436,2.580301847452251,16.784348965809325,0.9939635556267584,2.47666364749932e-07,0,0.14839096457042225,0.0039304116363488495,0.02870587445795536,1.001214704957315
0.018000000000000002,35,physics,0,220,3.8010090528061977,389.23313616342864,50.39241893646738,443.4265641527022,433.1454635539283,0.0001750137780901029,2.5974746609869017,14.697060339743125,0.9947142554566855,2.497154394376369e-07,0,0.1474464618880092,0.003960362874444367,0.02870587445795536,1.0012190017139069
0.018000000000000002,36,refine,0,241,3.801009052806198,389.23313616342864,50.39241893646738,443.4265641527022,433.14546355392827,0.0001750137780901029,2.5974746609869017,14.697060339743125,0.9947142554566855,2.497154394376369e-07,0,0.13999594674766117,0.003765654556903396,0.02870587445795536,1.0012190017139069
0.0180625,36,physics,0,241,3.0216141802196006,396.41043280843166,50.93173809700363,450.3637850856549,436.4046668419895,0.00017633066936336518,2.6085382136168795,11.498156211300985,0.9958647556259209,2.5201883691039436e-07,0,0.13894138863225777,0.0037943313857014627,0.02870587445795536,1.0012259839826971
0.018125,36,physics,0,241,2.8238967079511164,402.25319759870916,50.87295226795651,455.9500465746168,439.6886450452165,0.00017765757101851964,2.615881469878382,7.956572251780227,0.9971384921111708,2.53987839649028e-07,0,0.13793205152001953,0.0038231586482377015,0.02870587445795536,1.0012270581822174
0.0181875,36,physics,0,241,3.217164908925904,406.7472314200339,50.173827701115684,460.1382240300755,442.99740322487935,0.00017899448510058825,2.618659736660126,4.920011323642487,0.9982305673796084,2.563626368967676e-07,0,0.1369203931008509,0.0038523252450296665,0.02870587445795536,1.0012320711285507
0.01825,36,physics,0,241,3.6998814772262376,410.2927451767413,49.34722160387328,463.3398482578408,446.3310118116595,0.00018034144006730788,2.6188187678831105,3.100201666606348,0.9988850512074635,2.584596900945257e-07,0,0.13591710090534065,0.003880817738722434,0.02870587445795536,1.0012374421703314
0.0183125,36,physics,0,241,3.753251144909348,413.5023261800293,48.94367519184741,466.1992525167861,449.6897155470813,0.00018169853480725625,2.6186876720773955,2.9357496170632262,0.9989442018839455,2.6033768740774106e-07,0,0.1349099392080109,0.003909294785682662,0.02870587445795536,1.0012404857734634
0.018375,36,physics,0,241,3.348440327425373,417.02375815190163,49.08025870148578,469.45245718081276,453.07367437496123,0.00018306583394623222,2.6205359246231,4.446429278810022,0.9984009164257677,2.621525654333819e-07,0,0.13391740462798116,0.003937762400940367,0.02870587445795536,1.0012454987870258
0.0184375,36,physics,0,241,2.9721068484949464,421.3913159980009,49.39122362405887,473.7546464705547,456.4831296827829,0.00018444343501760284,2.626087498109754,7.229156962945799,0.9974001681907764,2.637497189539321e-07,0,0.13293918511328345,0.003966203894287009,0.02870587445795536,1.0012542716211554
0.0185,36,physics,0,241,3.1528639508404313,426.9529336338064,49.43411462288233,479.53991220752914,459.9182261322038,0.000185831396472363,2.6361606448766945,10.595253918950267,0.996189616769405,2.6531304886390206e-07,0,0.13197497729492502,0.003995161705148328,0.02870587445795536,1.0012617912544464
0.0185,37,refine,0,258,3.1528639508404317,426.9529336338064,49.43411462288233,479.53991220752914,459.9182261322038,0.000185831396472363,2.6361606448766945,10.595253918950267,0.996189616769405,2.552074089834375e-07,0,0.13197497729492502,0.00362961000040037,0.027507703751325607,1.0012617912544464
0.0185625,37,physics,0,258,3.9523567269774067,433.74907027525194,49.12379478261019,486.8252217848395,463.3791970231734,0.00018722981257608614,2.6502411372360823,13.731813918601457,0.9950616271373238,2.569180335143527e-07,0,0.13105220447909552,0.0036559826590736176,0.027507703751325607,1.0012693109442112
0.018625,37,physics,0,258,4.895378110694887,441.8957097008491,48.88086753381225,495.67195534535625,466.8662345355634,0.00018863876097965015,2.6677372779445356,15.907066863142566,0.9942793909456943,2.586459473263857e-07,0,0.13011475803494554,0.0036823965173081404,0.027507703751325607,1.0012753983534795
0.0186875,37,physics,0,258,5.4206482257336885,451.01931323373515,49.127241773821034,505.5672032332899,470.3794363827262,0.00019005828116444028,2.6870066281784983,16.677413473846702,0.9940023889776755,2.6054132984398805e-07,0,0.1291859438363016,0.003708618392750459,0.027507703751325607,1.001278083986981
0.01875,37,physics,0,258,5.399853489355422,460.6947940436846,49.909936679568624,516.0045842126087,473.9191316649508,0.0001914885061044568,2.706339211550758,15.950181421548628,0.994263939126957,2.6259190200050816e-07,0,0.12825601086986935,0.003735111843300655,0.027507703751325607,1.0012825600588247
0.0188125,37,physics,0,258,5.2554580117429905,470.4604527228755,50.79340492561953,526.509315660238,477.4854219298914,0.00019292947683034666,2.72444032993782,14.034203524924717,0.9949529906576945,2.645685945878994e-07,0,0.1273548308274177,0.0037616399498764212,0.027507703751325607,1.0012830971887905
0.018875,37,physics,0,258,5.560562755919049,479.9800665861774,51.23192443830868,536.7725537804051,481.07854170980227,0.00019438128810560012,2.7407472373370485,11.540172482557184,0.9958499296931441,2.6746897674456667e-07,0,0.12628227393911218,0.0037883478193798323,0.027507703751325607,1.0012859618868082
0.0189375,37,physics,0,258,6.501918445899138,489.17481667996356,51.06180129314481,546.7385364190075,484.6987219274553,0.00019584403323528478,2.7555751079492428,9.232011872393347,0.9966799962313986,2.699730785593601e-07,0,0.12530556600184586,0.003815838081609115,0.027507703751325607,1.0012886475486433
0.019,37,physics,0,258,7.710823504251652,498.2690181859847,50.65652168041188,556.6363633706483,488.346162310881,0.0001973177929201355,2.770032878141001,7.824450193841652,0.9971861766491689,2.719345548740652e-07,0,0.12442469033789035,0.003843307482753476,0.027507703751325607,1.0012891846818748
0.019,38,refine,0,276,7.710823504251652,498.2690181859847,50.65652168041188,556.6363633706483,488.3461623108811,0.0001973177929201355,2.770032878141001,7.824450193841652,0.9971861766491689,2.2383218034605098e-07,0,0.12442469033789035,0.003661525792092214,0.022864405065774918,1.0012891846818748
0.0190625,38,physics,0,276,8.623872329521172,507.63387341640475,50.575429165986485,566.8331749119125,492.02103268862203,0.00019880263577990565,2.7847324210785156,7.806796877208994,0.9971925441991791,2.2549405542804385e-07,0,0.12352644686034471,0.003687043097151954,0.022864405065774918,1.0012922284422958
0.019125,38,physics,0,276,9.015803931847888,517.9758009036478,51.13455454872854,578.1261593842243,495.7235491461841,0.00020029864912461903,2.8035011335265496,9.29822166911624,0.9966562290028096,2.2712276681602367e-07,0,0.12266643675013648,0.0037127148309356144,0.022864405065774918,1.0012975998067861
0.0191875,38,physics,0,276,9.211411046456478,529.6730731750501,52.07085536999374,590.9553395915004,499.4539433590093,0.00020180592656346202,2.8263642909749658,12.053307665148886,0.9956654552150046,2.2827568768590828e-07,0,0.12179338274279634,0.0037384856428573,0.022864405065774918,1.001301001685867
0.01925,38,physics,0,276,9.751742460104193,543.0191790398749,52.902204092910196,605.6731255928893,503.2123678124373,0.00020332452970861262,2.853851370351572,15.488265544877603,0.9944301754672664,2.2939081789630233e-07,0,0.12092239980687684,0.0037644941876942436,0.022864405065774918,1.0013017178724093
0.0193125,38,physics,0,276,10.857055103465783,558.098658314237,53.38609550391921,622.341808921622,506.99904533365975,0.00020485454859409385,2.88555009756262,18.85987077931927,0.9932176906307612,2.3046070829479972e-07,0,0.12006002916310393,0.0037908931980193145,0.022864405065774918,1.001303687388042
0.019375,38,physics,0,276,12.1977688599849,574.77787752608,53.7398127536206,640.7154591396855,510.8142681257614,0.00020639610128547515,2.9202292584943805,21.44737229274107,0.9922873643923911,2.3167620888386845e-07,0,0.11920138580018548,0.0038178258176048614,0.022864405065774918,1.0013044035765053
0.0194375,38,physics,0,276,13.18854224070525,592.7072534324859,54.398145031532664,660.2939407047238,514.6582240244968,0.00020794926367838032,2.9561300541737348,22.747946595149724,0.9918198439066269,2.3337294496883506e-07,0,0.11834126975799518,0.0038452645381038962,0.022864405065774918,1.0013085216701105
0.0195,38,physics,0,276,13.525080435781433,611.3578352391607,55.5522764937254,680.4351921686675,518.5311070542768,0.00020951411416897874,2.9913649573602137,22.559374768485814,0.9918876673452773,2.3511408375753707e-07,0,0.11748276219627447,0.0038730620735278223,0.022864405065774918,1.001314430268779
0.0195,39,refine,0,298,13.525080435781431,611.3578352391607,55.5522764937254,680.4351921686675,518.5311070542768,0.00020951411416897871,2.9913649573602137,22.559374768485814,0.9918876673452773,2.3511408375753707e-07,0,0.11748276219627447,0.003732026068835597,0.022864405065774918,1.001314430268779
0.0195625,39,physics,0,298,13.461162652818572,630.0026691563944,56.89660660151078,700.3604384107238,522.4330793661176,0.00021109071827489522,3.0239007537259037,21.061126386958282,0.9924264755072266,2.374711014496709e-07,0,0.11663063840480527,0.0037593948248318106,0.022864405065774918,1.0013187274533464
0.019625,39,physics,0,298,13.552815344720532,648.3527855945779,57.939640041337,719.8452409806355,526.3644404119063,0.00021267919699060055,3.0536988034951538,18.72825068523926,0.9932653821832348,2.3922799119446836e-07,0,0.1157720635753049,0.003787034507802958,0.022864405065774918,1.001322308454573
0.0196875,39,physics,0,298,14.144926200414682,665.9906470837741,58.355972890442814,738.4915461746316,530.3253888814306,0.00021427963059732436,3.0802619797985167,16.248791640444683,0.9941569875627043,2.4100783635461214e-07,0,0.11492828294830353,0.0038149946500114465,0.022864405065774918,1.0013208760525456
0.01975,39,physics,0,298,15.049907234464428,682.9427855991291,58.35133114567888,756.3440239792724,534.3161634445127,0.00021589211553035403,3.1043894562321395,14.328418771302598,0.9948475575129091,2.433436314674965e-07,0,0.11409098769339182,0.0038432034021174677,0.022864405065774918,1.001328754289054
0.0198125,39,physics,0,298,15.740007504095546,699.5264097722618,58.461762443721355,773.7281797200786,538.3369614127498,0.00021751673151405716,3.1274516703123454,13.515071997598522,0.9951400416039147,2.452814458209218e-07,0,0.11325462777072309,0.0038717551388834943,0.022864405065774918,1.0013398555457056
0.019875,39,physics,0,298,15.861346868874385,716.2207148713412,59.073274959938736,791.1553367001544,542.3879734970858,0.00021915355560578638,3.1510207672274566,14.057432826933306,0.9949450156369649,2.4711008972389024e-07,0,0.11242262533451519,0.0039005337794174484,0.022864405065774918,1.0013520312590332
0.0199375,39,physics,0,298,15.580156404248104,733.5018093510498,60.09003093398447,809.1719966892824,546.4694821212918,0.00022080270191974908,3.1764304639410383,15.847442826664873,0.9943013337041882,2.4861105707429895e-07,0,0.11159728043212566,0.003929391068641239,0.022864405065774918,1.001353642761597
0.02,39,physics,0,298,15.419756025179307,751.7188573859196,61.0609775069453,828.1995909180441,550.5817297049007,0.00022246426840631507,3.2044184224855288,18.4509129011008,0.9933651594014188,2.4974038126401844e-07,0,0.11078179372343587,0.003958564938634769,0.022864405065774918,1.0013565076614477
0.02,40,refine,0,326,15.419756025179309,751.7188573859196,61.0609775069453,828.1995909180441,550.5817297049007,0.00022246426840631504,3.2044184224855288,18.4509129011008,0.9933651594014188,1.6753361720134302e-07,0,0.10282447446840924,0.0037346862713940844,0.015055622905492783,1.0013565076614477
0.0200625,40,physics,0,326,15.765496147238608,770.8786077400193,61.59366996701556,848.2377738542735,554.7249027671193,0.00022413833042915266,3.2334527979098695,21.219006331784527,0.9923697882599657,1.687993105292661e-07,0,0.10172525696791718,0.0037627382068569446,0.015055622905492783,1.0013602678549403
0.020125,40,physics,0,326,16.47975967781784,791.2116711831341,61.8389131187605,869.5303439797124,558.8992819006426,0.00022582500136261708,3.2658798696016897,23.48531671710092,0.9915548247208518,1.7007304009553084e-07,0,0.10094253546586449,0.0037907513929025835,0.015055622905492783,1.0013613421985317
0.0201875,40,physics,0,326,17.044317324333367,812.2904240714099,62.16708556193287,891.5018269576761,563.1050643438526,0.00022752436090149307,3.298419481272303,24.688140103287193,0.991122328586724,1.7135522867306468e-07,0,0.10016051006419999,0.003819246130493229,0.015055622905492783,1.001366892992116
0.02025,40,physics,0,326,17.044835256799253,833.6392071650284,62.9052645547699,913.5893069765976,567.3424976535641,0.00022923650907188516,3.3295228672131616,24.548078158303117,0.9911727285453089,1.7263657170474313e-07,0,0.09942402944317581,0.00384777560731949,0.015055622905492783,1.0013702951066183
0.0203125,40,physics,0,326,16.562638318235276,854.6792862538671,63.952372468975305,935.1942970410777,571.6118012311231,0.00023096153452359283,3.357718976608429,23.1242233344415,0.9916847683255163,1.7394730988939947e-07,0,0.09873866326477466,0.003876761186411062,0.015055622905492783,1.0013724438164697
0.020375,40,physics,0,326,16.099620611950336,874.871779524128,64.84507817341266,955.8164783094909,575.9131487053149,0.0002326995074118695,3.3821363767776016,20.789056775653613,0.9925244714180186,1.752705252044962e-07,0,0.09804839828542426,0.0039058638250359426,0.015055622905492783,1.0013758459498308
0.0204375,40,physics,0,326,16.121404984721966,893.8887899298466,65.1765791300889,975.1867740446573,580.2466556005326,0.0002344504744147072,3.402705209904365,18.135248258997002,0.9934787626860918,1.7660177675793418e-07,0,0.09764144878106673,0.003935317330642133,0.015055622905492783,1.0013812177628818
0.0205,40,physics,0,326,16.637177835351984,911.7282888875848,64.97744123599014,993.3429079589268,584.6126778787578,0.00023621457935965725,3.4201734088407627,15.8400039512005,0.9943041186883816,1.7792901019220158e-07,0,0.09693513021955223,0.003964871624112842,0.015055622905492783,1.0013810387019824
0.0205,41,refine,0,354,16.637177835351984,911.7282888875848,64.97744123599017,993.3429079589268,584.6126778787578,0.00023621457935965728,3.4201734088407627,15.8400039512005,0.9943041186883816,1.7792901019220158e-07,0,0.09693513021955223,0.0036845064326512023,0.015055622905492783,1.0013810387019824
0.0205625,41,physics,0,354,17.215007311134716,928.5741523687382,64.66243552777588,1010.4515952076488,589.011969579121,0.0002379921269185852,3.434266331354582,14.467438582906937,0.9947977023580475,1.7925666639939672e-07,0,0.0962605168347313,0.0037122218091152318,0.015055622905492783,1.0013890964741494
0.020625,41,physics,0,354,17.40546729256327,945.2822295213887,64.78093602832269,1027.4686328422745,593.4443313410453,0.00023978303653922797,3.450494071487992,14.379835074273789,0.9948292052586656,1.8060399042951734e-07,0,0.09552945154894636,0.0037400564031847094,0.015055622905492783,1.0014000193354926
0.0206875,41,physics,0,354,17.197605365830157,962.3073028776813,65.36429907274609,1044.8692073162574,597.9100908662363,0.00024158744063048365,3.4683359088888683,15.577850169045393,0.9943984121841682,1.8196823248217716e-07,0,0.0947671491733255,0.003768010214748904,0.015055622905492783,1.0014068238011475
0.02075,41,physics,0,354,17.02378428710656,980.1562749434057,66.06314679884571,1063.243206029358,602.4094473154206,0.0002434054196638662,3.4888444410820307,17.746169438606447,0.9936187727372805,1.8332084295025213e-07,0,0.09407820050092983,0.0037959638194212907,0.015055622905492783,1.0014091516552757
0.0208125,41,physics,0,354,17.346194090567828,999.1420090096758,66.46740370040985,1082.9556068006534,606.9426412742253,0.0002452370708487501,3.512320787045257,20.35553762399597,0.9926804834269645,1.8468064411081276e-07,0,0.09326765122291591,0.0038242156702836235,0.015055622905492783,1.0014121957803772
0.020875,41,physics,0,354,18.21082542619304,1019.3565675974772,66.50972412551656,1104.077117149187,611.5099521531058,0.000247082507081803,3.538242823841795,22.74897483233232,0.9918198559325908,1.860694176514244e-07,0,0.09257980730670591,0.0038527059445400834,0.015055622905492783,1.001420432871166
0.0209375,41,physics,0,354,19.201595387453935,1040.6574747021507,66.52135864817562,1126.3804287377802,616.1116243643964,0.0002489418271185924,3.565456391767175,24.35782271027662,0.9912413698159911,1.8744613683452385e-07,0,0.09186327566538278,0.0038814344290694154,0.015055622905492783,1.0014216863474432
0.021,41,physics,0,354,19.828405716206113,1062.692876816136,66.89576873271511,1149.4170512650574,620.747977269026,0.0002508151599978994,3.5924670948160515,24.82691148699821,0.9910727275434339,1.8884781027850316e-07,0,0.09117449830654616,0.003910461154929083,0.015055622905492783,1.0014256258545284
0.021,42,refine,0,372,19.82840571620611,1062.692876816136,66.89576873271511,1149.4170512650574,620.747977269026,0.0002508151599978994,3.5924670948160515,24.82691148699821,0.9910727275434339,1.8253551914426661e-07,0,0.09117449830654616,0.003668967874518986,0.014697176404297352,1.0014256258545284
0.0210625,42,physics,0,372,19.986625120921907,1084.8776574188082,67.67462621094295,1172.538908750673,625.4191471074806,0.0002527025607681184,3.6176918270594705,24.099915687200824,0.9913341332856226,1.83942768572365e-07,0,0.09055429841194729,0.003696088002410681,0.014697176404297352,1.001430102585937
0.021125,42,physics,0,372,20.05251193667396,1106.8879180669649,68.51537599963423,1195.455806003273,630.1254596686578,0.00025460416106527116,3.640480157410826,22.422186153522006,0.9919373967374885,1.8550198266353824e-07,0,0.08990060334054054,0.003723029273049123,0.014697176404297352,1.0014345793373582
0.0211875,42,physics,0,372,20.538024252435754,1128.2812273900122,68.9404849297701,1217.759736572218,634.8672239658413,0.0002565200857471408,3.6603514041624217,20.277668096773898,0.9927085309658885,1.873285810916058e-07,0,0.08935178930315037,0.0037506861065809663,0.014697176404297352,1.0014365491143236
0.02125,42,physics,0,372,21.61727505999609,1148.99380711576,68.81266828762185,1239.423750463378,639.6446737295119,0.0002584504292532585,3.6778021804600236,18.293239439282768,0.9934220825205842,1.8918582345150965e-07,0,0.08872499975653887,0.0037783427651412534,0.014697176404297352,1.0014433538281966
0.0213125,42,physics,0,372,22.97908623155073,1169.2922004987731,68.45829822166507,1260.729584951989,644.4580993980121,0.0002603953089361441,3.69402770802565,17.038384621448387,0.9938732957187226,1.9059377631691648e-07,0,0.08806904255892338,0.0038065357300290387,0.014697176404297352,1.0014463980572674
0.021375,42,physics,0,372,24.138021403480035,1189.7021189231368,68.3783495204307,1282.2184898470475,649.307637396013,0.0002623547799186123,3.7106073001071054,16.904683150511016,0.9939213898138096,1.920756256268417e-07,0,0.08745926683163546,0.0038347286953886906,0.014697176404297352,1.0014569633946562
0.0214375,42,physics,0,372,24.910005209154782,1210.8476053300515,68.80638862060687,1304.5639991598132,654.1935003327354,0.0002643289281060832,3.7291104796615135,18.006043184132434,0.993525385507851,1.9339732038048388e-07,0,0.0867909877882129,0.0038623852642620223,0.014697176404297352,1.0014623356428562
0.021500000000000002,42,physics,0,372,25.591785470095257,1233.2983239271994,69.5287584873844,1328.418867884679,659.1164061313931,0.0002663180435776747,3.750740300219551,20.15096620689016,0.9927541229802024,1.9479412483036643e-07,0,0.08616352452059699,0.003890697439364715,0.014697176404297352,1.0014680660727013
0.021500000000000002,43,refine,0,404,25.591785470095253,1233.2983239271994,69.5287584873844,1328.418867884679,659.1164061313931,0.00026631804357767476,3.750740300219551,20.15096620689016,0.9927541229802024,1.4209266829823266e-07,0,0.09383390676461455,0.0036891536589919813,0.010786556638777256,1.0014680660727013
0.021562500000000002,43,physics,0,404,26.669145263437418,1257.2779771618289,70.11329628399251,1354.0604187092588,664.0762681640088,0.0002683220913310818,3.775603554149036,22.894305649730764,0.9917677210975978,1.4313718033065457e-07,0,0.09315608152436176,0.0037161220665957936,0.010786556638777256,1.0014702149923467
0.021625000000000002,43,physics,0,404,28.341004429354584,1283.297100617261,70.38047724352126,1382.018582290137,669.0735370886912,0.00027034125345612176,3.8043766219257393,25.62915964525626,0.9907824088576792,1.441816923630769e-07,0,0.09246680880373563,0.003743299108890889,0.010786556638777256,1.0014761245451478
0.021687500000000002,43,physics,0,404,30.325425192527703,1311.1145301151073,70.51919376123229,1411.9591490688674,674.1083962603318,0.00027237560403791126,3.835436112076418,27.794686612353313,0.990003005106089,1.452484532649122e-07,0,0.09170789792835496,0.003770625187018992,0.010786556638777256,1.0014831086070528
0.021750000000000002,43,physics,0,404,32.11356315774977,1340.4235540313916,70.92699870911179,1443.464115898253,679.181137208119,0.00027442526086973013,3.867457866673888,28.97161738418912,0.9895777495820475,1.4620420696331843e-07,0,0.09103707762744462,0.003798100300769394,0.010786556638777256,1.0014893763963846
0.021812500000000002,43,physics,0,404,33.439002096550226,1370.7438712994253,71.7854040679569,1475.9682774639325,684.2920428702225,0.0002764903382736296,3.898966558514809,29.013515910857954,0.9895627031336457,1.4731255770783486e-07,0,0.09040730924057065,0.003825724449931814,0.010786556638777256,1.0014929580079006
0.021875000000000002,43,physics,0,404,34.52060381598367,1401.526055522804,72.85215826557697,1508.8988176043645,689.4414482820152,0.00027857097162169945,3.9287505401445704,28.043683623868123,0.9899116258321835,1.4837439366033336e-07,0,0.08980939087474904,0.0038536474420644185,0.010786556638777256,1.0014981513673507
0.021937500000000002,43,physics,0,404,35.85396637361799,1432.3134295813493,73.65645633475242,1541.8238522897198,694.6295628935835,0.00028066724554290146,3.956175367681108,26.452687298394473,0.990483967413492,1.494674579660682e-07,0,0.08914906792968466,0.0038815994554004768,0.010786556638777256,1.001496718713778
0.022,43,physics,0,404,37.75032063104746,1462.8969772713258,73.92189521200001,1574.5691931143733,699.856704527899,0.0002827792884546005,3.981354278805597,24.78453712939696,0.9910841024147681,1.505728350892353e-07,0,0.08849715575303403,0.0039098197022340055,0.010786556638777256,1.0014956442249434
0.022,44,refine,0,473,37.750320631047465,1462.896977271326,73.92189521200001,1574.5691931143735,699.856704527899,0.0002827792884546005,3.981354278805597,24.78453712939696,0.9910841024147681,1.505728350892353e-07,0,0.08849715575303403,0.0037958369414655803,0.010786556638777256,1.0014956442249434
0.0220625,44,physics,0,473,40.06760002143303,1493.048391112913,73.76169169484476,1606.8776828291907,705.1232218098548,0.000284907241219774,4.04759456019302,23.60304384351376,0.9915091679085396,1.5164382727306215e-07,0,0.08790719640888693,0.0038237049518235733,0.010786556638777256,1.001497435040308
0.022125,44,physics,0,473,42.325638224262946,1523.882788943271,73.78263722022406,1639.9910643877581,710.429348672878,0.0002870511983599541,4.071902760370144,23.340365749488722,0.9916037328784718,1.5285161136802082e-07,0,0.08729352218655144,0.0038516817323324373,0.010786556638777256,1.0015026284229742
0.0221875,44,physics,0,473,44.20500350981342,1555.6317627932963,74.26476086198304,1674.1015271650926,715.7753805739491,0.0002892112792554573,4.097470763233999,24.206474895722657,0.9912922049762685,1.5396639607700975e-07,0,0.08664699518463403,0.0038797486299739785,0.010786556638777256,1.0015017330102485
0.02225,44,physics,0,473,45.836434718932054,1588.8645377953396,75.14313907039275,1709.8441115846645,721.1616572008403,0.00029138762115818917,4.125669956729892,26.100288257881623,0.9906109821248891,1.5499127314910768e-07,0,0.08598550803173204,0.003907755742976636,0.010786556638777256,1.001507105498612
0.0223125,44,physics,0,473,47.6632386601373,1624.0100219308606,76.03644804361261,1747.7097086346105,726.588417880794,0.0002935803207690701,4.157207965956339,28.681639270558655,0.9896824187035863,1.5610537573706996e-07,0,0.08528636404158124,0.003935844507238267,0.010786556638777256,1.0015122989314253
0.022375,44,physics,0,473,50.012494578505766,1661.282505617632,76.63504312898439,1787.9300433251221,732.0559744961464,0.00029578950410513255,4.192031384017957,31.429951330572052,0.988693788767269,1.5722392721073664e-07,0,0.0846687498199527,0.003964720622881089,0.010786556638777256,1.0015139106919124
0.0224375,44,physics,0,473,52.76093211951445,1700.6542935235625,76.99911474367397,1830.414340386751,737.5645823183396,0.00029801527430960064,4.229365828928125,33.79573959953281,0.9878427523372617,1.5839072720069685e-07,0,0.08396480525438761,0.0039937906741273795,0.010786556638777256,1.0015208950173293
0.0225,44,physics,0,473,55.44388427239707,1741.8509743178852,77.48317039592982,1874.7780289862121,743.1144753871947,0.00030025772594699556,4.267887127342827,35.32481542297933,0.9872927293995529,1.594339673616218e-07,0,0.08331661541036942,0.004023257656504278,0.010786556638777256,1.0015269839561514
0.0225,45,refine,0,495,55.44388427239708,1741.8509743178852,77.48317039592983,1874.7780289862121,743.1144753871947,0.0003002577259469956,4.267887127342827,35.32481542297933,0.9872927293995529,1.2498245283154572e-07,0,0.08331661541036942,0.0036284290104167233,0.008408565074205399,1.0015269839561514
0.0225625,45,physics,0,495,57.688249598486756,1784.3107638561155,78.3465299279363,1920.3455433825384,748.7064990811682,0.0003025172005951234,4.304437186554887,35.79096018227973,0.987125060913645,1.25895168956447e-07,0,0.0827172632618841,0.0036533402780582628,0.008408565074205399,1.001532893843939
0.022625,45,physics,0,495,59.53614324744646,1827.6247081464207,79.54818841457539,1966.7090398084426,754.3405708191168,0.0003047936648868159,4.341675798656575,35.22372464804845,0.9873291510688152,1.2693945272701515e-07,0,0.08213758749960487,0.003678099221762956,0.008408565074205399,1.00153987830174
0.0226875,45,physics,0,495,61.417983483942095,1871.1588890684382,80.64300667730835,2013.2198792296888,760.0170288253023,0.0003070872554826427,4.376274152151802,33.91598020403046,0.9877996185066238,1.27877258115916e-07,0,0.08160055075657666,0.003703016787001006,0.008408565074205399,1.0015391619448522
0.02275,45,physics,0,495,63.74177952063354,1914.5647667741337,81.2609134520977,2059.567459746865,765.7361841677669,0.0003093980980706184,4.408165486756708,32.3455221169658,0.9883645640461749,1.2882428457317037e-07,0,0.08099832651264233,0.0037283392941013477,0.008408565074205399,1.0015427437344153
0.0228125,45,physics,0,495,66.52208135253811,1957.8116047352232,81.41582831723227,2105.7495144049935,771.4984216992614,0.00031172634815169987,4.437912477760835,31.038822779703832,0.9888346321317175,1.297745289008391e-07,0,0.08048265142388489,0.003753740404014415,0.008408565074205399,1.0015522355387083
0.022875,45,physics,0,495,69.37663475188633,2001.2038511371768,81.50048742366697,2152.0809733127303,777.3040492301994,0.0003140721300976463,4.466657163262495,30.46324109483893,0.9890416760274737,1.3081969552075623e-07,0,0.07991513581269974,0.0037798499290640913,0.008408565074205399,1.0015565337438272
0.0229375,45,physics,0,495,71.90503037782383,2045.2598948991968,81.9354645916684,2199.100389868689,783.1533291170106,0.00031643554991439294,4.495794297875834,30.880851708861716,0.9888914579053951,1.3178366931043665e-07,0,0.0793263862777062,0.0038056765106737832,0.008408565074205399,1.001558324668071
0.023,45,physics,0,495,74.07854022555804,2090.5642905856134,82.80307348785846,2247.4459042990297,789.0466000499359,0.00031881674445079016,4.526625167548599,32.30730655399975,0.9883783214628257,1.3267786957982242e-07,0,0.07872133912919727,0.0038314416611172335,0.008408565074205399,1.0015615483397797
0.023,46,refine,0,539,74.07854022555804,2090.564290585614,82.80307348785844,2247.44590429903,789.0466000499359,0.00031881674445079016,4.526625167548599,32.30730655399975,0.9883783214628257,1.1285156986673435e-07,0,0.07872133912919727,0.003685752937192899,0.00717646861448884,1.0015615483397797
0.0230625,46,physics,0,539,76.27284903958926,2137.404641112695,83.77963883292313,2297.4571289852074,794.9842642779719,0.00032121587623680205,4.558777352818294,34.48663495969269,0.9875943648744648,1.1354269346952599e-07,0,0.0780753773314534,0.0037127470836218956,0.00717646861448884,1.0015636974600166
0.023125,46,physics,0,539,78.88656921118937,2186.491858259015,84.55347419727322,2349.9319016674776,800.9666679101304,0.00032363308511885634,4.595409412453846,36.993470707588614,0.9866925817899982,1.1437563784966174e-07,0,0.07748792509746404,0.0037399035112371964,0.00717646861448884,1.001567995714325
0.0231875,46,physics,0,539,81.96651557406247,2237.677117202963,85.01900003070085,2404.6626328077264,806.9939454592516,0.00032606842544728634,4.634372243724461,39.30442153651229,0.985861349418225,1.150241537573038e-07,0,0.07683293494740043,0.0037673100523813196,0.00717646861448884,1.0015760549908714
0.02325,46,physics,0,539,85.15581844462127,2290.7612583003893,85.45413827282998,2461.3712150178403,813.0666624933419,0.00032852212574161215,4.674711228615901,40.96721347829968,0.9852632677987403,1.1586250714401566e-07,0,0.07624439855748116,0.0037949352645994237,0.00717646861448884,1.0015828606526802
0.0233125,46,physics,0,539,88.01102821322833,2345.315210625894,86.20376739793439,2519.5300062370566,819.1851000409182,0.0003309942995522846,4.7151446356585796,41.686421662069705,0.9850046211572931,1.1665834342977628e-07,0,0.07568655070344248,0.0038227693256272432,0.00717646861448884,1.001586084403362
0.023375,46,physics,0,539,90.42239576056875,2400.7634617494696,87.32362697709851,2578.509484487137,825.3496776918797,0.0003334851164159135,4.754393111557953,41.40693904286074,0.9851051535743258,1.175111101758831e-07,0,0.07516300020744425,0.0038509056332473673,0.00717646861448884,1.0015943229244673
0.0234375,46,physics,0,539,92.71271820208497,2456.5121445841205,88.49578625451123,2637.7206490407166,831.5604043159451,0.00033599457991633636,4.791477224500886,40.321173384095495,0.9854957392458348,1.1850812597913316e-07,0,0.0746544294786024,0.0038792872689216596,0.00717646861448884,1.0015945020235049
0.0235,46,physics,0,539,95.34899760764267,2512.1297954297124,89.3032712106887,2696.7820642480438,837.8180221191654,0.0003385229899442275,4.82598211727442,38.83160203220529,0.9860315352293928,1.1937952848484193e-07,0,0.07415719007894915,0.003907877609704374,0.00717646861448884,1.0015998750095214
0.0235,47,refine,0,584,95.34899760764266,2512.1297954297124,89.30327121068869,2696.7820642480438,837.8180221191653,0.0003385229899442275,4.82598211727442,38.83160203220529,0.9860315352293928,1.1937952848484193e-07,0,0.0774222387536413,0.00378444240992358,0.00717646861448884,1.0015998750095214
0.0235625,47,physics,0,584,98.50936532796175,2567.2747780520276,89.59306182459545,2755.377205204585,844.1227197379505,0.0003410704227187178,4.858102814200186,37.42566031054318,0.9865373225011278,1.2025610729438083e-07,0,0.07699530511396767,0.00381268671676135,0.00717646861448884,1.001602740613849
0.023625,47,physics,0,584,101.92752948398729,2622.5614617151264,89.66820809724948,2814.157199296363,850.4747845453571,0.0003436369943537888,4.88866091247572,36.570837012496796,0.986844827096491,1.2126215676033786e-07,0,0.07645392027516487,0.0038410139418411844,0.00717646861448884,1.001610441966104
0.0236875,47,physics,0,584,105.19224802486691,2678.2744253841747,89.95380570819775,2873.420479117239,856.8749932984442,0.00034622301870055764,4.918936729447791,36.59432208292172,0.9868364191190458,1.2221234069187406e-07,0,0.07591509342024924,0.0038693789975845216,0.00717646861448884,1.0016108001699757
0.02375,47,physics,0,584,108.11714016828702,2735.0228147030866,90.66594733064701,2933.8059022020207,863.3226579007335,0.00034882821773149183,4.9502639820470105,37.59325993186759,0.9864771596685481,1.2305005459012366e-07,0,0.07535723330451612,0.0038979173889469474,0.00717646861448884,1.00161599414051
0.0238125,47,physics,0,584,110.96388237802425,2793.37489911766,91.62563828406076,2995.9644197797447,869.8191068836362,0.0003514531282438597,4.983628764151727,39.418319130447095,0.9858207050676139,1.2395200155168593e-07,0,0.07478251560696264,0.003926627255477909,0.00717646861448884,1.0016167105523528
0.023875,47,physics,0,584,114.15955494771539,2853.7345538122017,92.45988415614856,3060.353992916066,876.3643502694173,0.00035409775428718886,5.01949979856922,41.719595166699875,0.9849929241801514,1.2458000320236806e-07,0,0.07402738478914761,0.003955649511032704,0.00717646861448884,1.001621009034169
0.0239375,47,physics,0,584,117.90925195468458,2916.2691436234186,92.97314926095564,3127.1515448390587,882.9590128141533,0.0003567623482961243,5.057724016051804,44.02007149035319,0.9841655179745451,1.2527468928880112e-07,0,0.07332304226327749,0.003984791661201713,0.00717646861448884,1.0016265612671509
0.024,47,physics,0,584,121.98814607719625,2980.889578328868,93.33255331087538,3196.21027771694,889.6033345861335,0.0003594470072710083,5.097603329642563,45.858060492094246,0.9835044743152943,1.2618944378317557e-07,0,0.07274489289794628,0.0040141550893045145,0.00717646861448884,1.0016310388968128
0.024,48,refine,0,648,121.98814607719626,2980.889578328868,93.33255331087538,3196.21027771694,889.6033345861335,0.0003594470072710083,5.097603329642563,45.858060492094246,0.9835044743152943,1.2228452472839972e-07,0,0.06942195009948252,0.0037824928576951776,0.006876925937831402,1.0016310388968128
0.0240625,48,physics,0,648,125.96460706958919,3046.9845508627895,93.8421503166239,3266.791308249002,896.2976591149218,0.00036215187001603514,5.150770664216215,46.90160441829661,0.9831291903731755,1.2317894082514163e-07,0,0.06892150733116446,0.003810923962113503,0.006876925937831402,1.0016331881661604
0.024125,48,physics,0,648,129.57839758891498,3114.5644083009606,94.7942501373092,3338.9370560271846,903.0421596709404,0.00036487700654166044,5.191436779123228,47.012219520795576,0.9830895132894385,1.240820362014006e-07,0,0.06841842665140169,0.0038395934871677407,0.006876925937831402,1.0016401733233908
0.0241875,48,physics,0,648,133.0212850418093,3182.784308887159,95.93758701829128,3411.7431809472596,909.8374066939662,0.00036762264733585886,5.2300668092370355,46.29542694667978,0.9833473673399064,1.2511818869853634e-07,0,0.06791940274440506,0.0038685610368858056,0.006876925937831402,1.0016489496156276
0.02425,48,physics,0,648,136.73678068465503,3251.1532855578976,96.86073062175295,3484.7507968643054,916.6833871402034,0.00037038878712824364,5.266222042152371,45.059041969863465,0.9837922270119559,1.2603611576622603e-07,0,0.0674268059698413,0.0038977074032543876,0.006876925937831402,1.001655039332982
0.0243125,48,physics,0,648,141.03149966991072,3319.4309408605523,97.30187923260635,3557.7643197630696,923.5806499850385,0.0003731756477340355,5.2999425225974175,43.75040856297466,0.9842629800641067,1.2696012685609048e-07,0,0.06693350886115693,0.003926972982219596,0.006876925937831402,1.0016595170899512
0.024375,48,physics,0,648,145.80256114360623,3387.729772480998,97.39112412016942,3630.9234577447733,930.5293494092732,0.0003759832914504691,5.331836231001994,42.82114412364812,0.9845973658881454,1.2788761782900335e-07,0,0.06644735628043585,0.003956357773735307,0.006876925937831402,1.0016605917546022
0.0244375,48,physics,0,648,150.6604191025466,3456.4752260449973,97.53627241014573,3704.6719175576895,937.5296419459651,0.0003788117815252155,5.362915039688832,42.648837972718525,0.9846593658267505,1.2895456080741488e-07,0,0.06596441967370652,0.003985980985862085,0.006876925937831402,1.0016620246425973
0.0245,48,physics,0,648,155.3171766655911,3526.2754723722883,98.0581379282662,3779.6507869661455,944.5817008436193,0.0003816611879598746,5.394346253675984,43.39973443418959,0.9843892710606332,1.2989952846709216e-07,0,0.06548471213602547,0.004015723410484287,0.006876925937831402,1.0016652486480806
0.0245,49,refine,0,700,155.3171766655911,3526.2754723722883,98.05813792826619,3779.6507869661455,944.5817008436193,0.0003816611879598746,5.394346253675984,43.39973443418959,0.9843892710606332,1.2989952846709216e-07,0,0.06548471213602547,0.0036518052446459664,0.006876925937831402,1.0016652486480806
0.0245625,49,physics,0,700,159.89348783273277,3597.6005339427084,98.88872310677559,3856.3827448822167,951.689806320249,0.00038453324018990556,5.426759279562602,45.01554133309876,0.9838081319119268,1.3071093896144245e-07,0,0.0650111882699175,0.0036783517451331694,0.006876925937831402,1.0016708011262936
0.024625,49,physics,0,700,164.7794740434375,3671.3927104510653,99.7722834370546,3935.9444679315575,958.8514548408097,0.0003874269266541541,5.4630995193800205,47.219388859699556,0.9830154309798214,1.316653701621819e-07,0,0.06454154355663805,0.0037050473223802062,0.006876925937831402,1.00167599540797
0.0246875,49,physics,0,700,170.28616012333526,3747.709199421809,100.38158840857949,4018.3769479537236,966.0668820741705,0.00039034234257536343,5.501957916026392,49.59294752494408,0.982161817788703,1.3262415698989122e-07,0,0.06407219598505143,0.003731951564555728,0.006876925937831402,1.001677607431898
0.02475,49,physics,0,700,176.34076603921233,3826.5625286285476,100.75822613643005,4103.66152080419,973.3367047742026,0.0003932797371548622,5.5427937541781045,51.69023830179643,0.9814074891242348,1.3357460204588302e-07,0,0.06361173212936937,0.003759004882901381,0.006876925937831402,1.00167886123008
0.0248125,49,physics,0,700,182.54333218577526,3907.7094872623884,101.21836590345433,4191.471185351618,980.661078333262,0.00039623917317941737,5.584637644581625,53.139584901830496,0.9808862850577291,1.3442161783672177e-07,0,0.06315021725284241,0.0037861774823092988,0.006876925937831402,1.0016867422831601
0.024875,49,physics,0,700,188.56165940486022,3990.6990020576395,102.03271113132952,4281.29337259383,988.0406779202433,0.0003992209234531309,5.626354719777573,53.746010330171195,0.9806683023353286,1.3539765841841237e-07,0,0.06269326932004346,0.0038136183353316188,0.006876925937831402,1.0016901454843408
0.0249375,49,physics,0,700,194.42145844153055,4074.9460153341734,103.14236405266016,4372.509837828364,995.475915824029,0.00040222515456261404,5.666883524979361,53.52530780167811,0.9807477135274854,1.3652100872008085e-07,0,0.06223950815946942,0.0038411486739904845,0.006876925937831402,1.001695877217728
0.025,49,physics,0,700,200.5037579049913,4159.920703754269,104.18604695381723,4464.610508613077,1002.966980763647,0.0004052519427603798,5.705529760961506,52.69921666501584,0.9810449348010635,1.3751195560018927e-07,0,0.06178693365904067,0.003868922799398323,0.006876925937831402,1.0016944442813065
0.025,50,refine,0,736,200.5037579049913,4159.920703754269,104.18604695381721,4464.610508613077,1002.9669807636471,0.00040525194276037977,5.705529760961506,52.69921666501584,0.9810449348010635,1.1363077945247832e-07,0,0.06178693365904067,0.0036641906004861195,0.005716101266443729,1.0016944442813065
0.0250625,50,physics,0,736,207.2049259348022,4245.131707730579,104.80636874933,4557.143002414712,1010.5144106816185,0.0004083015054037848,5.74133688072935,51.649595567223564,0.9814226062392215,1.1445731473713744e-07,0,0.06134156359520103,0.00369102629095346,0.005716101266443729,1.0016976683911374
0.025125,50,physics,0,736,214.57119162949337,4330.920940120487,105.01105258579199,4650.503184335772,1018.1185371924956,0.000411373976482725,5.7765016813108465,50.818014089716016,0.9817218772357339,1.1528065435584275e-07,0,0.06089543877177193,0.0037180421173067164,0.005716101266443729,1.001706624306228
0.0251875,50,physics,0,736,222.29386931685974,4417.466182525531,105.11859303338674,4744.878644875777,1025.7800252796965,0.0004144696246858288,5.810860636685009,50.588611849715505,0.9818043914331732,1.1610771188941284e-07,0,0.06045640713154145,0.003745208447899331,0.005716101266443729,1.0017132517349456
0.02525,50,physics,0,736,230.0180082072834,4505.363577901561,105.51228326605407,4840.893869374899,1033.4991578575568,0.00041758856432551746,5.8455295593668275,51.188110455210136,0.9815888374273505,1.1694658574867859e-07,0,0.060017353008996535,0.0037725252697295075,0.005716101266443729,1.0017211330586047
0.0253125,50,physics,0,736,237.70187036164526,4595.280838892664,106.29242240323487,4939.275131657544,1041.276367914617,0.0004207309703521639,5.881541748655922,52.64106233739842,0.9810662921169253,1.177944621844064e-07,0,0.05958838237447783,0.0038000222013796297,0.005716101266443729,1.0017218495456486
0.025375,50,physics,0,736,245.66209476537432,4687.8043738222495,107.21591225106476,5040.682380838689,1049.1120484184266,0.00042389700154553444,5.919761691701732,54.75890237337461,0.9803046270789503,1.1863795812416812e-07,0,0.059157496754739095,0.0038276992372928594,0.005716101266443729,1.0017272232148124
0.025437500000000002,50,physics,0,736,254.2765377969476,4783.31924747825,107.95696750997138,5145.552752785168,1057.0066233751,0.00042708682922662467,5.96033433250945,57.190520135784986,0.9794301174474983,1.1948493039426467e-07,0,0.05873104664970281,0.003855586008172241,0.005716101266443729,1.0017349255242178
0.025500000000000002,50,physics,0,736,263.62304131765575,4881.954421239294,108.43078019551714,5254.008242752467,1064.960370815545,0.00043030056573469227,6.002867715070261,59.506687766171,0.9785972957336903,1.2034462315568825e-07,0,0.058308282371107974,0.0038837121541154163,0.005716101266443729,1.0017417322655444
0.025500000000000002,51,refine,0,788,263.62304131765575,4881.954421239294,108.43078019551716,5254.008242752467,1064.960370815545,0.0004303005657346922,6.002867715070261,59.506687766171,0.9785972957336903,8.014239583076234e-08,0,0.06137750723988672,0.0037277786460602163,0.0037639057263731956,1.0017417322655444
0.025562500000000002,51,physics,0,788,273.4097271311297,4983.340094650774,108.85864919162728,5365.6084709735305,1072.9743365046243,0.00043353863361429614,6.046476366365341,61.33576530824906,0.9779395517883461,8.073438806377439e-08,0,0.060911605003990024,0.003753259370732502,0.0037639057263731956,1.0017429861439915
0.025625000000000002,51,physics,0,788,283.2421586403289,5087.536587335693,109.58092953170394,5480.359675507726,1081.04868346778,0.00043680109873637694,6.090416433391905,62.41358708471002,0.9775521156780017,8.13159068968616e-08,0,0.06046783852794309,0.0037793585584641855,0.0037639057263731956,1.001747285167725
0.025687500000000002,51,physics,0,788,292.991447769475,5193.775174913347,110.65230845876059,5597.418931141582,1089.1834598755358,0.0004400879805643848,6.133522525881935,62.69293797576655,0.9774538490242064,8.190990996581599e-08,0,0.06004554036060897,0.003805831581805101,0.0037639057263731956,1.0017458521577638
0.025750000000000002,51,physics,0,788,302.94754995897347,5301.493163743426,111.80242182623749,5716.243135528636,1097.3798195588308,0.0004433997453073169,6.175106554308742,62.311856464462736,0.9775917868445335,8.250814431676193e-08,0,0.05962588790826138,0.0038323477652145283,0.0037639057263731956,1.0017437026466658
0.025812500000000002,51,physics,0,788,313.5209171515167,5410.280663895366,112.64774829634928,5836.449329343232,1105.6376582524008,0.00044673635083646685,6.214870004283741,61.584661050008386,0.9778538163540353,8.31039486115515e-08,0,0.059191212253192196,0.0038588983644198254,0.0037639057263731956,1.001748359926541
0.025875000000000002,51,physics,0,788,324.91001649986737,5520.027140353339,113.03625201323112,5957.973408866437,1113.957713581768,0.000450098095191732,6.2530117185800504,60.91161802003919,0.9780966616052521,8.37146671983645e-08,0,0.058760144895851164,0.003886353143254675,0.0037639057263731956,1.001751942464256
0.025937500000000002,51,physics,0,788,336.9205442378695,5630.967079541113,113.18717898079197,6081.074802759775,1122.3403733422024,0.0004534851350630032,6.290250303420082,60.673914642651496,0.9781848760480638,8.432094489307929e-08,0,0.05835113769947216,0.003913806285934055,0.0037639057263731956,1.0017603614783182
0.026000000000000002,51,physics,0,788,349.18440846142545,5743.638309789489,113.49615609605891,6206.318874346974,1130.786107172903,0.0004568976602094664,6.32761574011685,61.152626414954895,0.9780135375742574,8.493124425967838e-08,0,0.05793189053170321,0.003941246686480345,0.0037639057263731956,1.001761257122276
0.026000000000000002,52,refine,0,878,349.1844084614255,5743.638309789489,113.49615609605893,6206.318874346974,1130.7861071729033,0.0004568976602094664,6.32761574011685,61.152626414954895,0.9780135375742574,8.493124425967838e-08,0,0.05128303714839439,0.0037527031495921685,0.0037639057263731956,1.001761257122276
0.0260625,52,physics,0,878,361.5470050256023,5858.321240978672,114.16915081896968,6334.037396823244,1139.295409127721,0.000460335870255124,6.365090387055772,62.451536275128575,0.9775476175753395,8.555021580036741e-08,0,0.050916242763098404,0.0037792516116375535,0.0037639057263731956,1.0017657353540768
0.026125,52,physics,0,878,374.1892421357437,5976.427534248632,115.11764345566344,6465.734419840039,1147.86866419141,0.0004637999207542686,6.405633481392215,64.45681075727336,0.9768294809944854,8.616654767479305e-08,0,0.0505132464580988,0.0038060087237927693,0.0037639057263731956,1.0017650188356433
0.0261875,52,physics,0,878,387.5009633876707,6098.059013013501,116.00477888766683,6601.564755288839,1156.5064513533082,0.0004672900456493518,6.4485106801571845,66.8880368088934,0.975955661401671,8.678530960537498e-08,0,0.0501540531873215,0.003833004282690349,0.0037639057263731956,1.0017669892625682
0.02625,52,physics,0,878,401.69318878329165,6223.444618422005,116.64120017723951,6741.779007382536,1165.2092187154785,0.00047080642599741225,6.493648071281603,69.36765729432051,0.9750642019370306,8.741634616171708e-08,0,0.049803932809056844,0.003860059509452105,0.0037639057263731956,1.001774691877736
0.0263125,52,physics,0,878,416.5923484109597,6352.5300891980905,117.15198615772213,6886.274423766772,1173.9775405596433,0.0004743492938387746,6.5404672657871785,71.51276340247935,0.9742934111472152,8.804315143606804e-08,0,0.04940328656769173,0.0038872935895069988,0.0037639057263731956,1.0017797075659631
0.026375,52,physics,0,878,431.811682480177,6485.010902276419,117.84580059446364,7034.66838535106,1182.8118780699645,0.00047791883551634055,6.588095188872362,73.02591335427978,0.9737485290232116,8.867619882835231e-08,0,0.04905852357659343,0.003914736319458218,0.0037639057263731956,1.0017840067472883
0.0264375,52,physics,0,878,447.1130978332189,6620.371395178273,118.89569103681006,7186.380184048301,1191.7126505096558,0.0004815152204347218,6.635510456087206,73.78745726093311,0.973472921150582,8.932173045650426e-08,0,0.048741644341796425,0.00394238769943019,0.0037639057263731956,1.0017906346879788
0.0265,52,physics,0,878,462.6402646063125,6758.035724792887,120.14335250171902,7340.8193419009185,1200.6804130566861,0.00048513867291531166,6.681783700691263,73.85361880936492,0.9734450423757671,8.996303080266447e-08,0,0.048425230260660514,0.003970158338946925,0.0037639057263731956,1.0017951130511078
0.0265,53,refine,0,936,462.6402646063125,6758.035724792888,120.14335250171902,7340.819341900919,1200.6804130566863,0.00048513867291531166,6.681783700691263,73.85361880936492,0.9734450423757671,8.76759393975136e-08,0,0.048425230260660514,0.0037240203773095037,0.003674294101074338,1.0017951130511078
0.0265625,53,physics,0,936,478.8004958480866,6897.250112500607,121.19336974358569,7497.2439780922805,1209.7156175162768,0.0004887893755114212,6.724697142908092,73.4659828315975,0.9735824032452277,8.830830555694996e-08,0,0.04808126850031994,0.0037496873311113604,0.003674294101074338,1.00180281588252
0.026625,53,physics,0,936,495.8948915929552,7038.306856621835,121.83069567536592,7656.032443890156,1218.8189178961024,0.0004924675924768956,6.767975827344907,72.98618109686531,0.9737539148967813,8.894063530107139e-08,0,0.04774927824552786,0.0037755052688936684,0.003674294101074338,1.0018087273979581
0.0266875,53,physics,0,936,513.8617994598553,7181.052817276749,122.11912685144696,7817.033743588051,1227.9904940901292,0.000496173396498454,6.810044295272105,72.78787594301872,0.9738263426985448,8.958443231676947e-08,0,0.04741560384561599,0.0038014741914521046,0.003674294101074338,1.001816609472805
0.02675,53,physics,0,936,532.382744798061,7325.921082943494,122.41568914126327,7980.719516882818,1237.2306656367953,0.000499906916686602,6.851681709501099,73.18117868379804,0.9736830494050063,9.030684466893023e-08,0,0.04711863733530471,0.0038274806197769007,0.003674294101074338,1.0018203713940257
0.0268125,53,physics,0,936,551.1915211459345,7473.547397417735,123.03211692656598,8147.771035490236,1246.5398203059399,0.0005036683097209549,6.893831732334445,74.3233044786937,0.9732723301612777,9.095174391404719e-08,0,0.04679355321797086,0.003853621755279037,0.003674294101074338,1.0018273578566284
0.026875,53,physics,0,936,570.3472776732207,7624.591241357417,123.97322004816732,8318.911739078805,1255.9180180593012,0.000507457599829242,6.937264449599485,76.18238491062608,0.9726037110020473,9.152685276347946e-08,0,0.04646791122806461,0.003879974672574409,0.003674294101074338,1.0018338069422752
0.0269375,53,physics,0,936,590.2050808671238,7779.595854565388,124.96864952511348,8494.769584957625,1265.3654643745285,0.0005112748700353501,6.9823789663299936,78.55664823100382,0.9717498561638918,9.218306118441434e-08,0,0.04608323882355704,0.003906346942405774,0.003674294101074338,1.0018355983623224
0.027,53,physics,0,936,611.0648678590472,7938.864766432938,125.75671072831918,8675.686345020305,1274.8819342385016,0.0005151200294220261,7.02919054229295,81.1091837018247,0.9708319680153181,9.284230451100951e-08,0,0.04576608970078249,0.00393285165084498,0.003674294101074338,1.001834881793919
0.027,54,refine,0,992,611.0648678590472,7938.864766432938,125.75671072831916,8675.686345020305,1274.8819342385013,0.0005151200294220261,7.02919054229295,81.1091837018247,0.9708319680153181,9.284230451100951e-08,0,0.04576608970078249,0.0036911975971110037,0.003674294101074338,1.001834881793919
0.0270625,54,physics,0,992,632.9420261327339,8102.3909910617795,126.33874168705674,8861.67175888157,1284.4756145017827,0.0005189963859118045,7.077202797722153,83.48203483187748,0.9699787155849761,9.35074719876639e-08,0,0.04538916605174147,0.003717244818781383,0.003674294101074338,1.0018393603548486
0.027125,54,physics,0,992,655.4715870572363,8270.333607405395,127.00717147557947,9052.81236593821,1294.141108182563,0.000522901758837334,7.127296459707439,85.35627262128364,0.969304631645437,9.409151324746293e-08,0,0.04507392568490173,0.0037434708778145164,0.003674294101074338,1.0018431223615012
0.0271875,54,physics,0,992,678.3597249639791,8442.002349427847,127.99329286289438,9248.35536725472,1303.8796406252723,0.0005268366433028605,7.177595645865141,86.55212295174934,0.9688746030128322,9.47650375948683e-08,0,0.044763950870224084,0.0037699353319328127,0.003674294101074338,1.0018553041942622
0.02725,54,physics,0,992,701.5930092832659,8616.834131771993,129.2643654078097,9447.691506463068,1313.6913567468255,0.0005308010978625162,7.227313088403818,87.06418977499146,0.9686904563666979,9.552988800010081e-08,0,0.04449306054375133,0.0037965786233224385,0.003674294101074338,1.001862111753556
0.0273125,54,physics,0,992,725.5050317839889,8794.269819368723,130.50387525336666,9650.278726406079,1323.576937027855,0.0005347953974666273,7.275846056300256,87.05217822211931,0.9686948598621212,9.620997509784962e-08,0,0.04419129263056167,0.003823341100638901,0.003674294101074338,1.001863544929828
0.027375,54,physics,0,992,750.4749442884879,8973.968840787553,131.37999114808224,9855.823776224122,1333.536929818149,0.0005388197636776392,7.322973768243447,86.82163395892644,0.9687777499469533,9.689602276097285e-08,0,0.04388276163878742,0.003850282391949948,0.003674294101074338,1.0018771602066643
0.0274375,54,physics,0,992,776.5993564873495,9155.92334802385,131.84078693548332,10064.363491446684,1343.571906037037,0.0005428744271772912,7.368930837024695,86.71940820121155,0.9688146121061632,9.75910294798156e-08,0,0.04358003381425217,0.003877462101882618,0.003674294101074338,1.0018866551802834
0.0275,54,physics,0,992,803.6352132799512,9340.441859317067,132.1606374180748,10276.237710015093,1353.682362970642,0.0005469595888955951,7.414390092426562,87.07032894974887,0.9686884501930783,9.837847958493742e-08,0,0.043297755698159204,0.0039048206486695072,0.003674294101074338,1.0018913131247698
0.0275,55,refine,0,1074,803.6352132799511,9340.441859317067,132.16063741807483,10276.237710015093,1353.682362970642,0.0005469595888955951,7.414390092426562,87.07032894974887,0.9686884501930783,7.058453910246964e-08,0,0.04657623958433612,0.0036818710439017106,0.002696639159694314,1.0018913131247698
0.0275625,55,physics,0,1074,831.2948836330763,9527.819912658586,132.6902165315674,10491.80501282323,1363.868940511807,0.0005510755073832538,7.459746837628392,88.08776374603127,0.968322358677422,7.109902444568665e-08,0,0.046253325917103384,0.003707589808977677,0.002696639159694314,1.0018988375423783
0.027625,55,physics,0,1074,859.4981753685279,9719.37960653895,133.58115438839417,10712.458936295872,1374.1320997413823,0.0005552223689414258,7.5066657084106305,89.79715676074481,0.9677076765017416,7.159287385150044e-08,0,0.045900297869925576,0.0037335469956363853,0.002696639159694314,1.0019011665402333
0.0276875,55,physics,0,1074,888.5185407750612,9915.423695842903,134.6440309612411,10938.586267579205,1384.472548684862,0.0005594004596500241,7.5553331401728245,92.0747380445164,0.9668886972128231,7.195722506736498e-08,0,0.045543472642428855,0.0037596233975080154,0.002696639159694314,1.001908870187094
0.02775,55,physics,0,1074,918.7202805006661,10116.395511474662,135.5897412238257,11170.705533199154,1394.8907378526947,0.0005636099615392039,7.606051445494303,94.64743884396044,0.9659636536176461,7.246457567333661e-08,0,0.04519600279758085,0.0037858786177637207,0.002696639159694314,1.0019171113632657
0.0278125,55,physics,0,1074,950.2128181737007,10322.430324135934,136.3164548038447,11408.959597113479,1405.3869737125729,0.0005678509984381945,7.658426285837799,97.17646686690416,0.965054347484971,7.286493008962234e-08,0,0.04480793994738249,0.003812282854772856,0.002696639159694314,1.0019273233495194
0.027875,55,physics,0,1074,982.7759755716517,10533.401170293062,137.00345997369647,11653.180605838412,1415.9614426535818,0.0005721236456580892,7.711757193394838,99.35016710850724,0.9642727520602111,7.337470631085809e-08,0,0.04448537928741473,0.0038388655061750037,0.002696639159694314,1.0019364604780787
0.0279375,55,physics,0,1074,1016.0702735630465,10748.920902708252,137.92524778844523,11902.916424059744,1426.6143844363874,0.0005764280000749357,7.765225437079597,100.93593784723473,0.9637027342404902,7.38795185029062e-08,0,0.044166829011413195,0.0038656273826870083,0.002696639159694314,1.0019515100479408
0.028,55,physics,0,1074,1049.9802374184512,10968.411091285312,139.16112800108067,12157.552456704843,1437.3458763168626,0.0005807640929042122,7.81796364155725,101.87225002603822,0.963365997110965,7.445539829120654e-08,0,0.04386298337342337,0.0038927737277179002,0.002696639159694314,1.0019529433520982
0.028,56,refine,0,1186,1049.980237418451,10968.411091285314,139.16112800108067,12157.552456704845,1437.3458763168626,0.0005807640929042122,7.81796364155725,101.87225002603822,0.963365997110965,7.445539829120654e-08,0,0.04386298337342337,0.003792463571981992,0.002696639159694314,1.0019529433520982
0.0280625,56,physics,0,1186,1084.7681357968734,11191.046458263925,140.46376805034228,12416.278362111141,1448.1619836286923,0.000585134374862933,7.86811642805791,102.24200200620427,0.9632330316065596,7.49649480269454e-08,0,0.04356898042745451,0.0038181760254802806,0.002696639159694314,1.0019529433520982
0.028125,56,physics,0,1186,1120.8014168280802,11417.143798059224,141.53825766119132,12679.483472548496,1459.0595034823718,0.0005895375518135951,7.918720291631442,102.28874725688121,0.9632161690543874,7.548371350196711e-08,0,0.043255917717354424,0.0038439238893713374,0.002696639159694314,1.0019642306939875
0.0281875,56,physics,0,1186,1158.3126898410223,11646.16724919271,142.18075883238714,12946.660697866118,1470.0390272152551,0.0005939738626879042,7.96796277511031,102.31629474223797,0.9632065654073653,7.600414342334712e-08,0,0.042944980079101955,0.003869852803110114,0.002696639159694314,1.0019719348257503
0.02825,56,physics,0,1186,1197.1803213547291,11878.305016457933,142.55328854326766,13218.038626355928,1481.1011603338045,0.0005984435521426388,8.016438500766311,102.67098277109815,0.9630790574881117,7.652943700975354e-08,0,0.04266417314908224,0.003896003911040035,0.002696639159694314,1.0019756973302332
0.0283125,56,physics,0,1186,1237.1141450637354,12114.069682598703,143.01019078344416,13494.194018445884,1492.2465707984666,0.0006029468900693045,8.064961438264218,103.57784067938293,0.9627529473468182,7.710932781179729e-08,0,0.04237287127479966,0.003922249128778736,0.002696639159694314,1.0019810723611464
0.028375,56,physics,0,1186,1277.9514690316496,12354.166520258834,143.79043481655918,13775.908424107043,1503.47575352817,0.0006074840764414411,8.114298821071804,105.14240520078884,0.9621902283265548,7.764803999776866e-08,0,0.04204865219771631,0.003948688860669988,0.002696639159694314,1.0019864474208935
0.0284375,56,physics,0,1186,1319.8702906017747,12599.288044672241,144.8310540181781,14063.989389292194,1514.7894800526506,0.0006120554229980494,8.165087699906218,107.30232110277143,0.9614134213099588,7.816886782308086e-08,0,0.04174880264428204,0.003975193845234815,0.002696639159694314,1.0019921808497387
0.0285,56,physics,0,1186,1363.2235871697437,12849.928192306474,145.86642976279023,14359.018209239008,1526.18827206676,0.0006166611405315639,8.217708587942212,109.8456844657603,0.9604988898023871,7.84775604500964e-08,0,0.04137242312843268,0.0040018495550623165,0.002696639159694314,1.0019997060248853
0.0285,57,refine,0,1296,1363.2235871697437,12849.928192306474,145.86642976279023,14359.018209239008,1526.1882720667597,0.0006166611405315639,8.217708587942212,109.8456844657603,0.9604988898023871,7.84775604500964e-08,0,0.04137242312843268,0.0037286273934543242,0.002696639159694314,1.0019997060248853
0.0285625,57,physics,0,1296,1408.2696684599232,13105.943963544876,146.6762348138771,14660.889866818676,1537.6729093101922,0.0006213015440982454,8.318089578727813,112.47569544522432,0.9595532608556969,7.853302896876364e-08,0,0.04095976707310986,0.0037541648673287465,0.002696639159694314,1.0020086646404147
0.028625,57,physics,0,1296,1454.907280635284,13368.20923659821,147.40887195611822,14970.525389189612,1549.2440127436319,0.0006259768845991987,8.37519653018196,114.88687132504573,0.9586862951641651,7.908415344815012e-08,0,0.04066810735477602,0.0037795009873763568,0.002696639159694314,1.0020151148931917
0.0286875,57,physics,0,1296,1502.8310900866336,13636.012825203983,148.28260479697764,15287.126520087595,1560.9021349302573,0.0006306873852993026,8.432621050956435,116.82614087847152,0.9579889047822056,7.961323245098133e-08,0,0.04036524333235489,0.0038051612292390063,0.002696639159694314,1.0020197734349097
0.02875,57,physics,0,1296,1551.8224296279514,13908.859178518294,149.46650826110954,15610.148116407356,1572.6476834715706,0.0006354332108912181,8.489560157823572,118.16517148335333,0.9575074909962226,8.01935815530896e-08,0,0.04009524722558214,0.0038310202420369496,0.002696639159694314,1.0020262237591975
0.0288125,57,physics,0,1296,1601.9993283351619,14186.1458020827,150.84223672934357,15938.987367147205,1584.4810421554535,0.0006402145164456395,8.545258542640994,118.9390376103926,0.9572291684447937,8.080466606941179e-08,0,0.039834843202035515,0.0038567530206635755,0.002696639159694314,1.0020332116573667
0.028875,57,physics,0,1296,1653.7295590432382,14467.372908458978,152.07705248909394,16273.17951999131,1596.4022910485764,0.000645031334313756,8.599236506683223,119.32063659640453,0.9570918599166268,8.135625328975477e-08,0,0.03955116947339271,0.003882952455344044,0.002696639159694314,1.0020385869968116
0.0289375,57,physics,0,1296,1707.359211050145,14752.257928964544,152.9066765254046,16612.52381654009,1608.4115948362764,0.0006498837310371945,8.651435874649739,119.57899836809783,0.9569990289644142,8.191203271223918e-08,0,0.039269069890925525,0.003909244139714558,0.002696639159694314,1.0020461125204783
0.029,57,physics,0,1296,1762.9103916813233,15040.836682368841,153.36525642240198,16957.112330472566,1620.5087005765936,0.0006547716044139679,8.702244795878006,120.02274648203549,0.9568394789478668,8.24678121347234e-08,0,0.0390239319711457,0.0039355065383194264,0.002696639159694314,1.0020471875999015
0.029,58,refine,0,1397,1762.9103916813233,15040.83668236884,153.36525642240196,16957.112330472566,1620.5087005765938,0.0006547716044139678,8.702244795878006,120.02274648203549,0.9568394789478668,6.652831530118418e-08,0,0.0390239319711457,0.003690302581850874,0.0021021412685513496,1.0020471875999015
0.0290625,58,physics,0,1397,1820.2071362197119,15333.50873155637,153.7415152128055,17307.457382988887,1632.703176954066,0.0006596988207009428,8.750884115526198,120.91724772146047,0.9565177437806243,6.702433807959096e-08,0,0.038746702446199606,0.003715021822370408,0.0021021412685513496,1.0020527421952965
0.029125,58,physics,0,1397,1878.956004023467,15631.48042232145,154.3989888258628,17664.83541517078,1644.9893317472367,0.0006646630799382672,8.803135961296185,122.40224770721754,0.955983811409261,6.749686676243981e-08,0,0.03848213228360585,0.0037398907572142545,0.0021021412685513496,1.002058655185519
0.0291875,58,physics,0,1397,1939.237188391008,15935.084788710234,155.36430226490853,18029.68627936615,1657.3681087327052,0.0006696647634618256,8.856804013133038,124.48315916485096,0.9552356299310916,6.797288332194295e-08,0,0.038191260274370004,0.0037649101523119463,0.0021021412685513496,1.0020633139296633
0.02925,58,physics,0,1397,2001.3734222218125,16244.937490384438,156.43482057990377,18402.745733186155,1669.8396918535655,0.0006747039455944001,8.912311690593416,127.01756630471648,0.954324407703165,6.836615717986663e-08,0,0.037920604743928915,0.0037899775228233904,0.0021021412685513496,1.002066180859902
0.029312500000000002,58,physics,0,1397,2065.710462058031,16561.436005086955,157.37694968573857,18784.523416830725,1682.4052546971748,0.0006797811005276299,8.969627517704115,129.75421546270127,0.9533403821308405,6.884894521164136e-08,0,0.037651019746426026,0.0038151234598469263,0.0021021412685513496,1.0020726314829296
0.029375000000000002,58,physics,0,1397,2132.2656341251904,16884.677521155954,158.1665189783543,19175.109674259496,1695.065354293405,0.0006848964533311751,9.028401495864966,132.4015921650867,0.9523885471865933,6.927518825250456e-08,0,0.03738388953966007,0.0038404359100719988,0.0021021412685513496,1.0020769319213505
0.029437500000000002,58,physics,0,1397,2200.845718747182,17214.520032408236,159.00824813280067,19574.37399928822,1707.8212268897123,0.0006900505035146833,9.087939358113537,134.69197439752068,0.9515648418901906,6.976323430052392e-08,0,0.03710754952292401,0.0038660589744968585,0.0021021412685513496,1.0020801572622777
0.029500000000000002,58,physics,0,1397,2271.129350678953,17550.50731289384,160.11871596626062,19981.755379539052,1720.6720677184367,0.0006952429259092664,9.147280763480381,136.46346899511408,0.950927839755296,7.025169868057902e-08,0,0.036856194894011866,0.0038918028620175,0.0021021412685513496,1.0020901917226621
0.029500000000000002,59,refine,0,1520,2271.129350678953,17550.50731289384,160.1187159662606,19981.755379539052,1720.6720677184367,0.0006952429259092665,9.147280763480381,136.46346899511408,0.950927839755296,6.051822154518046e-08,0,0.03847302753458154,0.0037942765962250295,0.00179411715362221,1.0020901917226621
0.029562500000000002,59,physics,0,1520,2343.2318542404,17891.729748521437,161.47354642777236,20396.43514918961,1733.620415717206,0.0007004747463806077,9.204980903952512,137.68502969228263,0.9504885143324154,6.093300175535885e-08,0,0.03819919092525068,0.0038157830858321154,0.00179411715362221,1.0020984343902894
0.029625000000000002,59,physics,0,1520,2417.399359772527,18238.43214459649,162.83547146612824,20818.666975835145,1746.6661874375468,0.0007057459312110909,9.26286511379606,138.469169398928,0.9502063331974024,6.134778196553726e-08,0,0.0379755664796332,0.003844230040006452,0.00179411715362221,1.00210004709406
0.029687500000000002,59,physics,0,1520,2493.995456346481,18589.87881443514,163.87122976020115,21247.74550054182,1759.8091413844738,0.0007110563828239128,9.31930546931217,139.03501560557038,0.9500029526162321,6.176564859572403e-08,0,0.037705925072867484,0.003872804184647834,0.00179411715362221,1.0021032725093868
0.029750000000000002,59,physics,0,1520,2573.2346427614757,18946.019270516543,164.49173912043346,21683.74565239845,1773.050477456492,0.0007164065860418153,9.374534668066236,139.66986993274554,0.9497747126314331,6.218515480327362e-08,0,0.03746087883567149,0.0039015756988317225,0.00179411715362221,1.0021102609448762
0.029812500000000002,59,physics,0,1520,2654.9603681467224,19307.126070954546,164.9137787741397,22127.000217875408,1786.3900714001634,0.0007217964906598087,9.42917546104476,140.63286750950368,0.949428608588686,6.260774743083182e-08,0,0.037196075025187715,0.003930462894360495,0.00179411715362221,1.0021179661994697
0.029875000000000002,59,physics,0,1520,2738.9519479962732,19673.782364075545,165.46760819487093,22578.20192026669,1799.8284066320416,0.0007272262920038642,9.483944055498792,142.1136410096725,0.9488961518291081,6.309324263042985e-08,0,0.036955029915179474,0.003959515452638283,0.00179411715362221,1.002114382352754
0.029937500000000002,59,physics,0,1520,2825.173755694841,20046.65531707056,166.3175554426773,23038.14662820808,1813.3653329058711,0.0007326959293665139,9.53941932266555,144.1644699117361,0.9481585471099228,6.352013492971755e-08,0,0.036691998474106154,0.003988628424688933,0.00179411715362221,1.0021190413559835
0.03,59,physics,0,1520,2913.8745652173757,20426.3842107382,167.35110806858117,23507.609884024158,1827.000365336406,0.0007382052068283594,9.595806289305868,146.7042336913554,0.9472449477829822,6.395156404437333e-08,0,0.03643215482637932,0.0040178315346155735,0.00179411715362221,1.0021301513741727
0.03,60,refine,0,1675,2913.8745652173757,20426.3842107382,167.35110806858117,23507.609884024158,1827.000365336406,0.0007382052068283594,9.595806289305868,146.7042336913554,0.9472449477829822,6.395156404437333e-08,0,0.03499238164154402,0.003820611121496681,0.001775067183189094,1.0021301513741727
0.0300625,60,physics,0,1675,3005.519368982137,20813.589365845633,168.30608395024524,23987.41481877802,1840.748737066977,0.0007437602793885383,9.657666235473386,149.52936448414445,0.9462291901648026,6.432401455924718e-08,0,0.03475035282617815,0.003848205324129755,0.001775067183189094,1.0021425158940702
0.030125,60,physics,0,1675,3100.1989627017674,21209.07240369999,169.1567594915607,24478.42812589332,1854.6004973949912,0.0007493571264345945,9.71726994421834,152.3830768807948,0.945203170597881,6.470019719984065e-08,0,0.03450789947513793,0.0038767558735040564,0.001775067183189094,1.0021478918198703
0.0301875,60,physics,0,1675,3197.831118440967,21612.283518571865,169.9871312919529,24980.101768304787,1868.5564261387626,0.0007549960630545542,9.778763845846525,155.0068607399684,0.9442595205349087,6.513511863204264e-08,0,0.0342704586275665,0.003905485237453855,0.001775067183189094,1.00215398457064
0.03025,60,physics,0,1675,3298.187235063094,22022.918384019362,171.0316125726389,25492.137231655095,1882.6175119209058,0.0007606774887044746,9.84128867776128,157.198243831581,0.9434712159736166,6.55760157286523e-08,0,0.03403303380878545,0.003933499348582013,0.001775067183189094,1.002159181357921
0.0303125,60,physics,0,1675,3401.1332286142306,22440.488211424614,172.37152468873555,26013.992964727582,1896.7843876076136,0.0007664016590959185,9.903761054152183,158.87648710347645,0.9428676041611764,6.603116098347073e-08,0,0.03379928548626669,0.003957478929539446,0.001775067183189094,1.0021681413992773
0.030375,60,physics,0,1675,3506.9062772101543,22864.41036372872,173.81524570226057,26545.13188664113,1911.0577446239795,0.0007721688536013562,9.965703177631031,160.09443028754004,0.9424296389352693,6.647750172561473e-08,0,0.03356595431741037,0.0039869049760006305,0.001775067183189094,1.002175488692967
0.0304375,60,physics,0,1675,3615.929680909318,23294.27052900206,175.03414532808745,27085.234355239467,1925.4380701505684,0.0007779792690676175,10.026572397389913,161.02655163966875,0.9420944664538501,6.692504328498214e-08,0,0.03333467321147165,0.004016826433994732,0.001775067183189094,1.002182656836283
0.0305,60,physics,0,1675,3728.5000781579815,23729.94038430273,175.8293964980316,27634.26985895874,1939.9259777684806,0.0007838331534140641,10.086150324480375,161.92248566705965,0.9417722864322949,6.737528757128075e-08,0,0.03310580095641228,0.004046807497579691,0.001775067183189094,1.0021855241079654
0.0305,61,refine,0,1840,3728.500078157982,23729.940384302732,175.82939649803163,27634.269858958745,1939.9259777684806,0.0007838331534140641,10.086150324480375,161.92248566705965,0.9417722864322949,6.361874049787276e-08,0,0.03310580095641228,0.0037930728201130896,0.0017192314844578505,1.0021855241079654
0.0305625,61,physics,0,1840,3844.615986191002,24171.140044188018,176.28626048787515,28192.042290866895,1954.5239505622787,0.0007897315099387688,10.143774160896614,163.0397673785334,0.9413706560261237,6.40484962843858e-08,0,0.032878931707505,0.0038188963421688328,0.0017192314844578505,1.0021928715290946
0.030625,61,physics,0,1840,3964.088515302499,24619.394645586217,176.77195230314516,28760.255113191863,1969.231813074392,0.0007956742677475542,10.202493766658202,164.58277270531303,0.9408159054174188,6.455548717809746e-08,0,0.032652912194587595,0.003844904376037076,0.0017192314844578505,1.0021923339110879
0.0306875,61,physics,0,1840,4086.8238050880545,25074.887623484625,177.51575070851993,29339.2271792812,1984.0504179483314,0.0008016617713536955,10.261664468300582,166.65355142695515,0.9400715089452595,6.499051874442334e-08,0,0.032428512077811,0.003871022954219438,0.0017192314844578505,1.0021973516903664
0.03075,61,physics,0,1840,4212.976849644633,25538.370090289238,178.51974698277942,29929.86668691665,1998.9804934318613,0.0008076943150079775,10.321860380746735,169.229443381742,0.9391451875013825,6.542815889076794e-08,0,0.03220537146833123,0.0038973188845594906,0.0017192314844578505,1.0022011150413122
0.0308125,61,physics,0,1840,4342.9372865694,26010.380597253454,179.57902881886366,30532.89691264172,2014.022984979521,0.0008137722807242615,10.383308478785121,172.15479759721197,0.9380937631213759,6.586927447926875e-08,0,0.031983501769029275,0.00392367674734742,0.0017192314844578505,1.002208462576745
0.030875,61,physics,0,1840,4476.986565629285,26491.294566314806,180.5176072549883,31148.79873919908,2029.1784220847992,0.0008198958824460464,10.445814214246287,175.20501959679035,0.936997241131359,6.63121291211155e-08,0,0.031765376847453175,0.003950213739917636,0.0017192314844578505,1.0022167062172063
0.0309375,61,physics,0,1840,4615.197491711861,26981.179689706583,181.3739721282154,31777.75115354666,2044.4481919818018,0.0008260656806896075,10.509271726333775,178.13584824231293,0.9359432969499716,6.675585328963498e-08,0,0.03154777505727461,0.003976929862243887,0.0017192314844578505,1.0022244122902606
0.031,61,physics,0,1840,4757.354099451084,27479.805865414284,182.35836545710333,32419.518330322473,2059.832728701954,0.000832281850826698,10.573380607242665,180.7276939343208,0.9350114341034103,6.720305290031096e-08,0,0.03133245641082999,0.004003823378487371,0.0017192314844578505,1.0022308639318747
0.031,62,refine,0,1932,4757.354099451084,27479.80586541428,182.35836545710333,32419.51833032247,2059.832728701954,0.0008322818508266981,10.573380607242665,180.7276939343208,0.9350114341034103,5.5140290555755075e-08,0,0.03133245641082999,0.00376366465457642,0.0014290253166109324,1.0022308639318747
0.0310625,62,physics,0,1932,4903.3404473730125,27986.4530715347,183.61515410656204,33073.40867301427,2075.333117588015,0.0008385448313934517,10.636833359758562,182.85609132144452,0.9342463341780277,5.5502617613001335e-08,0,0.031117691039608476,0.003789768896091039,0.0014290253166109324,1.0022349858357602
0.031125,62,physics,0,1932,5053.258694821601,28501.17588355144,185.07186894225617,33739.506447315296,2090.949839052136,0.0008448548165019005,10.700219350249464,184.52621804853825,0.9336458879039511,5.586642259913787e-08,0,0.030904517678925558,0.0038160221701984626,0.0014290253166109324,1.0022443049852952
0.0311875,62,physics,0,1932,5207.529568123547,29023.218765006324,186.41957603071427,34417.167909160584,2106.68395211373,0.0008512122340521466,10.762435168499538,185.86050553574478,0.9331659456747813,5.623382648423101e-08,0,0.03069391902860194,0.0038423946773050144,0.0014290253166109324,1.0022478892966509
0.03125,62,physics,0,1932,5366.514021590692,29552.285199008205,187.38499858896176,35106.18421918786,2122.5355531092373,0.0008576171229692322,10.823153697671048,187.05623752946917,0.9327359693503512,5.660206525703878e-08,0,0.030485864072826604,0.0038689758156671365,0.0014290253166109324,1.002257925436642
0.0313125,62,physics,0,1932,5530.359015143879,30088.44528804172,187.95217252311022,35806.75647570871,2138.504694922884,0.000864069504621196,10.882453139896022,188.3579139370749,0.9322680173176252,5.697030402984634e-08,0,0.03027868625101722,0.0038957357858441515,0.0014290253166109324,1.0022636604189012
0.031375,62,physics,0,1932,5698.976509275446,30631.995978116807,188.37529463815343,36519.3477820304,2154.5913758162014,0.0008705693783056074,10.94092383771215,189.9852603691958,0.931683093237079,5.734214170161065e-08,0,0.030072421178749694,0.00392264478823545,0.0014290253166109324,1.0022715460730902
0.0314375,62,physics,0,1932,5872.241186406904,31183.497707268798,188.95452497031005,37244.69341864601,2170.7950918036267,0.000877116540385528,10.998934866070092,192.0767133431117,0.9309311499892632,5.7716100343441265e-08,0,0.029868010345160373,0.003949731819530593,0.0014290253166109324,1.0022776395756396
0.0315,62,physics,0,1932,6050.235586903118,31743.550855244688,189.79820931734554,37983.58465146516,2187.114804009713,0.000883710571100091,11.056554896858266,194.65491239542118,0.9300043309549154,5.809153691416224e-08,0,0.029666054968023537,0.003976998490780494,0.0014290253166109324,1.0022797902324432
0.0315,63,refine,0,2030,6050.235586903118,31743.55085524469,189.79820931734554,37983.58465146516,2187.1148040097128,0.000883710571100091,11.056554896858266,194.65491239542118,0.9300043309549154,5.809153691416224e-08,0,0.029666054968023537,0.003780513888489745,0.0014290253166109324,1.0022797902324432
0.0315625,63,physics,0,2030,6233.371879922779,32313.809543854593,190.78214942692918,38737.9635732043,2203.5728509631826,0.0008903604964015786,11.114868261034463,197.6353456181461,0.9289326014264818,5.8467616526058965e-08,0,0.029465614672015552,0.003807080288552296,0.0014290253166109324,1.0022846292271244
0.031625,63,physics,0,2030,6422.00122936962,32894.5484867511,191.75003193913827,39508.29974805986,2220.1547230017572,0.0008970604536156454,11.176669225436939,200.82806490350637,0.927784523356905,5.884665199573652e-08,0,0.029264566464443018,0.0038337064947904205,0.0014290253166109324,1.0022923358224405
0.0316875,63,physics,0,2030,6616.323885701857,33485.56928649466,192.62948548826296,40294.522657684785,2236.861562557151,0.0009038109043453952,11.240645534389019,204.00174320245716,0.9266436721969016,5.922633050658983e-08,0,0.029066545503805382,0.0038605712055645694,0.0014290253166109324,1.002299863251815
0.03175,63,physics,0,2030,6816.207783633843,34086.805796858775,193.57510060086307,41096.58868109348,2253.6939843243204,0.0009106120969602464,11.306214494692341,206.93897306523732,0.9255875630352992,5.960748694633361e-08,0,0.02887119748006552,0.0038875552866835792,0.0014290253166109324,1.002301297054296
0.0318125,63,physics,0,2030,7021.537427015734,34697.95649138164,194.77365922172442,41914.2675776191,2270.653007297076,0.0009174644431878323,11.372591219422334,209.49146624577315,0.9246700984051249,5.999224228503415e-08,0,0.028675869849278897,0.003914658736353826,0.0014290253166109324,1.002309183004604
0.031875,63,physics,0,2030,7232.388101928409,35318.49952748218,196.22583911034482,42747.11346852093,2287.7394196543937,0.000924368261494332,11.438891649256856,211.61827103318728,0.9239055090799069,6.03784755526249e-08,0,0.028481756717954648,0.003942000690355472,0.0014290253166109324,1.0023088245509713
0.0319375,63,physics,0,2030,7449.03497200614,35947.89798735989,197.68752846517992,43594.62048783121,2304.953609942379,0.0009313237088730144,11.50404384414772,213.3767242076735,0.9232735408925343,6.076682979028193e-08,0,0.028290540163392528,0.003969521580629536,0.0014290253166109324,1.0023124090930675
0.032,63,physics,0,2030,7671.940893665216,36585.76650913278,198.84326797293153,44456.55067077093,2322.295502142962,0.000938330754608543,11.56762245462198,214.9315043600924,0.9227146493744437,6.115813988571975e-08,0,0.02810077278249395,0.003997221406857526,0.0014290253166109324,1.0023201159019839
0.032,64,refine,0,2186,7671.940893665215,36585.76650913277,198.84326797293153,44456.55067077092,2322.2955021429616,0.000938330754608543,11.56762245462198,214.9315043600924,0.9227146493744437,4.170406775472198e-08,0,0.029247408582827508,0.0037535074618031137,0.0009409764315932989,1.0023201159019839
0.0320625,64,physics,0,2186,7901.487276656841,37231.91093305207,199.55150437254906,45332.949714081464,2339.770837619453,0.0009453917185166937,11.62873484392007,216.50770767586573,0.9221476533936319,4.198646941233612e-08,0,0.029075973136571814,0.003777347139747616,0.0009409764315932989,1.002326030469946
0.032125,64,physics,0,2186,8137.612357588358,37887.309654338234,200.021984810903,46224.9439967375,2357.3776640651117,0.0009525058117618346,11.691619149054628,218.31046646880822,0.9214995956620695,4.2270986710946117e-08,0,0.02887455393714695,0.003801365797993315,0.0009409764315932989,1.0023269266196515
0.0321875,64,physics,0,2186,8380.241522852828,38552.13500802382,200.53684585599015,47132.913376732635,2375.1170258792026,0.0009596734563367517,11.754578791918846,220.50627939087303,0.9207099085391742,4.255772445560525e-08,0,0.028675046795470883,0.003825432852127526,0.0009409764315932989,1.0023339166148526
0.03225,64,physics,0,2186,8629.400704454338,39227.16172635999,201.30516996066572,48057.867600775,2392.98969221757,0.0009668949630212672,11.81808203493644,223.16627985729806,0.9197527745043422,4.284546761823541e-08,0,0.028476700971899097,0.0038496605370639744,0.0009409764315932989,1.0023401897289725
0.0323125,64,physics,0,2186,8885.409987971558,39913.04379414213,202.29781390429127,49000.75159601798,2410.99690129196,0.0009741708321187068,11.8826610378937,226.23989076149323,0.9186477977177852,4.313411139378327e-08,0,0.028262042529547615,0.003873977908469865,0.0009409764315932989,1.0023426989856135
0.032375,64,physics,0,2186,9148.723034854886,40610.33813547883,203.33102806245253,49962.39219839616,2429.1397352656913,0.0009815015008805407,11.948377791184235,229.5933040486413,0.9174418464854321,4.342577142324446e-08,0,0.028066561018199463,0.0038984058777592804,0.0009409764315932989,1.0023493306226885
0.0324375,64,physics,0,2186,9419.614086085749,41319.3370539539,204.28821069410975,50943.23935073376,2447.419026746801,0.0009888873057246486,12.0152856992789,233.02333789238435,0.916208564958811,4.371875128583713e-08,0,0.02787345634145819,0.003923063242591804,0.0009409764315932989,1.0023579338929238
0.0325,64,physics,0,2186,9698.151257729973,42040.03100401467,205.2430084025911,51943.425270147236,2465.835732935008,0.0009963286334105685,12.083663236924925,236.31824226561014,0.9150238464478249,4.4012631761347574e-08,0,0.027659227353070998,0.00394770879850525,0.0009409764315932989,1.0023668957112744
0.0325,65,refine,0,2370,9698.151257729973,42040.03100401467,205.2430084025911,51943.425270147236,2465.8357329350083,0.0009963286334105685,12.083663236924925,236.31824226561014,0.9150238464478249,4.4012631761347574e-08,0,0.02550179385785686,0.003770568794970056,0.0009409764315932989,1.0023668957112744
0.0325625,65,physics,0,2370,9984.321480098659,42771.672176747015,206.37204752329387,52962.36570436897,2484.3913086848315,0.0010038260717768143,12.151715582640687,239.3053352771994,0.9139502600809676,4.4308523072800166e-08,0,0.025342209185471105,0.0037941412664958566,0.0009409764315932989,1.0023760368485368
0.032625,65,physics,0,2370,10278.01561999114,43514.928914377044,207.77269090195554,54000.71722527014,2503.0864091899907,0.0010113798855564556,12.219707845631884,241.89972597614482,0.9130177232578621,4.4605629412330894e-08,0,0.025213276150563676,0.00381780315504308,0.0009409764315932989,1.00238607427175
0.0326875,65,physics,0,2370,10579.51603195773,44268.715314060486,209.28073641092212,55057.512082429144,2521.9219754159267,0.00101899045494952,12.286655823980901,244.11927364803503,0.9122203405805901,4.490564720072148e-08,0,0.025057052658382036,0.0038415544605066125,0.0009409764315932989,1.0023953948261608
0.03275,65,physics,0,2370,10889.376485157858,45032.692740337225,210.59480953765012,56132.664035032736,2540.899737244854,0.0010266584789203215,12.352627224289348,246.08668857315286,0.9115130934306823,4.5206565602029474e-08,0,0.024901755465766257,0.0038653951827825384,0.0009409764315932989,1.0023989796778572
0.0328125,65,physics,0,2370,11207.95643259117,45806.68041615237,211.4967212082413,57226.13356995178,2560.0201202823423,0.0010343841294361204,12.417569587634606,247.98031390889116,0.9108327808460567,4.5509914059493855e-08,0,0.02474897792247755,0.0038893849236259865,0.0009409764315932989,1.0024068663967167
0.032875,65,physics,0,2370,11535.415631254657,46590.86004750796,212.033169696966,58338.30884845958,2579.2838887616804,0.0010421677152877655,12.481715619625728,250.00805971779857,0.9101038012904368,4.5816278770871636e-08,0,0.024596716455764434,0.0039134640811458385,0.0009409764315932989,1.0024143946862403
0.0329375,65,physics,0,2370,11871.890747209716,47385.7197255591,212.4770658956694,59470.08753866449,2598.693803677125,0.001050010352063614,12.54558029506289,252.34368694550164,0.9092642968248239,4.6121428454171004e-08,0,0.024463056910030843,0.003937662456203095,0.0009409764315932989,1.0024262249697238
0.033,65,physics,0,2370,12217.31303876561,48192.01552083061,213.10450596629065,60622.433065562516,2618.2500091662264,0.0010579120980028943,12.609912272752648,255.08895768118325,0.9082777486089888,4.642969919643743e-08,0,0.02433202852498082,0.003961980048746891,0.0009409764315932989,1.002433574155527
0.033,66,refine,0,2543,12217.31303876561,48192.01552083061,213.10450596629065,60622.433065562516,2618.2500091662264,0.0010579120980028943,12.609912272752648,255.08895768118325,0.9082777486089888,4.5733123954505645e-08,0,0.02433202852498082,0.003735684748245519,0.0009185735252685845,1.002433574155527
0.0330625,66,physics,0,2543,12571.845612394965,49009.76737612445,213.9821738089894,61795.595162328405,2637.952635512961,0.0010658730057472529,12.674727776849219,258.2593492800287,0.9071380874553526,4.604109449246607e-08,0,0.024181513647992748,0.0037594770006323316,0.0009185735252685845,1.0024448669118866
0.033125,66,physics,0,2543,12935.981337717476,49840.768126421164,214.99630257433364,62991.74576671298,2657.803180206267,0.0010738936803617758,12.741649021670618,261.75624068961815,0.9058811195652743,4.634142314330358e-08,0,0.02403582088999911,0.003783389536464994,0.0009185735252685845,1.0024540087602116
0.0331875,66,physics,0,2543,13310.181201492207,50684.886228960226,215.98229368529542,64211.04972413772,2677.802547601027,0.0010819744872538801,12.809995079347539,265.4084038432811,0.9045683833187257,4.6644776929838405e-08,0,0.023886703679668022,0.0038074223484612004,0.0009185735252685845,1.002465839511212
0.03325,66,physics,0,2543,13626.08935931719,51540.80079033855,216.88808898693514,65383.77823864267,2697.380163897101,0.001089884884297656,12.878627259216074,266.1149100404473,0.9044142381244351,4.694965305418467e-08,0,0.023744907361206893,0.0038315457925866933,0.0009185735252685845,1.0024679905718494
0.0333125,66,physics,0,2543,13909.265744719069,52404.88539050569,217.855814753681,66532.00694997844,2716.755027619165,0.0010977133585298353,12.946893249661727,266.11379725427236,0.9044137321383514,4.724814406387159e-08,0,0.023598494904572154,0.0038557894940950757,0.0009185735252685845,1.0024800007452372
0.033375,66,physics,0,2543,14191.22486937598,53275.998419556345,218.98606822664834,67686.20935715896,2736.191153664331,0.0011055665859946535,13.014180774440915,266.1616130616547,0.9044139662003304,4.7555993809567026e-08,0,0.023453876563361148,0.0038801238048805516,0.0009185735252685845,1.002491294024608
0.0334375,66,physics,0,2543,14474.172132655098,54153.22311098293,220.19649939801147,68847.59174303603,2755.7053052219017,0.0011134513399114262,13.079519930676872,266.14585323031946,0.9044135949209473,4.78653676694308e-08,0,0.0233110195682866,0.003904622663226718,0.0009185735252685845,1.0025004362963277
0.0335,66,physics,0,2543,14758.005178075056,55035.73619531267,221.27626737853188,70015.01764076625,2775.292582889261,0.0011213656406613023,13.142322286797201,266.13690483196376,0.9044141082935019,4.8176238998109906e-08,0,0.023169891943098212,0.0039293248094240596,0.0009185735252685845,1.0025090408635189
0.0335,67,refine,0,2678,14758.005178075055,55035.73619531267,221.27626737853188,70015.01764076625,2775.292582889261,0.0011213656406613025,13.142322286797201,266.13690483196376,0.9044141082935019,4.750078419490929e-08,0,0.023169891943098212,0.0037523513384612496,0.000911187322344631,1.0025090408635189
0.0335625,67,physics,0,2678,15044.679327726652,55925.78681263648,222.08596395131553,71192.55210431445,2795.0004887182495,0.0011293286815965771,13.225083783090076,266.12579194884387,0.9044141156038091,4.823054222669047e-08,0,0.023030817443984792,0.003776252797653546,0.000911187322344631,1.0025176455045641
0.033625,67,physics,0,2678,15326.487807949514,56821.619377723,222.67071373842944,72370.77789941095,2814.7409281036516,0.0011373048678167284,13.289283942689066,266.1309634746368,0.9044138068810901,4.856837509947815e-08,0,0.022899294362867337,0.0038002734661612366,0.000911187322344631,1.0025289392080161
0.0336875,67,physics,0,2678,15598.494426590602,57722.62669928148,223.18625125919044,73544.30737713126,2834.4746975806315,0.0011452783590394679,13.354638901663284,266.1295147986023,0.9044137095622179,4.888292215454719e-08,0,0.022767149228291768,0.00382453255325745,0.000911187322344631,1.0025382610908375
0.03375,67,physics,0,2678,15850.378106384622,58628.128470711796,223.82214590898212,74702.3287230054,2854.1171260099964,0.0011532149436261402,13.421768688664887,266.16539165124533,0.90441348561168,4.9197227180997114e-08,0,0.022632510440023016,0.0038487916717800733,0.000911187322344631,1.0025470452520484
0.0338125,67,physics,0,2678,16083.805987266162,59537.56415135146,224.65580225338817,75846.025940871,2873.68164852046,0.0011611200500826302,13.490411121719985,266.17086689033846,0.9044138020856969,4.951488996596249e-08,0,0.022502540077447886,0.0038733487819446843,0.000911187322344631,1.002555470948385
0.033875,67,physics,0,2678,16298.276724301606,60450.16584589379,225.59858789726783,76974.04115809266,2893.1619455787054,0.0011689911249814664,13.559664976825474,266.1549705745714,0.9044138042658997,4.984836809995836e-08,0,0.022362918858584182,0.0038980847060626237,0.000911187322344631,1.0025608490894546
0.0339375,67,physics,0,2678,16496.010034567968,61365.24997284245,226.50861864829523,78087.76862605872,2912.572782064682,0.001176834134119014,13.629559806074194,266.148384613253,0.9044141508569511,5.01676780118033e-08,0,0.02223291741980625,0.0039231186534071805,0.000911187322344631,1.0025683785354211
0.034,67,physics,0,2678,16687.311368421448,62281.984049522594,227.3206688442748,79196.61608678832,2931.9971393618307,0.0011846826063826256,13.699103795559822,266.16548987106654,0.9044135705169988,5.048956808195737e-08,0,0.022109920049199646,0.003948450623979085,0.000911187322344631,1.0025708883633093
0.034,68,refine,0,2831,16687.311368421444,62281.984049522594,227.3206688442748,79196.61608678832,2931.99713936183,0.0011846826063826258,13.699103795559822,266.16548987106654,0.9044135705169988,4.8362141846780474e-08,0,0.022109920049199646,0.003805935830906974,0.0008828300051391125,1.0025708883633093
0.0340625,68,physics,0,2831,16879.908541034027,63201.69774124793,228.0953942067436,80309.7016764887,2951.5183020552577,0.0011925701931687566,13.767346152214625,266.14731609142376,0.9044139347083994,4.856626834026665e-08,0,0.02200324959695155,0.0038324731778941997,0.0008828300051391125,1.0025766251363621
0.034125,68,physics,0,2831,17085.121721411713,64124.20064097009,228.99059919236808,81438.31296157418,2971.21972649833,0.0012005306152782734,13.838239847839127,266.16793603287084,0.9044141134392614,4.8837704547111176e-08,0,0.021849998437526195,0.0038591894571540614,0.0008828300051391125,1.0025834375969978
0.0341875,68,physics,0,2831,17304.28555088241,65049.146333907614,230.03393666007022,82583.4658214501,2991.1133195095017,0.0012085686836987744,13.909172675125216,266.16366268440385,0.904413624946295,4.911222450942894e-08,0,0.02173172259346415,0.0038860548840983704,0.0008828300051391125,1.0025872023977347
0.03425,68,physics,0,2831,17541.96532193727,65976.78309634364,231.1472253591467,83749.89564364006,3011.236515306845,0.001216699523841808,13.97976680999885,266.1700614953913,0.9044142464765875,4.938494901907127e-08,0,0.021614068766817613,0.003913121867767206,0.0008828300051391125,1.002597779770698
0.0343125,68,physics,0,2831,17792.4372769278,66907.13916477562,232.17436391405406,84931.75080561747,3031.53960156809,0.0012249030492897392,14.050464645373875,266.16950949691085,0.9044137274642845,4.965334410300666e-08,0,0.021498326255703592,0.003940348093208382,0.0008828300051391125,1.002606564453407
0.034375,68,physics,0,2831,18052.187713634383,67840.11289947368,233.00729691524884,86125.30791002332,3051.9907521786545,0.0012331664006001617,14.120781720877913,266.1647689989948,0.9044136606434022,4.991942414989133e-08,0,0.02138553844410792,0.003967753025570888,0.0008828300051391125,1.0026105086217012
0.0344375,68,physics,0,2831,18310.21051975872,68775.10367272331,233.66513118470388,87318.97932366675,3072.49655977436,0.001241451836236239,14.190415824815934,266.2084139452816,0.9044136260604321,5.018396143086084e-08,0,0.021273055430093862,0.003995307882610307,0.0008828300051391125,1.0026121221495663
0.0345,68,physics,0,2831,18557.029792509806,69711.51169429721,234.27403687687558,88502.8155236839,3092.977174791744,0.0012497270927320694,14.259067623615918,266.1728330656308,0.9044137654662556,5.044695594591528e-08,0,0.021164022275253824,0.004022977978348201,0.0008828300051391125,1.0026200105453977
0.0345,69,refine,0,3132,18557.02979250981,69711.51169429722,234.2740368768756,88502.81552368391,3092.977174791744,0.0012497270927320694,14.259067623615918,266.1728330656308,0.9044137654662556,3.256554670372224e-08,0,0.021531947551854978,0.0038038923352845463,0.0005255353171378374,1.0026200105453977
0.0345625,69,physics,0,3132,18782.181344735116,70648.88886196548,234.96111202677795,89666.03131872737,3113.357192495914,0.001257961702569249,14.346289954871155,266.1745797578603,0.9044137060408228,3.280322857790443e-08,0,0.021394336979678054,0.003825647446481391,0.0005255353171378374,1.002627002584498
0.034625,69,physics,0,3132,18987.681966830987,71587.54396216021,235.81559387424306,90811.04152286545,3133.6462995114234,0.0012661595796581715,14.416781799871906,266.1666923077727,0.9044136572989396,3.298887030211969e-08,0,0.02125102153016638,0.00384728335814168,0.0005255353171378374,1.0026382975198949
0.0346875,69,physics,0,3132,19168.240401873,72525.94113432184,236.73990334445548,91930.92143953929,3153.7991448958105,0.0012743023998092325,14.487936410541796,266.17629917656427,0.9044135134634976,3.323033048729934e-08,0,0.021109071226382514,0.0038689192762263393,0.0005255353171378374,1.0026443932521802
0.03475,69,physics,0,3132,19335.284106112435,73463.60037518591,237.64277346088974,93036.52725475923,3173.9088449346923,0.0012824277869486142,14.560388936363397,266.1801321139322,0.9044135991138276,3.33896110760179e-08,0,0.020967907713521257,0.0038928525435899274,0.0005255353171378374,1.00265138546132
0.0348125,69,physics,0,3132,19489.164958181085,74399.79681323882,238.47889136113804,94127.44066278105,3193.9769568426264,0.0012905363702735428,14.634640066676859,266.1810630856773,0.9044135471124772,3.363470568729098e-08,0,0.020828646401630232,0.003919243053951036,0.0005255353171378374,1.0026599913241239
0.034875,69,physics,0,3132,19645.453614400103,75334.90509670893,239.28781888968857,95219.64652999872,3214.1332571850808,0.001298680586410992,14.709938327458735,266.1881071376238,0.9044136028010854,3.388298175366337e-08,0,0.02068812312132804,0.003945991193737794,0.0005255353171378374,1.002672003797797
0.0349375,69,physics,0,3132,19812.74481460819,76268.84189170311,240.1396255131618,96321.72633182445,3234.449249188719,0.0013068893264632894,14.784542326578116,266.1801978239578,0.9044136081366251,3.413329352497382e-08,0,0.020549347852727346,0.003973055607377913,0.0005255353171378374,1.002678816906526
0.035,69,physics,0,3132,19998.840694315542,77201.84148895269,241.06001797672928,97441.74220124497,3254.9885860619106,0.0013151883097077882,14.857545125872738,266.1911932083589,0.9044139259513052,3.438581153147882e-08,0,0.02041059692974018,0.004000459522727837,0.0005255353171378374,1.0026825820654217
0.035,70,refine,0,3373,19998.840694315542,77201.84148895269,241.0600179767293,97441.74220124497,3254.988586061911,0.0013151883097077882,14.857545125872738,266.1911932083589,0.9044139259513052,3.221142375053894e-08,0,0.02041059692974018,0.0037817237073418464,0.0005255353171378374,1.0026825820654217
0.0350625,70,physics,0,3373,20205.51314716429,78134.30374610757,242.00152642201613,98581.81841969388,3275.7720923681895,0.0013235859503747311,14.929288139324676,266.1824513329414,0.9044136348462163,3.243266011310197e-08,0,0.020313685330751056,0.0038042685849446764,0.0005255353171378374,1.0026904710156208
0.035125,70,physics,0,3373,20430.850330185116,79067.11253891408,242.90220053719733,99740.86506963639,3296.7780162816744,0.0013320734595710206,15.002328179219573,266.1843866369027,0.904413655260837,3.265711967515009e-08,0,0.02028518679660195,0.003826754080544828,0.0005255353171378374,1.0027028424488753
0.035187500000000003,70,physics,0,3373,20661.839150702708,79999.24397586915,243.67644894340225,100904.75957551526,3317.8962862406242,0.0013406063625381326,15.07496675241876,266.1914780327096,0.904413999924692,3.288265926215669e-08,0,0.02015894216132936,0.0038491801895317195,0.0005255353171378374,1.0027096557671515
0.035250000000000004,70,physics,0,3373,20896.13327811308,80930.46188185192,244.34228976910725,102070.9374497341,3339.1059722848513,0.001349176202459797,15.147102766339744,266.1869682439828,0.9044139663334537,3.310932950029153e-08,0,0.020021229611335616,0.0038744544645682192,0.0005255353171378374,1.0027168277311418
0.035312500000000004,70,physics,0,3373,21118.699563798356,81860.22054254336,244.98725694067116,103223.90736328239,3360.281834079193,0.0013577323755875638,15.219641224132678,266.19571275450284,0.9044136750382374,3.334350928696489e-08,0,0.019884180960868383,0.0039014640902153893,0.0005255353171378374,1.002723282542593
0.035375000000000004,70,physics,0,3373,21321.87905722695,82787.69963978369,245.69249175546724,104355.27118876611,3381.3601665258266,0.0013662491416776789,15.293969726419917,266.20542982587887,0.9044135796041975,3.358875400039096e-08,0,0.019759527659641788,0.00392855010115407,0.0005255353171378374,1.0027291994895917
0.035437500000000004,70,physics,0,3373,21502.15024341307,83712.32406458956,246.4758279854595,105460.95013598808,3402.310188182222,0.0013747140633916723,15.369121231949265,266.202863900616,0.9044134465635261,3.38230474739021e-08,0,0.01962349284302194,0.003956146773532807,0.0005255353171378374,1.0027378060202818
0.035500000000000004,70,physics,0,3373,21660.235782169308,84632.80131057245,247.27679036880627,106540.31388311056,3423.135084411375,0.0013831284277862881,15.44352216850367,266.1984077991742,0.904413866126829,3.406273307859918e-08,0,0.01948742735104087,0.00398413090888514,0.0005255353171378374,1.0027462333198274
0.035500000000000004,71,refine,0,3659,21660.235782169308,84632.80131057244,247.27679036880627,106540.31388311056,3423.135084411375,0.0013831284277862881,15.44352216850367,266.1984077991742,0.904413866126829,3.117772351401985e-08,0,0.020352541742994352,0.0037866111500775707,0.00046502158511430025,1.0027462333198274
0.035562500000000004,71,physics,0,3659,21801.01073831445,85548.7809225104,248.01298657469033,107597.80464739953,3443.879780100108,0.0013915103869013934,15.558202380490892,266.2111194590005,0.9044136122385328,3.139472326552102e-08,0,0.020211844810823523,0.0038133280414844963,0.00046502158511430025,1.0027566330637045
0.035625000000000004,71,physics,0,3659,21930.35860960157,86461.0814941705,248.70264147794825,108640.14274525002,3464.588598364995,0.0013998778496314762,15.633956924546382,266.21405840123373,0.9044134749191872,3.1615247308991457e-08,0,0.020071407567819322,0.0038403101791205075,0.00046502158511430025,1.0027664949894295
0.035687500000000004,71,physics,0,3659,22061.297855261102,87368.94509544579,249.3384542239596,109679.58140493085,3485.3691680611937,0.001408274303751384,15.70904971112949,266.21033847279335,0.9044136276234181,3.18344017813388e-08,0,0.01992910346832214,0.0038674960564779623,0.00046502158511430025,1.002779225982419
0.035750000000000004,71,physics,0,3659,22202.879105244425,88272.76260964583,249.9676808654403,110725.60939575569,3506.296484057908,0.0014167300511723148,15.78314111732975,266.1904931626293,0.9044137718062086,3.2057188903422704e-08,0,0.019790081300017744,0.0038949881022439063,0.00046502158511430025,1.002784426011963
0.035812500000000004,71,physics,0,3659,22359.75503633909,89172.42366288707,250.6185646560283,111782.7972638822,3527.408784789999,0.0014252605422538018,15.856236775730443,266.1970439796016,0.9044134554311108,3.2283497652940716e-08,0,0.0196513801778552,0.0039227484382733,0.00046502158511430025,1.0027889088176951
0.035875000000000004,71,physics,0,3659,22540.3228555002,90068.50265989518,251.27924712544126,112860.10476252082,3548.775286569416,0.0014338937440625343,15.928738084527627,266.2120023291648,0.9044137070730647,3.251347013843999e-08,0,0.019512861849149833,0.0039507770662463556,0.00046502158511430025,1.0027957227207882
0.035937500000000004,71,physics,0,3659,22733.76116687518,90960.75919242311,251.89400660187124,113946.41436590016,3570.3029500650623,0.0014425920637666351,15.999716305879483,266.21469624664917,0.9044137532923615,3.2744061684297736e-08,0,0.019374559428847072,0.003979103774115186,0.00046502158511430025,1.0028011021506722
0.036000000000000004,71,physics,0,3659,22940.916978881934,91848.96437203116,252.4140996992066,115042.29545061229,3591.995512383863,0.001451357011355528,16.068625872735037,266.21912508825807,0.9044134341473969,3.297769790577828e-08,0,0.019236344317709476,0.004007758350666921,0.00046502158511430025,1.0028125783642066
0.036000000000000004,72,refine,0,3965,22940.916978881934,91848.96437203116,252.4140996992066,115042.29545061229,3591.9955123838636,0.0014513570113555278,16.068625872735037,266.21912508825807,0.9044134341473969,3.069094667296206e-08,0,0.018300865054456494,0.0038202556813151326,0.0004485292884055525,1.0028125783642066
0.0360625,72,physics,0,3965,23149.112880797333,92732.71035587376,252.82404673264307,116134.64728340373,3613.7527772161343,0.0014601481021967464,16.135316050900506,266.23093840043015,0.9044136650181718,3.0870099365642954e-08,0,0.01817147068861771,0.0038473144063038874,0.0004485292884055525,1.0028159853903822
0.036125,72,physics,0,3965,23352.822243725874,93612.79573676482,253.1968646049484,117218.81484509565,3635.5240071453927,0.0014689448356793968,16.201964273500355,266.2263065780469,0.9044134795450347,3.104841717060933e-08,0,0.01804389270916544,0.0038746711601991735,0.0004485292884055525,1.002825668580607
0.0361875,72,physics,0,3965,23539.396500899402,94487.39898825141,253.5594517897179,118280.35494094052,3657.202902880301,0.0014777042612417646,16.267798160645718,266.2093071486142,0.9044138258946969,3.1226392138705626e-08,0,0.017915433934694244,0.003902147813554517,0.0004485292884055525,1.0028294342909454
0.03625,72,physics,0,3965,23705.200343157318,95356.27263398626,253.93742605209883,119315.41040319567,3678.758206503535,0.0014864137490257473,16.332937932497696,266.218607142003,0.9044136094574161,3.141714888244004e-08,0,0.017787915095865296,0.003929623814004851,0.0004485292884055525,1.0028419867608669
0.0363125,72,physics,0,3965,23850.29128325794,96218.52751241103,254.30933381186964,120323.12812948084,3700.1892964860567,0.0014950730478997102,16.39751522528986,266.2618585939535,0.9044141076102912,3.15947055185006e-08,0,0.017662196103393486,0.0039572786414715675,0.0004485292884055525,1.0028448559189098
0.036375,72,physics,0,3965,23980.53408067367,97073.74843392662,254.640390470195,121308.92290507049,3721.5428398647855,0.001503701013826072,16.461842809835403,266.2429215174142,0.9044135922067248,3.1772262154561324e-08,0,0.017538239176631682,0.003985052694916184,0.0004485292884055525,1.0028513115545197
0.0364375,72,physics,0,3965,24098.788591569584,97921.50129990032,254.8956288198775,122275.18552028979,3742.839808088942,0.0015123061203846468,16.524518738832626,266.245405551866,0.9044136483726113,3.194940134676466e-08,0,0.017412837531612643,0.004013005575193892,0.0004485292884055525,1.002855256685628
0.0365,72,physics,0,3965,24217.454159411605,98761.84027633173,255.06960198780274,123234.36403773114,3764.180628653409,0.0015209289456180812,16.584528244343016,266.19737740105865,0.9044141111924672,3.2125361926205194e-08,0,0.0172823434621098,0.004040839276767981,0.0004485292884055525,1.002867092172072
0.0365,73,refine,0,4250,24217.4541594116,98761.84027633173,255.06960198780274,123234.36403773114,3764.1806286534083,0.0015209289456180814,16.584528244343016,266.19737740105865,0.9044141111924672,3.2125361926205194e-08,0,0.0172823434621098,0.0038175470872110415,0.0004437667957972735,1.002867092172072
0.0365625,73,physics,0,4250,24341.646484428624,99595.44942937705,255.1754306230864,124192.27134442877,3785.615825437291,0.0015295899038575464,16.651063952299612,266.2537524308372,0.9044135171162637,3.230090506178846e-08,0,0.01715378968053031,0.0038452378335129987,0.0004437667957972735,1.0028762378709022
0.036625,73,physics,0,4250,24484.573575152273,100423.41950208969,255.28656272925733,125163.27963997122,3807.249388196902,0.001538331012489519,16.70813363824685,266.2498979164662,0.9044134490584295,3.245776891702685e-08,0,0.017034627867360097,0.003873136217557741,0.0004437667957972735,1.002886997623366
0.0366875,73,physics,0,4250,24643.91001800909,101245.26120642705,255.37861698486086,126144.549841421,3829.0607838536343,0.001547143975059458,16.763318990777595,266.2210688259523,0.9044135851625729,3.263203751657779e-08,0,0.01690971972800548,0.003901243236248063,0.0004437667957972735,1.002890046240885
0.03675,73,physics,0,4250,24821.84300023561,102061.00108597254,255.44462008535413,127138.2887062935,3851.0668198483277,0.0015560355826660086,16.81724181394427,266.24382375039477,0.9044134807715594,3.2806652505712424e-08,0,0.016786629093067894,0.003929648123304345,0.0004437667957972735,1.0028941708558086
0.0368125,73,physics,0,4250,25011.503136949654,102870.75013759885,255.4615839835896,128137.7148585321,3873.2083979030353,0.0015649819564650257,16.87024730780762,266.2422171988019,0.9044137373540682,3.2980087993905766e-08,0,0.016665148636768438,0.0039583490235586055,0.0004437667957972735,1.0029018821379079
0.036875,73,physics,0,4250,25208.76917340324,103674.47511411588,255.4158674155295,129138.66015493465,3895.449001917753,0.001573968342013197,16.92182807295946,266.2271581779212,0.9044135333858384,3.315269037074131e-08,0,0.016544254848322164,0.0039870523402251775,0.0004437667957972735,1.0029060068015094
0.0369375,73,physics,0,4250,25402.235551069607,104470.92590916614,255.30109548020525,130128.46255571595,3917.6909912544766,0.0015829552873048707,16.971615925706512,266.26388382837257,0.9044136010706806,3.332452980231437e-08,0,0.016424355858212725,0.0040161134044812774,0.0004437667957972735,1.0029146148497552
0.037,73,physics,0,4250,25586.71908445993,105259.81174148017,255.13228886138342,131101.6631148015,3939.8876649448266,0.0015919239226678183,17.018834514660927,266.2420296497847,0.904413621682591,3.3495536122529776e-08,0,0.016305262586863968,0.004045294257051609,0.0004437667957972735,1.0029226849620871
0.037,74,refine,0,4524,25586.71908445993,105259.81174148017,255.13228886138342,131101.6631148015,3939.8876649448257,0.0015919239226678183,17.018834514660927,266.2420296497847,0.904413621682591,3.154215200140696e-08,0,0.016305262586863968,0.0038236345063853237,0.0004298078711144626,1.0029226849620871
0.0370625,74,physics,0,4524,25752.005105869102,106041.63724967276,254.9390552329817,132048.58141077484,3961.9665645674777,0.001600844971051119,17.064643409063773,266.23830835387395,0.9044136436605904,3.172471174650581e-08,0,0.016186964662275424,0.003845401133780066,0.0004298078711144626,1.0029280650730514
0.037125,74,physics,0,4524,25902.976458908073,106816.45040205424,254.74385028054172,132974.17071124283,3983.9587928771953,0.001609730999619489,17.1106523835402,266.2630833888498,0.9044135067485287,3.190273467623683e-08,0,0.016068759135420423,0.003867108835804476,0.0004298078711144626,1.0029404394377979
0.0371875,74,physics,0,4524,26036.469472501398,107583.12731006066,254.52668625722026,133874.12346881928,4005.836679190678,0.0016185708279468987,17.15571708249259,266.23849963847846,0.9044135436433853,3.2077059231028275e-08,0,0.015954572177686185,0.00388881707422666,0.0004298078711144626,1.0029411567969577
0.03725,74,physics,0,4524,26162.849144671978,108341.66109472803,254.27772018603378,134758.78795958604,4027.68507898492,0.0016273987421539901,17.200655872473824,266.2575246209502,0.904414697633411,3.2258274273999586e-08,0,0.015837807163834504,0.003912943883573229,0.0004298078711144626,1.0029506618542678
0.0373125,74,physics,0,4524,26284.77737560653,109092.04594404121,253.98821621811908,135630.81153586588,4049.52441550762,0.00163622299431786,17.245060613097035,266.24117291180096,0.904413694897009,3.249727420495673e-08,0,0.015723080486194356,0.00394058738954733,0.0004298078711144626,1.0029585529136769
0.037375,74,physics,0,4524,26414.55527182608,109834.48685821677,253.6532228281831,136502.69535287103,4071.4550442352665,0.001645084133382599,17.28773164667047,266.26542891184454,0.9044137145014719,3.2725706589076214e-08,0,0.015609325634035507,0.00396817245744249,0.0004298078711144626,1.0029678787912044
0.0374375,74,physics,0,4524,26556.22163761431,110569.12837588658,253.27390510028505,137378.62391860117,4093.507371542135,0.001653994445138137,17.32750171116308,266.258305853028,0.9044136324238954,3.2912712555344095e-08,0,0.01549671051091243,0.0039958774211783865,0.0004298078711144626,1.002984019938003
0.0375,74,physics,0,4524,26711.823464137757,111295.45640513959,252.8554901718056,138260.13535944917,4115.694222207378,0.0016629591114773693,17.36414385832552,266.26318312172805,0.9044135316287304,3.30994343045177e-08,0,0.015384885969115095,0.004023702272866187,0.0004298078711144626,1.002995498244877
0.0375,75,refine,0,4754,26711.823464137764,111295.45640513959,252.85549017180557,138260.13535944917,4115.694222207378,0.0016629591114773693,17.36414385832552,266.26318312172805,0.9044135316287304,3.30994343045177e-08,0,0.015384885969115095,0.003825382100169212,0.0004298078711144626,1.002995498244877
0.0375625,75,physics,0,4754,26887.123591127605,112017.09011085358,252.4050895012889,139156.61879148247,4138.084657228614,0.0016720060367114474,17.422732093307456,266.27518616738695,0.9044137105217006,3.3285543210581577e-08,0,0.015274010447914304,0.00384779065272809,0.0004298078711144626,1.0030033896570518
0.037625,75,physics,0,4754,27075.131584942792,112732.50623013008,251.96018431998516,140059.59799939286,4160.604645987366,0.0016811053085380875,17.458271711789507,266.2651361107942,0.9044136470707234,3.347103927353606e-08,0,0.01516376338390518,0.003870081044882374,0.0004298078711144626,1.003011281131315
0.0376875,75,physics,0,4754,27274.473349114676,113441.67860324112,251.49605463666228,140967.64800699247,4183.2415655171935,0.0016902518266084415,17.494145113871788,266.2742605268966,0.9044136756199638,3.365669964949808e-08,0,0.015054308757592701,0.0038921938091374723,0.0004298078711144626,1.0030227597501706
0.03775,75,physics,0,4754,27474.341165985872,114143.78613689219,251.01039998517342,141869.13770286326,4205.903716530209,0.0016994085395381589,17.53088637245951,266.298613264242,0.9044135625805295,3.384236002546e-08,0,0.014945646588830805,0.003916458693607944,0.0004298078711144626,1.0030284991088594
0.0378125,75,physics,0,4754,27666.731861276894,114838.7028331658,250.5028913157937,142755.93758575848,4228.522015573362,0.0017085475339428465,17.567431219992667,266.3082383804537,0.9044135890790134,3.4026630402195224e-08,0,0.01483792891671469,0.003944812126350985,0.0004298078711144626,1.0030381843511165
0.037875,75,physics,0,4754,27850.420338274336,115525.72358866419,249.9665747218829,143626.1105016604,4251.083747105902,0.0017176636720676885,17.60181703008362,266.2808078700038,0.9044134946051948,3.4210780874843796e-08,0,0.014731452437035945,0.003973344764409058,0.0004298078711144626,1.0030453586649348
0.0379375,75,physics,0,4754,28015.083470639347,116203.65509486885,249.40081424972752,144468.13937975792,4273.499029934066,0.0017267206371361003,17.633814929014672,266.2919803384891,0.9044135130924418,3.439509566049991e-08,0,0.014625897696602224,0.004002056605816849,0.0004298078711144626,1.0030566583132556
0.038,75,physics,0,4754,28174.227258771567,116872.5479713874,248.80857786298583,145295.58380802194,4295.875027650094,0.0017357617289322008,17.663207435388333,266.28466434623084,0.9044136363202174,3.457851338595217e-08,0,0.014520525229824032,0.004030917894308146,0.0004298078711144626,1.0030681374514148
0.038,76,refine,0,5024,28174.227258771563,116872.54797138742,248.80857786298583,145295.58380802197,4295.875027650093,0.0017357617289322008,17.663207435388333,266.28466434623084,0.9044136363202174,2.3988561359544727e-08,0,0.014520525229824032,0.0038166935570871758,0.000259317021118477,1.0030681374514148
0.0380625,76,physics,0,5024,28320.199426436422,117537.06764076184,248.19117621345856,146105.45824341173,4318.183131866811,0.001744775388147622,17.690536244962544,266.28777144195504,0.904413732639926,2.416341438049587e-08,0,0.014416372531277803,0.003832243475339653,0.000259317021118477,1.0030790786272494
0.038125,76,physics,0,5024,28461.789906251113,118194.56490698425,247.6116671564717,146903.96648039183,4340.470703885263,0.0017537807512643796,17.722372126612253,266.27246262291055,0.904413657398702,2.4338961956971194e-08,0,0.01431341971672719,0.003847733870775701,0.000259317021118477,1.003088764357902
0.0381875,76,physics,0,5024,28609.717500552233,118844.65378862899,247.02703272246907,147701.3983219037,4362.825690081609,0.0017628133532904219,17.754986182186084,266.2937429912547,0.904413853859613,2.4515898644494896e-08,0,0.014210520091676535,0.0038692514678268066,0.000259317021118477,1.0030980914461838
0.03825,76,physics,0,5024,28763.2598526538,119487.75060757998,246.43288522260303,148497.44334545638,4385.2401806285425,0.0017718699982349419,17.78808082036892,266.3056286333001,0.9044135702481623,2.469472626387419e-08,0,0.014108951527133469,0.0038967306615429807,0.000259317021118477,1.003107239251624
0.0383125,76,physics,0,5024,28930.035686769002,120123.7080845209,245.8187853984503,149299.56255668835,4407.774678570155,0.0017809751325419151,17.819578934557196,266.3275493692694,0.904413775198665,2.487559935815397e-08,0,0.014007596524360538,0.003924271577638203,0.000259317021118477,1.003112261611653
0.038375,76,physics,0,5024,29110.798435145938,120752.15140519927,245.18047263329396,150108.13031297852,4430.431578089047,0.0017901297235890226,17.848854887637785,266.2939208565008,0.9044135296723844,2.50582088412443e-08,0,0.01390836239656516,0.003951755708477359,0.000259317021118477,1.0031197951988453
0.0384375,76,physics,0,5024,29306.44428405904,121372.75663634375,244.50959213070652,150923.7105125335,4453.213639401614,0.001799334886650489,17.874855858008544,266.31277532683447,0.9044136101590058,2.5240625589617544e-08,0,0.013809195874506387,0.003979242228615409,0.000259317021118477,1.0031275082157767
0.0385,76,physics,0,5024,29512.547369344065,121984.92607887865,243.79265997904653,151741.26610820176,4476.077312516949,0.0018085730252157867,17.89592628495305,266.28706289711346,0.9044140865040103,2.542319688103585e-08,0,0.01371195952653285,0.004006731088879967,0.000259317021118477,1.0031370150391732
0.0385,77,refine,0,5330,29512.54736934407,121984.92607887866,243.79265997904653,151741.2661082018,4476.077312516949,0.0018085730252157864,17.89592628495305,266.28706289711346,0.9044140865040103,2.14661142194927e-08,0,0.014319141059144723,0.0037973106251782906,0.00023524410789832473,1.0031370150391732
0.0385625,77,physics,0,5330,29724.352708599232,122597.08823538429,243.08287020213652,152564.52381418567,4499.040083884216,0.0018178512047393024,17.918753431240926,266.30157994717626,0.9044135353549211,2.161907275421983e-08,0,0.014218300279932082,0.0038243127310967407,0.00023524410789832473,1.003140243792143
0.038625,77,physics,0,5330,29935.2245532158,123203.4537840912,242.4100533993875,153381.0883907064,4522.00396237271,0.0018271298315986402,17.946410068607182,266.3035214703434,0.9044135386324389,2.1771981550955435e-08,0,0.014118640691527995,0.0038512863938688522,0.00023524410789832473,1.0031468807058843
0.0386875,77,physics,0,5330,30135.592609343526,123802.97164781598,241.75818853603928,154180.32244569555,4544.887299070696,0.0018363759152957501,17.976639822262346,266.3262423394686,0.9044137140082832,2.1927007765043543e-08,0,0.014019516152822039,0.003878588488682748,0.00023524410789832473,1.0031626659744388
0.03875,77,physics,0,5330,30328.861623484874,124395.32158661808,241.1169457844948,154965.30015588744,4567.715756381884,0.0018455998248050388,18.007415141336327,266.31206788760545,0.9044135922499495,2.2084151396484237e-08,0,0.013921120997115878,0.0039059215924419255,0.00023524410789832473,1.003173608181363
0.0388125,77,physics,0,5330,30509.263273652865,124979.70801490382,240.46878006545938,155729.44006862215,4590.43741014471,0.001854780580006844,18.03671608581235,266.3420716958935,0.9044136053254834,2.2240740804591085e-08,0,0.013824521292309095,0.003933523635962756,0.00023524410789832473,1.003189932023366
0.038875,77,physics,0,5330,30681.186308588607,125555.54850506995,239.80200467069005,156476.53681832924,4613.083841056064,0.001863930941180821,18.063087359491444,266.3292858072084,0.9044136573991037,2.2397834698040242e-08,0,0.013728146829061623,0.003961097168430467,0.00023524410789832473,1.003196569265851
0.0389375,77,physics,0,5330,30847.347610645804,126121.87978169069,239.0946217852338,157208.32201412175,4635.671458754535,0.0018730575386921454,18.08462155549669,266.287530625295,0.9044135048131116,2.255543307683179e-08,0,0.013656736269493439,0.003988850385268506,0.00023524410789832473,1.003206614905573
0.039,77,physics,0,5330,31011.270255882955,126677.66171184662,238.3248449655742,157927.25681269515,4658.221698117089,0.0018821690333703112,18.10096956935864,266.3290920964846,0.9044137503548744,2.2714594649642075e-08,0,0.013561751317699142,0.004016902268574567,0.00023524410789832473,1.003214866756311
0.039,78,refine,0,5668,31011.270255882962,126677.66171184662,238.32484496557424,157927.25681269515,4658.2216981170895,0.0018821690333703112,18.10096956935864,266.3290920964846,0.9044137503548744,2.2714594649642075e-08,0,0.01299207180628816,0.003810956958305812,0.00023251079255715013,1.003214866756311
0.0390625,78,physics,0,5668,31183.557678978996,127237.48337356916,237.573220637202,158658.61427318535,4680.9133342481655,0.0018913376598544197,18.119770435550237,266.32857046326933,0.9044136013111134,2.287375622245237e-08,0,0.01290209701770395,0.0038206656572331095,0.00023251079255715013,1.0032295767455337
0.039125,78,physics,0,5668,31359.427179666243,127791.65822513736,236.89372478831788,159387.97912959193,4703.63888928749,0.0019005199913793307,18.14595656552815,266.32312328439855,0.9044135417076913,2.3033926765947435e-08,0,0.012812750406337394,0.003837033230091731,0.00023251079255715013,1.0032421342240598
0.0391875,78,physics,0,5668,31550.908537669446,128340.4022875847,236.25730689150342,160127.56813214565,4726.498619609001,0.0019097565368465348,18.175575890759916,266.31788631685896,0.9044135674245687,2.3193038600766205e-08,0,0.012723828372275404,0.0038617024172396485,0.00023251079255715013,1.0032493099966464
0.03925,78,physics,0,5668,31748.543347314564,128883.4700531934,235.64276826482268,160867.6561687728,4749.413254352094,0.0019190152666164195,18.20706441777606,266.33852412883675,0.9044138126523588,2.3354267852937506e-08,0,0.01263553938830341,0.0038863716949911376,0.00023251079255715013,1.003257024009421
0.0393125,78,physics,0,5668,31960.317689792213,129421.30043146043,235.04358092331307,161616.66170217597,4772.448767035761,0.0019283228374962502,18.239733570705,266.3103943333944,0.9044137339826837,2.3516001590451226e-08,0,0.012547882710619159,0.00391092188573649,0.00023251079255715013,1.0032702994260871
0.039375,78,physics,0,5668,32173.96992323271,129953.0983040075,234.45332425106764,162361.52155149129,4795.5022671380675,0.0019376376762487834,18.272103285173962,266.32080562345726,0.9044136830938287,2.3678289551298787e-08,0,0.012460857431008773,0.0039353529865580345,0.00023251079255715013,1.0032780136002497
0.0394375,78,physics,0,5668,32394.010489696986,130480.52287625335,233.88417335671255,163108.41753930706,4818.610370871645,0.0019469745777692922,18.306626409135955,266.3386593342284,0.9044135625040343,2.383951880347015e-08,0,0.012374462483518528,0.00395978417134427,0.00023251079255715013,1.0032873424482405
0.0395,78,physics,0,5668,32607.780300382492,131001.64488978591,233.33348647144015,163842.75867663985,4841.666467265427,0.0019562904655612296,18.34272311927561,266.3206277020814,0.9044134619010797,2.4001757026326235e-08,0,0.012289059138586961,0.003984096261439787,0.00023251079255715013,1.003292724515385
0.0395,79,refine,0,5958,32607.780300382496,131001.64488978591,233.33348647144015,163842.75867663985,4841.666467265427,0.0019562904655612296,18.34272311927561,266.3206277020814,0.9044134619010797,2.4001757026326235e-08,0,0.012289059138586961,0.0038249003648732596,0.00022964338131714612,1.003292724515385
0.0395625,79,physics,0,5958,32816.95172607227,131516.66386972799,232.78737756470397,164566.40297336495,4864.685891524942,0.0019655915358626616,18.378705399087522,266.3288318526398,0.9044136019882969,2.416349076384e-08,0,0.012203907837746702,0.0038511180145985495,0.00022964338131714612,1.003302950522502
0.039625,79,physics,0,5958,33014.84541162457,132025.8590526812,232.2473438248859,165272.95180813066,4887.611912267392,0.001974854866181395,18.413911393111523,266.3449063096873,0.9044136566413997,2.432678769537233e-08,0,0.01211938317308184,0.0038773357778582687,0.00022964338131714612,1.0033113825716857
0.0396875,79,physics,0,5958,33205.17521609072,132529.08164157506,231.69582760644107,165965.95268527223,4910.4752544447,0.001984092871029872,18.447089879990354,266.35144405436426,0.9044137250890241,2.4489580141562305e-08,0,0.012035475482547721,0.003903613238568219,0.00022964338131714612,1.0033207117299534
0.03975,79,physics,0,5958,33389.86531035672,133026.24550606828,231.13004398202298,166647.24086040704,4933.29119939515,0.0019933117248809385,18.479333765070262,266.35097483453234,0.9044137104370333,2.465343129642864e-08,0,0.011952191328322882,0.003929920602014345,0.00022964338131714612,1.0033305792032876
0.0398125,79,physics,0,5958,33563.47022476017,133516.75499869624,230.55535902038918,167310.7805824768,4956.013849423569,0.002002492882627156,18.510114705028528,266.37141615714074,0.9044135768251332,2.481728245129485e-08,0,0.011869528862628447,0.003956287659722003,0.00022964338131714612,1.003343317357817
0.039875,79,physics,0,5958,33742.96352126062,134001.71267500738,229.98602874201447,167974.66222501002,4978.783791558952,0.0020116931488970745,18.541212216561746,266.33097297535966,0.904413776385144,2.498057938282724e-08,0,0.011786962699002828,0.003982535649485581,0.00022964338131714612,1.0033483408998425
0.0399375,79,physics,0,5958,33924.36918385883,134480.95798842702,229.42494180974506,168634.75211409558,5001.566663553065,0.0020208986395165666,18.57250233198753,266.32946515631266,0.9044135768088021,2.5142817605683353e-08,0,0.011705709283391345,0.0040087539485648424,0.00022964338131714612,1.0033519291595454
0.04,79,physics,0,5958,34111.214907229696,134953.72605707165,228.85634587853468,169293.79731017989,5024.389909602949,0.0020301204433995695,18.602941744644895,266.3650896985305,0.9044138076296538,2.5305055828539487e-08,0,0.011624727331331268,0.004034972348304425,0.00022964338131714612,1.003361079279872
0.04,80,refine,0,6286,34111.214907229696,134953.72605707165,228.85634587853465,169293.79731017989,5024.389909602949,0.0020301204433995695,18.602941744644895,266.3650896985305,0.9044138076296538,2.4106470153384434e-08,0,0.011624727331331268,0.003809337218149218,0.00022070750128477812,1.003361079279872
0.0400625,80,physics,0,6286,34309.52575394463,135421.56274612958,228.27182274036048,169959.36032281458,5047.310360450149,0.0020393815231847926,18.651947237694678,266.36555958232714,0.9044134757431207,2.4230035311489918e-08,0,0.011544036098247647,0.0038360149784192115,0.00022070750128477812,1.003368255903223
0.040125,80,physics,0,6286,34514.951696724165,135883.90942806308,227.68835086158873,170626.54947564885,5070.287570472885,0.0020486655366922122,18.679189876960624,266.3974310736889,0.9044136955781295,2.4352170946428945e-08,0,0.011464607752793551,0.0038626821582737315,0.00022070750128477812,1.0033836858172491
0.0401875,80,physics,0,6286,34726.30276189547,136341.13146613794,227.10031530544657,171294.53454333884,5093.311090145911,0.0020579682617582495,18.705835549496975,266.3844123444182,0.9044136737306284,2.4473655102497138e-08,0,0.011384984172970201,0.003889349886481751,0.00022070750128477812,1.0033865565251077
0.04025,80,physics,0,6286,34942.11512212315,136793.04192177218,226.5162296575335,171961.67327355288,5116.368008688934,0.002067284481741915,18.73233440844852,266.37813551718443,0.9044135465585167,2.4594619674189717e-08,0,0.011305823905782435,0.003916405332128641,0.00022070750128477812,1.003394809855951
0.0403125,80,physics,0,6286,35156.67805234602,137238.98427409804,225.9456666675876,172621.60799311165,5139.410109125874,0.0020765947144241,18.759497081928277,266.37616426264333,0.9044135819824637,2.471402282822055e-08,0,0.011227756785438204,0.003943550664632112,0.00022070750128477812,1.0034036015221748
0.040375,80,physics,0,6286,35365.21779537104,137679.49323473073,225.39258016273843,173270.10361026452,5162.396063981475,0.002085882261307989,18.787119469134222,266.3527203079145,0.9044135879485571,2.48332967522913e-08,0,0.011149830454386283,0.003970800575685309,0.00022070750128477812,1.003409701907273
0.0404375,80,physics,0,6286,35571.39155020967,138113.40010243483,224.83458040362297,173909.62623304813,5185.354200695736,0.0020951585681854004,18.81451106405072,266.36837121904364,0.9044136451398153,2.495100925870018e-08,0,0.011072068176485223,0.003998440030139366,0.00022070750128477812,1.0034127521137302
0.0405,80,physics,0,6286,35769.84537967305,138540.49275827696,224.2541425722025,174534.5922805222,5208.2363841459755,0.0021044041859089088,18.838398852009963,266.3511409991371,0.9044136504413803,2.506781182631813e-08,0,0.010994782465513296,0.0040260797194625175,0.00022070750128477812,1.0034236970485213
0.0405,81,refine,0,6588,35769.84537967305,138540.492758277,224.2541425722025,174534.59228052225,5208.2363841459755,0.0021044041859089088,18.838398852009963,266.3511409991371,0.9044136504413803,1.6421428661317363e-08,0,0.010994782465513296,0.0038099750786206644,0.00013138382928445935,1.0034236970485213
0.0405625,81,physics,0,6588,35957.70425668706,138963.05442247816,223.63754376427994,175144.3962229295,5231.036929394706,0.0021136168174619016,18.859627753035834,266.373611205171,0.9044136868705762,1.654247139271091e-08,0,0.01091812567675974,0.0038353137278667585,0.00013138382928445935,1.0034310535471895
0.040625,81,physics,0,6588,36136.810984633084,139379.82725432637,223.0653668645443,175739.703605824,5253.758795779895,0.002122797658574175,18.88361846158061,266.3597060127142,0.9044135609798535,1.6663129542848808e-08,0,0.01084208748709833,0.003860593594982169,0.00013138382928445935,1.0034384100997913
0.0406875,81,physics,0,6588,36314.753170129276,139790.70607456844,222.51571815139795,176327.9749628491,5276.4647930140245,0.002131972087706791,18.90966905485554,266.4006272383113,0.9044136146661933,1.6784123424429273e-08,0,0.010766386036477641,0.003885874199280684,0.00013138382928445935,1.003443792977328
0.04075,81,physics,0,6588,36492.834161444945,140195.59082045872,221.98094840641357,176910.40593031008,5299.164769856117,0.0021411440842806764,18.936988018441966,266.3649663930822,0.9044135155062455,1.6907339528415832e-08,0,0.010691166486545953,0.003911155526467474,0.00013138382928445935,1.0034504318993924
0.0408125,81,physics,0,6588,36671.21294072673,140594.54397112038,221.4566446607343,177487.21355650784,5321.858043241245,0.0021503133723018383,18.964270731128938,266.37212965160916,0.9044136617916787,1.7030604482215514e-08,0,0.010616424494136903,0.003936437562614534,0.00013138382928445935,1.003456173705248
0.040875,81,physics,0,6588,36858.51144811281,140987.28290694248,220.93235932106418,178066.72671437636,5344.613956793772,0.002159507970278405,18.991114709952626,266.3820026759041,0.9044137438220097,1.715642738986391e-08,0,0.01068544213080333,0.003961720294149002,0.00013138382928445935,1.0034669396797817
0.0409375,81,physics,0,6588,37051.70059911203,141373.11497121735,220.38374914710027,178645.19931947647,5367.403660784427,0.002168716221387061,19.014910706983127,266.3838143476888,0.9044135019771146,1.7282879127833413e-08,0,0.010779647269913059,0.003986944165414977,0.00013138382928445935,1.0034751936718147
0.041,81,physics,0,6588,37250.436927132425,141751.0083468589,219.79750166596753,179221.2427756573,5390.218677694732,0.002177934700260004,19.03402220115487,266.40503990433865,0.904413516296107,1.740971544705872e-08,0,0.010609049876854501,0.0040138390927183755,0.00013138382928445935,1.0034829094214153
0.041,82,refine,0,6885,37250.43692713242,141751.0083468589,219.79750166596756,179221.2427756573,5390.218677694732,0.0021779347002600044,19.03402220115487,266.40503990433865,0.904413516296107,1.72885492588648e-08,0,0.010609049876854501,0.0038069335325577516,0.00013138382928445935,1.0034829094214153
0.0410625,82,physics,0,6885,37457.10182092346,142128.43142661688,219.21321090064188,179804.746458441,5413.1213827046895,0.00218718860978314,19.066563783070357,266.42733006328115,0.9044134524781701,1.741333832683268e-08,0,0.010440166751526094,0.0038271958779307904,0.00013138382928445935,1.0034884719753714
0.041125,82,physics,0,6885,37663.004306762574,142500.71685578884,218.68367893575544,180382.40484148715,5436.008621505638,0.0021964362701365537,19.091330807911604,266.42463064137,0.9044135376462931,1.7538656749138695e-08,0,0.010272704225405355,0.00384733906680237,0.00013138382928445935,1.0034942139988947
0.0411875,82,physics,0,6885,37868.392605739966,142867.4159826306,218.18644991650098,180953.99503828707,5458.88137752396,0.0022056780786765735,19.118811933227924,266.38731668362743,0.9044135464092148,1.7663477791529655e-08,0,0.01010749259518846,0.0038673333003638546,0.00013138382928445935,1.0034988794172002
0.04125,82,physics,0,6885,38075.12376915243,143228.3777698807,217.70235759218423,181521.20389662532,5481.753217858302,0.0022149195172314127,19.147387918688356,266.3990172206238,0.904413633836638,1.7789886896935062e-08,0,0.009943668751861338,0.003887148779650355,0.00013138382928445935,1.0035022887750635
0.0413125,82,physics,0,6885,38269.98248941926,143582.41021938954,217.2134522206,182069.6061610294,5504.510336859475,0.002224114602273013,19.17480612701553,266.4250445752113,0.9044136018366072,1.7914697281184983e-08,0,0.009782119935925808,0.003906696109985435,0.00013138382928445935,1.0035074925541343
0.041375,82,physics,0,6885,38459.31873132111,143928.76377867296,216.6922857078168,182604.77479570187,5527.201493476999,0.002233283035007163,19.19844590095346,266.38188821170775,0.9044135702588146,1.8046346639266657e-08,0,0.0097130960596626,0.003926124278816615,0.00013138382928445935,1.003515746879734
0.0414375,82,physics,0,6885,38638.891473098935,144265.99484360724,216.12847917906439,183121.01479588525,5549.785187966851,0.002242408047332934,19.216994987663334,266.4142853107766,0.904413584091046,1.8174873162024613e-08,0,0.009644242211399126,0.0039455226787849145,0.00013138382928445935,1.0035225657216573
0.0415,82,physics,0,6885,38815.09293203908,144593.52934714203,215.5142717975456,183624.13655097867,5572.307162586534,0.002251508121552321,19.229007646424467,266.39116116492505,0.9044136724106575,1.8303389026641522e-08,0,0.009576252075118618,0.003964712521846015,0.00013138382928445935,1.0035338707458785
0.0415,83,refine,0,7246,38815.09293203908,144593.52934714206,215.51427179754563,183624.1365509787,5572.307162586534,0.002251508121552321,19.229007646424467,266.39116116492505,0.9044136724106575,1.6931426927158106e-08,0,0.009576252075118618,0.003825323044185967,0.00013138382928445935,1.0035338707458785
0.0415625,83,physics,0,7246,38988.85650889357,144925.44931927207,214.9248711291997,184129.23069929483,5594.859078771831,0.0022606202937551115,19.244476373898316,266.41245568084156,0.9044137792815184,1.7034437860274943e-08,0,0.009508241826756792,0.0038404220279369137,0.00013138382928445935,1.003539792476059
0.041625,83,physics,0,7246,39160.39884732281,145252.27489169198,214.42018908904413,184627.09392810383,5617.381371818241,0.0022697204966354917,19.26865019089471,266.4014850232597,0.9044135364838065,1.713628261512665e-08,0,0.009440586131123934,0.0038554321600449953,0.00013138382928445935,1.0035433814204473
0.0416875,83,physics,0,7246,39337.50963758385,145573.70070671072,213.94935812104973,185125.1597024156,5639.938954822153,0.0022788349585334973,19.296766459344383,266.407228173785,0.9044137077065183,1.7238127369978442e-08,0,0.00937383050154923,0.0038702345354776255,0.00013138382928445935,1.0035498415526911
0.04175,83,physics,0,7246,39517.58042401751,145889.76695284262,213.4943773155515,185620.84175417566,5662.5096895750075,0.002287954734436599,19.32542630423608,266.3855216852467,0.9044135400800243,1.728746035212224e-08,0,0.009307225233394941,0.00389192058544079,0.00013138382928445935,1.0035582756768189
0.0418125,83,physics,0,7246,39706.065406138296,146201.03291979077,213.04412118772544,186120.1424471168,5685.138634700859,0.002297098030422586,19.35475183125611,266.43242045354543,0.9044135809231554,1.7409513830557457e-08,0,0.009241264923154567,0.00391925182628375,0.00013138382928445935,1.0035647359049416
0.041875,83,physics,0,7246,39899.925695678685,146507.31750345256,212.61087308664546,186619.8540722179,5707.800323890393,0.0023062545567500738,19.38465335565199,266.4210000820303,0.9044136417503351,1.7531851526086972e-08,0,0.009066710103424728,0.003946702538151175,0.00013138382928445935,1.0035704783648518
0.0419375,83,physics,0,7246,40099.309009035875,146808.41935232535,212.19157148762937,187119.91993284886,5730.494992026153,0.0023154244083235065,19.416216210202133,266.40821166536927,0.9044135354773453,1.7643746019757607e-08,0,0.008954015964600734,0.003974391812507556,0.00013138382928445935,1.0035744263251007
0.042,83,physics,0,7246,40300.19603091859,147104.15941558703,211.78769611633908,187616.14314262196,5753.187563638545,0.002324593412790148,19.448721330073823,266.4152412926356,0.904413567528548,1.774040203628144e-08,0,0.009046781642806685,0.004002200555117248,0.00013138382928445935,1.003580527748761
0.042,84,refine,0,7614,40300.196030918596,147104.15941558703,211.7876961163391,187616.14314262196,5753.187563638545,0.002324593412790148,19.448721330073823,266.4152412926356,0.904413567528548,1.5772949168990642e-08,0,0.009349719364688622,0.0038030716671510765,0.00011625539627857506,1.003580527748761
0.0420625,84,physics,0,7614,40498.73297800998,147394.6029586957,211.367355996002,188104.7032927017,5775.848880358768,0.0023337497886196956,19.480444478457432,266.4204405728935,0.9044139256909988,1.5885630588741187e-08,0,0.009356017007208077,0.003829851881617347,0.00011625539627857506,1.0035900388655068
0.042125,84,physics,0,7614,40697.29257303865,147679.98107579464,210.945491231526,188588.2191400648,5798.496881725631,0.0023429007843395215,19.51197878906909,266.4421630630854,0.9044135730806259,1.5999361835383755e-08,0,0.009289464357326253,0.003856781209653057,0.00011625539627857506,1.003600267902984
0.0421875,84,physics,0,7614,40886.96164562757,147960.2115129704,210.50226705193953,189057.6754256499,5821.057082666703,0.0023520163040224393,19.540991603668996,266.4144635683668,0.9044135249782516,1.6113792966621067e-08,0,0.009223389238895756,0.0038838894398703495,0.00011625539627857506,1.0036087024509095
0.04225,84,physics,0,7614,41068.93234574997,148234.68033776863,210.0463191572301,189513.65900267585,5843.539048367162,0.002361100212512089,19.5688962712907,266.4460687271932,0.9044134644470537,1.6228923982453135e-08,0,0.009158018566571093,0.0039112361511355115,0.00011625539627857506,1.0036137273216659
0.0423125,84,physics,0,7614,41245.22422158409,148503.7947271471,209.58864056920402,189958.6075893004,5865.95903130393,0.0023701590766721198,19.595582101143062,266.4235553380743,0.9044135128899348,1.6344404940582515e-08,0,0.00909323118641885,0.003938761764865557,0.00011625539627857506,1.0036194700619079
0.042375,84,physics,0,7614,41416.17426910538,148766.97172760154,209.13490337767354,190392.2809000846,5888.318679965429,0.0023791935625797856,19.622426257179335,266.45224665483687,0.9044135719413334,1.6460235841009334e-08,0,0.009029242774633545,0.003966466280804099,0.00011625539627857506,1.003624315524547
0.0424375,84,physics,0,7614,41591.04236762589,149025.56943854384,208.68414642910435,190825.29595259883,5910.693260647388,0.0023882340818165075,19.64860284782963,266.45532759908644,0.9044135634301321,1.6576766626030813e-08,0,0.008965820383555166,0.003994409278803614,0.00011625539627857506,1.0036370574083147
0.0425,84,physics,0,7614,41759.12719360194,149276.8968191909,208.20571775825965,191244.2297305511,5932.9905741344155,0.0023972433810021438,19.672431528892485,266.4502118265339,0.9044136316498288,1.6694347237944375e-08,0,0.008902636260140347,0.00402256096936623,0.00011625539627857506,1.0036420824210386
0.0425,85,refine,0,8024,41759.12719360194,149276.8968191909,208.20571775825965,191244.2297305511,5932.9905741344155,0.0023972433810021433,19.672431528892485,266.4502118265339,0.9044136316498288,1.6657768497907418e-08,0,0.008902636260140347,0.0038248914164352994,0.00011094169894931838,1.0036420824210386
0.0425625,85,physics,0,8024,41937.96273504279,149524.88744644474,207.68494347370353,191670.53512496123,5955.370337435863,0.0024062859942921198,19.735359081561793,266.4588624074082,0.9044136214696038,1.6769204691513577e-08,0,0.008840229805832515,0.0038434813218514927,0.00011094169894931838,1.0036463895948267
0.042625,85,physics,0,8024,42119.37186436445,149768.488531393,207.16641887448392,192095.02681463194,5977.755460878872,0.002415330773364574,19.755225898790417,266.4643977359681,0.9044137673822917,1.6836572136469402e-08,0,0.00877806441742704,0.003870926936715424,0.00011094169894931838,1.0036550039978562
0.0426875,85,physics,0,8024,42305.646332843775,150007.02934572776,206.65427210427765,192519.3299506758,6000.1643716193885,0.0024243851637690524,19.776181757272333,266.4707938863321,0.904413651309616,1.6797478963326298e-08,0,0.008587067223267138,0.0038984619821511596,0.00011094169894931838,1.003660926442829
0.04275,85,physics,0,8024,42499.18344697328,150240.7580561905,206.1476527694881,192946.08915593327,6022.616377234899,0.0024334569667919855,19.798240011978322,266.45457069889346,0.9044139173642285,1.6493100218895075e-08,0,0.008313982065090885,0.003926205577887412,0.00011094169894931838,1.0036620032547605
0.0428125,85,physics,0,8024,42697.42567394321,150469.40763294653,205.64299372866958,193372.4763006184,6045.088262730135,0.002442536802342429,19.81912711845287,266.4334383375061,0.9044135393575178,1.6797820023839443e-08,0,0.008349580103046936,0.003954038604914831,0.00011094169894931838,1.003667566801478
0.042875,85,physics,0,8024,42897.95803138909,150692.87555433347,205.12936397852542,193795.96294970106,6067.5575679122585,0.0024516155953090563,19.839318026237006,266.46109629709275,0.9044136759955728,1.710555608269715e-08,0,0.008384699865914566,0.0039819908432461954,0.00011094169894931838,1.0036709767324519
0.0429375,85,physics,0,8024,43095.00840445029,150909.74114894005,204.5825039082336,194209.33205729857,6089.972320074288,0.0024606723459571064,19.855650380482032,266.4769939222387,0.9044135551781379,1.7242086869373442e-08,0,0.00841892906648631,0.004010092073584562,0.00011094169894931838,1.0036819244838822
0.043000000000000003,85,physics,0,8024,43290.79656850429,151119.00314468105,203.9845517390995,194613.78426492444,6112.345947144963,0.002469712479884193,19.866069931608028,266.4699428808393,0.9044134837209549,1.732116849950673e-08,0,0.00845267776973643,0.004038312515893965,0.00011094169894931838,1.003689462349364
0.043000000000000003,86,refine,0,8429,43290.79656850429,151119.00314468105,203.98455173909952,194613.78426492444,6112.345947144962,0.002469712479884193,19.866069931608028,266.4699428808393,0.9044134837209549,1.620196243834468e-08,0,0.00845267776973643,0.003832101826071331,0.00011094169894931838,1.003689462349364
0.043062500000000004,86,physics,0,8429,43476.88422096966,151328.16536270131,203.38003059115118,195008.42961426213,6134.647184360036,0.0024787233644628444,19.882732271149322,266.4769814645584,0.9044135628953394,1.626303891555381e-08,0,0.008470692103166198,0.003845334064588332,0.00011094169894931838,1.0036959234219778
0.043125000000000004,86,physics,0,8429,43660.85493876404,151532.44682942147,202.82172601541518,195396.12349420093,6156.911475874025,0.002487719321015935,19.899188634111514,266.46023706189015,0.9044134878871894,1.632393953343583e-08,0,0.008408821563797266,0.0038583279434074268,0.00011094169894931838,1.0037056151088835
0.043187500000000004,86,physics,0,8429,43837.32780177692,151731.62666301374,202.2868446501178,195771.24130944075,6179.092383678332,0.002496681586120384,19.91710987593309,266.45412793759306,0.9044134430698009,1.6383790324425734e-08,0,0.008330915781167977,0.0038759855684645465,0.00011094169894931838,1.0037165632381388
0.043250000000000004,86,physics,0,8429,44013.01259961375,151925.3178423146,201.77003097153954,196140.10047289988,6201.243715998451,0.0025056319011579403,19.935113162197634,266.47619629514594,0.9044135290506891,1.6443443939806427e-08,0,0.008166235474060013,0.003903223088091717,0.00011094169894931838,1.003723203964889
0.043312500000000004,86,physics,0,8429,44181.30846031296,152112.48843890036,201.24269572329467,196495.0395949366,6223.307414536123,0.0025145468074919426,19.952054056025567,266.48414791774803,0.9044135211675381,1.6501871868968013e-08,0,0.008002446781768239,0.003930698934921019,0.00011094169894931838,1.0037291268123012
0.043375000000000004,86,physics,0,8429,44356.5334170835,152293.44314489234,200.67013075375053,196850.64669272958,6245.397951629722,0.0025234725580279395,19.963944271814743,266.4488428314113,0.9044136007576387,1.656069414934791e-08,0,0.007839529260259168,0.00395829398834396,0.00011094169894931838,1.0037379214077837
0.043437500000000004,86,physics,0,8429,44534.10689522921,152466.52378085116,200.05481221293374,197200.6854882933,6267.470673180294,0.0025323911101381557,19.970285924995483,266.46001013697884,0.9044135220168099,1.6618509235399876e-08,0,0.007678300241778442,0.003986008248586743,0.00011094169894931838,1.0037433058920289
0.043500000000000004,86,physics,0,8429,44719.966076854806,152630.82326443653,199.38787893545128,197550.17722022682,6289.567658500497,0.002541319466100464,19.97188504948428,266.48603831350096,0.9044135365998378,1.6675711478342223e-08,0,0.007517743378538601,0.0040141395262858195,0.00011094169894931838,1.0037486904051587
0.043500000000000004,87,refine,0,8773,44719.966076854806,152630.8232644365,199.38787893545128,197550.17722022676,6289.567658500497,0.002541319466100464,19.97188504948428,266.48603831350096,0.9044135365998378,1.1407053523981842e-08,0,0.007517743378538601,0.0038090242401134853,6.482925527961925e-05,1.0037486904051587
0.043562500000000004,87,physics,0,8773,44907.789279293844,152802.0039377858,198.74337881854282,197908.5365958982,6311.723794660984,0.0025502717221442634,19.975915600112923,266.51368506348217,0.9044135114240762,1.1487974571622289e-08,0,0.0073583973446717296,0.003826794836225605,6.482925527961925e-05,1.0037544339176678
0.043625000000000004,87,physics,0,8773,45101.248541066896,152969.72857999825,198.18294737535058,198269.16006844048,6333.905542526484,0.0025592343266770817,19.98766302528746,266.47192200663363,0.9044134785515365,1.1569137203792952e-08,0,0.007200806984172741,0.0038515793780529908,6.482925527961925e-05,1.0037646646307328
0.043687500000000004,87,physics,0,8773,45302.19201959182,153133.28684260548,197.6630759304433,198633.14193812775,6356.128309144533,0.0025682135049652985,20.004419102290182,266.47459585800215,0.9044136231664346,1.1651305698023848e-08,0,0.007043809323269875,0.0038786067104805955,6.482925527961925e-05,1.0037732800489296
0.043750000000000004,87,physics,0,8773,45498.21447341656,153292.6059362535,197.1581721572686,198987.97858182734,6378.288110433079,0.0025771672419151034,20.02374432809343,266.46814647135545,0.9044135573712438,1.1735156846270923e-08,0,0.006888357253581133,0.0039059321677842275,6.482925527961925e-05,1.0037784852332574
0.043812500000000004,87,physics,0,8773,45696.23588503922,153447.3079911051,196.65953597250365,199340.20341211685,6400.442564137522,0.002586118818156782,20.043262172503894,266.48174467448894,0.9044134160856203,1.1820119993899415e-08,0,0.006733034057529804,0.003933436687180987,6.482925527961925e-05,1.0037826135020897
0.043875000000000004,87,physics,0,8773,45887.05443168215,153597.61170726668,196.18539428369056,199680.85153323252,6422.514423912615,0.002595037022063233,20.066878899597228,266.48452347178403,0.9044136986335333,1.1905295860259475e-08,0,0.006579545239373745,0.003961601505614526,6.482925527961925e-05,1.0037937419635137
0.043937500000000004,87,physics,0,8773,46074.60227705825,153743.43693759816,195.7314308831391,200013.77064553954,6444.535530138609,0.002603934718839179,20.091403650583697,266.5118308296805,0.9044135226673438,1.199108101701541e-08,0,0.0064265536706589405,0.003990622510121123,6.482925527961925e-05,1.0038014601624412
0.044,87,physics,0,8773,46257.698460454754,153884.44163954724,195.2800447570076,200337.420144759,6466.494453509047,0.0026128072904379207,20.11422386539162,266.489928995385,0.9044134810815663,1.2078200661846971e-08,0,0.006274611291650802,0.004019941566240905,6.482925527961925e-05,1.003809716906064
0.044,88,refine,0,9129,46257.698460454754,153884.4416395472,195.2800447570076,200337.42014475897,6466.494453509047,0.0026128072904379207,20.11422386539162,266.489928995385,0.9044134810815663,1.0131158134640827e-08,0,0.007957935553173768,0.003815342716400343,6.482925527961925e-05,1.003809716906064
0.0440625,88,physics,0,9129,46432.598320237936,154021.40497883974,194.81123761912332,200648.8145366968,6488.365511507218,0.002621644359757932,20.135753742575382,266.4937386613563,0.9044135528295691,1.0157171104197018e-08,0,0.0076987421115967455,0.0038319396056332804,6.482925527961925e-05,1.0038179737176025
0.044125,88,physics,0,9129,46608.235256873544,154154.33425238155,194.3549516533893,200956.92446090849,6510.219712502996,0.0026304746179538914,20.158012228552888,266.5169150972658,0.90441362714359,1.0184129095591736e-08,0,0.00742887893759258,0.0038484178009585935,6.482925527961925e-05,1.00382874357385
0.0441875,88,physics,0,9129,46779.5043614309,154283.06764737135,193.87854048514447,201256.4505492874,6532.014322653183,0.002639280798282644,20.178510241099058,266.50674867796937,0.9044135823152772,1.0209612710809782e-08,0,0.007369830582141492,0.0038647178032467323,6.482925527961925e-05,1.0038319745532562
0.04425,88,physics,0,9129,46953.373555412996,154407.70147021872,193.39705640153312,201554.47208203323,6553.806644805156,0.0026480860541373925,20.199446922187626,266.51369131922183,0.9044137867160679,1.023509632602782e-08,0,0.007405347921151746,0.0038827892674324536,6.482925527961925e-05,1.0038371800419514
0.0443125,88,physics,0,9129,47133.749275996604,154528.1702092808,192.91713009121247,201854.8366153686,6575.628455213945,0.00265690322481514,20.22048276946764,266.4891376758729,0.9044134696445042,1.0260050586907718e-08,0,0.007440612891325802,0.0039050989562717108,6.482925527961925e-05,1.003839693046155
0.044375,88,physics,0,9129,47320.10144869228,154644.80414713657,192.43793437282065,202157.34353020164,6597.473772434456,0.0026657298934934107,20.23982490847618,266.53104112864645,0.9044134306979529,1.0283114804110466e-08,0,0.007475441377435,0.003928369586455913,6.482925527961925e-05,1.003846693591038
0.0444375,88,physics,0,9129,47509.33588436735,154756.67565996907,191.94774459529515,202457.9592889317,6619.314452895243,0.002674554688674167,20.2566930035899,266.4876153508111,0.9044135027241604,1.0307539710652251e-08,0,0.0075098539568587835,0.003956299200582891,6.482925527961925e-05,1.0038538736877856
0.0445,88,physics,0,9129,47702.4450885695,154862.87330434867,191.42565248183962,202756.7440454,6641.1553322072905,0.0026833795642012977,20.269142273902283,266.5228077899832,0.9044135234821931,1.0332909639032559e-08,0,0.007544011507475865,0.003984407965587632,6.482925527961925e-05,1.003862489871673
0.0445,89,refine,0,9447,47702.4450885695,154862.87330434867,191.42565248183962,202756.7440454,6641.1553322072905,0.0026833795642012977,20.269142273902283,266.5228077899832,0.9044135234821931,1.0332909639032559e-08,0,0.007544011507475865,0.0038240959936120785,6.482925527961925e-05,1.003862489871673
0.0445625,89,physics,0,9447,47898.280172904735,154967.44021505275,190.87551542079683,203056.59590337827,6663.00874007305,0.0026922095019296637,20.28131096327724,266.4862553828027,0.904413549136339,1.0357599222743371e-08,0,0.007577924392686056,0.0038507552682667387,6.482925527961925e-05,1.0038687725523798
0.044625,89,physics,0,9447,48095.96898641056,155068.97432810476,190.34115812442275,203355.28447263973,6684.852413335718,0.002701035506360858,20.29489234780946,266.5127161945299,0.904413503423246,1.0396522753808321e-08,0,0.007597047248644413,0.00387762324330487,6.482925527961925e-05,1.003877029849679
0.0446875,89,physics,0,9447,48290.554635299326,155166.31865495193,189.8132041777518,203646.68649442898,6706.644123206564,0.0027098405148211204,20.310296320460626,266.48103988404273,0.9044135318214316,1.0445523557223159e-08,0,0.0075532176944599,0.0039046850254757805,6.482925527961925e-05,1.0038854667235924
0.04475,89,physics,0,9447,48480.5035260243,155259.33313074423,189.29090962381122,203929.12756639233,6728.369696489623,0.002718618800586662,20.324943028678042,266.49284945789026,0.9044135095909641,1.0492966495689885e-08,0,0.007510393352735752,0.003931910827261434,6.482925527961925e-05,1.0038924675876904
0.0448125,89,physics,0,9447,48668.9356104482,155347.85212928843,188.7629179188415,204205.55065765546,6750.053016960385,0.0027273800139708637,20.337802543783187,266.5071310233109,0.9044134700787464,1.0540697203964564e-08,0,0.00746789295185483,0.003959360223806203,6.482925527961925e-05,1.0038980324119287
0.044875,89,physics,0,9447,48847.278180486595,155430.6951033148,188.2107623471544,204466.18404614856,6771.619319745149,0.002736093945993686,20.34627714619541,266.50431823573973,0.9044135851776328,1.0588541599076943e-08,0,0.007426362091412955,0.0039869587456861765,6.482925527961925e-05,1.0039053923881383
0.0449375,89,physics,0,9447,49026.04991062837,155507.42938991787,187.62571767206316,204721.10501821828,6793.151425175594,0.0027447940604677827,20.351459785327886,266.49257574488524,0.9044135297141176,1.0634185088065364e-08,0,0.007217831604727837,0.0040147808626199225,6.482925527961925e-05,1.0039134704729196
0.045,89,physics,0,9447,49200.518195093864,155576.61022958212,186.9999760889428,204964.12840076492,6814.603563241431,0.0027534618638791987,20.352139154904386,266.5125183431064,0.9044135097718627,1.0681434403636537e-08,0,0.006973496759493446,0.004042781892562415,6.482925527961925e-05,1.0039222666836067
0.045,90,refine,0,9846,49200.51819509387,155576.61022958212,186.99997608894282,204964.12840076492,6814.603563241431,0.0027534618638791987,20.352139154904386,266.5125183431064,0.9044135097718627,1.0681434403636537e-08,0,0.006973496759493446,0.003833598805678594,6.482925527961925e-05,1.0039222666836067
0.0450625,90,physics,0,9846,49376.065763163155,155648.97229710873,186.3697296710964,205211.40778994298,6836.080470282349,0.0027621396752714887,20.388279478376123,266.53611457180864,0.9044134927862012,1.0731698196764226e-08,0,0.006784134499851437,0.0038414066972972715,6.482925527961925e-05,1.0039283702220294
0.045125,90,physics,0,9846,49545.708697223636,155717.81501806356,185.80577879205376,205449.32949407923,6857.481007988173,0.002770786629395299,20.398722098695387,266.5280145187628,0.9044136821376616,1.07776063629217e-08,0,0.006821686976094112,0.0038491251868402734,6.482925527961925e-05,1.003934653315049
0.0451875,90,physics,0,9846,49728.50786197411,155783.54729056888,185.27194974252484,205697.32710228552,6878.964292723179,0.0027794670177145268,20.41089280246557,266.50335688786134,0.9044135341004123,1.0826557428345032e-08,0,0.006859141156214758,0.003865529784190996,6.482925527961925e-05,1.003942013559741
0.04525,90,physics,0,9846,49910.35650656651,155845.3107411632,184.7580340167545,205940.4252817465,6900.412700141331,0.002788133313745142,20.424719105659747,266.51419689796415,0.9044135459650214,1.087103917996044e-08,0,0.0068964989476435375,0.003892627336873436,6.482925527961925e-05,1.0039468605796162
0.0453125,90,physics,0,9846,50100.14028446283,155904.09328494692,184.24931688025566,206188.48288629,6921.900207621227,0.002796815408277732,20.439092833510333,266.5297174909886,0.9044135773749865,1.0919437798406745e-08,0,0.006933398523040194,0.003919903869876757,6.482925527961925e-05,1.0039513485818476
0.045375,90,physics,0,9846,50288.39366336672,155958.4274080838,183.7519906972367,206430.57306214777,6943.347189046393,0.0028054811281303625,20.45551505575383,266.5706562560708,0.9044134851020993,1.0964935626134322e-08,0,0.006970252215389098,0.0039473593827950935,6.482925527961925e-05,1.0039648127089198
0.0454375,90,physics,0,9846,50481.147697742315,156009.6572577997,183.26873666980566,206674.07369221182,6964.803482555655,0.0028141506105608463,20.474306200869034,266.52974825300595,0.9044136413728253,1.1010783396159262e-08,0,0.007007060551602345,0.003974964096475923,6.482925527961925e-05,1.0039734298450085
0.0455,90,physics,0,9846,50673.64510321211,156056.84867303335,182.79436356354026,206913.28813980898,6986.228258567156,0.0028228073582463,20.49379544086629,266.554428598253,0.9044134852886985,1.1056187076974304e-08,0,0.007043415811341012,0.0040027328989868756,6.482925527961925e-05,1.003982406107083
0.0455,91,refine,0,10253,50673.64510321211,156056.84867303335,182.79436356354023,206913.28813980898,6986.228258567156,0.0028228073582463,20.49379544086629,266.554428598253,0.9044134852886985,1.1056187076974304e-08,0,0.006742027610166565,0.003816382591854654,5.812769813928753e-05,1.003982406107083
0.0455625,91,physics,0,10253,50860.408806828134,156099.49340503666,182.31051664283842,207142.21272850764,7007.578900062528,0.0028314341516494186,20.510986342217112,266.5369434511823,0.9044135406963986,1.1101676022917673e-08,0,0.006589942804793021,0.003825765925008408,5.812769813928753e-05,1.003989946229246
0.045625,91,physics,0,10253,51048.06094908077,156138.91022302295,181.83404080195504,207368.80521290566,7028.909159014192,0.002840052709422263,20.52777099666582,266.54995418191277,0.9044135799932781,1.1148166834118461e-08,0,0.006461522618590165,0.003845660519063487,5.812769813928753e-05,1.003998743110008
0.0456875,91,physics,0,10253,51226.64033471552,156173.95467404928,181.35306421803932,207581.94807298284,7050.1359146787645,0.002848629446368025,20.544500355145086,266.53676256053274,0.9044135773313335,1.1193311166834972e-08,0,0.0064308332900868135,0.0038725345688664036,5.812769813928753e-05,1.0040080786596066
0.04575,91,physics,0,10253,51398.69637375376,156204.29540346997,180.87168539872678,207783.86346262242,7071.280265729082,0.0028571728874722067,20.561563513946513,266.531767345327,0.9044135691660126,1.123854076467981e-08,0,0.00640059601239398,0.003899587488189969,5.812769813928753e-05,1.0040147213150625
0.0458125,91,physics,0,10253,51564.67926719985,156230.34589233407,180.38931599981933,207975.41447553373,7092.3450073810345,0.0028656841621495562,20.57916837687261,266.548429135722,0.9044134814225115,1.1283061596145683e-08,0,0.0064640110477628045,0.0039269384534701,5.812769813928753e-05,1.004020645882683
0.045875,91,physics,0,10253,51731.81533871005,156252.5378744719,179.91185798019546,208164.26507116214,7113.389515175685,0.002874187261273923,20.597017404864552,266.52583505234276,0.9044135766923754,1.1328461724247065e-08,0,0.0066834585939034635,0.003954468288941545,5.812769813928753e-05,1.004026750019221
0.0459375,91,physics,0,10253,51895.56552729933,156268.99252856759,179.4240076363894,208343.9820635033,7134.374005629377,0.0028826661102037644,20.61203404046795,266.54747073704056,0.9044135251827923,1.1374405417541314e-08,0,0.006900455045600744,0.003982296171901344,5.812769813928753e-05,1.004035726758017
0.046,91,physics,0,10253,52061.0041368866,156280.91169517147,178.91455000113405,208520.83038205918,7155.338143222951,0.0028911367354968747,20.623148252218154,266.55220801396774,0.9044135090212111,1.1417929712820298e-08,0,0.0069123221388453235,0.004010243336668334,5.812769813928753e-05,1.004041830986242
0.046,92,refine,0,10635,52061.00413688661,156280.91169517147,178.91455000113405,208520.83038205918,7155.338143222951,0.0028911367354968747,20.623148252218154,266.55220801396774,0.9044135090212111,1.1417929712820298e-08,0,0.0064427722233990955,0.0038282242905558978,5.517687532119453e-05,1.004041830986242
0.0460625,92,physics,0,10635,52230.29417900471,156290.75722459977,178.38702676112894,208699.4384303656,7176.31578852128,0.0028996128186198292,20.63412132620829,266.58449294799107,0.9044135007880925,1.1464337035249643e-08,0,0.006223324559305472,0.0038424425110891846,5.517687532119453e-05,1.0040527827828427
0.046125,92,physics,0,10635,52399.458653227084,156296.5834224886,177.8805883698078,208873.92266408546,7197.263416750534,0.002908076773252691,20.647379413283844,266.5416871904609,0.9044136949602849,1.1507209407568556e-08,0,0.0061500965314968195,0.0038691415918030935,5.517687532119453e-05,1.0040640937801402
0.0461875,92,physics,0,10635,52579.482363584815,156299.786229755,177.37997919956433,209056.6485725394,7218.2717167481505,0.0029165652425027465,20.661816258366315,266.5461818139758,0.9044134826276016,1.155093265481354e-08,0,0.00625575026853084,0.003896079196580495,5.517687532119453e-05,1.0040736094797298
0.04625,92,physics,0,10635,52759.01732320466,156298.4121858222,176.88425521141107,209234.3137642383,7239.245239786724,0.002925039660013746,20.676579293377998,266.54188355322157,0.9044136360046711,1.1596565485660894e-08,0,0.0063389923736268,0.003923136116990725,5.517687532119453e-05,1.0040836639018083
0.0463125,92,physics,0,10635,52941.10121958123,156292.6413377339,176.38495428338967,209410.12751159852,7260.207485853976,0.002933509521029154,20.68906496502107,266.5673883935047,0.9044136384214193,1.1639372132776796e-08,0,0.006199653412387396,0.00395055076527921,5.517687532119453e-05,1.0040872547912358
0.046375,92,physics,0,10635,53121.91225884819,156282.01902431675,175.8668040775787,209579.79808724253,7281.123906149703,0.0029419608659985745,20.697707335788124,266.5697470155016,0.904413549771291,1.1684381462373504e-08,0,0.006075156436140416,0.003978084725979112,5.517687532119453e-05,1.0040924616037168
0.0464375,92,physics,0,10635,53294.27458704893,156264.7762094354,175.3191856116988,209734.36998209605,7301.930768160734,0.0029503679436004675,20.70308814914512,266.5650706095542,0.9044134557211311,1.1730048044000774e-08,0,0.006228941073912935,0.004005916808189729,5.517687532119453e-05,1.0040960525246074
0.0465,92,physics,0,10635,53467.53239873499,156240.27423060065,174.7459087283484,209882.552538064,7322.700671977924,0.002958760088128439,20.704635219234923,266.5359479771252,0.904413510307385,1.177253849959926e-08,0,0.006248291066638954,0.004033808595824017,5.517687532119453e-05,1.004105209431006
0.0465,93,refine,0,11015,53467.53239873499,156240.27423060065,174.7459087283484,209882.552538064,7322.700671977924,0.002958760088128439,20.704635219234923,266.5359479771252,0.904413510307385,8.588507682816264e-09,0,0.005990254038408253,0.00382455223056314,3.284595732111484e-05,1.004105209431006
0.0465625,93,physics,0,11015,53633.187007824374,156218.49507937641,174.17984919919775,210025.86193639998,7343.410768437683,0.0029671280673066154,20.709815808190434,266.55350242339637,0.9044136097118125,8.65253646509245e-09,0,0.005954755676571722,0.003851363672476387,3.284595732111484e-05,1.0041118527290924
0.046625,93,physics,0,11015,53796.80186390935,156192.76699950022,173.6591161475995,210163.22797955718,7364.073329557343,0.0029754768396820412,20.72019202240529,266.5732772931651,0.9044134725621986,8.714562405032223e-09,0,0.005919956165341173,0.0038782429893036035,3.284595732111484e-05,1.0041210097795816
0.0466875,93,physics,0,11015,53952.31735848193,156162.53807922098,173.16069657192253,210288.01613427483,7384.637922967343,0.0029837860278979817,20.73254998331069,266.5598541692061,0.9044134763092666,8.777130133807973e-09,0,0.0058855658358707985,0.0039052448503837617,3.284595732111484e-05,1.0041281918383986
0.04675,93,physics,0,11015,54105.16273606936,156128.54496360975,172.67594990472736,210406.38364958382,7405.150029411618,0.002992074008590849,20.744181227554048,266.56018868014496,0.9044135608056421,8.842215848403603e-09,0,0.005851501825596933,0.003932351117334192,3.284595732111484e-05,1.0041407605649382
0.0468125,93,physics,0,11015,54259.1741148302,156090.02046600185,172.19415046778067,210521.38873129984,7425.641638047979,0.003000353707080774,20.756296902925897,266.5609032819561,0.904413673576337,8.907301562999257e-09,0,0.005818170999700826,0.003959546909541429,3.284595732111484e-05,1.0041486609878583
0.046875,93,physics,0,11015,54417.57641990939,156048.33016682,171.7300741868034,210637.6366609162,7446.139270750037,0.003008635839613263,20.771193502261877,266.58404208899424,0.9044135707537059,8.974625487212483e-09,0,0.00578508372404152,0.003986792920484649,3.284595732111484e-05,1.0041594343920144
0.0469375,93,physics,0,11015,54575.8329203936,156002.51456499944,171.28084988934705,210749.6283352824,7466.604533269523,0.0030169048928721473,20.789065604975097,266.5778581505666,0.9044135593936683,9.040395099191287e-09,0,0.005752704160990778,0.00401415738425694,3.284595732111484e-05,1.0041691305545815
0.047,93,physics,0,11015,54737.64228556315,155953.15165358875,170.83704329265908,210861.63098244456,7487.0674565327845,0.003025173000946954,20.806268269713495,266.5898816078373,0.9044136242022678,9.106599918595755e-09,0,0.005720680534301506,0.004041567014949026,3.284595732111484e-05,1.004176672079085
0.047,94,refine,0,11404,54737.64228556316,155953.15165358875,170.83704329265908,210861.63098244456,7487.0674565327845,0.003025173000946954,20.806268269713495,266.5898816078373,0.9044136242022678,8.872377499358202e-09,0,0.005720680534301506,0.0038312837924393025,3.284595732111484e-05,1.004176672079085
0.0470625,94,physics,0,11404,54907.345415904616,155900.4742426007,170.3880834498916,210978.2077419552,7507.566517381678,0.0030334557105262147,20.821239384396154,266.56993787907766,0.9044135657245698,8.936154927141609e-09,0,0.005853464341853172,0.0038494910868258226,3.284595732111484e-05,1.0041847523467617
0.047125,94,physics,0,11404,55077.54271482564,155844.06641034654,169.94061211780564,211091.54973729,7528.038791392896,0.0030417275968000006,20.83483911692122,266.5827443771686,0.9044135325577418,8.999363032558014e-09,0,0.006083135739662745,0.0038680827094872976,3.284595732111484e-05,1.004194987445824
0.0471875,94,physics,0,11404,55249.41427687845,155783.6989114462,169.49171779553126,211202.6049061202,7548.493950425792,0.0030499925677132025,20.847887613779296,266.59250006098847,0.9044135199980637,9.063954031773847e-09,0,0.006146039815965622,0.003895101559517318,3.284595732111484e-05,1.0042048635174978
0.04725,94,physics,0,11404,55417.81452114116,155719.42991205215,169.04468156997126,211306.28911476326,7568.88917679,0.0030582333226442087,20.86218730389632,266.5894377348843,0.9044134796154694,9.12767372795999e-09,0,0.0059516455582386,0.003922360503856266,3.284595732111484e-05,1.0042124053103636
0.0473125,94,physics,0,11404,55579.97992160793,155650.91292405015,168.60398585162258,211399.4968315097,7589.200657887373,0.0030664402400385257,20.878197918111116,266.5876745624388,0.9044135062595152,9.194693895153713e-09,0,0.005759765638893069,0.003949800295059342,3.284595732111484e-05,1.0042233589675396
0.047375,94,physics,0,11404,55739.8549618048,155578.42972565477,168.16740769755705,211486.45209515715,7609.460350858963,0.003074626232278257,20.8947636564738,266.5868061778278,0.9044137339291268,9.258692479363604e-09,0,0.0055703547238737244,0.003977420920287006,3.284595732111484e-05,1.0042292847663052
0.0474375,94,physics,0,11404,55896.05688377221,155500.73038704714,167.72974592227618,211564.51701674165,7629.655104861241,0.0030827859857245586,20.90809263295315,266.5820991686689,0.9044133852505751,9.326224237327121e-09,0,0.005381918461282847,0.004005222366508552,3.284595732111484e-05,1.0042352106000383
0.0475,94,physics,0,11404,56046.68233181891,155418.29992204768,167.26838162867685,211632.25063549526,7649.76661177248,0.0030909121029239093,20.915157831700228,266.60935488154627,0.9044134747161019,9.392930877538694e-09,0,0.0053308544032795195,0.004033157276430399,3.284595732111484e-05,1.0042468827990554
0.0475,95,refine,0,11832,56046.68233181891,155418.29992204768,167.26838162867685,211632.25063549526,7649.766611772479,0.0030909121029239093,20.915157831700228,266.60935488154627,0.9044134747161019,7.291820480759267e-09,0,0.004974774889366336,0.0038191442164721306,3.241462763980962e-05,1.0042468827990554
0.0475625,95,physics,0,11832,56192.56601184276,155333.34588524204,166.79155778307694,211692.70345486788,7669.816156993927,0.0030990131843083198,20.942482783161775,266.60703064703245,0.9044135745656142,7.34404892455131e-09,0,0.00493771985033318,0.0038465096040496533,3.241462763980962e-05,1.004255681931075
0.047625,95,physics,0,11832,56339.668887550346,155245.01730191358,166.33137214652598,211751.01756161047,7689.844189519574,0.0031071055734205604,20.952227682668592,266.63378467286174,0.9044135309518488,7.395998480319574e-09,0,0.004900868286139353,0.0038751190755424996,3.241462763980962e-05,1.0042668156371841
0.0476875,95,physics,0,11832,56482.835701387994,155152.79806084605,165.88153627516027,211801.51529850918,7709.807160997364,0.0031151716744132795,20.964043991299853,266.592242697871,0.9044135863314957,7.449505012857562e-09,0,0.004864158174204031,0.0039037285581458763,3.241462763980962e-05,1.0042741783170903
0.04775,95,physics,0,11832,56634.02950819116,155057.8130202231,165.43868385946797,211857.28121227375,7729.803887768472,0.003123251414337646,20.975717352481013,266.58430571419933,0.9044134691871805,7.50273265737178e-09,0,0.0048277018075387635,0.003932338051617282,3.241462763980962e-05,1.0042851326480684
0.0478125,95,physics,0,11832,56786.341530148755,154958.04299516956,164.9918009829368,211909.37632630125,7749.775072238386,0.003131320833815197,20.985185873762365,266.5990874220309,0.9044135514553798,7.555960301885982e-09,0,0.004791653666017449,0.003961185968299443,3.241462763980962e-05,1.0042894425815345
0.047875,95,physics,0,11832,56943.874875088375,154853.76720586908,164.52586215166724,211962.16794310912,7769.752446884149,0.0031393927544523803,20.988194158837352,266.5921743046037,0.9044135414379023,7.6089090583764e-09,0,0.00449847777631975,0.003990749133555912,3.241462763980962e-05,1.004301654160134
0.0479375,95,physics,0,11832,57108.50841036588,154744.4759386002,164.03368626278967,212017.01803522886,7789.74792271087,0.003147471988928747,20.985537575366397,266.6037155057001,0.9044134646651214,7.671367541206562e-09,0,0.004058083111260653,0.004020312309674328,3.241462763980962e-05,1.004308298757926
0.048,95,physics,0,11832,57267.89483374167,154628.11688352708,163.51008749578023,212059.52180476455,7809.6533388736,0.0031555148345163595,20.980372885662,266.60814701748944,0.9044135740749687,7.747340546870865e-09,0,0.00361709764065346,0.004050113909255685,3.241462763980962e-05,1.0043167392563481
0.048,96,refine,0,12267,57267.89483374168,154628.11688352708,163.51008749578023,212059.52180476455,7809.653338873599,0.0031555148345163595,20.980372885662,266.60814701748944,0.9044135740749687,6.447153033661846e-09,0,0.00361709764065346,0.0038317084682572373,3.241462763980962e-05,1.0043167392563481
0.0480625,96,physics,0,12267,57425.25004069093,154513.83080117122,162.9892502717571,212102.07009213392,7829.541609905231,0.003163550752559234,20.982823713835444,266.6135050698094,0.904413532530874,6.493356075054629e-09,0,0.003177123589222688,0.0038482704651505995,3.241462763980962e-05,1.0043266165254285
0.048125,96,physics,0,12267,57585.661096073025,154396.4091265897,162.53330850793986,212144.60353117064,7849.422530746997,0.003171583700735848,20.98924149763775,266.62400706326,0.9044135162290015,6.220659543032514e-09,0,0.002738697001682774,0.0038760975643623986,3.241462763980962e-05,1.0043388285560417
0.0481875,96,physics,0,12267,57742.35911073274,154275.2934559435,162.09701111452563,212179.74957779076,7869.240233114504,0.003179591105289622,20.996698630169412,266.6239671708443,0.9044135547698154,5.439261485662434e-09,0,0.002389265927891492,0.003904222840248304,3.241462763980962e-05,1.0043513999191325
0.04825,96,physics,0,12267,57893.44813347042,154150.63360003586,161.6724033485247,212205.7541368548,7888.97870798604,0.003187566497726073,21.002580202855068,266.6253359413983,0.9044134643343978,4.991473900872717e-09,0,0.0021876745019071045,0.003932705891618968,3.241462763980962e-05,1.0043603795605378
0.0483125,96,physics,0,12267,58040.65511584151,154022.24110068416,161.25401875865762,212224.15023528432,7908.6525275126805,0.0031955157659687406,21.008223287180662,266.62041526358286,0.9044136570481967,4.54051374276788e-09,0,0.0019856522541271317,0.0039611948299253606,3.241462763980962e-05,1.0043675633314668
0.048375,96,physics,0,12267,58182.89002376509,153890.78954455286,160.84993749088684,212234.52950580884,7928.252275084185,0.0032034351052055423,21.013151081798274,266.64804202816845,0.9044135557909674,4.088530403123524e-09,0,0.0017840643551636408,0.003989862599112214,3.241462763980962e-05,1.004371873618688
0.0484375,96,physics,0,12267,58325.43533533455,153756.03865738257,160.46046765148895,212241.9344603686,7947.821392730581,0.003211342068326189,21.022957857375957,266.6481789132017,0.9044135488372492,3.636642986748487e-09,0,0.001583459783275791,0.004018828399979879,3.241462763980962e-05,1.0043781594873766
0.0485,96,physics,0,12267,58467.85502038212,153617.56050303223,160.08589227373395,212245.50141568808,7967.35530562339,0.003219234806855373,21.033478023547985,266.6409349866751,0.9044135198916992,3.1837892322528234e-09,0,0.0013832940623357095,0.00404803263229675,3.241462763980962e-05,1.0043862413763538
0.0485,97,refine,0,12726,58467.85502038213,153617.56050303223,160.08589227373392,212245.50141568808,7967.355305623391,0.003219234806855373,21.033478023547985,266.6409349866751,0.9044135198916992,3.1837892322528234e-09,0,0.0013832940623357095,0.0038319930135089137,2.7736747142625973e-05,1.0043862413763538
0.0485625,97,physics,0,12726,58609.979217903085,153475.89255533792,159.70388047816252,212245.57565371916,7986.855544879898,0.00322711393944688,21.04042768994714,266.6107025592338,0.9044135167198898,2.7311450878642133e-09,0,0.0011841227662749802,0.003839771044793491,2.7736747142625973e-05,1.0043950417294223
0.048625,97,physics,0,12726,58750.962597391816,153331.67096384923,159.33437014677637,212241.9679313878,8006.313874703412,0.003234976138400886,21.046456118121597,266.63308146250733,0.9044136215456661,2.27524310503213e-09,0,0.0009844106090403282,0.0038512288369076868,2.7736747142625973e-05,1.0044018665461125
0.0486875,97,physics,0,12726,58903.62900393247,153184.44729175337,158.95935496675025,212247.0356506526,8025.837094212072,0.003242864556234611,21.05162815662476,266.6564108022468,0.9044135000540567,1.8196075757259647e-09,0,0.0007856706912373425,0.0038704057792083016,2.7736747142625973e-05,1.0044085118069233
0.04875,97,physics,0,12726,59056.7883982581,153034.04809690997,158.59351646616187,212249.43001163422,8045.331665733919,0.0032507413987598716,21.056559924889395,266.63097109243785,0.9044135231981821,1.3630625517180143e-09,0,0.0005873454162020901,0.0038975996357361186,2.7736747142625973e-05,1.0044158755256607
0.0488125,97,physics,0,12726,59210.05281179801,152879.67725645716,158.23998407872563,212247.97005233387,8064.793840814241,0.003258605151401409,21.06350965167054,266.6781341261805,0.9044134874066024,9.044640592037396e-10,0,0.0003889697690648197,0.003924972301028365,2.7736747142625973e-05,1.004421084042243
0.048875,97,physics,0,12726,59364.8291797741,152722.62405436055,157.8983793471258,212245.35161348176,8084.23456112465,0.003266460235176273,21.06999397814885,266.5991811852063,0.9044136134382929,4.487361593419298e-10,0,0.0001926043135372686,0.003952464182422575,2.7736747142625973e-05,1.0044273702189155
0.0489375,97,physics,0,12726,59520.50343929394,152561.11468154623,157.55391242206844,212239.17203326224,8103.647128320321,0.003274303943597209,21.073684051484488,266.6232779940965,0.904413483648873,-1.2768452961616141e-11,1,-5.47006099915529e-06,0.003980075278507023,2.7736747142625973e-05,1.0044334768282122
0.049,97,physics,0,12726,59672.29576315719,152395.6183436691,157.19780490462495,212225.11191173093,8122.988944404738,0.003282119064810571,21.071655947199147,266.60017245479565,0.904413589284346,-4.751825599669219e-10,2,-0.000203186030226974,0.004007805587907838,2.7736747142625973e-05,1.004440840729978
0.049,98,refine,0,13179,59672.2957631572,152395.6183436691,157.19780490462495,212225.11191173093,8122.988944404737,0.003282119064810571,21.071655947199147,266.60017245479565,0.904413589284346,-4.751825599669219e-10,2,-0.000203186030226974,0.003830077785147507,2.7736747142625973e-05,1.004440840729978
0.0490625,98,physics,0,13179,59822.277891881684,152229.23687125547,156.83530505194383,212208.3500681891,8142.29424509535,0.003289919431864459,21.068899209059747,266.6366565137472,0.9044134468219318,-1.046547737360015e-09,2,-0.0003988609638426684,0.003859398722187821,2.7736747142625973e-05,1.004448743513882
0.049125,98,physics,0,13179,59970.34357860211,152059.72960825788,156.49367161467788,212186.56685847466,8161.550961762243,0.00329770016839149,21.068139457810062,266.67697170441465,0.9044135019051566,-2.0745414275324964e-09,2,-0.0007195632887081602,0.0038880045805373613,2.7736747142625973e-05,1.0044523357089385
0.0491875,98,physics,0,13179,60111.999919024754,151887.50270666255,156.16988440768338,212155.672510095,8180.721039817187,0.00330544589831688,21.06955978103811,266.63268543132756,0.904413555490647,-3.118724833939261e-09,2,-0.001065890487615299,0.00391720646012468,2.7736747142625973e-05,1.0044584424700178
0.04925,98,physics,0,13179,60257.42504403549,151712.28837873647,155.87074567043243,212125.58416844238,8199.888467966548,0.003313190557539555,21.071954815191855,266.6354347067404,0.9044135338019201,-3.84911125195232e-09,2,-0.0012959627484914837,0.003946289213038347,2.7736747142625973e-05,1.0044629327592036
0.0493125,98,physics,0,13179,60396.587648393135,151534.13974927744,155.57592376777848,212086.30332143835,8218.968510138635,0.0033208999081844634,21.07207823389242,266.6597656528159,0.904413438705388,-3.151818361857293e-09,2,-0.0011810715738739268,0.003975670009067332,2.7736747142625973e-05,1.0044710153303222
0.049375,98,physics,0,13179,60536.33087518339,151351.49651296507,155.26320290969892,212043.09059105816,8238.015395733248,0.0033285958618120915,21.065951339144775,266.6551797206145,0.9044135493649526,-3.254857716683541e-09,2,-0.0013765932546053192,0.004005587233243092,2.7736747142625973e-05,1.0044787387368241
0.0494375,98,physics,0,13179,60678.63423612891,151164.6648284186,154.93441663584713,211998.23348118336,8257.042054226495,0.003336283642614263,21.055496710965514,266.6347958983318,0.9044135009652824,-3.721378760701544e-09,2,-0.0015711771439442315,0.004035385328783286,2.7736747142625973e-05,1.0044832291167414
0.0495,98,physics,0,13179,60823.6702538326,150971.77457581938,154.5874358272456,211950.0322654792,8276.045037140058,0.00334396185722523,21.040739130522738,266.6763100729047,0.9044133722562591,-4.188695612583608e-09,2,-0.0017654203484185698,0.004065660257310513,2.7736747142625973e-05,1.0044934672580121
0.0495,99,refine,0,13635,60823.6702538326,150971.77457581938,154.5874358272456,211950.0322654792,8276.045037140058,0.0033439618572252295,21.040739130522738,266.6763100729047,0.9044133722562591,-4.188695612583608e-09,2,-0.0017654203484185698,0.0038296445358653344,1.620731381990481e-05,1.0044934672580121
0.0495625,99,physics,0,13635,60967.4804184701,150782.79767335902,154.24789190592173,211904.52598373505,8295.040948322965,0.003351637214481158,21.070590013456798,266.67744957831326,0.90441342523597,-4.6584389679082985e-09,2,-0.0019599332017782504,0.0038569532165602855,1.620731381990481e-05,1.0045078367551015
0.049625,99,physics,0,13635,61117.63280851498,150592.1820787068,153.98399486310404,211863.7988820849,8314.057615242962,0.003359320958157402,21.06924716067853,266.6448755020363,0.9044135092341936,-5.124057622651888e-09,1,-0.0021522738119917817,0.0038844420609547847,1.620731381990481e-05,1.0045137642325357
0.0496875,99,physics,0,13635,61268.474569011545,150398.7572641648,153.76248037616523,211820.9943135525,8333.048543971725,0.00336699430223726,21.070770991073967,266.6610218531215,0.9044135303670601,-5.5903583984218155e-09,1,-0.0023442620899309014,0.003912117126469947,1.620731381990481e-05,1.0045216675901905
0.04975,99,physics,0,13635,61421.78654678106,150203.73873664852,153.56289529136055,211779.08817872097,8352.028668426108,0.003374663280815822,21.06737566571732,266.64784620210213,0.9044135670343932,-6.058485269022651e-09,1,-0.002536556816543906,0.003939993310669575,1.620731381990481e-05,1.004526697031983
0.0498125,99,physics,0,13635,61574.08269948108,150006.5718604468,153.38809228530442,211734.0426522132,8370.96944255154,0.003382316359771458,21.062627999069843,266.662951541551,0.9044134282653841,-6.5301826168706694e-09,1,-0.0027298198505060827,0.003968055716825913,1.620731381990481e-05,1.0045326246207094
0.049875,99,physics,0,13635,61726.07256573612,149806.6976586741,153.2407092049212,211686.01093361515,8389.876209519392,0.0033899556980278417,21.064559812846678,266.6580198645253,0.9044135239921304,-6.996785373303305e-09,1,-0.002920169163843935,0.003996315119367188,1.620731381990481e-05,1.0045430428917188
0.0499375,99,physics,0,13635,61871.33102780636,149604.45577130048,153.12537175509823,211628.91217086194,8408.695257344743,0.003397559593091115,21.07022424765941,266.68510423524555,0.9044133777360908,-7.473506258293134e-09,1,-0.0031140736829767895,0.0040247539407651705,1.620731381990481e-05,1.004548611322257
0.05,99,physics,0,13635,62017.928564113965,149400.33078927055,153.0395365014665,211571.29888988598,8427.493183593726,0.0034051549539151895,21.076390355845945,266.65076486301257,0.9044135464140525,-7.947420499476717e-09,2,-0.0033064324165704103,0.004053401429800307,1.620731381990481e-05,1.0045541797836626
0.05,100,refine,0,14043,62017.92856411397,149400.33078927058,153.0395365014665,211571.298889886,8427.493183593728,0.00340515495391519,21.076390355845945,266.65076486301257,0.9044135464140525,-7.947420499476717e-09,2,-0.0033064324165704103,0.003832726432159873,1.620731381990481e-05,1.0045541797836626
0.0500625,100,physics,0,14043,62162.2988146784,149194.21031994748,152.96855229188412,211509.47768691776,8446.244237437757,0.003412731375797562,21.087610959826886,266.6606983201797,0.9044135729233274,-8.421359609656057e-09,3,-0.0034985838194509424,0.0038436988087667988,1.620731381990481e-05,1.00456118531121
0.050125,100,physics,0,14043,62298.55639107072,148986.1580628802,152.9194020047658,211437.63385595568,8464.897768063583,0.003420268393119218,21.09043160282725,266.64829558557784,0.9044135912380034,-8.20896595143951e-09,3,-0.0034055815264071028,0.003856319451454133,1.620731381990481e-05,1.004571424247045
0.0501875,100,physics,0,14043,62442.28498847058,148776.5876511748,152.8844250564607,211371.75706470184,8483.583990775078,0.0034278186197791625,21.088289275712047,266.67329237115456,0.9044134966863223,-7.107381350124342e-09,3,-0.002944057047365422,0.003869502341739045,1.620731381990481e-05,1.0045836392543785
0.05025,100,physics,0,14043,62582.39525870559,148565.06996401696,152.87078773507852,211300.33601045763,8502.210378824968,0.0034353446700573307,21.088233633546185,266.7132972884107,0.9044134602078641,-6.019069687113168e-09,3,-0.0024893778784013582,0.0038970214157808777,1.620731381990481e-05,1.004586154127267
0.0503125,100,physics,0,14043,62720.85974901637,148350.9318779289,152.88232725473688,211224.6739542,8520.792768568546,0.003442852942682994,21.09123167119623,266.6747656226301,0.9044135678480197,-4.925531982280517e-09,3,-0.002034103922284969,0.003924724876316766,1.620731381990481e-05,1.0045947765963947
0.050375,100,physics,0,14043,62864.59428703815,148135.73800363427,152.91884951036712,211153.25114018278,8539.388345735159,0.0034503665437275797,21.094348001580972,266.68081702004355,0.9044134133173664,-3.8281644521020975e-09,3,-0.001972375665958413,0.003952726404458851,1.620731381990481e-05,1.0046042973253628
0.0504375,100,physics,0,14043,63013.458914906165,147917.5804928986,152.97058448436718,211084.00999228912,8557.994309915543,0.0034578843416772894,21.09592895539765,266.70542789597573,0.9044133618526916,-3.1467841665744382e-09,3,-0.0022790339874981897,0.003980787688962755,1.620731381990481e-05,1.0046136385056275
0.0505,100,physics,0,14043,63160.89620969316,147695.98830602385,153.02519043322172,211009.90970615024,8576.553951170816,0.003465383422704206,21.091061085010185,266.6574212036393,0.9044135249041747,-3.575396867461227e-09,3,-0.002585513480581995,0.004009087463167162,1.620731381990481e-05,1.0046213630087628
0.0505,101,refine,0,14436,63160.896209693165,147695.98830602382,153.02519043322172,211009.9097061502,8576.553951170816,0.0034653834227042065,21.091061085010185,266.6574212036393,0.9044135249041747,-3.575396867461227e-09,3,-0.002585513480581995,0.003834775948721814,1.620731381990481e-05,1.0046213630087628
0.0505625,101,physics,0,14436,63312.92226219759,147475.78734501183,153.08401880793224,210941.79362601737,8595.135839807883,0.003472891492855906,21.08139797526133,266.6825054884156,0.9044134455758722,-4.0046632676649055e-09,3,-0.0028915271808935576,0.003841309441461723,1.620731381990481e-05,1.0046269318734489
0.050625,101,physics,0,14436,63460.5748817195,147253.48223403428,153.19629929795047,210867.2534150517,8613.653519120728,0.00348037361902874,21.07582992976914,266.6801014435832,0.9044134690265543,-4.4330645820877966e-09,3,-0.0031968472465759216,0.003861781529394199,1.620731381990481e-05,1.0046307043477105
0.0506875,101,physics,0,14436,63610.849352051184,147029.8587625889,153.34858316123848,210794.05669780134,8632.164528897245,0.003487853050354558,21.07470974291117,266.6703507147317,0.9044135190398158,-4.8585979683934924e-09,4,-0.003499230020372497,0.00388925778016621,1.620731381990481e-05,1.0046353750497563
0.05075,101,physics,0,14436,63762.91586318613,146804.36556378068,153.5400453332166,210720.8214723,8650.661702185835,0.003495326891004471,21.073606718037027,266.69602004124283,0.9044134199581972,-5.2893085467076096e-09,4,-0.0038038428503945156,0.003916912798955885,1.620731381990481e-05,1.004639866129894
0.050812500000000003,101,physics,0,14436,63909.16899099492,146577.45920527517,153.76115884801663,210640.3893551181,8669.080043809212,0.0035027688794739423,21.071382207663024,266.7264314534397,0.9044135598894347,-5.723762797060772e-09,4,-0.004110584757007615,0.003944798390539633,1.620731381990481e-05,1.0046425607876137
0.050875000000000004,101,physics,0,14436,64054.80493782347,146347.06061719015,154.00507866083126,210555.87063367444,8687.461210154575,0.0035101958471552615,21.063876329779987,266.6941560973205,0.9044135387660859,-6.153588749668879e-09,4,-0.004414215238862674,0.00397267422316088,1.620731381990481e-05,1.0046520819694413
0.050937500000000004,101,physics,0,14436,64196.914177011626,146113.53551937093,154.2556908255015,210464.70538720806,8705.777195466439,0.0035175964782370585,21.04815932825869,266.6870391376424,0.9044134621065785,-6.566532206875314e-09,4,-0.004703949446730725,0.0040009705524108674,1.620731381990481e-05,1.0046603457098324
0.051000000000000004,101,physics,0,14436,64338.55483549417,145875.67680326133,154.50764091862573,210368.73927967413,8724.049156700035,0.0035249793212518226,21.02356748536495,266.73796933992236,0.9044134828949874,-6.97184709963493e-09,4,-0.004987108284445267,0.004029281241316761,1.620731381990481e-05,1.0046650165496862
