t,macro,phase,capacity_blocked,samples,elastic_energy,kinetic_energy,affine_kinetic_energy,total_energy,mass,grown_rest_area,max_speed,max_volumetric_pressure,min_elastic_det,min_triangle_area,inverted_triangles,min_triangle_quality,max_edge,min_weight,max_hardening
0.0,0,initial,0,40,0.0,0.0,0.0,0.0,50.00000059604645,2.020265648638997e-05,0.0,-0.0,1.0,3.695373642642604e-07,0,0.6193306435154042,0.001783800070510901,0.3658304810523987,1.0
0.0,0,refine,0,40,0.0,0.0,0.0,0.0,50.00000059604645,2.020265648638997e-05,0.0,-0.0,1.0,3.695373642642604e-07,0,0.6193306435154042,0.001783800070510901,0.3658304810523987,1.0
6.25e-05,0,physics,0,40,1.4339808008721964,0.0053264726119136045,0.05234147793190026,1.4916487514160102,50.3763202165959,2.035470960503834e-05,0.025430968268443956,19.728619448319698,0.9928977058885345,3.696466910341201e-07,0,0.6193833000369309,0.001784151284147026,0.3658304810523987,1.0000012516983237
0.000125,0,physics,0,40,4.346915511655718,0.1007473540224959,0.9871590154402714,5.434821881118485,50.75546455491873,2.0507904059730034e-05,0.11054733696706626,33.28742859013566,0.9880165257075512,3.7059923307936087e-07,0,0.6193535898044438,0.0017866848881609007,0.3658304810523987,1.0000014305124978
0.0001875,0,physics,0,40,6.019807219451003,0.44522450328942176,4.3262745505104165,10.791306273250843,51.13746936766316,2.0662254298050506e-05,0.23278527670686486,36.736874101009406,0.9867747158641796,3.728925008772415e-07,0,0.6193292875410602,0.0017926377863438328,0.3658304810523987,1.000005006802695
0.00025,0,physics,0,40,5.076421569171153,1.0707686340202953,10.246282949182977,16.393473152374426,51.52234656958507,2.0817765134194095e-05,0.3622049508910469,29.2237803449329,0.9894794165011253,3.7671853192478027e-07,0,0.6191789446401177,0.0018026594722900624,0.3658304810523987,1.000005006802695
0.0003125,0,physics,0,40,2.641238092287784,1.7757833436401116,16.619447294329298,21.036468730257194,51.91011999629269,2.0974446199012803e-05,0.4681949213528975,13.121327874696016,0.9952763033825649,3.8175450356448035e-07,0,0.6189678808069284,0.0018158928962233856,0.3658304810523987,1.0000046491730998
0.000375,0,physics,0,40,1.0273975452026762,2.2322489586373555,20.332706523692558,23.59235302753259,52.30081348332606,2.1132307123331053e-05,0.5258496864280958,-6.6385729531355,1.0023898948100434,3.8738254204417936e-07,0,0.6186950907354725,0.0018309243947166852,0.3658304810523987,1.0000060796922483
0.0004375,0,physics,0,40,1.4168869865367095,2.221347726127356,19.676662770877265,23.31489748354133,52.69443894528747,2.129135272128114e-05,0.5219751035726683,-23.934716225200592,1.0086165379006622,3.9273246166260325e-07,0,0.618213942959002,0.0018455515775896692,0.3658304810523987,1.0000042915436325
0.0005,0,physics,0,40,2.9053037112772566,1.7931804988278446,15.538654369011134,20.237138579116234,53.091032138466865,2.145159744030375e-05,0.459470521667536,-33.32984447007296,1.0119987955023597,3.9701280307724536e-07,0,0.6175951611336199,0.0018579424783219264,0.3658304810523987,1.00000679495259
0.0005,1,refine,0,40,2.9053037112772566,1.7931804988278446,15.538654369011134,20.237138579116234,53.091032138466865,2.145159744030375e-05,0.459470521667536,-33.32984447007296,1.0119987955023597,3.9701280307724536e-07,0,0.6175951611336199,0.0018579424783219264,0.3658304810523987,1.00000679495259
0.0005625000000000001,1,physics,0,40,3.78662235326959,1.2005361176626388,10.330756195979266,15.317914666911495,53.49061093777323,2.1613048502811716e-05,0.357531613153048,-31.880580499747698,1.0114770418159422,3.9978302268650665e-07,0,0.6168641760361481,0.00186681084114817,0.3658304810523987,1.0000048279878815
0.000625,1,physics,0,40,3.47598692800136,0.681428589581034,5.940812031252944,10.09822754883534,53.89319917848632,2.1775715539524307e-05,0.2460811726151898,-20.18304046740532,1.007265910159201,4.010943079890691e-07,0,0.6161852130669407,0.0018719421464895084,0.3658304810523987,1.0000059008772428
0.0006875,1,physics,0,40,2.842821189911093,0.3241121017412032,2.8744444383687626,6.041377730021059,54.29882069581769,2.1939608181133236e-05,0.15584857614768344,-2.1272619362732046,1.0007658142970584,4.014844847688438e-07,0,0.6156345164119764,0.0018744702875682679,0.3658304810523987,1.0000071525829526
0.00075,1,physics,0,40,2.810330999757723,0.12663706294859067,1.0838369519852764,4.0208050146915895,54.707493364497374,2.2104733649979022e-05,0.10860559679162717,16.51820267548329,0.9940534406568634,4.018088750612489e-07,0,0.615269062702077,0.0018762607489930811,0.3658304810523987,1.0000078678440616
0.0008125000000000001,1,physics,0,40,3.169061812363287,0.11388401167503398,0.9386133382298048,4.221559162268125,55.11923505920433,2.2271099168381563e-05,0.11186918768397985,30.011274280242933,0.9891958639821862,4.028850213444458e-07,0,0.6150405062312275,0.0018792460568178315,0.3658304810523987,1.0000066161374566
0.000875,1,physics,0,40,3.0422359054127033,0.3354499640405757,2.937717012410804,6.315402881864083,55.534081535780956,2.2438719183600718e-05,0.15864052002149304,34.37571764083534,0.987624666411537,4.052827868861189e-07,0,0.614939736623268,0.0018850732069813257,0.3658304810523987,1.0000078678440616
0.0009375,1,physics,0,40,2.2586739936829687,0.7573509946641588,6.62154055706365,9.637565545410776,55.95204470836495,2.260759850958104e-05,0.23141494905143337,28.442135246626343,0.9897608422966448,4.0921703714502666e-07,0,0.6148897725856246,0.0018942889449273634,0.3658304810523987,1.0000078678440616
0.001,1,physics,0,40,1.8023400401426617,1.2091435968987774,10.26926569654609,13.28074933358753,56.37315437224878,2.2777749185203562e-05,0.3086314210589844,14.121284613722747,0.9949163420842062,4.1443504095184375e-07,0,0.6147597307003262,0.0019066516966856869,0.3658304810523987,1.0000087619211675
0.001,2,refine,0,40,1.8023400401426617,1.2091435968987774,10.26926569654609,13.28074933358753,56.37315437224878,2.2777749185203562e-05,0.3086314210589844,14.121284613722747,0.9949163420842062,4.1443504095184375e-07,0,0.6147597307003262,0.0019066516966856869,0.3658304810523987,1.0000087619211675
0.0010625,2,physics,0,40,2.649176574346752,1.488568821940608,12.100423162625429,16.23816855891279,56.7974403226394,2.2949183249314777e-05,0.370654842394143,-4.143461997428494,1.001491645252166,4.2031669345021746e-07,0,0.6145206262687961,0.001920778471292115,0.3658304810523987,1.0000098348147495
0.0011250000000000001,2,physics,0,40,4.3213049153520044,1.5357942533532998,11.869298645968996,17.7263978146743,57.224914473494806,2.3121905515786632e-05,0.40468738480169514,-20.63348953557146,1.0074281173320951,4.2599432514833806e-07,0,0.614060390130253,0.0019350338731076683,0.3658304810523987,1.0000100136304584
0.0011875,2,physics,0,40,5.048237231255129,1.479490058496667,11.035979630698023,17.563706920449818,57.65560661988974,2.329592802341218e-05,0.4079819669559324,-30.146455154637177,1.010852813124476,4.306910450502245e-07,0,0.6133137083521915,0.0019476856554312984,0.3658304810523987,1.0000109077094825
0.00125,2,physics,0,40,3.688822387193514,1.4765327644017208,11.103471566299628,16.268826717894864,58.089540596434134,2.3471260402640043e-05,0.387629033153071,-29.714398535979342,1.0106972179035063,4.3387068249245436e-07,0,0.6122895808221911,0.0019576024536533884,0.3658304810523987,1.0000119806053667
0.0013125,2,physics,0,40,1.265079416217096,1.528255426166616,11.931159667568323,14.724494509952034,58.52674023766902,2.3647912283891014e-05,0.3571074860311828,-19.646737272826645,1.0070728507126576,4.3555822060170644e-07,0,0.610977928196364,0.0019648037068784752,0.3658304810523987,1.0000123382375838
0.001375,2,physics,0,40,0.12059636324775534,1.5011774608942572,12.010262791349627,13.63203661549164,58.967235338437064,2.3825895705864374e-05,0.33050931612831735,-3.3472971115996977,1.0012050317006487,4.3628628532133007e-07,0,0.609514235989715,0.001970277376296869,0.3658304810523987,1.000013411135003
0.0014375,2,physics,0,40,1.4880728245614634,1.3220634972881529,10.398961742436729,13.209098064286344,59.41103781239552,2.4005215482310575e-05,0.31728735838839367,13.942883126986336,0.9949805477135373,4.368403523358211e-07,0,0.6080303196929514,0.0019753126897980437,0.3658304810523987,1.0000155569332942
0.0015,2,physics,0,40,4.146763247990762,1.0991077427942304,8.04160786552593,13.287478856310923,59.85818341461609,2.4185886060178055e-05,0.3194183437100708,26.906736367672902,0.9903135402662202,4.38051033668785e-07,0,0.6066501006425424,0.001981506178129142,0.3658304810523987,1.0000171662850343
0.0015,3,refine,0,40,4.146763247990762,1.0991077427942304,8.04160786552593,13.287478856310923,59.85818341461609,2.4185886060178055e-05,0.3194183437100708,26.906736367672902,0.9903135402662202,4.38051033668785e-07,0,0.6066501006425424,0.001981506178129142,0.3658304810523987,1.0000171662850343
0.0015625,3,physics,0,40,5.597756100121988,1.027280043037146,6.955766852943029,13.580802996102163,60.3086959793522,2.43679170697714e-05,0.331632609842188,31.721325224149773,0.9885802657432361,4.4058151082992925e-07,0,0.6054355417259424,0.0019900934776710144,0.3658304810523987,1.0000182391876333
0.0016250000000000001,3,physics,0,40,4.497741223323266,1.1859674731828762,8.154499706994985,13.838208403501127,60.762599340789414,2.4551318141367765e-05,0.3440259618014828,27.06535899844155,0.9902564184920569,4.4466380444418963e-07,0,0.604570608988867,0.0020013522156585454,0.3658304810523987,1.000018418004845
0.0016875,3,physics,0,40,1.9239625405275715,1.4358084721556932,10.460176246791864,13.819947259475128,61.2199232933951,2.473610131351479e-05,0.34618147472984817,14.402146158615306,0.9948152032779931,4.50100353432958e-07,0,0.6040769167062464,0.002014757895509864,0.3658304810523987,1.0000166298341664
0.00175,3,physics,0,40,0.2923463501623982,1.5202510874182158,11.448481561176434,13.261078998757048,61.68068571086152,2.4922273808133694e-05,0.33148652295609954,-2.4203820196321617,1.0008713397083724,4.5624405409228e-07,0,0.6038284768948314,0.002029057151356448,0.3658304810523987,1.0000164510172744
0.0018125,3,physics,0,40,1.001809869260676,1.293787403930716,9.695514140717785,11.991111413909177,62.14491638751187,2.510984766371387e-05,0.30047428353489847,-18.224378929244207,1.0065607928387639,4.623052234364872e-07,0,0.6036860593257589,0.002042708370543696,0.3658304810523987,1.0000177027361898
0.001875,3,physics,0,40,3.1417058576564854,0.8707529140973171,6.178197535926733,10.190656307680536,62.61263915724712,2.5298832510417477e-05,0.2618172775301025,-28.047321185849857,1.0100970572928172,4.674215681177429e-07,0,0.6034932532488841,0.0020544258442454478,0.3658304810523987,1.0000169874680465
0.0019375,3,physics,0,40,4.573267645233676,0.5379257852415391,3.4175340007379194,8.528727431213134,63.08387785389914,2.548923797837877e-05,0.23014654938752035,-28.747776736043885,1.0103492255331437,4.710525942641651e-07,0,0.6031714420950758,0.0020632948161487773,0.3658304810523987,1.0000193120913832
0.002,3,physics,0,40,4.183109500269185,0.5094873182341642,3.238373865694782,7.930970684198131,63.55867419221436,2.5681080922571382e-05,0.22104322905073076,-20.100593845326596,1.0072362526024974,4.7313049922337245e-07,0,0.6025126638990622,0.002069579808234537,0.3658304810523987,1.0000207426315073
0.002,4,refine,0,40,4.183109500269185,0.5094873182341642,3.238373865694782,7.930970684198131,63.55867419221436,2.5681080922571382e-05,0.22104322905073076,-20.100593845326596,1.0072362526024974,4.7313049922337245e-07,0,0.6025126638990622,0.002069579808234537,0.3658304810523987,1.0000207426315073
0.0020625,4,physics,0,40,2.8261913136636485,0.7834953936745089,5.454700832355,9.064387539693158,64.0370400851985,2.5874366156482518e-05,0.24483737225948227,-4.891174050345149,1.0017608321039384,4.7411944237296687e-07,0,0.6013439235278842,0.002074510752182687,0.3658304810523987,1.0000207426315073
0.002125,4,physics,0,40,2.067241954911675,1.2330205479573746,8.631145328932202,11.931407831801252,64.51899936646042,2.6069103310156312e-05,0.302190793928149,12.084862153406284,0.9956494371777315,4.7477629294689937e-07,0,0.5997568624326158,0.002079783018658492,0.3658304810523987,1.0000209214491667
0.0021875,4,physics,0,40,2.39727733303787,1.773377134597112,11.700688052406552,15.871342520041534,65.00458779016972,2.626530683017671e-05,0.38315569584882764,25.616609920218494,0.9907780006404787,4.7601007935327273e-07,0,0.5979068862902753,0.0020871119220884277,0.3658304810523987,1.0000209214491667
0.0022500000000000003,4,physics,0,40,2.964762175662319,2.382470582508491,14.527768769402348,19.875001527573158,65.49383515008157,2.6462988754803607e-05,0.46931649447765256,31.659707043915418,0.9886024973120642,4.785336606971669e-07,0,0.5957857728705216,0.002097748099391614,0.3658304810523987,1.0000223519915927
0.0023125,4,physics,0,40,2.866360027889253,2.9740886481705413,17.076073502753687,22.91652217881348,65.9867652795588,2.6662158713981722e-05,0.5381407558856789,28.458443358710348,0.9897549384073706,4.826920783074236e-07,0,0.5935073847054053,0.0021121370960943474,0.3658304810523987,1.000024497809069
0.002375,4,physics,0,40,2.2973878973185338,3.321674317112314,18.525102053452876,24.144164267883724,66.48340797219899,2.686282874590726e-05,0.568779993417732,16.961632516008272,0.9938937948242689,4.883561244284353e-07,0,0.5914264897094442,0.002129427689698498,0.3658304810523987,1.0000253919010431
0.0024375,4,physics,0,40,2.2176290453365572,3.1759970950998753,17.607800119211205,23.001426259647637,66.98378706121751,2.7065008480465363e-05,0.5481359631020105,0.5642851977048751,0.9997968569655785,4.949324328151768e-07,0,0.589596723762397,0.0021479575622296494,0.3658304810523987,1.0000278953628232
0.0025,4,physics,0,40,3.0023962508698596,2.495335800155753,13.914681848392348,19.412413899417963,67.48792637976328,2.7268707547514343e-05,0.47604753768877206,-15.828974657966045,1.0056984410664653,5.016026838333686e-07,0,0.58823521654551,0.0021656124393975846,0.3658304810523987,1.0000298623729043
0.0025,5,refine,0,40,3.0023962508698596,2.495335800155753,13.914681848392348,19.412413899417963,67.48792637976328,2.7268707547514343e-05,0.47604753768877206,-15.828974657966045,1.0056984410664653,5.016026838333686e-07,0,0.58823521654551,0.0021656124393975846,0.3658304810523987,1.0000298623729043
0.0025625,5,physics,0,40,3.7693822732175497,1.5453730122426328,8.686142694902884,14.000897980363067,67.99586168149844,2.7473940393433103e-05,0.367338461953068,-27.235119912953902,1.009804657194328,5.074927220682931e-07,0,0.5873012253964288,0.002180500443264167,0.3658304810523987,1.0000296835536462
0.002625,5,physics,0,40,3.336660912381875,0.7238745567796034,4.052239885556618,8.112775354718096,68.50761679941317,2.76807166480158e-05,0.24916754203729927,-30.147530256115832,1.0108531147735773,5.118384152069666e-07,0,0.5866487571658701,0.002191357857891586,0.3658304810523987,1.0000289682769332
0.0026875000000000002,5,physics,0,40,1.774072830047591,0.26313543826209135,1.4047364140209329,3.441944682330615,69.02322748699234,2.7889050757569734e-05,0.15347348153114063,-23.69007216249873,1.0085284351285129,5.144982688776165e-07,0,0.5862195998460815,0.0021980705794443544,0.3658304810523987,1.0000296835536462
0.00275,5,physics,0,40,0.6206441417274811,0.12418242627043735,0.6373084648258174,1.3821350328237358,69.54271757706388,2.8098952351823495e-05,0.10716266756844285,-9.904058205039115,1.0035654622289225,5.1581048143845e-07,0,0.5858265082622727,0.002201893657447787,0.3658304810523987,1.0000302200115165
0.0028125,5,physics,0,40,1.3179469490676146,0.1829970739689133,1.006775040533069,2.507719063569597,70.06611686265799,2.831043346874403e-05,0.12406210034293425,6.991423515787616,0.9974830857340797,5.165310472676763e-07,0,0.585253805028523,0.002204856878681904,0.3658304810523987,1.0000298623729043
0.002875,5,physics,0,40,3.551816601376476,0.46635955524464506,2.466497823649435,6.484673980270555,70.59345513671624,2.85235061462625e-05,0.20154896694070173,21.986164163397877,0.9920849667480071,5.175965309689442e-07,0,0.5843214647792176,0.002209275693979353,0.3658304810523987,1.0000325446656135
0.0029375,5,physics,0,40,5.373424549213237,1.1522830579089205,5.818133550349217,12.343841157471374,71.12476219209094,2.873818242227397e-05,0.32225301695630354,30.791780907327244,0.9889149231944281,5.198378119075641e-07,0,0.5829729252992496,0.0022171396567054347,0.3658304810523987,1.0000318293868542
0.003,5,physics,0,40,5.041728201675147,2.3274102953294786,11.452962650331903,18.82210114733653,71.66006782154474,2.895447433463729e-05,0.45888586494982947,30.98810229574538,0.9888442512567241,5.237050224593525e-07,0,0.5812639159432188,0.0022295280441876103,0.3658304810523987,1.0000320082064962
0.003,6,refine,0,40,5.041728201675147,2.3274102953294786,11.452962650331903,18.82210114733653,71.66006782154474,2.895447433463729e-05,0.45888586494982947,30.98810229574538,0.9888442512567241,5.237050224593525e-07,0,0.5812639159432188,0.0022295280441876103,0.3658304810523987,1.0000320082064962
0.0030625,6,physics,0,40,2.7469350654146942,3.750299014448322,18.082053264297915,24.57928734416093,72.19940777800676,2.9172396329435187e-05,0.5804687480634413,22.613901586210098,0.9918589750487881,5.292464839712352e-07,0,0.5791983310712887,0.0022463573867684363,0.3658304810523987,1.0000316505672444
0.003125,6,physics,0,40,0.5010061796981482,4.872792958320665,22.96059308428479,28.334392222303602,72.74280589379833,2.9391958036191588e-05,0.6589089784124219,8.111978758782278,0.9970796824249083,5.360602886028692e-07,0,0.5767608693235096,0.002266644782815602,0.3658304810523987,1.0000339752246667
0.0031875000000000002,6,physics,0,40,0.25313821784166535,5.157119877533702,23.673378239638094,29.083636335013463,73.29029792166551,2.9613173900915236e-05,0.6754567652549514,-8.31844222134767,1.002994638128719,5.433140692900902e-07,0,0.5741848003830891,0.0022883134911568705,0.3658304810523987,1.0000359422467067
0.0032500000000000003,6,physics,0,40,2.03628747326234,4.460879635420918,19.959859719939313,26.45702682862257,73.84190173352363,2.983605114480939e-05,0.625985679103763,-21.87837893065594,1.0078761966977794,5.500590827267618e-07,0,0.5714969129871958,0.002308991161812868,0.3658304810523987,1.000036836348913
0.0033125,6,physics,0,40,3.999766377212691,3.1538849940983704,13.87504441240653,21.02869578371759,74.39765904219368,3.0060606622069715e-05,0.5232759825999808,-28.591390658761387,1.0102928748699895,5.555273618895744e-07,0,0.5690040352616671,0.0023266065972832833,0.3658304810523987,1.00003916101839
0.003375,6,physics,0,40,4.311558379690688,1.837185403342898,8.124820640460737,14.273564423494323,74.95760560014682,3.0286854778593902e-05,0.3942899059510877,-26.571409322297875,1.009565649199824,5.592623457673087e-07,0,0.5668531149818382,0.002339923739737833,0.3658304810523987,1.0000438103735563
0.0034375,6,physics,0,40,2.9265617962881967,0.9197000119612144,4.213543745830657,8.059805554080068,75.5217592790666,3.0514802835491534e-05,0.27255128444219084,-16.606669294207684,1.005978349633108,5.614539233533831e-07,0,0.5650418781159665,0.002348994543334719,0.3658304810523987,1.0000486385729537
0.0035,6,physics,0,40,1.3996134103186024,0.4506375501129185,2.099428698105939,3.94967965853746,76.09016179149354,3.074446764684497e-05,0.1881157857883106,-1.8567474156342088,1.0006684227348634,5.627080188475024e-07,0,0.5637223713534419,0.002354931905742715,0.3658304810523987,1.0000488173956013
0.0035,7,refine,0,40,1.3996134103186024,0.4506375501129185,2.099428698105939,3.94967965853746,76.09016179149354,3.074446764684497e-05,0.1881157857883106,-1.8567474156342088,1.0006684227348634,5.627080188475024e-07,0,0.5637223713534419,0.002354931905742715,0.3658304810523987,1.0000488173956013
0.0035625,7,physics,0,40,1.1348932510393162,0.3043320123164215,1.2972581645331571,2.7364834278888948,76.66284888963096,3.097586365844368e-05,0.15932675549829567,13.228435283798879,0.9952378084299954,5.638526348050728e-07,0,0.5627869257490788,0.002359678347570901,0.3658304810523987,1.000050247977933
0.003625,7,physics,0,40,2.072943218478515,0.4377368456282801,1.8882228878193816,4.398902951926177,77.23983844492949,3.120899809130311e-05,0.189124213889088,24.308866901996883,0.9912488720732845,5.658036883460232e-07,0,0.562163057743187,0.0023654999111625387,0.3658304810523987,1.0000506056238356
0.0036875000000000002,7,physics,0,40,3.0740894042344467,0.9309079581607465,4.312719483077069,8.317716845472262,77.82117216963898,3.14438877993882e-05,0.2661203439893101,28.374519579410787,0.9897852606255997,5.692351434660737e-07,0,0.5615736759105239,0.002374098337650975,0.3658304810523987,1.0000511420929294
0.00375,7,physics,0,40,3.300232108056033,1.8164898115554065,8.393912916249263,13.510634835860703,78.4068858156764,3.16805472283727e-05,0.3691894958366481,24.521566858956252,0.9911722864435024,5.743551785286627e-07,0,0.560915375364762,0.0023863805272969427,0.3658304810523987,1.0000522150319806
0.0038125,7,physics,0,40,2.9837089716869265,2.9250831735857536,12.891958131239912,18.80075027651259,78.99699725423446,3.191898359916787e-05,0.47352805828535477,14.090970506801298,0.9949272859934809,5.808605640922334e-07,0,0.5599013281810415,0.002402437644782886,0.3658304810523987,1.0000518573855024
0.003875,7,physics,0,40,2.8625590357830673,3.924443829595881,16.22194410883185,23.008946974210797,79.59155415744557,3.21592161738478e-05,0.5565710642330269,0.28643032637129157,0.9998968856356564,5.881987092948294e-07,0,0.5584729799221402,0.0024211926650724073,0.3658304810523987,1.0000538244427155
0.0039375,7,physics,0,40,3.1012411194097824,4.517726505378778,17.625336495293705,25.244304120082266,80.19058035651119,3.240125458148388e-05,0.6029784445008481,-12.761459919420947,1.0045940992832694,5.954227155768881e-07,0,0.5563838250666776,0.002441274389352424,0.3658304810523987,1.0000543609135362
0.004,7,physics,0,40,3.0626066399783722,4.610843440155219,17.537883819170013,25.211333899303604,80.79412352332159,3.2645118084052366e-05,0.6077488510811254,-21.20529577512889,1.0076338341318,6.017025597770949e-07,0,0.553775386903103,0.002460985879746904,0.3658304810523987,1.0000559703277245
0.004,8,refine,0,40,3.0626066399783722,4.610843440155219,17.537883819170013,25.211333899303604,80.79412352332159,3.2645118084052366e-05,0.6077488510811254,-21.20529577512889,1.0076338341318,6.017025597770949e-07,0,0.553775386903103,0.002460985879746904,0.3658304810523987,1.0000559703277245
0.0040625,8,physics,0,40,2.2313195839620263,4.3052065848166565,16.776041630494664,23.312567799273346,81.40220748887398,3.289081631054216e-05,0.5766830505451916,-22.65812485433989,1.0081568374337213,6.065627076168309e-07,0,0.5507024709591041,0.002478972101688282,0.3658304810523987,1.0000584738660545
0.004125,8,physics,0,40,1.1179559083681676,3.7650071007818138,15.537540501001915,20.420503510151896,82.01486800446146,3.3138363706374934e-05,0.5237412420682341,-16.94503342230447,1.0061001465842059,6.098856806247005e-07,0,0.5473848008920552,0.002494471654360756,0.3658304810523987,1.0000599044621998
0.0041875,8,physics,0,40,0.9063557358491607,3.1232339086401852,13.42516088477925,17.454750529268598,82.63214082127818,3.338777471693241e-05,0.46607928875685883,-6.07551979915376,1.0021871656173267,6.12067426075669e-07,0,0.5440444808618337,0.002507808725602262,0.3658304810523987,1.000060262111556
0.00425,8,physics,0,40,2.124910747078328,2.5001336544702433,10.433876506424195,15.058920907972766,83.25404977007705,3.3639058971104774e-05,0.4186241874433786,6.4706112101302455,0.9976706045396564,6.139557386930504e-07,0,0.5409961714199474,0.0025197821896045954,0.3658304810523987,1.0000629444858038
0.0043125,8,physics,0,40,3.856738855194325,2.046380601907816,7.627999854859534,13.531119311961675,83.88064269268503,3.3892235799531715e-05,0.3901922828457038,16.88696896488608,0.9939207640055684,6.162289167832574e-07,0,0.5384455086996333,0.0025313446906209285,0.3658304810523987,1.0000627656606302
0.004375,8,physics,0,40,4.473348887407695,1.9037008942688034,6.544747162302007,12.921796943978507,84.51196095929956,3.414732191797078e-05,0.38214841360612584,22.158964227677973,0.992022871301745,6.196509172440304e-07,0,0.5364785070982592,0.0025437460444947837,0.3658304810523987,1.000063302136247
0.0044375000000000005,8,physics,0,40,3.227274385833195,2.0954813837099806,7.795806009142304,13.118561778685478,85.14801665054321,3.440432220763528e-05,0.389526588009018,20.86609404279186,0.9924883243464453,6.245957218098395e-07,0,0.5351946697345005,0.00255746751025297,0.3658304810523987,1.0000650903903823
0.0045000000000000005,8,physics,0,40,1.1121239083883103,2.4636267355829986,10.276904259710273,13.852654903681582,85.78886935782475,3.466326074662013e-05,0.4039068508431297,13.535934498668182,0.9951271411299174,6.30991992878194e-07,0,0.5344349115891327,0.002572609548755936,0.3658304810523987,1.0000652692159717
0.0045000000000000005,9,refine,0,40,1.1121239083883103,2.4636267355829986,10.276904259710273,13.852654903681582,85.78886935782475,3.466326074662013e-05,0.4039068508431297,13.535934498668182,0.9951271411299174,6.30991992878194e-07,0,0.5344349115891327,0.002572609548755936,0.3658304810523987,1.0000652692159717
0.0045625,9,physics,0,40,0.05275925022621332,2.7474173993705424,11.909330461133061,14.709507110729817,86.43454291146264,3.492414716363998e-05,0.417033466740236,2.455941285969879,0.9991158755237015,6.382984985009448e-07,0,0.5339454185250613,0.0025888990926161448,0.3658304810523987,1.0000690245607353
0.004625,9,physics,0,40,1.0966616917558487,2.7739123821241547,11.395123372684495,15.265697446564499,87.0850790221466,3.5186998312029355e-05,0.42405990347494704,-8.95023226229063,1.003222028880312,6.457535306481073e-07,0,0.5334236002475,0.002605374836263856,0.3658304810523987,1.0000679516036495
0.0046875,9,physics,0,40,3.3435715541090176,2.604255137817579,9.397206286868926,15.345032978795523,87.74051344028601,3.545182863685287e-05,0.42540404781344887,-17.131006822121527,1.0061670532822464,6.525055553652234e-07,0,0.5325975350734274,0.0026213459023470926,0.3658304810523987,1.0000674151255384
0.00475,9,physics,0,40,4.763315000483923,2.4876228232712667,7.955614694519218,15.206552518274407,88.40088191616564,3.571865258312484e-05,0.4265057957273144,-19.501091216875288,1.0070202635388272,6.579760309932684e-07,0,0.5312304678519653,0.0026362229304161123,0.3658304810523987,1.0000699186925195
0.0048125,9,physics,0,40,4.161218147269425,2.6522677319042627,8.635551836072338,15.449037715246025,89.06621423981039,3.598748218759785e-05,0.4353411474802874,-15.294835194252563,1.0055060372905604,6.619261769813533e-07,0,0.529107175036854,0.002650082941360665,0.3658304810523987,1.0000702763454568
0.004875,9,physics,0,40,2.2794931164148213,3.13931991222835,11.212811311286647,16.631624339929818,89.73655844615703,3.6258336858938276e-05,0.4586931743474179,-5.822799377121971,1.0020961657950944,6.646338945870407e-07,0,0.5263980614118106,0.0026633235502019313,0.3658304810523987,1.0000718857852584
0.0049375,9,physics,0,40,0.9248820439740008,3.8313021949949135,14.130206383139313,18.886390622108227,90.41194506795419,3.6531228933998576e-05,0.4986351781258032,5.975063616570427,0.9978490282535978,6.667847607388925e-07,0,0.5231340318290848,0.0026769727464359882,0.3658304810523987,1.0000733164005897
0.005,9,physics,0,40,1.1461238110974807,4.594279334033375,16.070783497283166,21.81118664241402,91.09241832446132,3.6806176279708725e-05,0.5507002848076508,16.49712680568947,0.9940611798380342,6.692164946642267e-07,0,0.5195749643669333,0.0026922888540583047,0.3658304810523987,1.0000747470179674
0.005,10,refine,0,40,1.1461238110974807,4.594279334033375,16.070783497283166,21.81118664241402,91.09241832446132,3.6806176279708725e-05,0.5507002848076508,16.49712680568947,0.9940611798380342,6.692164946642267e-07,0,0.5195749643669333,0.0026922888540583047,0.3658304810523987,1.0000747470179674
0.0050625,10,physics,0,40,2.3761097140570047,5.3424625959358245,16.946618946858486,24.665191256851315,91.7780056518066,3.7083189981722036e-05,0.6043620850257541,22.565677493496064,0.991876544940841,6.728192953886489e-07,0,0.5160381346041193,0.002709882910344441,0.3658304810523987,1.0000763564649637
0.005125,10,physics,0,40,3.24945744549174,5.970209123417412,17.44573901966756,26.66540558857671,92.46875765203968,3.7362290485954815e-05,0.6455647613026488,22.335677592144343,0.9919593372294695,6.779512338184193e-07,0,0.5127129764745527,0.0027300310329228033,0.3658304810523987,1.0000776082588627
0.0051875,10,physics,0,40,3.0453072080421664,6.280076584441767,17.86507086076941,27.190454653253344,93.16470764628183,3.764349125591021e-05,0.6605994668725079,15.771829764723416,0.9943222631170231,6.846886844158468e-07,0,0.5098375311318032,0.002752207202567379,0.3658304810523987,1.0000770717755714
0.00525,10,physics,0,40,2.257847800806783,6.044555279476267,17.571131371100012,25.873534451383062,93.8658895482583,3.7926805994534924e-05,0.6403875277161838,4.651749623091663,0.9983254096622449,6.926215991853729e-07,0,0.5075895954473608,0.002775038289486793,0.3658304810523987,1.0000808271646546
0.0053125,10,physics,0,40,1.8508566137609672,5.184134657546783,15.641720299614022,22.67671157092177,94.5723497163742,3.82122534330874e-05,0.584079657453201,-7.8959483765481915,1.0028424738143213,7.009881208830398e-07,0,0.5058506529147562,0.0027971317413026105,0.3658304810523987,1.0000811848214934
0.0053750000000000004,10,physics,0,40,2.123525201609614,3.897467848797535,11.984905073200643,18.005898123607793,95.28411908890067,3.8499846072272754e-05,0.500778036489941,-18.24965223772924,1.0065697091629628,7.088870450644441e-07,0,0.5045812050081738,0.0028168737426475317,0.3658304810523987,1.0000836884229454
0.0054375000000000005,10,physics,0,40,2.452834035191302,2.5920897803902863,7.738996531043394,12.783920346624983,96.00123928698676,3.878960072924632e-05,0.40844091614968814,-23.322497510806667,1.0083958829137838,7.15538543971661e-07,0,0.5035333422460495,0.002833264647654233,0.3658304810523987,1.0000856555427688
0.0055,10,physics,0,40,2.1652723234474562,1.64862853056378,4.507341108051443,8.321241962062679,96.72375869522507,3.908153695395396e-05,0.32979973490602094,-21.516680915633728,1.007745779362653,7.20450281654906e-07,0,0.5025208627997951,0.0028462052414178077,0.3658304810523987,1.00008780149608
0.0055,11,refine,0,40,2.1652723234474562,1.64862853056378,4.507341108051443,8.321241962062679,96.72375869522507,3.908153695395396e-05,0.32979973490602094,-21.516680915633728,1.007745779362653,7.20450281654906e-07,0,0.5025208627997951,0.0028462052414178077,0.3658304810523987,1.00008780149608
0.0055625,11,physics,0,40,1.4839053804074975,1.232811537544992,3.2120201213466197,5.92873703929911,97.45173695387888,3.937567884423039e-05,0.2862657056712082,-13.225529818793392,1.0047610536666118,7.237131161019768e-07,0,0.5013706370547426,0.002856375013919497,0.3658304810523987,1.0000890533043045
0.005625,11,physics,0,40,1.3771667790012943,1.3312437242483959,3.7294218156305545,6.437832318880245,98.18519175907949,3.967203355025277e-05,0.291856004126877,-0.7334812122945198,1.0002640452569753,7.259029057848923e-07,0,0.4998746382323823,0.0028654733239071393,0.3658304810523987,1.0000910204346805
0.0056875,11,physics,0,40,2.4162028663284225,1.9418796638468767,5.550433535104389,9.908516065279688,98.92417020937012,3.997062010233466e-05,0.34922551486665554,12.502272340327323,0.9954993171633603,7.278448519443249e-07,0,0.49796179848564615,0.0028754236838738193,0.3658304810523987,1.0000938817221343
0.00575,11,physics,0,40,3.94283951855682,3.1709048967298314,8.550878688057736,15.664623103344388,99.66870298055609,4.027145089513108e-05,0.4489011416281297,22.8561044840872,0.9917720510344411,7.305580096428345e-07,0,0.49570095365988637,0.0028881064712522283,0.3658304810523987,1.0000945970452768
0.0058125,11,physics,0,40,4.55080871511416,5.089714068796117,12.914956215957652,22.55547899986793,100.41884309956137,4.0574547354336356e-05,0.5715161795675863,27.536327705024053,0.9900872357708022,7.348379833516108e-07,0,0.4930136324763967,0.0029050666598013286,0.3658304810523987,1.000097100680305
0.005875,11,physics,0,40,3.4624009962349134,7.473366809087847,18.305459616912742,29.241227422235504,101.17462633475932,4.087992393227353e-05,0.6920605322730713,25.295225261521395,0.9908939973460167,7.409761462184856e-07,0,0.49009016474899814,0.0029267083317395136,0.3658304810523987,1.0000994254898719
0.0059375,11,physics,0,40,1.4124868401875554,9.69491473004527,23.292434835363775,34.3998364055966,101.93610662510795,4.1187602423147104e-05,0.7851673921079284,16.712646473395786,0.9939836409182847,7.488836430979973e-07,0,0.4870437419393924,0.0029523913108619403,0.3658304810523987,1.0000996043216008
0.006,11,physics,0,40,0.09169501395585745,10.948526489231515,25.86138932036454,36.90161082355191,102.70330747772022,4.149759232507955e-05,0.8305912829002196,4.047130560296562,0.998543080413254,7.579826846182414e-07,0,0.4839421960602552,0.0029806464791001597,0.3658304810523987,1.0001017503048428
0.006,12,refine,0,40,0.09169501395585745,10.948526489231515,25.86138932036454,36.90161082355191,102.70330747772022,4.149759232507955e-05,0.8305912829002196,4.047130560296562,0.998543080413254,7.579826846182414e-07,0,0.4839421960602552,0.0029806464791001597,0.3658304810523987,1.0001017503048428
0.0060625,12,physics,0,40,0.6047001808435682,10.702548719746922,24.7411680791094,36.048416979699894,103.47628815995267,4.1809917585231497e-05,0.8180317402112389,-9.341705229571675,1.0033628966207102,7.674361981457882e-07,0,0.48095868270899284,0.0030094435608540655,0.3658304810523987,1.0001044327903708
0.006125,12,physics,0,40,2.404395015980472,9.055363152004412,20.398173377843918,31.8579315458288,104.25508446944144,4.2124592667749674e-05,0.7501579013885976,-19.87081687056626,1.0071532408072923,7.760997657868528e-07,0,0.4780307200328766,0.003036560598913398,0.3658304810523987,1.0001053269538123
0.0061875,12,physics,0,40,3.7910899096179187,6.68943428860367,14.740622141796027,25.22114634001762,105.03975535254627,4.244164139009495e-05,0.6426346258460603,-24.742798114149053,1.0089070855876576,7.833518509414726e-07,0,0.4753458764099311,0.0030600382657797656,0.3658304810523987,1.0001047904556515
0.00625,12,physics,0,40,3.5298838966907904,4.43985210165264,9.768916791612753,17.738652789956184,105.83032554905179,4.2761073748454595e-05,0.520532724754887,-22.746580377585367,1.0081884526605847,7.887065578415783e-07,0,0.472862163060929,0.0030792302315639252,0.3658304810523987,1.0001062211180531
0.0063125,12,physics,0,40,1.9815682288736132,2.8334381510500335,6.4103157575726275,11.225322137496274,106.62684363884264,4.308290937168282e-05,0.41188623142397174,-14.590547444213415,1.0052523866949192,7.922862987896903e-07,0,0.4706647321202236,0.0030941747412100104,0.3658304810523987,1.0001072941161977
0.0063750000000000005,12,physics,0,40,0.6456657722815038,1.9652473482176567,4.518813951275408,7.129727071774569,107.4293450485675,4.340716257402771e-05,0.3404694381311483,-2.6470956190781885,1.0009529150609278,7.94831946926423e-07,0,0.4687465728552369,0.0031059848196198637,0.3658304810523987,1.0001072941161977
0.0064375000000000005,12,physics,0,40,0.668474478267252,1.7286884374257054,3.7742127994057113,6.1713757150986694,108.23788845331381,4.3733857063341734e-05,0.3201908995753439,9.790191485764073,0.9964756860968577,7.971980231502585e-07,0,0.46710343822028577,0.003116598721686797,0.3658304810523987,1.00010961894946
0.006500000000000001,12,physics,0,40,1.8551988814945748,2.0913204644313246,4.3618071093750626,8.308326455300962,109.05252216176365,4.406301235889882e-05,0.3526816995086641,19.46425312287722,0.9929931908823452,8.00347674356771e-07,0,0.4656717093700528,0.0031279814654513894,0.3658304810523987,1.0001081882821974
0.006500000000000001,13,refine,0,40,1.8551988814945748,2.0913204644313246,4.3618071093750626,8.308326455300962,109.05252216176365,4.406301235889882e-05,0.3526816995086641,19.46425312287722,0.9929931908823452,8.00347674356771e-07,0,0.4656717093700528,0.0031279814654513894,0.3658304810523987,1.0001081882821974
0.0065625,13,physics,0,40,3.0600755528318233,3.136036266526242,6.718837814091325,12.914949633449389,109.87328127946387,4.439464264520488e-05,0.42816965779517613,24.01210255741758,0.9913560449601699,8.050101669709873e-07,0,0.46435323284556174,0.0031419307756042902,0.3658304810523987,1.0001087247821812
0.006625,13,physics,0,40,3.389882129846547,4.872989328986344,10.730789821300043,18.993661280132933,110.7002141148082,4.4728767441417364e-05,0.5288584435875717,22.515468342883985,0.9918948096781621,8.115101977068662e-07,0,0.4629990164875801,0.003159506234034116,0.3658304810523987,1.0001097977830116
0.0066875,13,physics,0,40,2.953826491055341,7.049360176110291,15.344218447673466,25.3474051148391,111.53337961307712,4.506541056456104e-05,0.6335352657147412,15.676890022250964,0.9943565648146555,8.196546623651103e-07,0,0.46143790639663795,0.003181149443012334,0.3658304810523987,1.0001119437881265
0.00675,13,physics,0,40,2.4988505947960475,9.162875694471468,19.100112741073374,30.76183903034089,112.3728251200482,4.5404591144845295e-05,0.7223113984050703,5.563519157190088,0.997997221562164,8.289088739843474e-07,0,0.45953218344265623,0.0032060340815342034,0.3658304810523987,1.0001142686321973
0.0068125,13,physics,0,40,2.4574710573957144,10.684821678488106,21.11535155985226,34.257644295736085,113.21857574498344,4.57463193277459e-05,0.7806792494437051,-4.946181922874674,1.0017805430283762,8.383349054952299e-07,0,0.45720131483168325,0.003233073124939082,0.3658304810523987,1.0001160569774676
0.006875,13,physics,0,40,2.4976691499288695,11.315006253542975,21.548305481127002,35.360980884598845,114.07070176099272,4.60906235073325e-05,0.8021103336739562,-12.97684632792577,1.0046714391366378,8.471103960516763e-07,0,0.4543791719810813,0.003260830160494797,0.3658304810523987,1.0001185606662186
0.0069375,13,physics,0,40,2.0573819005285037,11.07633399019913,21.103786089521044,34.23750198024868,114.92923950563656,4.6437518365909986e-05,0.7887307377693209,-16.46365521647745,1.005926628674986,8.545807261839403e-07,0,0.45108286788298035,0.003287881744604555,0.3658304810523987,1.0001189183365518
0.007,13,physics,0,40,1.1979370863798176,10.215165689091453,20.15732488861594,31.57042766408721,115.79421436745679,4.678701416179801e-05,0.7497110179279464,-14.737367931220165,1.0053051877776589,8.605227534985715e-07,0,0.44748299643299255,0.0033134303481642978,0.3658304810523987,1.000119633677602
0.007,14,refine,0,40,1.1979370863798176,10.215165689091453,20.15732488861594,31.57042766408721,115.79421436745679,4.678701416179801e-05,0.7497110179279464,-14.737367931220165,1.0053051877776589,8.605227534985715e-07,0,0.44748299643299255,0.0033134303481642978,0.3658304810523987,1.000119633677602
0.0070625,14,physics,0,40,0.7128902462361422,9.038648852354992,18.486710074079845,28.23824917267098,116.66571888755257,4.7139148286516865e-05,0.6980105017554007,-8.647106144841501,1.0031128056964356,8.651183271979338e-07,0,0.4438064453305281,0.003336931127568489,0.3658304810523987,1.0001210643612373
0.007125,14,physics,0,40,1.2920891315035605,7.823557830680632,15.882095026062126,24.997741988246318,117.54377840436845,4.749393097814426e-05,0.6465256237446634,-0.25359518436231754,1.0000912894833625,8.690043031833738e-07,0,0.4402891292099961,0.003358579170248659,0.3658304810523987,1.000122495046919
0.0071875,14,physics,0,40,2.6512233175938302,6.802948670889862,12.880024657980483,22.334196646464175,118.42845164101635,4.7851385963937066e-05,0.6048761037192218,7.868836231621451,0.9971673678756745,8.729678029340001e-07,0,0.43718531840915326,0.003379010702643074,0.3658304810523987,1.000122673882773
0.00725,14,physics,0,40,3.631146226958432,6.153577516355075,10.698795821775327,20.483519565088834,119.31977525537489,4.8211528055625705e-05,0.577743852649598,13.373346985022426,0.9951858576474507,8.778052560387539e-07,0,0.4346114662926311,0.003398926986633704,0.3658304810523987,1.0001194548422914
0.0073125,14,physics,0,40,3.248724780192732,5.942235859949435,10.312370712662105,19.503331352804274,120.21782011129652,4.8574385885971193e-05,0.5649541786275508,14.79389882940325,0.9946744925871539,8.839209408861856e-07,0,0.4327090857019035,0.003418837124106126,0.3658304810523987,1.0001217797038222
0.0073750000000000005,14,physics,0,40,1.6940032074519493,6.078766627850218,11.532107184093242,19.30487701939541,121.1226222749001,4.8939974027601556e-05,0.5629237434203642,11.895404987247302,0.9957178992353725,8.91522138779521e-07,0,0.43131491030914715,0.0034393792084016833,0.3658304810523987,1.0001230315545775
0.0074375000000000005,14,physics,0,40,0.27167930409250485,6.351102349120565,13.035560820333906,19.658342473546977,122.03422973212443,4.9308311869385314e-05,0.5668838141369014,5.7045101877006985,0.9979464920023763,9.002390246593e-07,0,0.43033156658553207,0.0034604174869831586,0.3658304810523987,1.0001257140971862
0.0075,14,physics,0,40,0.2682923305317826,6.557413581726912,13.433387804535268,20.259093716793963,122.95269041884661,4.967941877996342e-05,0.5731498670942433,-1.795639837502785,1.000646392775598,9.093884312250124e-07,0,0.4294476378309689,0.0034817341621413015,0.3658304810523987,1.000124819915517
0.0075,15,refine,0,42,0.26829233053178253,6.557413581726912,13.433387804535268,20.259093716793963,122.9526904188466,4.967941877996342e-05,0.5731498670942433,-1.795639837502785,1.000646392775598,5.992767420082151e-07,0,0.4343334128832325,0.003409639256270961,0.24088996648788452,1.000124819915517
0.0075625,15,physics,0,42,1.7592431845605547,6.656908789555845,12.46063468766777,20.87678666178417,123.87807433585415,5.005332304337281e-05,0.5803951197228937,-8.200386705619316,1.002951967656829,6.052202934370145e-07,0,0.4330688407110941,0.003431631240271423,0.24088996648788452,1.0001271447895197
0.007625,15,physics,0,42,3.5083006881861727,6.798075345986891,11.270270345252277,21.57664637942534,124.8104184608982,5.0430039600589365e-05,0.5913593767768003,-11.478314114066997,1.004131950731037,6.105095717856559e-07,0,0.43129362254723136,0.0034538636066306504,0.24088996648788452,1.0001275024629228
0.0076875,15,physics,0,42,4.102911172014231,7.226998806945276,11.344432780549239,22.674342759508747,125.74978264905599,5.08095926362441e-05,0.6099627569989232,-10.504068034598141,1.003781239331704,6.148766704683342e-07,0,0.4288369939512822,0.0034764528755919268,0.24088996648788452,1.000128754320841
0.00775,15,physics,0,42,3.23317663561703,8.108904671323582,13.25348485592086,24.595566162861473,126.69621365212683,5.119200104054763e-05,0.6402942303390717,-5.4622194014312155,1.0019662811954977,6.183482232913208e-07,0,0.42568150818444156,0.0034998622466754182,0.24088996648788452,1.0001283966469903
0.0078125,15,physics,0,42,1.86454269819812,9.448233850329238,16.242572691221852,27.555349239749212,127.64977110378078,5.157728890867068e-05,0.6840743525732896,2.2085836872074567,0.9992049566462102,6.213013694633672e-07,0,0.42183970682416533,0.003524597549058115,0.24088996648788452,1.0001300061803262
0.007875,15,physics,0,42,1.201535060100706,11.123549063169282,19.02413475848301,31.349218881753,128.6105032681775,5.196547574189779e-05,0.7389102592158646,10.252591959616884,0.9963092813851431,6.241398464723602e-07,0,0.4176014400379687,0.0035511735036763076,0.24088996648788452,1.0001310792039892
0.0079375,15,physics,0,42,1.5561920675413747,12.947257276004875,20.87306471065948,35.37651405420573,129.57845714973874,5.2356580532512454e-05,0.7978577833694983,16.275827839088446,0.9941410382877224,6.274577346587757e-07,0,0.41324638709418116,0.0035800341439638336,0.24088996648788452,1.000134298281886
0.008,15,physics,0,42,2.2238037791826755,14.664319749214222,21.9543805191576,38.8425040475545,130.55370453135868,5.275063228461736e-05,0.8504843823658097,18.427769900522005,0.9933663800529475,6.317205478723046e-07,0,0.40906492751360113,0.003611013601920061,0.24088996648788452,1.0001351924720292
0.008,16,refine,0,42,2.2238037791826755,14.664319749214222,21.9543805191576,38.8425040475545,130.55370453135868,5.275063228461736e-05,0.8504843823658097,18.427769900522005,0.9933663800529475,6.317205478723046e-07,0,0.40906492751360113,0.003611013601920061,0.24088996648788452,1.0001351924720292
0.0080625,16,physics,0,42,2.3559913894988505,15.922355783005539,22.706117298571648,40.98446447107604,131.5362931762103,5.3147650297071845e-05,0.8851873284864762,15.899646092401166,0.9942764641310213,6.370812979383794e-07,0,0.40529142071899216,0.0036438059072031936,0.24088996648788452,1.000136444339573
0.008125,16,physics,0,42,1.8519008751764627,16.320163365647314,23.05019390339917,41.22225814422295,132.52628256766505,5.354765860431798e-05,0.8920887506611149,9.15549621667064,0.9967042105433465,6.434737365168534e-07,0,0.4020312352400677,0.0036773588084371167,0.24088996648788452,1.000135371310154
0.0081875,16,physics,0,42,1.376153846205369,15.577349766814725,22.29377197115561,39.2472755841757,133.52372046873538,5.395067650515023e-05,0.8659485508358242,-0.18518562388293416,1.0000666629623196,6.504988165900727e-07,0,0.3992774116624044,0.0037105319890181447,0.24088996648788452,1.0001373385316352
0.00825,16,physics,0,42,1.5503945172058566,13.735608132761342,19.829766953738652,35.11576960370585,134.52866613443155,5.435672794174066e-05,0.8082712359942247,-9.723235075382735,1.0035001530746088,6.575538922248823e-07,0,0.39697305997344723,0.003742059552796102,0.24088996648788452,1.0001394845958462
0.0083125,16,physics,0,42,2.2045418370350847,11.224139738831262,15.925467026023739,29.354148601890085,135.54117938295715,5.4765837083821314e-05,0.7279811203313257,-16.908201261748328,1.0060865747800716,6.641751317815192e-07,0,0.3949518314524264,0.0037708145246408077,0.24088996648788452,1.0001382327244968
0.008375,16,physics,0,42,2.5153386380352005,8.698203766121802,11.77695264856861,22.990495052725613,136.56131924806945,5.517802778416633e-05,0.6401655181212004,-19.725765320097143,1.0071008374453279,6.698834287277574e-07,0,0.3930636003659966,0.0037963170921850404,0.24088996648788452,1.0001421671825854
0.0084375,16,physics,0,42,1.9253419833461871,6.743346877911708,8.725497926413016,17.39418678767091,137.5891229765584,5.55933150924576e-05,0.5630301079447366,-17.291471942765277,1.0062245369860114,6.743571479006509e-07,0,0.3911291527768848,0.0038186087588523454,0.24088996648788452,1.0001446709367006
0.0085,16,physics,0,42,0.8594682016366927,5.668605820776637,7.3824882278275,13.91056225024083,138.62466115821158,5.601172753071933e-05,0.5136947791309032,-10.100413529794876,1.0036359161086938,6.777299050852993e-07,0,0.389067811200547,0.003838457144175958,0.24088996648788452,1.000146101656152
0.0085,17,refine,0,44,0.8594682016366928,5.668605820776638,7.382488227827501,13.910562250240833,138.6246611582116,5.6011727530719327e-05,0.5136947791309032,-10.100413529794876,1.0036359161086938,6.777299050852993e-07,0,0.389067811200547,0.0036727847275442814,0.24088996648788452,1.000146101656152
0.0085625,17,physics,0,44,0.42123765605682695,5.540246154528813,7.4783824312849125,13.439866241870552,139.6679939667368,5.643328941232622e-05,0.5036314902853974,0.09542120956329089,0.9999656506187995,6.803494567719784e-07,0,0.3868327047670949,0.0036907775377163056,0.24088996648788452,1.0001477112179813
0.008625,17,physics,0,44,1.3115995839933725,6.367387466246261,8.546759818335474,16.225746868575108,140.71917948014607,5.6858024203880535e-05,0.5379599503551136,10.775309880333188,0.9961211589529353,6.829451830725482e-07,0,0.3844101902035657,0.003709473073742942,0.24088996648788452,1.0001482477391666
0.0086875,17,physics,0,44,3.0555970026302117,8.228606165271529,10.508648828516142,21.79285199641788,141.77827846320392,5.728595645757523e-05,0.611213749990146,19.33068570005782,0.9930414421699931,6.859437782225086e-07,0,0.3819027852121997,0.0037302819055222416,0.24088996648788452,1.0001487842606398
0.00875,17,physics,0,44,4.34181785974795,11.170278467548785,13.675371792196763,29.1874681194935,142.84533835659656,5.771710534196786e-05,0.7110299845696241,23.717963160380048,0.9914621317456451,6.89979614776349e-07,0,0.37931614011800757,0.0037544372763487727,0.24088996648788452,1.0001486054201167
0.008812500000000001,17,physics,0,44,4.16298679298301,14.972328896831934,18.063303709980385,37.198619399795334,143.92044221032097,5.8151504413669165e-05,0.8200718163212095,22.96498630006369,0.9917331356337754,6.953905895556998e-07,0,0.3766959309982832,0.0037824899446042264,0.24088996648788452,1.0001496784637347
0.008875000000000001,17,physics,0,44,2.691968593481013,19.004981026827334,22.843986073026187,44.54093569333453,145.00363800625482,5.8589173059906836e-05,0.9195716081820619,17.367055589281737,0.9937482758587751,7.020432519766467e-07,0,0.3740728604760601,0.0038144582737809816,0.24088996648788452,1.000150572667629
0.008937500000000001,17,physics,0,44,1.0998041411563526,22.35311031842745,26.56179826535121,50.01471272493501,146.09497431766,5.9030130906859045e-05,0.992988849088834,8.334529010963694,0.9969997728897777,7.095494130027191e-07,0,0.37139863943258583,0.0038494521906925,0.24088996648788452,1.000151824554424
0.009000000000000001,17,physics,0,44,0.5039831359808086,24.180406351446795,28.018909168017913,52.703298655445515,147.19453273984936,5.947441092336698e-05,1.0291964964520335,-1.8815763669386087,1.0006773211036746,7.174537266507733e-07,0,0.3686017610784384,0.003886308005072042,0.24088996648788452,1.0001539706497187
0.009000000000000001,18,refine,0,48,0.5039831359808086,24.18040635144679,28.018909168017913,52.70329865544551,147.19453273984934,5.947441092336699e-05,1.0291964964520335,-1.8815763669386087,1.0006773211036746,7.087374847003503e-07,0,0.3686017610784384,0.0035146348959280713,0.23809105157852173,1.0001539706497187
0.0090625,18,physics,0,48,1.0298441835532974,24.119808852763683,26.98623385570096,52.135886892017936,148.30236243733475,5.992203297450529e-05,1.023138724306005,-10.755779835446168,1.0038718100288657,7.163878006366541e-07,0,0.365629972388731,0.003548907265410336,0.23809105157852173,1.0001543283327154
0.009125,18,physics,0,48,1.8493474641779857,22.401637207900386,24.490962569458283,48.74194724153665,149.41853372691003,6.037302547199424e-05,0.9824985991461286,-16.239558815965477,1.0058458324407866,7.232253214084489e-07,0,0.36250492598232126,0.003582225978945319,0.23809105157852173,1.0001564744333826
0.0091875,18,physics,0,48,2.1006240166090784,19.697247943558146,21.550886591018994,43.34875855118622,150.54310678020633,6.0827412728369445e-05,0.9166687861581405,-17.18725624174262,1.0061869730235933,7.288802281735226e-07,0,0.3592774853215667,0.003613637223125326,0.23809105157852173,1.0001593359081022
0.00925,18,physics,0,48,1.7025314042318622,16.76627293121848,18.743413087679624,37.21221742312997,151.6761437328856,6.128521984973928e-05,0.8405111743987174,-13.662823649278389,1.0049182532865613,7.334230929245678e-07,0,0.3560327670733115,0.0036426047144402325,0.23809105157852173,1.0001593359081022
0.0093125,18,physics,0,48,1.2896762901539618,14.193364267962394,16.079770394368904,31.562810952485258,152.8177217097758,6.174647799863148e-05,0.7691192994596387,-6.844402962865453,1.0024637987020524,7.372077526213159e-07,0,0.35293095110275685,0.003669068699333482,0.23809105157852173,1.00016166086234
0.009375,18,physics,0,48,1.4166808000854636,12.317937942552028,13.576159566379168,27.310778309016662,153.96788137336847,6.22112036048528e-05,0.7146083717439107,1.262441230813317,0.9995455555316116,7.405532098658793e-07,0,0.35008865742396256,0.003693506304723485,0.23809105157852173,1.000163270449209
0.0094375,18,physics,0,48,1.9313837699878498,11.298289945987253,11.71030547653421,24.939979192509313,155.12669304002253,6.267942507994782e-05,0.6840112895737094,8.508099846590216,0.9969373107913438,7.442203706631289e-07,0,0.3476169260688146,0.0037166920856295405,0.23809105157852173,1.0001650588821016
0.0095,18,physics,0,48,2.169119488989425,11.175299690835486,11.204146975391762,24.548566155216673,156.29422847990975,6.315117142287872e-05,0.6787117287754513,13.131276151203307,0.9952730913719907,7.485285813402245e-07,0,0.3455706043602724,0.0037393411477414967,0.23809105157852173,1.0001663107870291
0.0095,19,refine,0,60,2.169119488989425,11.175299690835486,11.204146975391762,24.548566155216673,156.29422847990975,6.315117142287872e-05,0.6787117287754513,13.131276151203307,0.9952730913719907,5.422072026917136e-07,0,0.36578215663164676,0.003536732130780645,0.1725849062204361,1.0001663107870291
0.0095625,19,physics,0,60,1.7364077932628674,11.877275806742064,12.254306572407076,25.867990172412007,157.47054732226877,6.362646672702571e-05,0.6931894385902094,14.254605221935604,0.9948687219973832,5.460690868375202e-07,0,0.3642258625772376,0.0035582528097965463,0.1725849062204361,1.0001648800386684
0.009625,19,physics,0,60,1.0149491378941222,13.206045243766216,14.408357792652257,28.629352174312594,158.6557204742832,6.41053396426579e-05,0.7252132339059313,11.86784009537311,0.9957278976565449,5.50649111197288e-07,0,0.36292342125124627,0.00358067848466061,0.1725849062204361,1.000163806978741
0.0096875,19,physics,0,60,0.8645304586490401,14.867854284216635,16.430011123848207,32.16239586671388,159.84983012101415,6.458782337690604e-05,0.7654057352084283,6.998923805032396,0.9974805685414971,5.557323135008112e-07,0,0.36171847837990384,0.003604240156601908,0.1725849062204361,1.0001639858219822
0.00975,19,physics,0,60,1.7538182954330326,16.596131056906163,17.504896664840498,35.854846017179696,161.05291468865917,6.507393345599533e-05,0.8073004880186662,1.263456974547712,0.9995451884276474,5.610579414394579e-07,0,0.36041641464329266,0.003629083137460929,0.1725849062204361,1.000164522351898
0.0098125,19,physics,0,60,3.1798541985308444,18.265080511044676,17.81768898144046,39.26262369101598,162.26504508331706,6.556369852975656e-05,0.8468657380896162,-3.542735841963299,1.0012752918594112,5.662368316450285e-07,0,0.35881038452411235,0.003655230382696746,0.1725849062204361,1.0001647011952672
0.009875,19,physics,0,60,4.019087930478967,19.908946333582776,18.32504928892531,42.25308355298705,163.4863041302603,6.605715206399999e-05,0.882874047154541,-5.9508874438433175,1.0021421631902423,5.70986063763713e-07,0,0.3567622634307423,0.0036824355217118018,0.1725849062204361,1.000167026161977
0.0099375,19,physics,0,60,3.5387306322661205,21.629667598339676,19.819376962939586,44.98777519354538,164.71675113595626,6.655431802168895e-05,0.9162576069262954,-5.259076627895528,1.0018931342049464,5.751113549834479e-07,0,0.3542902058260188,0.0037106971977885293,0.1725849062204361,1.0001684569134077
0.01,19,physics,0,60,2.097490990110683,23.476076130388268,22.157722716463162,47.73128983696211,165.95645786788964,6.705522540069995e-05,0.9487528883866605,-1.7397463417610073,1.0006262637755634,5.787466852424937e-07,0,0.3513683619060656,0.0037400158442202278,0.1725849062204361,1.0001707818888481
0.01,20,refine,0,70,2.0974909901106824,23.476076130388265,22.157722716463166,47.73128983696211,165.95645786788964,6.705522540069998e-05,0.9487528883866605,-1.7397463417610073,1.0006262637755634,5.787466852424937e-07,0,0.3513683619060656,0.003275143741765982,0.1725849062204361,1.0001707818888481
0.0100625,20,physics,0,70,0.8402237513918518,25.390406553115657,24.270774091302044,50.50140439580955,167.2054958229011,6.755990308955496e-05,1.0265287744655185,3.5295845054128376,0.9987294404588016,5.820023396552183e-07,0,0.34812759209908284,0.003296979010628485,0.1725849062204361,1.000171497266994
0.010125,20,physics,0,70,0.6356164420767083,27.26378123106141,25.494693081982433,53.39409075512055,168.4639364478037,6.80683799565619e-05,1.0602632795800282,8.841638843000752,0.996817239380929,5.853040496717196e-07,0,0.34477593858690975,0.0033196264874995234,0.1725849062204361,1.0001734645595335
0.0101875,20,physics,0,70,1.366304007336143,28.916403256458604,25.61052841492687,55.89323567872162,169.7318623461626,6.858068937794957e-05,1.0899572848089996,12.496311559550175,0.995501656836466,5.888962864020188e-07,0,0.341509370385818,0.0033432346621577497,0.1725849062204361,1.0001732857145973
0.01025,20,physics,0,70,2.139688695453481,30.133843175121523,25.237782111708754,57.51131398228376,171.0093226293797,6.909685119733324e-05,1.1104423847727583,13.256341224194268,0.99522807384654,5.931779334389373e-07,0,0.3385011990080069,0.0033678438894156376,0.1725849062204361,1.0001734645595335
0.0103125,20,physics,0,70,2.1886644347542217,30.653434298226134,24.974707334889278,57.816806067869635,172.2963998012197,6.961689875061696e-05,1.1160561124042694,10.66581673021546,0.9961605922748098,5.982530053572079e-07,0,0.33585264103414547,0.0033933612821358448,0.1725849062204361,1.0001770414649735
0.010375,20,physics,0,70,1.5639337497112913,30.21448735764782,24.742362225047813,56.52078333240692,173.59314307279251,7.014085192170342e-05,1.1024497208728556,5.185529279285831,0.9981333476509207,6.03960245371127e-07,0,0.3336354251827949,0.003419182580483668,0.1725849062204361,1.0001782933848997
0.0104375,20,physics,0,70,0.9853238238811451,28.68654118968907,23.855476123687282,53.527341137257494,174.8996688815657,7.06687577575152e-05,1.0682673161388085,-1.9017336371595246,1.0006845733068253,6.100078682180763e-07,0,0.33174698286015536,0.0034446489129081035,0.1725849062204361,1.0001793664603693
0.0105,20,physics,0,70,1.0514293730153752,26.206236695324066,21.745999688726744,49.00366575706619,176.2160263883294,7.120063612162331e-05,1.0162299185609074,-8.812903380644995,1.0031724052526352,6.161019330264146e-07,0,0.33008876719824576,0.0034694140870211478,0.1725849062204361,1.0001799029985359
0.0105,21,refine,0,70,1.0514293730153752,26.206236695324066,21.745999688726744,49.00366575706619,176.2160263883294,7.120063612162331e-05,1.0162299185609074,-8.812903380644995,1.0031724052526352,6.161019330264146e-07,0,0.33008876719824576,0.0034694140870211478,0.1725849062204361,1.0001799029985359
0.0105625,21,physics,0,70,1.6119356558967168,23.213746855105768,18.641477248348114,43.467159759350594,177.54229841669098,7.173652047916498e-05,0.9533961861725064,-13.704267924851607,1.0049331615385408,6.218107273525671e-07,0,0.32852294860230674,0.0034927656548595686,0.1725849062204361,1.0001829433869165
0.010625,21,physics,0,70,1.9436122118322992,20.33030660638027,15.535774004508466,37.80969282272103,178.8785346684829,7.227643091232104e-05,0.8902229118490258,-15.166695902198924,1.0054595321460273,6.267930077186182e-07,0,0.3269288601487403,0.0035143504962855563,0.1725849062204361,1.00018419531423
0.0106875,21,physics,0,70,1.5518839011757621,18.142769652406418,13.47187823635038,33.16653178993256,180.2248420447905,7.282041061480898e-05,0.8385968187005757,-12.58100502379822,1.004528649995071,6.309447151409127e-07,0,0.32517757262834085,0.0035341955626124796,0.1725849062204361,1.0001852683960317
0.010750000000000001,21,physics,0,70,0.7663151166290179,17.04021368761979,12.82173975957145,30.628268563820257,181.58127705494215,7.336848241939963e-05,0.8093429652796685,-6.4627350911014885,1.002326319639485,6.343424718835429e-07,0,0.32326913298055643,0.003552809150617447,0.1725849062204361,1.0001870568682598
0.010812500000000001,21,physics,0,70,0.4812905203042028,17.20393058716129,13.232510514389151,30.917731621854646,182.94791439908096,7.392067650891914e-05,0.8097731681563896,1.7494270426563074,0.9993702791229135,6.37230859190652e-07,0,0.32116559358529184,0.003570937881445778,0.1725849062204361,1.0001875934105517
0.010875000000000001,21,physics,0,70,1.2754930119287788,18.70575395146067,14.214139904780748,34.1953868681702,184.32483593929635,7.447702596000055e-05,0.8420407261832321,10.156081181732326,0.9963442428960188,6.40142350682993e-07,0,0.31902011054558504,0.0035892826189328417,0.1725849062204361,1.0001872357156585
0.010937500000000001,21,physics,0,70,2.788461018067814,21.57135092576772,15.707137566151493,40.066949509987026,185.71212505730114,7.503756446328557e-05,0.9026371213169241,16.972004337947755,0.9938905482120967,6.43333883942887e-07,0,0.31690950819751174,0.0036089273058958226,0.1725849062204361,1.0001870568682598
0.011,21,physics,0,70,3.975861147596525,25.716336256624103,18.04181301712546,47.734010421346085,187.10985459490183,7.560232145073368e-05,0.9831437616984833,20.696993586218294,0.9925496525234853,6.473428566522451e-07,0,0.3147648458347447,0.003630536097391313,0.1725849062204361,1.0001881299531317
0.011,22,refine,0,73,3.9758611475965244,25.716336256624103,18.041813017125463,47.73401042134609,187.10985459490183,7.560232145073368e-05,0.9831437616984833,20.696993586218294,0.9925496525234853,6.473428566522451e-07,0,0.3147648458347447,0.003630536097391313,0.1725849062204361,1.0001881299531317
0.0110625,22,physics,0,73,4.012799163138055,30.801234574053854,21.33463802180279,56.148671758994695,188.5181056290703,7.617132968174877e-05,1.0716949884699214,20.49951693384839,0.9926207386777388,6.522448794399343e-07,0,0.3127785466596631,0.00365444995296958,0.1725849062204361,1.0001895607347517
0.011125,22,physics,0,73,2.9763542387366626,36.18881402038978,25.11163360172196,64.2768018608484,189.93695157260044,7.674461881899956e-05,1.155957632699802,16.563472097979393,0.9940376031797896,6.581209257561219e-07,0,0.3108981600230021,0.003680757424516198,0.1725849062204361,1.0001895607347517
0.0111875,22,physics,0,73,1.7398354942098764,41.01519114014407,28.285952435697357,71.0409790700513,191.3664755871583,7.732222246421715e-05,1.2247595975973584,9.916283080565949,0.9964304061841712,6.647425765393676e-07,0,0.30897813097832116,0.003709079002214335,0.1725849062204361,1.000191528062821
0.01125,22,physics,0,73,1.1550795411115795,44.488015707710005,29.9559655011428,75.5990607499644,192.8067600824172,7.790417391528753e-05,1.270167717813713,2.186970614967617,0.9992127504086437,6.716558837993603e-07,0,0.3070492614953149,0.0037386214548791588,0.1725849062204361,1.0001942107891522
0.0113125,22,physics,0,73,1.3229530184075327,46.16498387393694,30.011173844166517,77.49911073651099,194.2578999180605,7.849051150056219e-05,1.2888565926575994,-4.793531617243731,1.0017255408603043,6.784067760889912e-07,0,0.304983770160926,0.0037688200884903374,0.1725849062204361,1.00019438963783
0.011375,22,physics,0,73,1.6248856033564738,46.07966010304263,29.10648876937919,76.81103447577829,195.7199561137417,7.908125987522282e-05,1.282378677421571,-9.462864509283943,1.003406368079353,6.846664870607803e-07,0,0.30272781990775294,0.0037988312178710336,0.1725849062204361,1.0001958204284047
0.0114375,22,physics,0,73,1.4481703224026936,44.64813341156716,28.009387692338002,74.10569142630786,197.1930013092822,7.967644838961626e-05,1.2563452125045524,-10.908011459646552,1.0039265850075039,6.901755993382608e-07,0,0.3002064790108684,0.0038280953656345605,0.1725849062204361,1.000197251221026
0.0115,22,physics,0,73,0.8457431671797431,42.448803111768015,26.957252175765234,70.251798454713,198.67713160917887,8.027611587506481e-05,1.2187248604829484,-9.093479856885384,1.003273400461693,6.949057311800299e-07,0,0.2975521232230435,0.0038563172830128833,0.1725849062204361,1.0002002916621424
0.0115,23,refine,0,84,0.8457431671797431,42.448803111768015,26.95725217576523,70.25179845471298,198.67713160917887,8.027611587506481e-05,1.2187248604829484,-9.093479856885384,1.003273400461693,4.797712351845006e-07,0,0.2975521232230435,0.00372498159130831,0.11904552578926086,1.0002002916621424
0.0115625,23,physics,0,84,0.454113020648663,40.006322106727666,25.567348136202426,66.02778326357875,200.17243916005086,8.08802995636978e-05,1.1903310467877917,-4.787515733337972,1.0017233712997822,4.826112309785907e-07,0,0.2948933296916317,0.003753542253273628,0.11904552578926086,1.0002031532622242
0.011625,23,physics,0,84,0.7986500367212018,37.79394101587843,23.72944507749284,62.32203613009247,201.6790174507575,8.148903722998108e-05,1.1529932195544692,0.6320098481447142,0.9997724969993523,4.853100570301194e-07,0,0.29231694296292304,0.0037811639472138526,0.11904552578926086,1.000202437861436
0.0116875,23,physics,0,84,1.6738209224949345,36.06807147666494,21.64891918109499,59.39081158025486,203.19691874864972,8.210234999270105e-05,1.1237016982146428,5.6016458740839665,0.9979835910197516,4.880369814941335e-07,0,0.2899120173586254,0.003808093138439948,0.11904552578926086,1.0002042263643656
0.01175,23,physics,0,84,2.2895256082643,34.9694658456477,20.097432910571897,57.35642436448389,204.7262591150157,8.272028474678391e-05,1.1038519127004895,8.763816357246906,0.9968453149446556,4.911267197371669e-07,0,0.2878338128148968,0.0038345146055508367,0.11904552578926086,1.0002052994676582
0.0118125,23,physics,0,84,2.019157268086357,34.48712364513197,19.67447999363009,56.18076090684842,206.26708812656958,8.334286152385599e-05,1.0923842099368128,9.385499133035623,0.996621529030349,4.947305249913824e-07,0,0.28607439963872294,0.0038607293059830052,0.11904552578926086,1.0002049417664327
0.011875,23,physics,0,84,1.0288853664914372,34.466752724877125,20.22688309925696,55.72252119062552,207.81950111267855,8.397011884204589e-05,1.086938480741811,7.479633386018201,0.9973075775279837,4.988095412272747e-07,0,0.2846320180830089,0.00388687179210623,0.11904552578926086,1.0002081610820677
0.0119375,23,physics,0,84,0.17786254056657738,34.686570473744126,20.91749487093376,55.781927885244464,209.3836159579602,8.460210433300179e-05,1.0851572007785362,3.7773699167763874,0.9986402725382293,5.032047347697246e-07,0,0.28339381351752235,0.003912949851564079,0.11904552578926086,1.00020833993324
0.012,23,physics,0,84,0.26079182635287884,34.98821325216269,20.927906569634466,56.17691164815003,210.95952670784064,8.523885599607197e-05,1.0857994590990625,-0.4805572871672032,1.0001729845379685,5.077298990130434e-07,0,0.2822306010373556,0.003939059896063133,0.11904552578926086,1.000209413040946
0.012,24,refine,0,95,0.2607918263528788,34.98821325216268,20.927906569634473,56.17691164815003,210.9595267078406,8.523885599607196e-05,1.0857994590990625,-0.4805572871672032,1.0001729845379685,4.6876136305940035e-07,0,0.2756618008484679,0.0037350134936371287,0.11003081500530243,1.000209413040946
0.0120625,24,physics,0,95,1.292677764102554,35.37080226612127,20.12589681861183,56.78937684883566,212.5472843197945,8.588039442078336e-05,1.0880896486546674,-3.8473032817388733,1.0013848979265116,4.7283084647631297e-07,0,0.2744684330414079,0.003759496215192902,0.11003081500530243,1.0002099495952308
0.012125,24,physics,0,95,2.504465379424768,36.096531577208815,19.368845173816872,57.96984213045045,214.14698328007833,8.652675778460307e-05,1.096842309290276,-5.198609652502616,1.0018713214494708,4.7662013358262774e-07,0,0.2730806819398257,0.0037840380787550745,0.11003081500530243,1.0002104861498036
0.0121875,24,physics,0,95,3.0681314490000586,37.45194441516514,19.51250017726199,60.032576041427184,215.75871837396812,8.717798438581816e-05,1.1140769966978337,-3.9282023314333423,1.0014140173073662,4.799027282231805e-07,0,0.2715053816145107,0.003808839129941109,0.11003081500530243,1.0002137054832838
0.01225,24,physics,0,95,2.838321956813168,39.70229166614582,20.874565540159043,63.415179163118026,217.382585108468,8.7834112814332e-05,1.1427892780515427,-0.1069431199316973,1.0000384962188766,4.829672528572361e-07,0,0.2696363661482239,0.003834077783737837,0.11003081500530243,1.000216924827126
0.0123125,24,physics,0,95,2.3999274788515255,42.97950304453275,22.982426863712785,68.36185738709706,219.01869992168474,8.849519011732558e-05,1.1844301382601878,5.373735450118959,0.9980656223118217,4.855526896108133e-07,0,0.2675804201360048,0.003860038238883716,0.11003081500530243,1.000217282532637
0.012375,24,physics,0,95,2.404891689245745,47.26191910885793,25.089440975176053,74.75625177327973,220.6671141926907,8.916123705467358e-05,1.2379761832414617,11.162633251159745,0.9959817954924981,4.881616648688687e-07,0,0.26535462160517553,0.003887062284228661,0.11003081500530243,1.0002188922090194
0.0124375,24,physics,0,95,2.8860252141119336,52.37682564785931,26.847239255900035,82.11009011787128,222.32792324798973,8.98322921433478e-05,1.2995967714028633,15.780859866871857,0.9943193861667339,4.910940800684222e-07,0,0.26311302223287164,0.003915583482293802,0.11003081500530243,1.0002187133559601
0.0125,24,physics,0,95,3.228534198825408,57.97557038507227,28.477324215603613,89.68142879950129,224.0012659002771,9.050841147105163e-05,1.3630824153157237,18.003546348211522,0.9935192830597396,4.943877058849469e-07,0,0.2609723485108507,0.003945436505110081,0.11003081500530243,1.0002188922090194
0.0125,25,refine,0,98,3.2285341988254084,57.97557038507225,28.477324215603613,89.68142879950128,224.00126590027708,9.05084114710516e-05,1.3630824153157237,18.003546348211522,0.9935192830597396,4.943877058849469e-07,0,0.2609723485108507,0.003652183626253529,0.11003081500530243,1.0002188922090194
0.0125625,25,physics,0,98,2.810299448919653,63.49303414637638,30.30304699141561,96.60638058671165,225.68719398985198,9.118961598401974e-05,1.4205584892450502,17.174345983790477,0.9938177727268144,4.983092765087348e-07,0,0.25896178373446205,0.0036797942808536868,0.11003081500530243,1.0002183556499373
0.012625,25,physics,0,98,1.6574937796709643,68.22877793834691,32.252334374456744,102.13860609247462,227.38578040500724,9.187593513299479e-05,1.4652169465084073,13.345145842290611,0.9951961684213075,5.027461593698489e-07,0,0.2571100204894956,0.003708622955039348,0.11003081500530243,1.0002197864747957
0.0126875,25,physics,0,98,0.4957517198328347,71.43681127536009,33.63636139167622,105.56892438686914,229.09716426454972,9.256742512936538e-05,1.491003041506487,7.294711743925892,0.9973741347966626,5.076524329794546e-07,0,0.25538487812724064,0.00373839650478315,0.11003081500530243,1.0002176402382759
0.012750000000000001,25,physics,0,98,0.11291887856030067,72.61118875612864,33.72323266379239,106.44734029848134,230.82141901530704,9.32641156495517e-05,1.4949433376523171,0.3402990724323727,0.9998775032645695,5.128122255726457e-07,0,0.2537390470498385,0.0037685495959841383,0.11003081500530243,1.0002199653280468
0.012812500000000001,25,physics,0,98,0.6405959465463844,71.6793471162543,32.36328749373946,104.68323055654015,232.55866316150178,9.396605457555523e-05,1.4776298972553699,-5.972592145564685,1.0021499367152815,5.178306361486307e-07,0,0.2521019874920146,0.0037986259764805144,0.11003081500530243,1.0002215750087469
0.012875000000000001,25,physics,0,98,1.4370039339352403,69.04677745207407,30.165439090957037,100.64922047696635,234.30896883055627,9.467327105068634e-05,1.4432016061121116,-10.254557249907897,1.003691295385033,5.225835497668633e-07,0,0.25041816877510537,0.0038280565804091195,0.11003081500530243,1.0002244366697208
0.012937500000000001,25,physics,0,98,1.6950437512286247,65.44405833524435,28.023864289072808,95.16296637554578,236.07245324266765,9.538581243813194e-05,1.3984982151122285,-11.612996327549096,1.0041802922053995,5.266959668404061e-07,0,0.2486361834720679,0.0038565798967938486,0.11003081500530243,1.000225509794697
0.013000000000000001,25,physics,0,98,1.1944858764622746,61.67212274559431,26.438049375512197,89.30465799756878,237.84923547743358,9.610372685237569e-05,1.3516492872729535,-9.88275446450615,1.00355745889922,5.30386106589731e-07,0,0.2467263119217563,0.003883932044257366,0.11003081500530243,1.000228192612174
0.013000000000000001,26,refine,0,108,1.1944858764622746,61.6721227455943,26.438049375512197,89.30465799756877,237.84923547743358,9.610372685237566e-05,1.3516492872729535,-9.88275446450615,1.00355745889922,4.4114991659682827e-07,0,0.2467263119217563,0.003494283237854053,0.09145762026309967,1.000228192612174
0.0130625,26,physics,0,108,0.46874001962343037,58.36257763008849,25.221722564982183,84.05304021469411,239.63936584679837,9.68270346221158e-05,1.3086104996194838,-5.53683531314772,1.0019930351098751,4.437881457874936e-07,0,0.24480840195431977,0.003518960901343604,0.09145762026309967,1.0002296234511043
0.013125,26,physics,0,108,0.25633310220338823,56.027679800775445,24.080168847204654,80.36418175018349,241.4429855257595,9.755579278955118e-05,1.2792911711233497,0.3227848181799587,0.9998838108669003,4.461663039023735e-07,0,0.242902392304065,0.003542945722343024,0.09145762026309967,1.0002326639906272
0.0131875,26,physics,0,108,0.7651075232056828,54.87351145077457,22.901251743098612,78.53987071707887,243.26016654022226,9.8290030456974e-05,1.2644712037731582,6.0093885717631,0.9978368696131694,4.4863637604919394e-07,0,0.24107974649682232,0.0035665247350145078,0.09145762026309967,1.0002323062796152
0.01325,26,physics,0,108,1.5013555568930168,54.97617089916307,22.132176139118947,78.60970259517504,245.0910500646421,9.902980466636412e-05,1.264297574326521,10.219295474129275,0.9963212869072792,4.513417088958253e-07,0,0.23938309514155923,0.0035899973275000238,0.09145762026309967,1.00023373712443
0.0133125,26,physics,0,108,1.7866794720090642,56.251969460406606,22.310975908607457,80.34962484102313,246.9356873938207,9.97751361435464e-05,1.2764542292492187,12.100381854657709,0.9956443680338042,4.5440738105639866e-07,0,0.23790222831428198,0.0036136466951815858,0.09145762026309967,1.000235525683327
0.013375,26,physics,0,108,1.4414214964258294,58.4550193699757,23.480048923696366,83.3764897900979,248.79421970188616,0.00010052608193036849,1.297192814294467,11.448562219528538,0.9958789037596033,4.5787599312063786e-07,0,0.23661995206217662,0.003637667833858427,0.09145762026309967,1.0002362411077812
0.0134375,26,physics,0,108,0.9749448182035955,61.22554663599434,25.022415825850597,87.22290728004853,250.66671938883647,0.00010128267128027584,1.322426601672496,8.884083205870386,0.9968020371388828,4.6177328627550185e-07,0,0.2354559638639606,0.0036621802873727984,0.09145762026309967,1.0002364199639748
0.0135,26,physics,0,108,1.095707132280732,64.2100995821455,26.117069018511998,91.42287573293824,252.55332190214114,0.00010204495892124177,1.3488819372450427,5.248843699090971,0.9981105980411226,4.6580398560536154e-07,0,0.2343584577909917,0.0036871959610237526,0.09145762026309967,1.0002364199639748
0.0135,27,refine,0,110,1.0957071322807317,64.2100995821455,26.117069018511998,91.42287573293824,252.5533219021411,0.00010204495892124177,1.3488819372450427,5.248843699090971,0.9981105980411226,4.6580398560536154e-07,0,0.2343584577909917,0.0034558401167674147,0.09145762026309967,1.0002364199639748
0.0135625,27,physics,0,110,2.008276655085997,67.19342924791711,26.416256878869365,95.61796278187246,254.45411235347618,0.00010281297924290492,1.3744759488418596,1.6819506926485372,0.9993945561065714,4.699083948622735e-07,0,0.23321788458734463,0.003480299185885685,0.09145762026309967,1.0002373142454222
0.013625,27,physics,0,110,3.173314150466431,70.2049958667399,26.357656187795705,99.73596620500203,256.369227668177,0.00010358678757037489,1.399985742125653,-0.6544706108071172,1.0002355860387635,4.7385325707693895e-07,0,0.23191078251614536,0.0035051544541107654,0.09145762026309967,1.0002373142454222
0.0136875,27,physics,0,110,3.7823148750321924,73.42903211896457,26.728331200376605,103.93967819437337,258.29877796764976,0.00010436642839855,1.4265116665755722,-0.9613053365385973,1.0003460350213957,4.7749482234849e-07,0,0.23043908747506994,0.003530470716113866,0.09145762026309967,1.0002392816674206
0.01375,27,physics,0,110,3.4956879519276116,77.11074728192114,27.97525832974676,108.58169356359551,260.2428188458199,0.0001051519241903296,1.4560840132413593,0.9422285906681895,0.999660832581672,4.80773415745262e-07,0,0.22877832737945641,0.0035563224976202586,0.09145762026309967,1.0002389239540421
0.0138125,27,physics,0,110,2.734791813501725,81.42166560095627,29.825259376544086,113.98171679100209,262.20148579567314,0.00010594332969207793,1.4903545460194798,4.621729738957308,0.9983363498435442,4.837860250184183e-07,0,0.22692135482955172,0.0035827253422772796,0.09145762026309967,1.0002392816674206
0.013875,27,physics,0,110,2.245937607236153,86.39856100928138,31.58510254594938,120.22960116246692,264.17487721756805,0.00010674068466276729,1.5296976773343982,9.126051947739144,0.9967149631894313,4.865739571258128e-07,0,0.22495665917833385,0.003609798502372337,0.09145762026309967,1.000241785664652
0.0139375,27,physics,0,110,2.375909809798024,91.9327012944027,32.79215987236075,127.10077097656148,266.1630939672748,0.00010754402985348699,1.5727008759143553,13.249222945008842,0.9952307778029787,4.894370677632769e-07,0,0.2229749719365098,0.0036376460837652734,0.09145762026309967,1.0002426799508968
0.014,27,physics,0,110,2.7662128897908214,97.76666788364179,33.57780558333852,134.1106863567711,268.1662892993154,0.00010835342718720534,1.6162256044482524,15.852643239404921,0.9942936433440801,4.92664733009463e-07,0,0.22107129538518372,0.0036662528455246018,0.09145762026309967,1.0002428588082415
0.014,28,refine,0,124,2.7662128897908205,97.7666678836418,33.577805583338524,134.11068635677114,268.1662892993154,0.00010835342718720537,1.6162256044482524,15.852643239404921,0.9942936433440801,3.249101325764058e-07,0,0.2071760526022572,0.0035102993735427273,0.06022249162197113,1.0002428588082415
0.0140625,28,physics,0,124,2.74776219059173,103.4327545035939,34.353224697080684,140.53374139126632,270.1845825190319,0.00010916892486961878,1.6539458046076783,16.169466826278587,0.9941795914570202,3.273185082974803e-07,0,0.2054643632142095,0.003537609801865386,0.06022249162197113,1.0002432165230273
0.014125,28,physics,0,124,2.0038038259304747,108.48111202407758,35.48904035748063,145.9739562074887,272.21805302607714,0.00010999055498240494,1.6856937608300644,13.960528283153542,0.9949747337219631,3.3007781752303355e-07,0,0.20386048788293157,0.003565619837531954,0.06022249162197113,1.0002458993879977
0.0141875,28,physics,0,124,0.923908654981552,112.25811134641702,36.56806020723411,149.75008020863268,274.2668473611977,0.00011081837673581057,1.7051737778662126,9.620591189108858,0.9965369451125651,3.331788667182426e-07,0,0.20242000090788545,0.0035941517276354513,0.06022249162197113,1.000248582260164
0.01425,28,physics,0,124,0.25013052554172044,114.28146255516863,36.91596842213167,151.447561502842,276.3310632550306,0.00011165242961820494,1.7102932287735437,4.059115432475034,0.9985388689439207,3.36227676811518e-07,0,0.20106318942885038,0.0036228998106788203,0.06022249162197113,1.0002489399769967
0.0143125,28,physics,0,124,0.3876859236760264,114.38442989543441,36.1365188150086,150.90863463411904,278.4108174314837,0.0001124927607922477,1.7012031414599142,-1.4992813107925156,1.0005396864551372,3.392384950728913e-07,0,0.19971662515423952,0.0036516574143235403,0.06022249162197113,1.0002539480260852
0.014375,28,physics,0,124,1.0250156672809012,112.80721501113828,34.507590536739464,148.33982121515865,280.50622953270096,0.00011333941859972114,1.6804451996095495,-5.823886398523452,1.0020963842961232,3.423609449271223e-07,0,0.19834725731679612,0.003680164647167009,0.06022249162197113,1.0002560943405132
0.0144375,28,physics,0,124,1.4350088999292663,110.13015348911891,32.78086846290166,144.34603085194985,282.6173972583205,0.00011419244251646915,1.6525000385040927,-7.957719292207879,1.0028644792873675,3.4523389302876234e-07,0,0.19688447132587134,0.0037081671566859737,0.06022249162197113,1.0002562732002567
0.0145,28,physics,0,124,1.1706599537203817,107.08512529818567,31.569864171272332,139.8256494231784,284.7444831616756,0.0001150518982226741,1.6228689409146817,-7.424365582923876,1.0026724872573394,3.476754439901693e-07,0,0.19533055230636426,0.003735661197093642,0.06022249162197113,1.0002573463593898
0.0145,29,refine,0,128,1.1706599537203817,107.08512529818567,31.569864171272332,139.8256494231784,284.7444831616755,0.0001150518982226741,1.6228689409146817,-7.424365582923876,1.0026724872573394,3.476754439901693e-07,0,0.19533055230636426,0.0036111597748447535,0.06022249162197113,1.0002573463593898
0.0145625,29,physics,0,128,0.48424480059106667,104.33611161346178,30.887735114505546,135.70809152855838,286.88758440076566,0.00011591782497532935,1.5958172026332718,-4.224982929750182,1.0015208877881994,3.4977222718168843e-07,0,0.19371218819484684,0.0036375014601196234,0.06022249162197113,1.0002593138207905
0.014625,29,physics,0,128,0.06585370553686759,102.42257271016084,30.355872694645342,132.84429911034306,289.0467975240882,0.0001167902617851569,1.5781370586884442,0.4512593524659381,0.9998375581651264,3.5199069969849027e-07,0,0.19208918819925636,0.003663724001399801,0.06022249162197113,1.0002619967289372
0.014687500000000001,29,physics,0,128,0.3614231967105275,101.6356959237095,29.630446085991665,131.6275652064117,291.2222648314564,0.00011766926614884096,1.570508337966854,5.428376310605917,0.99804592395015,3.541879820545543e-07,0,0.1904858574728916,0.0036897673500272026,0.06022249162197113,1.000262891033252
0.014750000000000001,29,physics,0,128,1.149229248779428,102.09868252890277,28.885724367686088,132.13363614536829,293.4141275891716,0.00011855489514547209,1.5730232281869272,9.533895705146685,0.9965680448686624,3.5622728766782096e-07,0,0.18898123741519623,0.003715869906829362,0.06022249162197113,1.0002625333114301
0.014812500000000001,29,physics,0,128,1.7661809219920725,103.76078329538375,28.64369520870528,134.1706594260811,295.6224397402867,0.0001194471705709093,1.583946228537874,11.871462340345456,0.9957265830480139,3.5852535695823917e-07,0,0.18762145845727665,0.003742212242614218,0.06022249162197113,1.000263069894211
0.014875000000000001,29,physics,0,128,1.7540402216287279,106.39856338000706,29.235932229173443,137.38853583080925,297.8473849382857,0.00012034616663091674,1.6004193284580899,12.03474438531775,0.9956678073179207,3.612197883029465e-07,0,0.18638984336998568,0.003768853049021249,0.06022249162197113,1.000264143060636
0.014937500000000001,29,physics,0,128,1.3001721450412753,109.6549058666822,30.407156907620298,141.36223491934376,300.0890624847201,0.00012125192344859662,1.619352826430278,10.182849535352583,0.99633443963546,3.642922408175763e-07,0,0.18528072605197313,0.003795852789406289,0.06022249162197113,1.0002646796442802
0.015,29,physics,0,128,1.0611331437161189,113.14459054384902,31.461710748933758,145.6674344364989,302.34763587815985,0.00012216450708605703,1.6382759184966136,7.153090312137431,0.9974251725003106,3.672572148616387e-07,0,0.18427228095560708,0.0038231505414689907,0.06022249162197113,1.000265931673903
0.015,30,refine,0,134,1.0611331437161189,113.14459054384902,31.46171074893376,145.6674344364989,302.34763587815985,0.00012216450708605703,1.6382759184966136,7.153090312137431,0.9974251725003106,3.5793716524068465e-07,0,0.18427228095560708,0.0036064497931776393,0.05878870561718941,1.000265931673903
0.0150625,30,physics,0,134,1.5357899218284823,116.58147622676354,31.82327538637624,149.94054153496825,304.6232027467171,0.00012308395699024179,1.6559918201115396,3.9335914945088644,0.9985840617692038,3.6106164724714094e-07,0,0.18328107226667043,0.003632020180971419,0.05878870561718941,1.00026843573785
0.015125,30,physics,0,134,2.5759651392398286,119.97070285332191,31.604203295172475,154.15087128773422,306.9159268875918,0.00012401033934392134,1.67264837433736,1.4052732120240223,0.9994941572745428,3.6418707693997005e-07,0,0.18223394162819392,0.0036578885913910305,0.05878870561718941,1.0002705820833653
0.0151875,30,physics,0,134,3.5171021410635936,123.49036727640828,31.4137391951417,158.42120861261355,309.22586202176547,0.00012494367585322614,1.6898393661088478,0.4007693994512247,0.9998557389331391,3.671240920155582e-07,0,0.18107838387647382,0.003684055024450386,0.05878870561718941,1.0002720129829341
0.01525,30,physics,0,134,3.7955088627817535,127.46963311672822,31.885649449366802,163.15079142887677,311.55319407798834,0.0001258840416432488,1.709872391437741,1.3536560207883916,0.9995127381170403,3.698126871398705e-07,0,0.1798078506856694,0.00371051940727583,0.05878870561718941,1.0002754113776138
0.0153125,30,physics,0,134,3.464210304904893,132.22767807847248,33.112097734985475,168.80398611836284,313.898022353178,0.0001268314768352191,1.7349292067380617,4.156800798740469,0.9985037194793488,3.721635204456672e-07,0,0.17842836894030903,0.00373740102251402,0.05878870561718941,1.0002766634206695
0.015375,30,physics,0,134,3.107568384688605,137.96761045525074,34.619928079209245,175.69510691914857,316.2605316280004,0.00012778605609034256,1.7662753811800425,8.19230285163088,0.9970511021389366,3.744284509110683e-07,0,0.17695200556140908,0.003764699798591003,0.05878870561718941,1.0002789886476449
0.0154375,30,physics,0,134,3.2464862520615414,144.7338624564564,35.859307420373796,183.83965612889173,318.6407986120397,0.00012874781040336637,1.8037170083807001,12.497252306123972,0.9955015007936885,3.766490763723594e-07,0,0.17546496277881743,0.0037924754837388407,0.05878870561718941,1.0002791675114822
0.0155,30,physics,0,134,3.8209690319819125,152.40188872426893,36.71133685824616,192.93419461449702,321.0389863934286,0.00012971680567056018,1.8454398340671196,16.017986985467253,0.9942341783821486,3.790295188821344e-07,0,0.17397440783550827,0.003820787610344616,0.05878870561718941,1.0002789886476449
0.0155,31,refine,0,153,3.8209690319819125,152.40188872426893,36.711336858246156,192.93419461449702,321.03898639342856,0.00012971680567056018,1.8454398340671196,16.017986985467253,0.9942341783821486,2.7828314852484963e-07,0,0.19006620340487013,0.0036181527807476093,0.043146226555109024,1.0002789886476449
0.0155625,31,physics,0,153,4.255978468199262,160.56612329936658,37.48197663239985,202.3040783999657,323.455217532681,0.0001306930914128826,1.8872696813965257,17.921394489984866,0.9935490178236785,2.8022100373448216e-07,0,0.18853183091260742,0.0036454518605038783,0.043146226555109024,1.0002805984233325
0.015625,31,physics,0,153,3.9979247319402167,168.9522328457104,38.65561386938421,211.60577144703484,325.8896545263881,0.00013167673328758916,1.9275513950879426,17.666008247936492,0.9936409375161337,2.823560780740306e-07,0,0.18709492498383723,0.0036733540337166902,0.043146226555109024,1.0002804195592394
0.0156875,31,physics,0,153,3.070432210269394,176.83079920016746,40.13787574276212,220.03910715319898,328.3423973803348,0.0001326677717023297,1.9616154509752013,15.289339616964629,0.9944964321752207,2.847055320387427e-07,0,0.18578807637346423,0.0037019168578293392,0.043146226555109024,1.0002818504728808
0.01575,31,physics,0,153,2.0620810141470534,183.56475946359757,41.394538544872916,227.02137902261754,330.81360917258627,0.0001336662725493061,1.9867811648113343,11.318260403106148,0.9959258641142814,2.8724740896990387e-07,0,0.1845587373165984,0.0037310248383094,0.043146226555109024,1.0002834602531743
0.0158125,31,physics,0,153,1.594703310765052,188.68813054524082,41.85287261843713,232.135706474443,333.3033891860762,0.00013467227594409788,2.0018540131206723,6.660348366191529,0.9976025296788957,2.898758335589951e-07,0,0.1833681003249096,0.0037606111992030127,0.043146226555109024,1.0002857854959495
0.015875,31,physics,0,153,1.7643390396730454,192.05993386031594,41.419267134986,235.24354003497498,335.8119254324298,0.00013568585785338986,2.0073896038397545,2.3622287692251387,0.9991496899407911,2.925182727153698e-07,0,0.18219184079970419,0.0037904938902976154,0.043146226555109024,1.0002870375519903
0.0159375,31,physics,0,153,2.0811496686364164,193.90612106021808,40.57986275922083,236.56713348807534,338.3393581753151,0.00013670707495115533,2.0055861710461897,-0.6258845811181436,1.0002252936721667,2.9502947818116354e-07,0,0.1809340645533602,0.00382049094132151,0.043146226555109024,1.000287216417267
0.016,31,physics,0,153,1.9675834639747691,194.7221759229575,39.979634286989324,236.66939367392158,340.88581034277644,0.0001377359769068547,1.999704004102029,-1.7076393655465467,1.0006146813618366,2.973952870632956e-07,0,0.17958900697607044,0.0038504817122820487,0.043146226555109024,1.0002870375519903
0.016,32,refine,0,176,1.9675834639747694,194.7221759229575,39.979634286989324,236.66939367392158,340.88581034277644,0.00013773597690685472,1.999704004102029,-1.7076393655465467,1.0006146813618366,2.973952870632956e-07,0,0.17958900697607044,0.0037426113520563978,0.043146226555109024,1.0002870375519903
0.0160625,32,physics,0,176,1.3317447896920127,194.96571237439355,39.79721151134803,236.09466867543358,343.4514238733217,0.00013877262107118572,2.034906636542555,-0.7123208410503095,1.0002564070288753,2.9945555013455316e-07,0,0.17816918641174317,0.003768773827785588,0.043146226555109024,1.000289720534498
0.016125,32,physics,0,176,0.6529615177305212,195.4505395455107,39.90522156377688,236.0087226270181,346.0363431109817,0.00013981706576680507,2.0316279320776425,1.9053781938667045,0.9993141422222381,3.014248584065624e-07,0,0.1767010471266683,0.0037947199547529614,0.043146226555109024,1.0002915091935012
0.0161875,32,physics,0,176,0.5106517834254274,196.4124043679464,39.745813736972515,236.66886988834435,348.6407153326257,0.000140869370501392,2.032696550250538,5.381244258436736,0.998063133423446,3.0326005973080317e-07,0,0.17520055167226353,0.00382064926084035,0.043146226555109024,1.000292403524202
0.01625,32,physics,0,176,1.0130733571514343,198.0444271194486,39.182051892057885,238.23955236865794,351.2646958302787,0.00014192959802117452,2.0384093043264935,8.756081047938629,0.996848434163917,3.0513823912059495e-07,0,0.1737154008180677,0.003846717849235622,0.043146226555109024,1.0002931189893385
0.0163125,32,physics,0,176,1.6862846731189773,200.36191145582424,38.56810245272346,240.61629858166668,353.90839360981226,0.00014299779237031564,2.0476160622869997,11.054823594715081,0.9960210583198477,3.071447975955272e-07,0,0.17231919768678686,0.0038731236656075834,0.043146226555109024,1.0002945499211469
0.016375,32,physics,0,176,1.9192850975939164,203.2050641603429,38.401814998377404,243.52616425631425,356.57202979262513,0.00014407404289360742,2.058209931225269,11.713562650905617,0.995783952082422,3.094008276249839e-07,0,0.17104388596547845,0.003899837970221768,0.043146226555109024,1.0002965174557252
0.0164375,32,physics,0,176,1.5369707803336525,206.27000137336972,38.81800072749179,246.62497288119516,359.2557092311591,0.00014515839195700678,2.067886369607085,10.611305707918584,0.9961806819441356,3.118975175908644e-07,0,0.16989276902528785,0.003926914376983102,0.043146226555109024,1.0002963385887855
0.0165,32,physics,0,176,0.9617683048230485,209.19929972358682,39.41384822147771,249.57491624988756,361.95959814859214,0.00014625090672350808,2.074846275455169,8.09823821439763,0.9970852076252473,3.145086564515508e-07,0,0.16887539442054128,0.003954289125539698,0.043146226555109024,1.0002977695251993
0.0165,33,refine,0,187,0.9617683048230486,209.19929972358682,39.41384822147771,249.57491624988756,361.95959814859214,0.00014625090672350808,2.074846275455169,8.09823821439763,0.9970852076252473,2.454681000685355e-07,0,0.16887539442054128,0.0034490811437962593,0.033634260296821594,1.0002977695251993
0.0165625,33,physics,0,187,0.8196365298128048,211.6873910762983,39.54728635480158,252.05431396091268,364.68380316164473,0.0001473516302719305,2.0760796145213867,4.9468773774768175,0.9982193400370147,2.4758801053792483e-07,0,0.1678669541501416,0.0034727337469373657,0.033634260296821594,1.0002990215962406
0.016625,33,physics,0,187,1.3538743945065392,213.76072606537804,39.04507176269853,254.15967222258308,367.4285416406967,0.0001484606504314552,2.0775721153291853,2.029149286903155,0.9992695938991277,2.497183082539322e-07,0,0.16689865003417434,0.003496284636026058,0.033634260296821594,1.0002990215962406
0.0166875,33,physics,0,187,2.2134786359152505,215.61704449284235,38.19131227093476,256.02183539969235,370.1939201301784,0.0001495780102516922,2.0780680317022937,0.19267036234674617,0.9999306470037175,2.5174511630865476e-07,0,0.16587210216876566,0.00351965319923567,0.033634260296821594,1.0003004525364925
0.01675,33,physics,0,187,2.8014102512914425,217.69851979841843,37.63152595607367,258.13145600578355,372.9801060018319,0.00015070377735971699,2.080342079042407,0.0360510891901389,0.9999870231742812,2.5366333211707094e-07,0,0.16477215031654555,0.003542901201030593,0.033634260296821594,1.0003029566868589
0.0168125,33,physics,0,187,2.854875217293439,220.5197998562173,37.77112460935028,261.145799682861,375.78726454592794,0.00015183801854157984,2.0872884117880517,1.7292160892115516,0.999377558899095,2.5546122550679245e-07,0,0.1635797009108284,0.0035660744275315625,0.033634260296821594,1.0003065340553998
0.016875,33,physics,0,187,2.6925151527618514,224.52494754181257,38.467788153300006,265.6852508478744,378.6155622017533,0.00015298080104759484,2.1011674641286606,4.9779969068242425,0.9982081454135786,2.570831458825754e-07,0,0.1623254097614398,0.003589265425492473,0.033634260296821594,1.0003070706617845
0.0169375,33,physics,0,187,2.888552235817782,230.00158250601606,39.242031406331606,272.1321661481654,381.4651652808035,0.0001541321920764413,2.1230158918147835,9.092598549291145,0.9967270748044551,2.5863820773963653e-07,0,0.16100456164694904,0.0036127115716531022,0.033634260296821594,1.000310648045038
0.017,33,physics,0,187,3.699222273257797,237.05230805473423,39.776652356203755,280.52818268419577,384.33617580908674,0.0001552922328520469,2.1523511426995556,13.174054243429142,0.9952579238973603,2.6023104204853045e-07,0,0.15967550524659685,0.0036366620270555333,0.033634260296821594,1.0003120790019218
0.017,34,refine,0,203,3.6992222732577966,237.05230805473417,39.776652356203755,280.5281826841957,384.33617580908685,0.0001552922328520469,2.1523511426995556,13.174054243429142,0.9952579238973603,2.2138138255911589e-07,0,0.15967550524659685,0.0036366620270555333,0.02870587445795536,1.0003120790019218
0.0170625,34,physics,0,203,4.802178963539421,245.51203343444274,40.18650125619702,290.5007136541792,387.2288215704273,0.00015646101541117737,2.186612606517428,16.415672897163326,0.9940910699476836,2.2277937006265363e-07,0,0.1584098735296301,0.0036613060896941688,0.02870587445795536,1.0003120790019218
0.017125,34,physics,0,203,5.572705505667869,255.25534043271756,40.933035814487695,301.76108175287317,390.14322827343767,0.00015763859054679057,2.224316128666375,18.134641213716097,0.9934723252687391,2.2432094670676858e-07,0,0.15722043803607533,0.0036866277357157475,0.02870587445795536,1.0003131522209279
0.0171875,34,physics,0,203,5.6644576961252096,265.74171043476497,42.20306919626964,313.6092373271598,393.0795829219808,0.0001588250338183816,2.26142766008273,18.051286831656157,0.9935023512626167,2.2597624660392068e-07,0,0.15612669753180014,0.0037125525268089,0.02870587445795536,1.000312615611281
0.01725,34,physics,0,203,5.309726163150463,276.39707416914916,43.724714083519075,325.4315144158187,396.0380342988708,0.00016002040534211163,2.2952053761718605,16.34876038305065,0.9941151797524488,2.278496333829591e-07,0,0.15509689765001877,0.003738863504088947,0.02870587445795536,1.000312615611281
0.0173125,34,physics,0,203,5.087132000590993,286.6759470187385,44.92518638919151,336.68826540852103,399.0187304665559,0.00016122476494307537,2.323919546259098,13.556723755212465,0.9951201859280414,2.2980775682412968e-07,0,0.15412391811407358,0.0037652588134940547,0.02870587445795536,1.0003140465709792
0.017375,34,physics,0,203,5.368715770049761,296.22116770224704,45.42487970965359,347.0147631819504,402.0218746200894,0.00016243819472286914,2.3471941953084277,10.474746452160383,0.996229560554573,2.3178564578785215e-07,0,0.1531638043620356,0.0037913873166656965,0.02870587445795536,1.0003135099608524
0.0174375,34,physics,0,203,5.9735646688004636,304.96767656614855,45.38276366252498,356.32400489747397,405.04760443369605,0.00016366075030919356,2.3661031813060953,7.945791127237481,0.9971398732179667,2.3377269808833048e-07,0,0.15216394730357008,0.0038170630715666006,0.02870587445795536,1.0003158352734807
0.0175,34,physics,0,203,6.3530830129439035,313.13362643920823,45.361283939189136,364.8479933913413,408.09615938593413,0.00016489252846410855,2.382778217828103,6.639559995810053,0.9976100614149296,2.356652597512723e-07,0,0.15112129109028546,0.0038420657108275058,0.02870587445795536,1.0003192338170455
0.0175,35,refine,0,220,6.353083012943903,313.1336264392083,45.361283939189136,364.84799339134133,408.09615938593413,0.00016489252846410855,2.382778217828103,6.639559995810053,0.9976100614149296,2.356652597512723e-07,0,0.15826780101362534,0.003718895367642101,0.02870587445795536,1.0003192338170455
0.0175625,35,physics,0,220,6.134592279492937,321.0285435018074,45.789782058554735,372.9529178398551,411.1675734737074,0.0001661335429241694,2.4120254544548323,6.884246610021441,0.9975219933765682,2.3744489130450567e-07,0,0.1570499877671197,0.003746256715409731,0.02870587445795536,1.000322453500547
0.017625000000000002,35,physics,0,220,5.481858052069315,329.2124812801386,46.73405839450089,381.4283977267088,414.26212572410986,0.00016738390643114537,2.4322359608385065,8.584861524930448,0.9969098344599596,2.3907069301998247e-07,0,0.15575287478666527,0.0037736945506877963,0.02870587445795536,1.0003240633461838
0.017687500000000002,35,physics,0,220,4.945793119523342,337.91000804133137,47.70796024062109,390.5637614014758,417.3799546023558,0.00016864367493233892,2.4562268519711457,11.279329167419919,0.9959399410150974,2.4062973835725675e-07,0,0.15442546546502026,0.0038014159569233485,0.02870587445795536,1.000325136578048
0.017750000000000002,35,physics,0,220,4.9330489732433955,347.2553754240239,48.30260386270294,400.4910282599702,420.52114652875497,0.00016991288334614643,2.4839578076532485,14.197073596732277,0.9948896868044934,2.4219436323136294e-07,0,0.15309238038291864,0.0038294927140870754,0.02870587445795536,1.000326030938814
0.017812500000000002,35,physics,0,220,5.321142031352099,357.19823382222967,48.527433627695196,411.04680948127697,423.6859223494255,0.00017119162090613188,2.5140478941174007,16.544231848235988,0.994044819859717,2.4389152208925685e-07,0,0.15179542818623148,0.003858000285005539,0.02870587445795536,1.0003262098110632
0.017875000000000002,35,physics,0,220,5.581881705942957,367.50124130298707,48.76785496710885,421.8509779760389,426.87450377437244,0.00017247997719491576,2.5441472679663018,17.669816040826216,0.9936396669462895,2.456761016844668e-07,0,0.15061364487596893,0.003887017655949857,0.02870587445795536,1.00032692530038
0.017937500000000002,35,physics,0,220,5.286507031055853,377.75639294152734,49.369863728392446,432.41276370097563,430.086972745622,0.00017377798532142988,2.5715351126265724,17.23698827194031,0.993795463110258,2.47568459066372e-07,0,0.14952442736350616,0.003916493094320342,0.02870587445795536,1.0003267464280028
0.018000000000000002,35,physics,0,220,4.515055591236359,387.45283743513187,50.26100550708249,442.2288985334507,433.3234886641926,0.00017508570969215374,2.593827486456849,15.302249278614527,0.9944918767981195,2.4956933586395264e-07,0,0.14848409335215162,0.003946248559025003,0.02870587445795536,1.0003283562805483
0.018000000000000002,36,refine,0,241,4.515055591236358,387.45283743513187,50.26100550708249,442.2288985334507,433.3234886641926,0.0001750857096921537,2.593827486456849,15.302249278614527,0.9944918767981195,2.4956933586395264e-07,0,0.13971317904773806,0.003769243049226151,0.02870587445795536,1.0003283562805483
0.0180625,36,physics,0,241,3.788631927515372,396.02294343496425,50.9144222668598,450.7259976293394,436.5848102721866,0.00017640345687920377,2.607881788309329,12.291729206154603,0.995575531330101,2.5163858374810415e-07,0,0.1388771650917103,0.0037978653046031427,0.02870587445795536,1.0003310393738818
0.018125,36,physics,0,241,3.57838413586994,403.3513464685709,51.0273872368014,457.9571178412423,439.8706777331188,0.00017773112189483714,2.6179239782613535,8.9215386027673,0.9967886486665245,2.538704553245456e-07,0,0.13808255738282296,0.003826613705660662,0.02870587445795536,1.0003317548666528
0.0181875,36,physics,0,241,3.887708034704144,409.3668238043699,50.51364555639242,463.76817739546647,443.18128198824445,0.00017906878188946466,2.6226921082023145,5.991082144789948,0.9978434776764888,2.5602557940373984e-07,0,0.13722143622683058,0.0038554171274091755,0.02870587445795536,1.0003330069802334
0.01825,36,physics,0,241,4.26268399315227,414.3893471397246,49.829126551270896,468.4811576841478,446.5168172817631,0.00018041651534806216,2.6245691831511455,4.18317214443039,0.9984942465145946,2.581292539716174e-07,0,0.13633402835154387,0.0038840976950727138,0.02870587445795536,1.0003355112120966
0.0183125,36,physics,0,241,4.243114008064214,418.95307218182126,49.50301153961095,472.6991977294964,449.8773795815936,0.00018177436104676713,2.6264732150607064,3.9076533650747707,0.9985934211122731,2.600935218310952e-07,0,0.13534210061243523,0.003912697508432068,0.02870587445795536,1.0003342590953814
0.018375,36,physics,0,241,3.813731378659902,423.64572035589384,49.69132726635162,477.15077900090535,453.2633026902372,0.00018314245385952333,2.63117771614041,5.189126264569431,0.9981321493599119,2.61855970684621e-07,0,0.13424957714530922,0.00394132995686237,0.02870587445795536,1.000336763330379
0.0184375,36,physics,0,241,3.4175043701556174,428.9661671665335,50.09324311376889,482.476914650458,456.6747185986278,0.00018452084711768004,2.6406350683010857,7.670129922219423,0.9972391008057,2.6358930860226316e-07,0,0.13316245709090915,0.003970077684900141,0.02870587445795536,1.0003414140691498
0.0185,36,physics,0,241,3.5234801293429356,435.2446729724571,50.294315425850755,489.0624685276508,460.11182370426263,0.0001859096201762597,2.6555238106146923,10.718678505288501,0.9961417642226904,2.652792661095307e-07,0,0.13198129466128253,0.003999059482844499,0.02870587445795536,1.0003469592090204
0.0185,37,refine,0,258,3.5234801293429348,435.2446729724571,50.29431542585075,489.0624685276508,460.11182370426263,0.0001859096201762597,2.6555238106146923,10.718678505288501,0.9961417642226904,2.550473769957764e-07,0,0.13198129466128253,0.00364332875200698,0.027507703751325607,1.0003469592090204
0.0185625,37,physics,0,258,4.174383358795664,442.51587679929213,50.1689751695331,496.85923532762087,463.5747829103543,0.0001873088396649209,2.6750962810134027,13.56602114753112,0.9951168488876787,2.567353369897772e-07,0,0.13086474478556592,0.0036699492226732948,0.027507703751325607,1.0003496423522507
0.018625,37,physics,0,258,4.934367602830352,450.90358196163936,50.059413312692385,505.8973628771621,467.06379776357227,0.00018871858701922486,2.6974961772171766,15.510005020174933,0.9944171000419649,2.584403127059431e-07,0,0.12981168412541705,0.0036966025183280318,0.027507703751325607,1.0003492845994042
0.0186875,37,physics,0,258,5.304130099469616,460.0488054154923,50.32978758512871,515.6827231000907,470.5790741211659,0.00019013894541643672,2.72037318243038,16.171538172611147,0.994178982205898,2.602937509976757e-07,0,0.1288743025050372,0.003723350939555557,0.027507703751325607,1.000350715611558
0.01875,37,physics,0,258,5.183474688581112,469.5463038563924,51.041356335973745,525.7711348809472,474.1208040769446,0.00019156999247266047,2.741391974005639,15.449250933778853,0.9944389747301969,2.6241149431172115e-07,0,0.12800594460754297,0.003750201646728344,0.027507703751325607,1.0003496423522507
0.0188125,37,physics,0,258,4.9618553424900504,478.9578421791923,51.82123540367918,535.7409329253616,477.6891794760643,0.00019301180570353065,2.758841865254941,13.623834050660074,0.9950960467618926,2.645476380180866e-07,0,0.1272397135516074,0.0037773153018018225,0.027507703751325607,1.000350715611558
0.018875,37,physics,0,258,5.152037735372102,487.9610916525595,52.17461943276808,545.2877488206997,481.2843970398158,0.0001944644645948998,2.772112716668173,11.2708887309018,0.9959430401359494,2.667584979576532e-07,0,0.12653381670213665,0.0038045063842693768,0.027507703751325607,1.0003533987648638
0.0189375,37,physics,0,258,5.912787110759361,496.48062814264995,51.932345603770216,554.3257608571796,484.9066920233042,0.00019592806420232819,2.7818988049355258,9.121461009812032,0.9967167278921164,2.690010427741642e-07,0,0.1258366803201733,0.0038319324202379587,0.027507703751325607,1.0003559030477758
0.019,37,physics,0,258,6.9097941572491255,504.7331767219536,51.416585338526644,563.0595562177293,488.556238623118,0.00019740267491049165,2.790019293644077,7.797818994516368,0.9971931706477959,2.7112600697876117e-07,0,0.12503429472194916,0.003859463712024939,0.027507703751325607,1.000358407336957
0.019,38,refine,0,276,6.9097941572491255,504.73317672195355,51.416585338526644,563.0595562177293,488.556238623118,0.00019740267491049165,2.790019293644077,7.797818994516368,0.9971931706477959,2.2527104270864092e-07,0,0.12503429472194916,0.0036633322791776953,0.022864405065774918,1.000358407336957
0.0190625,38,physics,0,276,7.650080151417029,513.0809194506692,51.14469251307446,571.8756921151606,492.2332415402625,0.00019888837942947117,2.7976844318109757,7.771143662163842,0.9972027724487456,2.2697289869810783e-07,0,0.12418812742154987,0.0036889679840088245,0.022864405065774918,1.0003601961187816
0.019125,38,physics,0,276,7.95204143051033,522.2287328493655,51.45738795451962,581.6381622343955,495.93793433463946,0.00020038527212987487,2.8103132667478623,9.136118619767922,0.996711456586152,2.2855894421525144e-07,0,0.1232538442345297,0.003714562977026643,0.022864405065774918,1.0003601961187816
0.0191875,38,physics,0,276,8.119464677699035,532.5706030988101,52.16366950230989,592.853737278819,499.67051206330734,0.00020189343182511676,2.8283003567098293,11.673726526816374,0.9957980332878648,2.300814139211127e-07,0,0.12227425458573833,0.0037402577333781367,0.022864405065774918,1.0003607327539528
0.01925,38,physics,0,276,8.634061425918462,544.4278612981742,52.849285500457206,605.9112082245499,503.4312529270729,0.00020341297092310215,2.8524636614197,14.85796065071824,0.9946518571943881,2.3153916162144102e-07,0,0.12133162651323728,0.00376624470912186,0.022864405065774918,1.000361806025159
0.0193125,38,physics,0,276,9.676908062152751,557.9239656002088,53.27790833442923,620.8787819967907,507.220260470589,0.0002049439312613716,2.8823139063920142,18.003811777229608,0.9935194969216667,2.3302791518631212e-07,0,0.12038115674484857,0.00379270524668412,0.022864405065774918,1.000363773692027
0.019375,38,physics,0,276,10.941699194497307,572.9709787544,53.609510079755694,637.5221880286531,511.0377744680138,0.00020648640972142305,2.9161900362280795,20.454007231786328,0.9926375724915976,2.3455663411553476e-07,0,0.11941571166717713,0.0038195934396169887,0.022864405065774918,1.0003650258456858
0.0194375,38,physics,0,276,11.909764266101446,589.2756244401897,54.210651505297015,655.3960402115882,514.8840261852633,0.0002080404997469724,2.951678575473591,21.73280537869585,0.9921772560337973,2.362175450798534e-07,0,0.11853460782279676,0.0038470565774467213,0.022864405065774918,1.0003653836041617
0.0195,38,physics,0,276,12.325887898691107,606.3731493856021,55.25071147405715,673.9497487583504,518.7592551231994,0.0002096062981090915,2.98618532687914,21.655586856776313,0.9922050425511274,2.3801204607210038e-07,0,0.11772893258984424,0.0038750642927331165,0.022864405065774918,1.0003673512780669
0.0195,39,refine,0,298,12.325887898691107,606.3731493856021,55.25071147405715,673.9497487583504,518.7592551231994,0.0002096062981090915,2.98618532687914,21.655586856776313,0.9922050425511274,2.3801204607210038e-07,0,0.11772893258984424,0.003727890720897103,0.022864405065774918,1.0003673512780669
0.0195625,39,physics,0,298,12.430658406945916,623.6031367132498,56.45880495555231,692.492600075748,522.6635722018999,0.00021118384962538428,3.016807079316191,20.402026499986903,0.9926562619647635,2.399002982933493e-07,0,0.11697370031428206,0.0037550242424644813,0.022864405065774918,1.0003712866374883
0.019625,39,physics,0,298,12.712576867660875,640.7216483145764,57.40048124568479,710.8347064279221,526.5972905414933,0.00021277328081301713,3.0440604737293615,18.384816243813386,0.9933823560739226,2.419279327980914e-07,0,0.1162773792948354,0.003782460817563171,0.022864405065774918,1.0003721810395159
0.0196875,39,physics,0,298,13.461094201965437,657.3482968376911,57.75735244695062,728.5667434866073,530.5606944015158,0.00021437470652794398,3.0667994109130094,16.23430534788858,0.9941564379902509,2.439562827305506e-07,0,0.11559124230798291,0.003810163281842315,0.022864405065774918,1.0003736120844233
0.01975,39,physics,0,298,14.489438167254814,673.5115843796975,57.69685283010022,745.6978753770525,534.5538684396738,0.0002159881609763757,3.086282734204847,14.596243323127556,0.9947460598780137,2.458747747624559e-07,0,0.11484679534057292,0.0038381292494942335,0.022864405065774918,1.0003766530616487
0.0198125,39,physics,0,298,15.32477449302608,689.5110440147193,57.70634407079221,762.5421625785376,538.577096251669,0.0002176137587460417,3.104579687119534,13.971591662692022,0.9949708907100389,2.4788405994513607e-07,0,0.11406148863922069,0.0038663539727405824,0.022864405065774918,1.0003771897056482
0.019875,39,physics,0,298,15.667260038116947,705.8016869141279,58.16887254449258,779.6378194967375,542.6305892344419,0.0002192515852525363,3.1240530070080608,14.582331384290438,0.9947510515457658,2.4966334954967817e-07,0,0.11324869251383135,0.0038948352571819235,0.022864405065774918,1.0003789785210584
0.0199375,39,physics,0,298,15.67572308376042,722.8418115886964,59.04866206944912,797.566196741906,546.7145867003766,0.0002209017371907763,3.146759529664051,16.33118773248634,0.9941215229878899,2.513762695777184e-07,0,0.11232995049851552,0.003923546068399383,0.022864405065774918,1.0003807673396674
0.02,39,physics,0,298,15.809496087803812,740.9719620028488,59.973510015813815,816.7549681064665,550.8293341062343,0.00022256431373833308,3.173908979706293,18.80980965933606,0.9932293366422678,2.5305901907302076e-07,0,0.11142116728288019,0.00395254368054785,0.022864405065774918,1.0003847027518666
0.02,40,refine,0,326,15.809496087803812,740.9719620028488,59.973510015813815,816.7549681064665,550.8293341062343,0.00022256431373833308,3.173908979706293,18.80980965933606,0.9932293366422678,1.674244813898442e-07,0,0.10268866800395135,0.003734451913520914,0.015055622905492783,1.0003847027518666
0.0200625,40,physics,0,326,16.386422946457756,760.2048958634041,60.58297026032514,837.174289070187,554.9750543693914,0.000224239404965669,3.203859119396355,21.414245983489728,0.992291852875187,1.6859006990443935e-07,0,0.10184148258259418,0.0037622564815579886,0.015055622905492783,1.0003866704637716
0.020125,40,physics,0,326,17.26005170432329,780.7782033895242,60.9858129742877,859.0240680681351,559.1519914718372,0.0002259271094544693,3.239071385880121,23.549967982141542,0.9915230908372427,1.697710949599696e-07,0,0.1010293966548368,0.0037903066838164707,0.015055622905492783,1.0003863126976829
0.0201875,40,physics,0,326,17.96462365388293,802.2853827847711,61.47908139473445,881.7290878333883,563.360341511681,0.00022762750643878806,3.2756998581174592,24.71050448424463,0.9911053461131882,1.7092917659056208e-07,0,0.10026444401072494,0.0038185954758404674,0.015055622905492783,1.0003891748299758
0.02025,40,physics,0,326,18.146338032286828,824.2778465916772,62.335734773797085,904.7599193977611,567.6003620512383,0.00022934069998748358,3.311466932316281,24.638225930853363,0.9911313583362823,1.72209579929472e-07,0,0.09953488174814905,0.003847184694378313,0.015055622905492783,1.0003913214345694
0.0203125,40,physics,0,326,17.89484732130446,846.1994832255588,63.4623865516238,927.5567170984871,571.872307675281,0.0002310667929663285,3.3441240822978293,23.38914562583651,0.9915809584387553,1.7361018223027697e-07,0,0.09881803127928705,0.003876014729290373,0.015055622905492783,1.0003918580864375
0.020375,40,physics,0,326,17.658917259745962,867.5243482809342,64.44402116719384,949.627286707874,576.1763093714819,0.0002328058383013014,3.372232682873698,21.306754172610578,0.992330528543799,1.7500362758937642e-07,0,0.09816502709713178,0.003905087778455329,0.015055622905492783,1.0003934680437692
0.0204375,40,physics,0,326,17.835647250848638,887.9107472060361,64.90564757025285,970.6520420271377,580.5125700060755,0.00023455791796113848,3.395417934316758,18.944445697043225,0.9931808458372647,1.7637996663211176e-07,0,0.0975176798041356,0.003934401526161973,0.015055622905492783,1.0003957935422667
0.0205,40,physics,0,326,18.410343501715857,907.3150440352185,64.85726958550562,990.58265712244,584.8813156610413,0.0002363231232949702,3.4144761571641244,16.91442305534765,0.9939115567707103,1.7771192517557216e-07,0,0.09687356561286815,0.003963949278661543,0.015055622905492783,1.0003968668510888
0.0205,41,refine,0,354,18.410343501715857,907.3150440352185,64.85726958550563,990.58265712244,584.8813156610413,0.0002363231232949702,3.4144761571641244,16.91442305534765,0.9939115567707103,1.7771192517557216e-07,0,0.09687356561286815,0.003688792085615745,0.015055622905492783,1.0003968668510888
0.0205625,41,physics,0,354,18.997348142399893,925.8547739196279,64.65687926026892,1009.5090013222967,589.2833127201752,0.00023810176396256273,3.429369212063324,15.727279462938288,0.9943388708288005,1.791250383575972e-07,0,0.096193168842302,0.003716447903776334,0.015055622905492783,1.000395614657575
0.020625,41,physics,0,354,19.2160150138852,944.3165487716591,64.8192112716746,1028.351775057219,593.7184361361367,0.00023989378943814837,3.446030623603309,15.709521937863048,0.9943452637682799,1.8047809646759574e-07,0,0.09547801233090743,0.0037441633359164227,0.015055622905492783,1.000393646928077
0.0206875,41,physics,0,354,19.07929324337657,963.086075726082,65.40941580153364,1047.5747847709922,598.186967076994,0.00024169931332856378,3.4648823877808796,16.859253106268948,0.9939314176794217,1.816620756045495e-07,0,0.09472277129345491,0.0037720575880933293,0.015055622905492783,1.000395614657575
0.02075,41,physics,0,354,18.977098831561264,982.6209677405899,66.14452726423033,1067.7425938363815,602.689104597249,0.00024351841606240238,3.487301841997251,18.88432714855822,0.9932024882600775,1.8301396842446154e-07,0,0.09395506917860004,0.0038000708452643403,0.015055622905492783,1.0003941835811925
0.0208125,41,physics,0,354,19.303071775793246,1003.206626796228,66.66335464632998,1089.1730532183512,607.2251286281597,0.0002453512107467638,3.5137188529114316,21.280097217128347,0.9923401197375769,1.8436628757001445e-07,0,0.09314633353613769,0.003828263135795705,0.015055622905492783,1.000395614657575
0.020875,41,physics,0,354,20.07449885006418,1024.9167321632958,66.88411099788162,1111.8753420112416,611.7953141658481,0.0002471978084946904,3.543489219236067,23.45544601117142,0.9915570962983001,1.85659718709985e-07,0,0.09240230396653115,0.0038566938493917085,0.015055622905492783,1.000398476816481
0.0209375,41,physics,0,354,20.915021991653695,1047.6069422558496,67.07179806970532,1135.5937623172085,616.3998780634112,0.00024905829692635365,3.5750856414932404,24.889055046428403,0.9910410840693155,1.8689414815753477e-07,0,0.09168323799706796,0.0038854821924941643,0.015055622905492783,1.0003968668510888
0.021,41,physics,0,354,21.406304246389695,1070.9338353923054,67.55865173116433,1159.8987913698593,621.0390916074962,0.0002509327856559711,3.60649968623174,25.263340443317986,0.9909063650326443,1.8829386050356315e-07,0,0.09100720692659044,0.003914687768485822,0.015055622905492783,1.0003959724269904
0.021,42,refine,0,374,21.406304246389695,1070.9338353923054,67.55865173116433,1159.8987913698593,621.0390916074963,0.0002509327856559711,3.60649968623174,25.263340443317986,0.9909063650326443,1.8284575009630565e-07,0,0.09100720692659044,0.0036792183077288716,0.014697176404297352,1.0003959724269904
0.0210625,42,physics,0,374,21.48474458410036,1094.3100990882442,68.38131910171853,1184.176162774063,625.7131775558665,0.0002528213646895134,3.635636840305142,24.529418535790928,0.9911705445786186,1.8428287340555008e-07,0,0.09035369812480701,0.0037066960311815085,0.014697176404297352,1.000395614657575
0.021125,42,physics,0,374,21.49560295591892,1117.4641048121425,69.24231198405904,1208.2020197521206,630.4224786396233,0.0002547241725085527,3.661264704042617,22.92432215705807,0.9917483241708505,1.857669484905955e-07,0,0.08974494641566118,0.0037342333595029786,0.014697176404297352,1.0003966879662052
0.0211875,42,physics,0,374,21.881385909211147,1139.9343228118591,69.71727515255435,1231.5329838736245,635.1672230601109,0.00025664130131855534,3.6827700555420857,20.91096884608035,0.9924730472650931,1.8737682339065055e-07,0,0.08915885867543642,0.0037619495019043745,0.014697176404297352,1.0003988345869201
0.02125,42,physics,0,374,22.77321554783342,1161.6376080993577,69.67292419400337,1254.0837478411945,639.9477469673683,0.000258572886941995,3.700624966322153,19.055419405287097,0.9931409554521211,1.889048295566908e-07,0,0.08858375871413508,0.0037899040961541673,0.014697176404297352,1.0004002656699558
0.0213125,42,physics,0,374,23.88493554239231,1182.8016535110664,69.38682832011744,1276.0734173735761,644.7641797058704,0.000260518981640911,3.7162256292532243,17.882834374554974,0.9935630394932072,1.903896915678161e-07,0,0.08798628804351499,0.003817977933002258,0.014697176404297352,1.0004036645003702
0.021375,42,physics,0,374,24.80649905184388,1203.9032092231103,69.30652778805435,1298.0162360630086,649.6168792124869,0.00026247973004081397,3.7315268522532485,17.752302815798505,0.9936100314336505,1.9183647292919646e-07,0,0.08736046530659987,0.0038462305169090025,0.014697176404297352,1.000403485614271
0.0214375,42,physics,0,374,25.401553008038036,1225.5263866271985,69.66216707059434,1320.5901067058307,654.5061145542138,0.00026445524085906466,3.7485528125502334,18.759674329160628,0.993247422893389,1.9319690558461352e-07,0,0.08670542973101947,0.003874602310290553,0.014697176404297352,1.00040491670396
0.021500000000000002,42,physics,0,374,25.945440828576928,1248.2096111248286,70.2934446680064,1344.448496621412,659.4321165955765,0.00026644560737719577,3.7689035270127027,20.715123270944744,0.9925435436767714,1.944810055221073e-07,0,0.08601976542241106,0.00390321252236197,0.014697176404297352,1.0004059900225704
0.021500000000000002,43,refine,0,402,25.945440828576924,1248.2096111248286,70.2934446680064,1344.448496621412,659.4321165955764,0.00026644560737719577,3.7689035270127027,20.715123270944744,0.9925435436767714,1.4275049942114027e-07,0,0.09435526636304317,0.0036902739349189803,0.010786556638777256,1.0004059900225704
0.021562500000000002,43,physics,0,402,26.85975447138189,1272.197596152801,70.82816380531065,1369.8855144294935,664.3951990373976,0.000268450956347005,3.792537972004128,23.207749110664444,0.9916462933657457,1.436840184609877e-07,0,0.09361012279423377,0.0037174075952704755,0.010786556638777256,1.0004058111360552
0.021625000000000002,43,physics,0,402,28.29511918850651,1297.9473549890831,71.11443014579253,1397.3569043233822,669.3956274713416,0.00027047139508163456,3.82119826294667,25.67849804107708,0.9907569423598306,1.4465405584473948e-07,0,0.09285058334329209,0.003744690439124845,0.010786556638777256,1.0004065266823072
0.021687500000000002,43,physics,0,402,29.988738045160073,1325.2674719990073,71.29093839656686,1426.5471484407342,674.4337234499818,0.0002725070535054062,3.8526184763594573,27.605390157569826,0.9900633566994409,1.4559307182082635e-07,0,0.0921068752295336,0.0037721540337467695,0.010786556638777256,1.000406884455625
0.021750000000000002,43,physics,0,402,31.503137142526306,1353.8887694652774,71.69209067133977,1457.0839972791437,679.5096819454877,0.0002745580103974345,3.8850934555169694,28.61348720410772,0.9897004817656094,1.466588450682592e-07,0,0.0914309420330766,0.0037998281255476095,0.010786556638777256,1.00040670556895
0.021812500000000002,43,physics,0,402,32.63069784163649,1383.372658439193,72.47614265551823,1488.4794989363477,684.6238620361721,0.0002766244108444337,3.916770696664892,28.56750663099677,0.9897170363006506,1.4776349654965754e-07,0,0.09077394717900615,0.0038275628510565617,0.010786556638777256,1.0004090310982194
0.021875000000000002,43,physics,0,402,33.58512339412081,1413.219492588887,73.43666086107525,1520.2412768440831,689.7765849531717,0.00027870638464084845,3.9461159750101844,27.600239509855378,0.990065198255234,1.4893364941315218e-07,0,0.09016075748968863,0.0038555080089511897,0.010786556638777256,1.0004104621958414
0.021937500000000002,43,physics,0,402,34.80082359610799,1443.014398557571,74.16206443244664,1551.9772865861255,694.9680333083472,0.0002808040055715718,3.972304592648042,26.079456013848883,0.9906126011455513,1.501445208162975e-07,0,0.0895665966498258,0.0038836031195742817,0.010786556638777256,1.0004129666216057
0.022,43,physics,0,402,36.52874445488303,1472.5668312368964,74.40103915670943,1583.496614848489,700.1985930626752,0.0002829174295853423,3.995425711430382,24.51087865638804,0.991177238586404,1.513571046274363e-07,0,0.08897751338749138,0.00391190688478832,0.010786556638777256,1.0004136821729757
0.022,44,refine,0,473,36.52874445488303,1472.5668312368964,74.40103915670943,1583.496614848489,700.1985930626752,0.0002829174295853422,3.995425711430382,24.51087865638804,0.991177238586404,1.513571046274363e-07,0,0.08897751338749138,0.003797027471674267,0.010786556638777256,1.0004136821729757
0.0220625,44,physics,0,473,38.62699835513309,1501.638792205726,74.22316368844142,1614.4889542493006,705.4684880499445,0.00028504674712290186,4.058457416140044,23.419046743724675,0.9915702255270363,1.5258014407493174e-07,0,0.08836315161878808,0.003824980603579675,0.010786556638777256,1.0004127877338431
0.022125,44,physics,0,473,40.68195647160783,1531.3328605591873,74.19536483618916,1646.2101818669844,710.77804704489,0.00028719209102670947,4.079782990144259,23.196925202722408,0.9916501864813556,1.537199567636092e-07,0,0.0877378724647586,0.0038529723907467354,0.010786556638777256,1.0004158288301563
0.0221875,44,physics,0,473,42.44027108066587,1561.8499735702862,74.56184326840804,1678.8520879193602,716.1275746629617,0.00028935358437758956,4.10253669410406,24.025609540565856,0.9913518832215852,1.5480589432570476e-07,0,0.0871009573305826,0.0038810545968715904,0.010786556638777256,1.0004172599375025
0.02225,44,physics,0,473,44.036576147835184,1593.738831147905,75.29219177388183,1713.067599069622,721.5174149513291,0.0002915313661888762,4.128381738284679,25.829321821850936,0.9907041173996516,1.5587281865236951e-07,0,0.08642824797778094,0.003909006912013623,0.010786556638777256,1.0004199432692944
0.0223125,44,physics,0,473,45.85948711925881,1627.4244105584544,76.07233475276205,1749.3562324304753,726.9477579327865,0.0002937255132398731,4.158241279670014,28.26043486788099,0.989829186502666,1.568748295710519e-07,0,0.08574100732307638,0.003936947781873066,0.010786556638777256,1.0004199432692944
0.022375,44,physics,0,473,48.169075844272,1663.1355871849976,76.6313665342337,1787.936029563503,732.4189106717888,0.000295936149600933,4.192066679981545,30.83843797795679,0.9889013937033788,1.5798474439776555e-07,0,0.0850616242201109,0.0039656831774944135,0.010786556638777256,1.0004210166040264
0.0224375,44,physics,0,473,50.838971770025644,1700.8653480728044,77.00553621646691,1828.709856059297,737.9311367017679,0.00029816338175356273,4.228888530986011,33.051868283953134,0.9881048481549903,1.5903356853641523e-07,0,0.08439005108015295,0.003994910923303534,0.010786556638777256,1.0004222688293358
0.0225,44,physics,0,473,53.46230046372055,1740.3816364642814,77.48562182790144,1871.3295587559035,743.4846915930076,0.00030040731296173404,4.267076046679062,34.49677544799075,0.9875848332697255,1.6019213688878137e-07,0,0.08374644468236205,0.004024519965190334,0.010786556638777256,1.00042530995447
0.0225,45,refine,0,495,53.462300463720545,1740.3816364642812,77.48562182790143,1871.3295587559032,743.4846915930076,0.0003004073129617341,4.267076046679062,34.49677544799075,0.9875848332697255,1.253401071821257e-07,0,0.08374644468236205,0.003637857153464939,0.008408565074205399,1.00042530995447
0.0225625,45,physics,0,495,55.733657756519875,1781.1803527780967,78.2779827604664,1915.191993295083,749.0804257376369,0.00030266828682904323,4.302297158001408,34.94950821007275,0.9874219044194678,1.2629045897938345e-07,0,0.08314679920502675,0.0036625432238697815,0.008408565074205399,1.0004267410753789
0.022625,45,physics,0,495,57.71098736130752,1822.9048789842122,79.37561996074635,1959.9914863062663,754.7182092187278,0.0003049462508621501,4.338778544823063,34.46172123377393,0.9875974202242995,1.272755625336686e-07,0,0.0825750157569352,0.0036875036845653237,0.008408565074205399,1.0004265621851534
0.0226875,45,physics,0,495,59.7750594603257,1864.9797226807968,80.38149669858086,2005.1362788397034,760.398494316766,0.0003072413878063983,4.372241541641856,33.300696157399365,0.9880153051982126,1.2829615148035592e-07,0,0.08201905257435682,0.0037127646751604704,0.008408565074205399,1.0004310344503893
0.02275,45,physics,0,495,62.26035480878487,1907.091135889275,80.96748040370014,2050.31897110176,766.1214981914505,0.00030955378540584286,4.402473479200079,31.9125960952331,0.9885148524636367,1.293543538949391e-07,0,0.08150500108582004,0.0037381652106100605,0.008408565074205399,1.0004326444707685
0.0228125,45,physics,0,495,65.15482440241928,1949.2122228862231,81.13498381628442,2095.502031104927,771.8875586122263,0.0003118835801372835,4.43017722418042,30.78265438282798,0.9889215214581604,1.3036579193936864e-07,0,0.08095660761531737,0.003763718473891634,0.008408565074205399,1.000433002253427
0.022875,45,physics,0,495,68.12129431998214,1991.6171941267671,81.22002002292362,2140.958508469673,777.6970142140315,0.00031423090882722504,4.456755639547754,30.337899670304328,0.9890816033785834,1.313502915323283e-07,0,0.08040273786654982,0.0037894534955989173,0.008408565074205399,1.0004315711235612
0.0229375,45,physics,0,495,70.82996389703926,2034.7920380323108,81.59926251505249,2187.2212644444025,783.5502212921622,0.00031659591543789533,4.483946324577835,30.826110101342238,0.988905895912142,1.3231925777290606e-07,0,0.07980991185118463,0.0038152702356890117,0.008408565074205399,1.0004340756021697
0.023,45,physics,0,495,73.27606016989112,2079.2845128010063,82.36841642091005,2234.928989391807,789.4474646101866,0.00031897871502890407,4.51336718384811,32.25004469560308,0.9883934420648609,1.332647743268468e-07,0,0.07917534725019496,0.0038412568681116333,0.008408565074205399,1.000436043411189
0.023,46,refine,0,537,73.27606016989114,2079.284512801006,82.36841642091005,2234.9289893918067,789.4474646101866,0.00031897871502890407,4.51336718384811,32.25004469560308,0.9883934420648609,1.1314816728003036e-07,0,0.07917534725019496,0.003683960946332146,0.00717646861448884,1.000436043411189
0.0230625,46,physics,0,537,75.78835416259625,2125.381023542797,83.26317076898967,2284.4325484743827,795.389071072599,0.00032137943968703374,4.544142735598659,34.38309245474728,0.9876257957239761,1.1384427267557826e-07,0,0.07855839518738542,0.0037109284015043728,0.00717646861448884,1.0004367589790646
0.023125,46,physics,0,537,78.69520423018716,2173.7379099038226,84.03291514646173,2336.4660292804715,801.3754281861285,0.00032379824598558886,4.581074723203018,36.812793200004485,0.986751379769052,1.1467511473739479e-07,0,0.07792103036437527,0.003738042382366855,0.00717646861448884,1.0004380112240787
0.0231875,46,physics,0,537,82.01208388557271,2224.24094287606,84.56334288230323,2390.816369643936,807.4068013135211,0.00032623524114521656,4.620856286371841,39.06095674248181,0.9859423270110926,1.1551199197157304e-07,0,0.0772994394098957,0.0037653950436341535,0.00717646861448884,1.0004396212556859
0.02325,46,physics,0,537,85.41448858462694,2276.713840389348,85.07400890202584,2447.202337876001,813.4836281722709,0.000328690602027038,4.6622700712871294,40.7060842213146,0.9853502322031927,1.1635208796434438e-07,0,0.07669975481830446,0.0037929282257166117,0.00717646861448884,1.0004410523970675
0.0233125,46,physics,0,537,88.53204074062162,2330.768989622242,85.84951915078665,2505.1505495136503,819.606208648391,0.0003311644498009338,4.703722495910451,41.46996202116969,0.9850753005057447,1.1720143788807048e-07,0,0.07613804318618178,0.0038206730350289755,0.00717646861448884,1.0004423046474555
0.023375,46,physics,0,537,91.291387816074,2385.87800299884,86.93627815610438,2564.1056689710185,825.7747832816984,0.00033365688165776903,4.743684340023348,41.300491028530715,0.9851363209634091,1.1811382893966996e-07,0,0.07561794632666409,0.0038486294101019703,0.00717646861448884,1.0004431991129783
0.0234375,46,physics,0,537,93.98559833678823,2441.4984807939604,88.06384845873382,2623.5479275894827,831.9898331998825,0.0003361680919986896,4.7810235780619665,40.38301956862035,0.9854665549532561,1.1908847241670616e-07,0,0.07509826751665154,0.0038768568363926783,0.00717646861448884,1.0004448091529343
0.0235,46,physics,0,537,96.99759457592631,2497.2256329521797,88.87171257743661,2683.0949401055423,838.2516373556275,0.00033869819353539974,4.8152628810056495,39.08800201407212,0.9859327898744025,1.1997142390640634e-07,0,0.07460502184788323,0.003905322805630452,0.00717646861448884,1.0004462403017371
0.0235,47,refine,0,584,96.99759457592631,2497.2256329521797,88.87171257743661,2683.0949401055423,838.2516373556275,0.00033869819353539974,4.8152628810056495,39.08800201407212,0.9859327898744025,1.1997142390640634e-07,0,0.07788086777622279,0.003773114608944368,0.00717646861448884,1.0004462403017371
0.0235625,47,physics,0,584,100.46050589293452,2552.7026295956352,89.21818400450172,2742.3813194930717,844.5604924045604,0.00034124730613253206,4.846758917592589,37.85814817014377,0.9863752615639533,1.2090529111219442e-07,0,0.07736097027710791,0.003801134903636142,0.00717646861448884,1.000448208134684
0.023625,47,physics,0,584,104.13525009442247,2608.542158910226,89.36199094711645,2802.039399951765,850.9169117706736,0.0003438156372406555,4.87658362515845,37.13973539086675,0.986633811577591,1.2186008557790723e-07,0,0.0768650288839319,0.0038292667105168697,0.00717646861448884,1.000449639288349
0.0236875,47,physics,0,584,107.66961851955881,2664.9613852995017,89.6709763159707,2862.301980135031,857.321195947612,0.00034640330827516626,4.906254312677798,37.233894382320685,0.9865999391533298,1.2275034766417992e-07,0,0.07630835078418209,0.0038575737341449167,0.00717646861448884,1.0004489237112606
0.02375,47,physics,0,584,110.93828014316026,2722.5164214607976,90.35075650783125,2923.805458111789,863.7736966571881,0.0003490104613503616,4.937401300058962,38.23225731764741,0.9862406567564742,1.235899826923514e-07,0,0.07574897348562773,0.0038859945716592,0.00717646861448884,1.0004492814997408
0.0238125,47,physics,0,584,114.16548080786137,2781.7318556266246,91.27060023692519,2987.167936671411,870.2747266816066,0.0003516372228468693,4.971252918603979,40.00017880455694,0.9856045388731576,1.2443481534063484e-07,0,0.07517765339921918,0.003914588820578549,0.00717646861448884,1.0004464191954814
0.023875,47,physics,0,584,117.71442334303896,2842.982042919053,92.12110417201892,3052.817570434111,876.8247403112036,0.0003542837763221183,5.008345603963014,42.207954316947934,0.9848100127740108,1.2526000769952364e-07,0,0.07461172221089746,0.003943303116034708,0.00717646861448884,1.0004469558769062
0.0239375,47,physics,0,584,121.72894274838717,2906.421744360854,92.72620965502672,3120.8768967642677,883.4239951744555,0.00035695022587170033,5.048390388524455,44.42389560256621,0.9840125213448008,1.2608878741104953e-07,0,0.07404492398166922,0.003972373367239539,0.00717646861448884,1.0004491026054847
0.024,47,physics,0,584,126.0023077745922,2971.9669028853396,93.20855774079227,3191.1777684007243,890.0728728687268,0.00035963672568122267,5.09042549328765,46.21727514154572,0.9833671353490357,1.269851788165966e-07,0,0.07345639607139996,0.004001688517378694,0.00717646861448884,1.0004492814997408
0.024,48,refine,0,650,126.00230777459221,2971.9669028853396,93.20855774079227,3191.1777684007243,890.0728728687268,0.00035963672568122267,5.09042549328765,46.21727514154572,0.9833671353490357,1.2207808275377385e-07,0,0.06960156641923845,0.003796800650520444,0.006876925937831402,1.0004492814997408
0.0240625,48,physics,0,650,130.1712849959825,3039.0369599397955,93.79272816458719,3263.000973100365,896.7717079740186,0.00036234341093878045,5.1439905168095255,47.281050139143204,0.9829843148044105,1.2297235763014693e-07,0,0.06910034512822133,0.0038254701520309938,0.006876925937831402,1.0004510704440615
0.024125,48,physics,0,650,134.0350686389628,3107.683446080775,94.7608378591795,3336.4793525789173,903.5208775085318,0.0003650704339797561,5.186855322330031,47.47788222422537,0.9829134903418874,1.2387181058670636e-07,0,0.06862835495566469,0.003854437678333401,0.006876925937831402,1.0004517860226854
0.0241875,48,physics,0,650,137.7713024970433,3177.0980890587907,95.88444412642619,3410.7538356822606,910.3206879102023,0.00036781791862135514,5.227262520490621,46.901523349171704,0.9831208731934622,1.2485012756968675e-07,0,0.06816074466811202,0.003883584021511123,0.006876925937831402,1.0004517860226854
0.02425,48,physics,0,650,141.76066042842143,3246.8232210815486,96.81424274483112,3485.398124254801,917.1714585532857,0.00037058599390774386,5.264517345337391,45.83179254770081,0.9835058939173746,1.2593130094273885e-07,0,0.06766599296476672,0.0039129091815434235,0.006876925937831402,1.0004519649174213
0.0243125,48,physics,0,650,146.2439459999455,3316.6241405090136,97.32224344105393,3560.190329950013,924.0735339753087,0.00037337479905038694,5.298677959248458,44.67902194039683,0.9839207714184433,1.2707692320645973e-07,0,0.06717206163138424,0.003942413158409385,0.006876925937831402,1.0004535749714845
0.024375,48,physics,0,650,151.11579156228356,3386.580029498362,97.51140092057726,3635.2072219812226,931.027066610846,0.0003761843956409498,5.330522084720339,43.86496413287148,0.9842137568921068,1.2805953630845587e-07,0,0.06671312637061816,0.003971857536055427,0.006876925937831402,1.0004553639234823
0.0244375,48,physics,0,650,156.04710673983388,3457.0615182751603,97.72794403502675,3710.836569050021,938.0322127049757,0.0003790148468107452,5.361309536770477,43.73209808160508,0.9842615562040467,1.2899147083800255e-07,0,0.0662546759954265,0.004001421126399924,0.006876925937831402,1.0004573317743748
0.0245,48,physics,0,650,160.821330677959,3528.6156755597167,98.25733935776768,3787.6943455954433,945.08930606589,0.0003818662874360161,5.392477989676254,44.44057129568652,0.9840066029542582,1.2997262377467672e-07,0,0.06577240106820748,0.004031103929395685,0.006876925937831402,1.000459657421329
0.0245,49,refine,0,700,160.821330677959,3528.6156755597167,98.25733935776768,3787.6943455954433,945.08930606589,0.00038186628743601603,5.392477989676254,44.44057129568652,0.9840066029542582,1.2997262377467672e-07,0,0.06577240106820748,0.0036528526278562772,0.006876925937831402,1.000459657421329
0.0245625,49,physics,0,700,165.55278172473913,3601.659377596752,99.05153856358922,3866.2636978850805,952.2022674361236,0.00038474030170503124,5.425021649759329,45.94652828184977,0.9834646319869388,1.309196351328978e-07,0,0.06525243377192286,0.003679399314474978,0.006876925937831402,1.0004616252806666
0.024625,49,physics,0,700,170.5748562396795,3677.0638634303477,99.93561081336057,3947.5743304833877,959.3688719305238,0.0003876359906459959,5.462458614472628,48.006514180442586,0.9827233339774832,1.3178109803391167e-07,0,0.064724253079944,0.00370609302031135,0.006876925937831402,1.0004634142470596
0.0246875,49,physics,0,700,176.1352882281054,3754.8858028143504,100.61723777466297,4031.6383288171187,966.5893589168032,0.0003905534509761824,5.503204825441299,50.245441061570155,0.981917611028298,1.32722707490984e-07,0,0.06425382141710038,0.0037329649478461385,0.006876925937831402,1.000464487628431
0.02475,49,physics,0,700,182.1494373478096,3835.140503335368,101.11363088295617,4118.403571566134,973.864255037617,0.00039349289548720116,5.546403885086667,52.2431579082281,0.9811987140233538,1.3362491557700182e-07,0,0.06367910072649598,0.0037600171340118433,0.006876925937831402,1.0004628775568059
0.0248125,49,physics,0,700,188.28597633775348,3917.6033180000295,101.67357816883549,4207.562872506619,981.1939507003528,0.0003964544819243771,5.5907225628712744,53.65706646079881,0.9806899002883693,1.3454096858822608e-07,0,0.06321799620676773,0.0037872488774865344,0.006876925937831402,1.0004639509376014
0.024875,49,physics,0,700,194.26923414953285,4001.851047747004,102.51719084726838,4298.637472743805,988.5787522994508,0.00039943833408734146,5.634665500341202,54.29720710716107,0.9804597291938449,1.3552626842994163e-07,0,0.06276007044501888,0.0038146601627173436,0.006876925937831402,1.0004643087314558
0.0249375,49,physics,0,700,200.1473962645712,4087.3528535115483,103.59657231938837,4391.096822095508,996.0190978469265,0.0004024446289562179,5.67686607774171,54.16691059272462,0.9805066581466448,1.3663539544239714e-07,0,0.06234525778173363,0.003842250975083614,0.006876925937831402,1.000463593143875
0.025,49,physics,0,700,206.25496822097682,4173.61703883482,104.61101198253074,4484.483019038327,1003.515490572489,0.0004054735698625428,5.716462164174862,53.467844773102286,0.9807582519833552,1.376303009337221e-07,0,0.061894772851744224,0.0038701370375607536,0.006876925937831402,1.0004659188053842
0.025,50,refine,0,740,206.25496822097685,4173.61703883482,104.61101198253074,4484.483019038327,1003.515490572489,0.0004054735698625428,5.716462164174862,53.467844773102286,0.9807582519833552,1.1380796349769165e-07,0,0.061894772851744224,0.0036671722894355227,0.005716101266443729,1.0004659188053842
0.0250625,50,physics,0,740,212.91362615145954,4260.155323308257,105.25408391048991,4578.323033370206,1011.0683035686556,0.0004085253075555136,5.752599739302556,52.54673495689504,0.9810897128356371,1.1474609573625124e-07,0,0.06144611480359892,0.0036941528239720976,0.005716101266443729,1.0004662765999424
0.025125,50,physics,0,740,220.1426925120141,4347.324039762725,105.53190586976243,4672.9986381445015,1018.6778923367111,0.00041159998567653514,5.7873149000650015,51.799769957750115,0.9813585639711345,1.1569012814405258e-07,0,0.06099934527331573,0.0037213131450173006,0.005716101266443729,1.0004664554972693
0.0251875,50,physics,0,740,227.67998002414288,4435.244682118094,105.70577530360796,4768.630437445845,1026.3447966360302,0.00041469782231706986,5.821046829236305,51.58167966101963,0.9814370359133695,1.1653730247473943e-07,0,0.06060923746135809,0.0037486106809763607,0.005716101266443729,1.0004677077794546
0.02525,50,physics,0,740,235.24739225442923,4524.448163101682,106.10507458525787,4865.80062994137,1034.0694945458247,0.0004178190106465167,5.8551387864939235,52.11004630772538,0.9812469770795178,1.174066039943966e-07,0,0.06017172622582848,0.003775956808061491,0.005716101266443729,1.0004730747208597
0.0253125,50,physics,0,740,242.83033626906436,4615.551553203403,106.83260452073783,4965.214493993205,1041.852251526816,0.0004209636579251101,5.890858199923827,53.4254648008308,0.9807736306860273,1.1823778711672605e-07,0,0.05971167054525515,0.003803470296684636,0.005716101266443729,1.0004736114165838
0.025375,50,physics,0,740,250.70696149582494,4709.092929856692,107.70194138603335,5067.50183273855,1049.6936200775617,0.0004241319873916189,5.929146808252468,55.363068371508476,0.9800763791358685,1.1902963725773943e-07,0,0.05917736612457297,0.0038311217949292924,0.005716101266443729,1.0004727169238703
0.025437500000000002,50,physics,0,740,259.1786146228241,4805.437874187781,108.44451900803679,5173.061007818642,1057.5938377903942,0.0004273240950459674,5.97017578559254,57.60892423560116,0.9792667860292669,1.1976211800046612e-07,0,0.05874961268542852,0.0038590130446685064,0.005716101266443729,1.0004739692138929
0.025500000000000002,50,physics,0,740,268.2924386995969,4904.711176666333,108.97885690660797,5281.982472272537,1065.5533086491232,0.00043054014411907673,6.013397245098299,59.7839058790836,0.9784818690277768,1.2049942288427926e-07,0,0.058226219457492456,0.00388711441159945,0.005716101266443729,1.0004754004044096
0.025500000000000002,51,refine,0,788,268.2924386995969,4904.711176666333,108.97885690660797,5281.982472272537,1065.5533086491232,0.00043054014411907673,6.013397245098299,59.7839058790836,0.9784818690277768,7.95042325307804e-08,0,0.06138918985403258,0.0037388358095769903,0.0037639057263731956,1.0004754004044096
0.025562500000000002,51,physics,0,788,277.8044907828264,5006.591397424783,109.47300315993064,5393.8688913675405,1073.573028483544,0.00043378053697908623,6.0576396086428375,61.53691649519105,0.9778508769752078,8.002963980402454e-08,0,0.06095235193665384,0.0037649708295394973,0.0037639057263731956,1.000476652697791
0.025625000000000002,51,physics,0,788,287.386272893187,5111.138246864307,110.2014631902039,5508.725982947698,1081.6531039212218,0.00043704531670919766,6.102051258299008,62.621449702082586,0.9774602443918007,8.061318013119483e-08,0,0.060519284543920394,0.0037913620719102524,0.0037639057263731956,1.0004748637077259
0.025687500000000002,51,physics,0,788,296.96792657929376,5217.661054545873,111.21214246143086,5625.841123586598,1089.7939919465448,0.00044033466795538145,6.145332817449899,62.97665466229576,0.977332441743265,8.126917805384444e-08,0,0.06010446921085031,0.003817958258452921,0.0037639057263731956,1.0004754004044096
0.025750000000000002,51,physics,0,788,306.7884347132338,5325.655851043097,112.28481481938914,5744.72910057572,1097.996145153434,0.0004436487735896249,6.18663693955362,62.71971802132792,0.9774249103516343,8.186720101832633e-08,0,0.05970824961411307,0.0038447508581981164,0.0037639057263731956,1.0004757582023587
0.025812500000000002,51,physics,0,788,317.19673806442773,5434.748223834541,113.10104017998358,5865.046002078952,1106.2599904195183,0.0004469878060931684,6.225686094413683,62.12160776310896,0.9776402078083163,8.246543536927225e-08,0,0.05936403979655272,0.0038717986281830773,0.0037639057263731956,1.0004784416910553
0.025875000000000002,51,physics,0,788,328.3398288914617,5544.836878350334,113.52781753266665,5986.704524774462,1114.5861409524446,0.00045035201323447775,6.262815015670597,61.54261640085797,0.9778486313082857,8.306587773176939e-08,0,0.05901607741340433,0.003898908182625896,0.0037639057263731956,1.0004791572892566
0.025937500000000002,51,physics,0,788,340.04766808214083,5656.125409807308,113.74030212653112,6109.91338001598,1122.9748823096,0.0004537415103939076,6.298975951626856,61.33751838939871,0.9779225046722015,8.374264659494202e-08,0,0.05861348692779809,0.003926233036472992,0.0037639057263731956,1.00047987288797
0.026000000000000002,51,physics,0,788,352.0308321495685,5769.09055831784,114.06892106186429,6235.190311529273,1131.4267741480332,0.00045715652370263764,6.335455418107475,61.76919626517517,0.9777671527206492,8.435381282367884e-08,0,0.05821381118524072,0.003953730270290671,0.0037639057263731956,1.0004800517877281
0.026000000000000002,52,refine,0,878,352.0308321495686,5769.09055831784,114.0689210618643,6235.190311529273,1131.4267741480332,0.0004571565237026376,6.335455418107475,61.76919626517517,0.9777671527206492,8.435381282367884e-08,0,0.051404875757347125,0.0037537878949691563,0.0037639057263731956,1.0004800517877281
0.0260625,52,physics,0,878,364.179735976835,5883.955021319195,114.69531434295946,6362.8300716389895,1139.9422384640663,0.00046059722366959997,6.372182847924736,62.947724856530236,0.9773429680579446,8.496476766595147e-08,0,0.05102049929101578,0.003780455880609841,0.0037639057263731956,1.000482198587323
0.026125,52,physics,0,878,376.6629316509819,6002.095177251169,115.5732247773095,6494.33133367946,1148.5217769997396,0.0004640638130252342,6.412790783701953,64.78253893756674,0.9766825600943999,8.543165819219221e-08,0,0.05064135894008536,0.0038073015661632546,0.0037639057263731956,1.0004820196871806
0.0261875,52,physics,0,878,389.7977222231862,6123.571364614665,116.42869256011515,6629.797779397967,1157.1659221748387,0.00046755650689541843,6.456232560440046,67.03188215176769,0.9758729492548731,8.603179146859928e-08,0,0.05025590909753823,0.0038342974667223465,0.0037639057263731956,1.0004834508892135
0.02625,52,physics,0,878,403.74231755319227,6248.612796441654,117.09994855993911,6769.455062554785,1165.8751272705383,0.0004710754884298281,6.502268801673169,69.35708543254118,0.9750360430234597,8.653977801031932e-08,0,0.04985289683370541,0.0038614424218275747,0.0037639057263731956,1.0004857765968838
0.0263125,52,physics,0,878,418.3395353696411,6377.183677269338,117.67464105977079,6913.19785369875,1174.6498796920025,0.00047462095456604235,6.550119881153132,71.40895021683683,0.974297503007828,8.710819621171599e-08,0,0.049482807985353566,0.003888766228141232,0.0037639057263731956,1.0004864922003316
0.026375,52,physics,0,878,433.2803498363012,6509.014350625357,118.39327528720145,7060.68797574886,1183.4906539746748,0.0004781930970415903,6.598647117797527,72.91354817313665,0.9737560130010227,8.773545445706076e-08,0,0.049136154914917414,0.0039162379694914,0.0037639057263731956,1.0004882812111902
0.0264375,52,physics,0,878,448.391558596946,6643.654223700009,119.39451097105434,7211.44029326801,1192.3980141954057,0.00048179214377348583,6.646610261584999,73.74557598350678,0.9734565720181204,8.842676990639111e-08,0,0.04881263401021452,0.003943889688530215,0.0037639057263731956,1.0004893546192408
0.0265,52,physics,0,878,463.80671755145215,6780.587721604695,120.55174189189032,7364.946181048038,1201.3724031338577,0.0004854182736682355,6.6929087702788825,73.94757178186283,0.97338389572566,8.910280691054592e-08,0,0.04847122063385126,0.00397175005545539,0.0037639057263731956,1.0004922170463395
0.0265,53,refine,0,936,463.80671755145215,6780.587721604696,120.55174189189032,7364.946181048039,1201.372403133858,0.0004854182736682355,6.6929087702788825,73.94757178186283,0.97338389572566,8.73949819180098e-08,0,0.04847122063385126,0.003725953406444559,0.003674294101074338,1.0004922170463395
0.0265625,53,physics,0,936,479.8655391563795,6919.114512055603,121.53785464500949,7520.517905856992,1210.4142992955783,0.0004890716800675009,6.734965334747017,73.71282596050224,0.9734683740477661,8.806027462782156e-08,0,0.048150857888440805,0.003751613334352581,0.003674294101074338,1.00049364826296
0.026625,53,physics,0,936,496.80040686872303,7059.556615514632,122.1828845720257,7678.5399069553805,1219.5242739873763,0.0004927525938095833,6.777093417889731,73.36143422482802,0.973594766289363,8.870559753404446e-08,0,0.047814079663745346,0.0037773962201205114,0.003674294101074338,1.0004938271651815
0.0266875,53,physics,0,936,514.5543824273768,7201.747579306993,122.52423151751032,7838.826193251881,1228.702648823863,0.000496461144843872,6.817735674105482,73.23038006296426,0.9736419700575546,8.938081474951775e-08,0,0.04749868178024339,0.0038033485168983976,0.003674294101074338,1.0004945427743874
0.02675,53,physics,0,936,532.8715905638469,7346.066615190202,122.852586800133,8001.790792554183,1237.949724831247,0.000500197454800948,6.857930183459443,73.60835513344293,0.9735059859463647,9.004727630212982e-08,0,0.047167948323077115,0.0038293939065730596,0.003674294101074338,1.0004949005791823
0.0268125,53,physics,0,936,551.5538460658439,7493.086735753929,123.4334282407876,8168.07401006056,1247.2658384023352,0.000503961659601376,6.898840430896797,74.65477278909002,0.9731293754112679,9.069299711228492e-08,0,0.046858293914333986,0.003855568811766128,0.003674294101074338,1.0004961528969722
0.026875,53,physics,0,936,570.6743360054994,7643.415662914153,124.29005349519176,8338.380052414843,1256.651093587956,0.0005077538012872202,6.941361436553604,76.35715250161132,0.9725167233255214,9.131450351418377e-08,0,0.04653252545188437,0.003881879569795198,0.003674294101074338,1.000497047410639
0.0269375,53,physics,0,936,590.5164963128534,7797.554488862411,125.21632850655759,8513.287313681822,1266.1054583273506,0.0005115738669042315,6.985851776347501,78.54958299814102,0.9717276813617429,9.191405503372611e-08,0,0.04620894675409599,0.003908350340926644,0.003674294101074338,1.0004979419251057
0.027,53,physics,0,936,611.3169089193717,7955.805076098576,125.99832046069237,8693.12030547864,1275.6290066441543,0.0005154218863618925,7.032152183873415,80.94507406949727,0.9708654888887834,9.257107613791502e-08,0,0.0458884938058528,0.003934998384685238,0.003674294101074338,1.0004999098597471
0.027,54,refine,0,990,611.3169089193716,7955.805076098575,125.99832046069238,8693.12030547864,1275.6290066441543,0.0005154218863618926,7.032152183873415,80.94507406949727,0.9708654888887834,9.257107613791502e-08,0,0.0458884938058528,0.0036942980416586418,0.003674294101074338,1.0004999098597471
0.0270625,54,physics,0,990,633.0779299780265,8118.180047479018,126.6247291184356,8877.88270657548,1285.2297732370653,0.0005193011061053009,7.079821588546492,83.20472143384414,0.9700521646817579,9.317838234323953e-08,0,0.045561362808430546,0.0037205241022530275,0.003674294101074338,1.0004999098597471
0.027125,54,physics,0,990,655.5140850546356,8284.853033653342,127.32587157596669,9067.692990283946,1294.9028588760762,0.0005232095465852765,7.12979841256785,85.05009127344488,0.9693879561301734,9.381294674426504e-08,0,0.04523718623902944,0.0037468693399481125,0.003674294101074338,1.0005029512208976
0.0271875,54,physics,0,990,678.3747743734323,8455.205858868523,128.28157166036317,9261.86220490232,1304.6486357154022,0.000527147358171893,7.180224900800098,86.3160879802967,0.9689374050041508,9.44812974523757e-08,0,0.044923366517413715,0.0037732742143625755,0.003674294101074338,1.0005061714957224
0.02725,54,physics,0,990,701.6917291296447,8628.73598348631,129.46706435784208,9459.894776973797,1314.467809241524,0.0005311148259191676,7.230067743190069,86.96794895776621,0.9687051506976934,9.518403398800512e-08,0,0.04462995391051763,0.003799917507219054,0.003674294101074338,1.0005072449229673
0.0273125,54,physics,0,990,725.7424689162106,8804.967018368807,130.6298918134024,9661.33937909842,1324.3609699019094,0.0005351121883992444,7.278601186867682,87.13273509585109,0.9686458871198287,9.592176652972738e-08,0,0.0443492320107945,0.0038267396139069474,0.003674294101074338,1.00050742382762
0.027375,54,physics,0,990,750.8176704695757,8983.590011999846,131.49792763347025,9865.905610102893,1334.328435296508,0.000539139573939376,7.325544371755577,87.0664252325748,0.9686698154934673,9.669320810701261e-08,0,0.04404380827805484,0.0038538001071165948,0.003674294101074338,1.0005067082092007
0.0274375,54,physics,0,990,776.9933993387999,9164.591401001831,132.01869382331626,10073.603494163948,1344.3710524244866,0.0005431973247722218,7.3711695739885945,87.08248021662975,0.9686641166769413,9.74417471155676e-08,0,0.04375689852379056,0.0038808606322399317,0.003674294101074338,1.0005079605417704
0.0275,54,physics,0,990,804.0812850494851,9348.260464979097,132.40588881658303,10284.747638845167,1354.4892136667768,0.0005472855994405241,7.416262627533118,87.47360840304273,0.9685234006972941,9.816888457692127e-08,0,0.04348303057788763,0.0039081596077371016,0.003674294101074338,1.000509391780912
0.0275,55,refine,0,1073,804.0812850494851,9348.2604649791,132.405888816583,10284.747638845169,1354.4892136667768,0.0005472855994405241,7.416262627533118,87.47360840304273,0.9685234006972941,7.135439705763251e-08,0,0.04703749814271447,0.0036832625595659614,0.002696639159694314,1.000509391780912
0.0275625,55,physics,0,1073,831.8477865600869,9534.782492668128,132.9415711280891,10499.571850356304,1364.6835396437386,0.0005514046487078788,7.461159229897199,88.45955322659955,0.9681686115374221,7.188182760131658e-08,0,0.0466922356901515,0.0037092500904988153,0.002696639159694314,1.0005097495910173
0.027625,55,physics,0,1073,860.2678426350383,9725.452359238794,133.77489911225234,10719.495100986083,1374.9545877765827,0.0005555546978020674,7.5080871630960795,90.07554867683632,0.96758706928494,7.23791968582077e-08,0,0.04634921076483639,0.0037354157404411135,0.002696639159694314,1.0005124331708861
0.0276875,55,physics,0,1073,889.5646865105999,9920.511655352686,134.7669416208721,10944.843283484157,1385.3028934382937,0.0005597359630422175,7.556856641051872,92.21774596374763,0.9668162472267552,7.288095371649215e-08,0,0.0460104550032671,0.003761700836276652,0.002696639159694314,1.0005131487934
0.02775,55,physics,0,1073,920.0236858088388,10120.367865169117,135.691251696821,11176.082802674777,1395.7290039705,0.0005639486655834246,7.607724197770968,94.65810923571263,0.9659381646634928,7.335515661566207e-08,0,0.045680479233325015,0.0037880455429164612,0.002696639159694314,1.0005145800399637
0.0278125,55,physics,0,1073,951.7236025621327,10325.173899128658,136.45794274965414,11413.355444440445,1406.2332093713069,0.0005681929226003303,7.660177234335586,97.10510187860442,0.965057649742342,7.383428624052603e-08,0,0.045332609755632254,0.00381450923674204,0.002696639159694314,1.0005140433222623
0.027875,55,physics,0,1073,984.4883739516448,10534.826711451395,137.19353648613875,11656.508621889177,1416.815822155834,0.0005724688603656459,7.71332645431276,99.2626514311315,0.9642813143136028,7.434435644881888e-08,0,0.045007621782889015,0.0038427827540049976,0.002696639159694314,1.0005145800399637
0.0279375,55,physics,0,1073,1018.0543529875082,10748.983061370054,138.1055908315273,11905.14300518909,1427.4770044310476,0.0005767765443791993,7.766191960930151,100.92035038754517,0.9636848921182749,7.486097786113531e-08,0,0.04468475137802594,0.003871508567478562,0.002696639159694314,1.0005135066048492
0.028,55,physics,0,1073,1052.3452767038802,10967.155828192885,139.2570648705685,12158.758169767332,1438.2167295516042,0.0005811159638748571,7.817839152500704,101.99698620438248,0.963297541872571,7.538329782619251e-08,0,0.044391594535024545,0.0039004136945183713,0.002696639159694314,1.000514222228131
0.028,56,refine,0,1188,1052.3452767038802,10967.155828192885,139.2570648705685,12158.758169767332,1438.2167295516042,0.0005811159638748571,7.817839152500704,101.99698620438248,0.963297541872571,7.538329782619251e-08,0,0.044391594535024545,0.0037851667617499057,0.002696639159694314,1.000514222228131
0.0280625,56,physics,0,1188,1087.58771318172,11188.57444671911,140.44942430289774,12416.611584203729,1449.0411854341462,0.0005854896190996612,7.866024982363453,102.54057061504393,0.9631019655819786,7.593255890725459e-08,0,0.044087755523122545,0.0038107100474352317,0.002696639159694314,1.000515116757953
0.028125,56,physics,0,1188,1124.0881086030872,11413.652836552094,141.47057553796543,12679.211520693147,1459.9471273770334,0.0005898961990217844,7.915080558607292,102.75584719651782,0.9630244809670736,7.645641186826425e-08,0,0.04377222942925834,0.003836452290977118,0.002696639159694314,1.0005152956640133
0.0281875,56,physics,0,1188,1162.0064821803953,11641.832942404953,142.14431152551344,12945.983736110862,1470.9351570828262,0.0005943359467610271,7.963055140681359,102.92499044448853,0.962963629944681,7.698208737139116e-08,0,0.043485145003609865,0.003862375628981296,0.002696639159694314,1.0005188737919388
0.02825,56,physics,0,1188,1201.25925983533,11873.294014535899,142.58870331043858,13217.141977681667,1482.005884739552,0.0005988091088657673,8.010604860398583,103.33737537147107,0.9628152246893258,7.754496600398396e-08,0,0.0431948251019355,0.003888404170946499,0.002696639159694314,1.0005208417677525
0.0283125,56,physics,0,1188,1241.6248011199104,12108.498581441445,143.08407098008428,13493.207453541441,1493.1598972900983,0.000603315922492114,8.058685302737723,104.22005717656444,0.9624976553619078,7.81090614410119e-08,0,0.04289301309096932,0.0039145909056909015,0.002696639159694314,1.0005229886548728
0.028375,56,physics,0,1188,1283.0052284739154,12348.06305991042,143.83383702678404,13774.902125411121,1504.3978668886748,0.0006078566592260756,8.108126641741384,105.68479668181327,0.9619706271206593,7.86794354112884e-08,0,0.042580000994257336,0.003940930542187158,0.002696639159694314,1.0005258511781996
0.0284375,56,physics,0,1188,1325.5444470897369,12592.586550991673,144.80920706412928,14062.940205145538,1515.7204991163635,0.0006124316041598928,8.159514430782165,107.69787234452559,0.9612461981207049,7.921673006450192e-08,0,0.04227644219120498,0.003967359443305608,0.002696639159694314,1.0005278191677374
0.0285,56,physics,0,1188,1369.524344059335,12842.572241321326,145.81457972949062,14357.911165110152,1527.128274430375,0.0006170409514238038,8.213105205209876,110.09089557560658,0.9603851537659462,7.975841587182233e-08,0,0.04197434338705667,0.00399401228088793,0.002696639159694314,1.0005294293438747
0.0285,57,refine,0,1302,1369.524344059335,12842.572241321326,145.8145797294906,14357.911165110152,1527.1282744303753,0.0006170409514238038,8.213105205209876,110.09089557560658,0.9603851537659462,7.975841587182233e-08,0,0.04197434338705667,0.0036815833762867014,0.002696639159694314,1.0005294293438747
0.0285625,57,physics,0,1302,1415.1439964749136,13097.819982881607,146.6568175196883,14659.620796876208,1538.6219067154368,0.0006216849894651628,8.313671164209214,112.61907314955153,0.9594754131095655,8.030229725619629e-08,0,0.04165604999809651,0.003705365996686287,0.002696639159694314,1.0005299660698297
0.028625,57,physics,0,1302,1462.3187326154825,13359.2522478681,147.46720773534707,14969.038188218929,1550.2020056343804,0.0006263639646201422,8.3721838791273,114.99299864179311,0.9586213036348681,8.085432057214349e-08,0,0.041340119859284506,0.0037295178124973406,0.002696639159694314,1.000530681704884
0.0286875,57,physics,0,1302,1510.8132106231515,13626.203794275589,148.3826048716331,15285.399609770373,1561.8692103945043,0.0006310781351624488,8.430862541744222,116.9795957699992,0.957906483270403,8.140481355667359e-08,0,0.04104570826741191,0.0037539401821526626,0.002696639159694314,1.000529787161146
0.02875,57,physics,0,1302,1560.4891445901976,13898.226450751568,149.52811948821895,15608.243714829985,1573.623989734138,0.0006358276904872694,8.488554148078126,118.44732278701161,0.9573783187989394,8.19575021182572e-08,0,0.04076554056108513,0.0037785407841453133,0.002696639159694314,1.0005310395226032
0.0288125,57,physics,0,1302,1611.450022575219,14174.824405683281,150.81457862411486,15937.089006882616,1585.4666371759881,0.0006406127491933723,8.544356513228752,119.40104821089945,0.9570351488562195,8.254799865881074e-08,0,0.040481957043797145,0.0038033591847899902,0.002696639159694314,1.000534438797318
0.028875,57,physics,0,1302,1663.9973663095411,14455.5568935503,151.9853415967538,16271.539601456594,1597.3973662016665,0.000645433397538671,8.597720311257099,119.9733379042366,0.9568293725463006,8.314717092616783e-08,0,0.04023109796269794,0.003828394789739953,0.002696639159694314,1.0005387326345179
0.0289375,57,physics,0,1302,1718.3849779098223,14740.167776291437,152.82986033665784,16611.382614537917,1609.4162348823934,0.0006502896589870247,8.648710391618906,120.40152104876029,0.9566753359233683,8.371127790951517e-08,0,0.039980740330659466,0.003853556839319029,0.002696639159694314,1.0005415952028884
0.029,57,physics,0,1302,1774.6375233339104,15028.688578819794,153.36409801375697,16956.69020016746,1621.5229514990197,0.0006551814156684024,8.697898971893402,120.95260165349244,0.9564770923904684,8.431388209828582e-08,0,0.039696527462537906,0.0038788862514818343,0.002696639159694314,1.000544994513466
0.029,58,refine,0,1400,1774.6375233339104,15028.688578819794,153.36409801375697,16956.69020016746,1621.5229514990194,0.0006551814156684025,8.697898971893402,120.95260165349244,0.9564770923904684,6.689738718534953e-08,0,0.039696527462537906,0.003704801116443986,0.0021021412685513496,1.000544994513466
0.0290625,58,physics,0,1400,1832.637309796111,15321.477101538007,153.80215444388,17307.916565778,1633.7272171000498,0.0006601125873217446,8.744709093543063,121.85484110074508,0.9561525375217057,6.739471736239024e-08,0,0.03943171074576016,0.0037296278636203156,0.0021021412685513496,1.0005482149236133
0.029125,58,physics,0,1400,1892.1866741080717,15619.59069072126,154.4576939773292,17666.23505880666,1646.023202080814,0.0006650808184770832,8.796154096937993,123.2721691483092,0.9556426225596594,6.786607897879551e-08,0,0.039139407625211536,0.003754560344395661,0.0021021412685513496,1.0005496462203396
0.0291875,58,physics,0,1400,1953.354799355745,15923.325564971448,155.3650147621484,18032.04537908934,1658.4116533550923,0.0006700864109272654,8.849982371123794,125.23132834338337,0.9549376688147596,6.833725052501896e-08,0,0.03886148971304614,0.00377963581039703,0.0021021412685513496,1.0005508986066545
0.02925,58,physics,0,1400,2016.4100178757703,16233.246431511658,156.38663357174673,18406.043082959175,1670.8933662041545,0.0006751296860081731,8.906422755059161,127.62519582572024,0.9540763426295563,6.881741043685001e-08,0,0.0385791173935385,0.0038048174782524084,0.0021021412685513496,1.0005526877326807
0.029312500000000002,58,physics,0,1400,2081.6025540155465,16549.71942230339,157.34701747541948,18788.668993794356,1683.4690931627315,0.0006802109477838163,8.965224438517762,130.24597264205383,0.9531332524105932,6.929719020831725e-08,0,0.038304922956829496,0.0038301498113785222,0.0021021412685513496,1.000552508819934
0.029375000000000002,58,physics,0,1400,2148.970334915974,16872.845991508795,158.2139135100569,19180.030239934826,1696.1395235623372,0.0006853304747807469,9.02566071961328,132.83409124512644,0.9522020313279302,6.978737054907919e-08,0,0.03803364727986958,0.0038556768837755676,0.0021021412685513496,1.0005512564316037
0.029437500000000002,58,physics,0,1400,2218.3403588189185,17202.499397249685,159.12306721282602,19579.96282328143,1708.9051417571536,0.0006904884627037859,9.086715937212764,135.15057337468633,0.9513685736817158,7.027811044224569e-08,0,0.03774727866921383,0.003881310425538538,0.0021021412685513496,1.0005512564316037
0.029500000000000002,58,physics,0,1400,2289.554183375249,17538.33818013501,160.22675515005517,19988.119118660317,1721.7669416351014,0.0006956853131364531,9.147074011861909,137.03330243144865,0.9506911261960065,7.080464214936904e-08,0,0.03746900640539792,0.003907072173538631,0.0021021412685513496,1.000554655775005
0.029500000000000002,59,refine,0,1524,2289.554183375249,17538.33818013501,160.22675515005517,19988.119118660317,1721.7669416351014,0.0006956853131364531,9.147074011861909,137.03330243144865,0.9506911261960065,5.972782357588358e-08,0,0.039057988885887095,0.0037966522582448675,0.00179411715362221,1.000554655775005
0.029562500000000002,59,physics,0,1524,2362.641913543508,17879.504927185175,161.50215465058633,20403.648995379266,1734.7254122051963,0.0007009212236643698,9.204901975202937,138.42954521270858,0.9501887677576627,6.013657838366271e-08,0,0.038780246841133376,0.00381919338668413,0.00179411715362221,1.000556265994331
0.029625000000000002,59,physics,0,1524,2437.8521711116628,18226.32085910069,162.78223176930575,20826.95526198166,1747.7813131708774,0.0007061965012480844,9.262369421911824,139.41243919434058,0.9498352445932984,6.059155310822459e-08,0,0.03851173492009274,0.003847804284953158,0.00179411715362221,1.0005571605617432
0.029687500000000002,59,physics,0,1524,2515.485203303267,18578.104211915706,163.81014977839382,21257.399564997366,1760.935135557087,0.0007115113442877613,9.31800293305619,140.16345893736676,0.9495651495763218,6.100550820065115e-08,0,0.038238322809147476,0.0038765647186743825,0.00179411715362221,1.0005573394753215
0.029750000000000002,59,physics,0,1524,2595.6751633331814,18934.81281564608,164.5075563932743,21694.995535372535,1774.1872432541911,0.0007168658998144393,9.372159191040538,140.92047604883166,0.9492928799512084,6.140943398236228e-08,0,0.03797942743753984,0.0039054429149250843,0.00179411715362221,1.000557518388932
0.029812500000000002,59,physics,0,1524,2678.3341784477298,19296.679615391506,165.0286951197403,22140.042488958978,1787.5377947743289,0.0007222602318754451,9.42578615817963,141.92192514251897,0.9489326858556995,6.188559531494772e-08,0,0.03773313802795145,0.003934347686318693,0.00179411715362221,1.0005593075267953
0.029875000000000002,59,physics,0,1524,2763.3221778437173,19664.183981043803,165.62599418604668,22593.13215307357,1800.9870523065385,0.0007276944464090797,9.479851824676013,143.34823817109907,0.9484195708627368,6.230676241614231e-08,0,0.037477778303339704,0.003963249367460581,0.00179411715362221,1.000561096667858
0.029937500000000002,59,physics,0,1524,2850.6349700720393,20037.910327839214,166.43964580319528,23054.984943714448,1814.5348634637376,0.0007331684818428686,9.535024722938997,145.27287458258442,0.9477271674206418,6.277708664015342e-08,0,0.03721748517152748,0.0039921500165638075,0.00179411715362221,1.000561991239589
0.03,59,physics,0,1524,2940.4840885515405,20418.4238793943,167.40646730370665,23526.314435249547,1828.1812920157727,0.0007386823639432178,9.591511800239076,147.656010311706,0.9468694937630745,6.319063672322042e-08,0,0.036953296621047946,0.0040210476801996065,0.00179411715362221,1.0005648538745031
0.03,60,refine,0,1677,2940.4840885515405,20418.4238793943,167.40646730370668,23526.314435249547,1828.1812920157727,0.0007386823639432178,9.591511800239076,147.656010311706,0.9468694937630745,6.319063672322042e-08,0,0.03477684255243488,0.0038085838746190997,0.001775067183189094,1.0005648538745031
0.0300625,60,physics,0,1677,3033.2177073356033,20806.309985827098,168.32973282291846,24007.85742598562,1841.9408881318027,0.0007442419717514159,9.648542485282507,150.33728063357873,0.9459047797425468,6.361893589712511e-08,0,0.034536760539881715,0.0038352810997410425,0.001775067183189094,1.0005680743485712
0.030125,60,physics,0,1677,3128.937713553953,21202.34126390136,169.2335345034672,24500.51251195878,1855.8041217615214,0.0007498434546208782,9.709748371691951,153.101818439184,0.9449100968919215,6.40500523729769e-08,0,0.03429790162854506,0.003862213734595643,0.001775067183189094,1.00057004242116
0.0301875,60,physics,0,1677,3227.5652250627536,21606.016108775195,170.1434779655914,25003.72481180354,1869.7715152758235,0.0007554870236171963,9.77234186662846,155.7136451148951,0.9439702455594997,6.447015543642473e-08,0,0.03406109670486535,0.003889265661220136,0.001775067183189094,1.0005714737491107
0.03025,60,physics,0,1677,3328.9536271894967,22017.06250688081,171.2181081663369,25517.234242236646,1883.8440160345685,0.0007611730615240829,9.835440814075218,157.98199897023932,0.9431540744514143,6.489253401298344e-08,0,0.033825927999986447,0.0039165262578885396,0.001775067183189094,1.0005725472464173
0.0303125,60,physics,0,1677,3433.0705129311905,22435.094532026626,172.51007180482983,26040.675116762646,1898.0225905694597,0.0007669019588716919,9.900635723474073,159.81602383224097,0.942494135559995,6.53300205044616e-08,0,0.033593986700261196,0.003943997000333395,0.001775067183189094,1.0005741574945368
0.030375,60,physics,0,1677,3540.0973595481346,22859.653178500183,173.87709781516213,26573.62763586348,1912.3078265402087,0.0007726739531057672,9.965169915532048,161.2338071867488,0.9419838151142698,6.58334267100713e-08,0,0.03336246196364491,0.003971587013704164,0.001775067183189094,1.00057737799855
0.0304375,60,physics,0,1677,3650.336982946955,23290.341818154957,175.07309698794404,27115.751898089857,1926.699937145033,0.0007784891303697159,10.028027545165662,162.3596725161512,0.9415787199076529,6.632687199470405e-08,0,0.033132560756594896,0.0039993573419077845,0.001775067183189094,1.0005789882544438
0.0305,60,physics,0,1677,3764.0455755798243,23727.038338701663,175.93870644329144,27667.02262072478,1941.1996678724722,0.0007843477918805121,10.088800439188109,163.3947528167332,0.9412063969512946,6.677364705609532e-08,0,0.03290428172626817,0.004027306509648299,0.001775067183189094,1.0005789882544438
0.0305,61,refine,0,1838,3764.045575579824,23727.038338701663,175.93870644329144,27667.02262072478,1941.1996678724722,0.0007843477918805121,10.088800439188109,163.3947528167332,0.9412063969512946,6.396411222908682e-08,0,0.03290428172626817,0.003788147614242389,0.0017192314844578505,1.0005789882544438
0.0305625,61,physics,0,1838,3881.2588062762734,24169.46665076722,176.5169055254896,28227.24236256898,1955.8097009596454,0.0007902510214044412,10.146715168451813,164.5529545449933,0.9407897205174063,6.443779110298929e-08,0,0.03267837593080217,0.0038138531080541983,0.0017192314844578505,1.0005838190376735
0.030625,61,physics,0,1838,4001.8668944514257,24619.063255587396,177.09275840889177,28798.022908447714,1970.5297578516993,0.0007961987063905469,10.20572757799852,166.04120418255116,0.9402541041436021,6.487118842102296e-08,0,0.032453698489066846,0.003839793600946761,0.0017192314844578505,1.0005859660599286
0.0306875,61,physics,0,1838,4125.828788494143,25075.911528269753,177.8405634416758,29379.58088020557,1985.3606332091956,0.0008021911679239118,10.26516151436845,167.9728116464202,0.9395592134043786,6.529108809161232e-08,0,0.032244856254244406,0.0038657924497989766,0.0017192314844578505,1.0005868606538948
0.03075,61,physics,0,1838,4253.289365800062,25540.642813944924,178.78712670297915,29972.719306447965,2000.3030869087645,0.0008082287130350637,10.325709344412427,170.3554576958204,0.9387019987906539,6.57551320060179e-08,0,0.03202292977926274,0.0038919669197222517,0.0017192314844578505,1.000590081198795
0.0308125,61,physics,0,1838,4384.532660828003,26013.781709758383,179.8032479186458,30578.117618505028,2015.3578336670469,0.0008143116305074952,10.387560846756166,173.08966431303375,0.9377182098713047,6.618530257185283e-08,0,0.03180261407400914,0.0039183800883126636,0.0017192314844578505,1.0005909757964402
0.030875,61,physics,0,1838,4519.820306998058,26495.65364381779,180.76392696086668,31196.237877776715,2030.5260531770755,0.0008204403969998618,10.450341226036176,175.99427089837147,0.9366731763722307,6.656348361389067e-08,0,0.03158460719492885,0.003944792208429509,0.0017192314844578505,1.0005938385142799
0.0309375,61,physics,0,1838,4659.192671372659,26986.32911818008,181.68371223080462,31827.205501783545,2045.808446015164,0.0008266152955822125,10.513804436078559,178.8521829793246,0.9356336505111168,6.699285837186148e-08,0,0.03136783904706831,0.003971386994330243,0.0017192314844578505,1.000596522319693
0.031,61,physics,0,1838,4802.546588849829,27485.639041530892,182.69866563676635,32470.884296017488,2061.205846301481,0.0008328366632834076,10.577709205169382,181.52623390996686,0.9346697053423552,6.742553715355361e-08,0,0.031166747005330953,0.0039981643729905415,0.0017192314844578505,1.0005970590816395
0.031,62,refine,0,1930,4802.546588849829,27485.63904153089,182.69866563676635,32470.884296017484,2061.205846301481,0.0008328366632834076,10.577709205169382,181.52623390996686,0.9346697053423552,5.574511252604006e-08,0,0.031166747005330953,0.003768126966481911,0.0014290253166109324,1.0005970590816395
0.0310625,62,physics,0,1930,4949.831226924592,27992.951907562747,183.8990253232038,33126.682159810545,2076.719145236027,0.0008391048601955927,10.640346544600932,183.79889354878918,0.9338519295581084,5.609634090575347e-08,0,0.03095372712516237,0.0037942915206720744,0.0014290253166109324,1.0005979536855236
0.031125,62,physics,0,1930,5101.162984059299,28508.434901926565,185.24135761154193,33794.83924359741,2092.3491564294727,0.0008454202150607023,10.702606225362365,185.6555314642233,0.9331838925222713,5.649608025848355e-08,0,0.03074326563991844,0.0038206042418821662,0.0014290253166109324,1.0005986693692066
0.0311875,62,physics,0,1930,5256.854601775651,29031.399473625715,186.50295204530505,34474.75702744667,2108.0964034767703,0.0008517829394389132,10.763377211848189,187.17797211047804,0.9326360251266638,5.6866089170881664e-08,0,0.030533354222736578,0.0038470668469748268,0.0014290253166109324,1.0006001007381085
0.03125,62,physics,0,1930,5417.19633063384,29561.610931215935,187.4820429852212,35166.289304834994,2123.9611584276186,0.0008581931432527585,10.822372449523906,188.52309537500517,0.9321522284652717,5.723746276942165e-08,0,0.030325642171621547,0.00387367847497584,0.0014290253166109324,1.0006027845603183
0.0313125,62,physics,0,1930,5582.344040278549,30099.111831790087,188.15273135714676,35869.60860342578,2139.9439003290145,0.0008646510200626754,10.879817966134928,189.90096308695362,0.9316563951142844,5.7608978920598066e-08,0,0.030119461568412692,0.0039004689252232763,0.0014290253166109324,1.0006027845603183
0.031375,62,physics,0,1930,5752.262078631804,30644.160119983066,188.68580213486652,36585.10800074974,2156.044226604438,0.0008711564072063657,10.936586380044572,191.50727556225857,0.9310782980717488,5.801777991365493e-08,0,0.029914807445222593,0.0039274679971900385,0.0014290253166109324,1.0006040370131462
0.0314375,62,physics,0,1930,5926.896111286489,31197.205737542183,189.29918236665569,37313.401031195324,2172.2613948398975,0.0008777090047091404,10.993134503922313,193.4810966553326,0.9303681123840809,5.83960093614166e-08,0,0.029724463407104437,0.00395458546222588,0.0014290253166109324,1.0006074365358677
0.0315,62,physics,0,1930,6106.356175427569,31758.77744814734,190.0877302460035,38055.22135382091,2188.594791021933,0.0008843085644769462,11.049296394736107,195.89806604227022,0.9295053667000779,5.880908160449387e-08,0,0.029484814398275865,0.00398188176016528,0.0014290253166109324,1.0006111939165236
0.0315,63,refine,0,2032,6106.356175427568,31758.77744814734,190.0877302460035,38055.22135382091,2188.594791021933,0.0008843085644769462,11.049296394736107,195.89806604227022,0.9295053667000779,5.880908160449387e-08,0,0.029484814398275865,0.0037697338652631844,0.0014290253166109324,1.0006111939165236
0.0315625,63,physics,0,2032,6291.011300289796,32330.41150958255,190.99498200034344,38812.41779187269,2205.0669144376598,0.0008909641774169949,11.10681154554649,198.6916567340181,0.9285020749264505,5.917623679962961e-08,0,0.02928517710542323,0.00379570408980926,0.0014290253166109324,1.000614056692208
0.031625,63,physics,0,2032,6481.114356421202,32912.351900087364,191.94606893240018,39585.412325440964,2221.6630348841927,0.0008976698917448204,11.168313999969609,201.72361342000332,0.9274113596756434,5.956034598852967e-08,0,0.029087035214557567,0.003821793682019358,0.0014290253166109324,1.0006156670071298
0.0316875,63,physics,0,2032,6676.8325557190665,33504.42144723507,192.88336265263567,40374.13736560677,2238.3841761518097,0.0009044261211260835,11.233157169813742,204.80989425780334,0.9263012944763769,5.994415186449946e-08,0,0.02883985975657035,0.00384800264027459,0.0014290253166109324,1.0006188876447477
0.03175,63,physics,0,2032,6878.1091818538325,34106.59254179904,193.89611500283425,41178.5978386557,2255.230941142353,0.0009112331091651585,11.300637248884595,207.75405512858444,0.9252426502978462,6.033052724063745e-08,0,0.02867063556058757,0.0038743947898295435,0.0014290253166109324,1.000621392592284
0.0318125,63,physics,0,2032,7084.927477558942,34718.581084623926,195.09580734421698,41998.604369527086,2272.204519854194,0.0009180913366846055,11.36957740796759,210.40923848087854,0.92428824473495,6.072422964464856e-08,0,0.028476536409759674,0.003900963698099629,0.0014290253166109324,1.0006233607697474
0.031875,63,physics,0,2032,7297.347698455891,35339.98349133314,196.47060546568463,42833.80179525472,2289.3055055685045,0.0009250010434015364,11.438557625587196,212.7050434721861,0.9234643056200655,6.114875361618026e-08,0,0.028284480728557552,0.003927649838562736,0.0014290253166109324,1.0006238975460913
0.0319375,63,physics,0,2032,7515.645052697078,35970.38471956143,197.84621592750406,43683.87598818601,2306.534462461603,0.0009319624572731579,11.505870821533899,214.66876430909193,0.922758287126541,6.154263587632164e-08,0,0.02809388798722329,0.003954574477177928,0.0014290253166109324,1.0006238975460913
0.032,63,physics,0,2032,7740.188616562162,36609.46881153005,198.99542730113808,44548.65285539335,2323.891579585002,0.0009389756546863253,11.570590974319,216.40654500047773,0.92213316921589,6.193621659988928e-08,0,0.027904476006247056,0.0039816184782589465,0.0014290253166109324,1.0006247921739706
0.032,64,refine,0,2184,7740.188616562162,36609.46881153005,198.99542730113808,44548.65285539335,2323.891579585002,0.0009389756546863252,11.570590974319,216.40654500047773,0.92213316921589,4.1172617315510185e-08,0,0.027290305782533993,0.0037715580861405495,0.0009409764315932989,1.0006247921739706
0.0320625,64,physics,0,2184,7971.254844938934,37257.0714431231,199.7946107216813,45428.12089878372,2341.3820316200254,0.0009460427264871869,11.63104724884531,218.0975321379621,0.9215247226955118,4.1451738042041946e-08,0,0.027166630532275984,0.003795558750545052,0.0009409764315932989,1.0006253289510822
0.032125,64,physics,0,2184,8208.885962409784,37914.08765362155,200.41568785484893,46323.38930388618,2359.0040444554093,0.0009531629558405505,11.693902019820671,219.92803564751307,0.920866146514266,4.1732942435146556e-08,0,0.026985835253625908,0.003819648969643816,0.0009409764315932989,1.0006260446543456
0.0321875,64,physics,0,2184,8453.08548077061,38580.60682656609,201.03272756187502,47234.72503489857,2376.7586977212836,0.0009603367789743436,11.757082002733219,222.0531470375814,0.9201015952456172,4.201613990062467e-08,0,0.026840253199474404,0.0038438852141789706,0.0009409764315932989,1.0006269392841447
0.03225,64,physics,0,2184,8703.932582960408,39257.227027469875,201.80522663172684,48162.964837062005,2394.6468517998464,0.0009675645435286814,11.821222340840647,224.5724655403531,0.9191924006528845,4.230042449648863e-08,0,0.026674678768085745,0.003868181280610072,0.0009409764315932989,1.00062568680265
0.0323125,64,physics,0,2184,8961.7086166618,39944.56812224265,202.74444845494986,49109.021187359394,2412.669759465328,0.0009748467556909071,11.886955310079133,227.48602778559993,0.9181435729394603,4.256837904392797e-08,0,0.026521934337002232,0.003892656221984757,0.0009409764315932989,1.0006262235802414
0.032375,64,physics,0,2184,9226.752208484766,40643.11273410803,203.7501937899791,50073.615136382774,2430.8283499412946,0.0009821837909167056,11.954192213428295,230.69318788026135,0.9169895146192166,4.278174792204943e-08,0,0.02632858424024999,0.003917244503806712,0.0009409764315932989,1.000627476062408
0.0324375,64,physics,0,2184,9499.296428984097,41353.119777453314,204.74487050326996,51057.16107694068,2449.123503197303,0.0009895760047605275,12.02256970306909,234.0316329369983,0.9157883300322804,4.305183409769602e-08,0,0.02621101381302796,0.0039419492166867945,0.0009409764315932989,1.000631054591523
0.0325,64,physics,0,2184,9779.470101290102,42074.63808040733,205.75922357749374,52059.86740527493,2467.5564436274653,0.0009970238919426383,12.091797865372978,237.32097484065102,0.9146049847738489,4.334144243500762e-08,0,0.02603211459342026,0.0039667793128607565,0.0009409764315932989,1.0006333806423102
0.0325,65,refine,0,2378,9779.470101290102,42074.63808040733,205.75922357749374,52059.86740527493,2467.5564436274653,0.0009970238919426383,12.091797865372978,237.32097484065102,0.9146049847738489,4.334144243500762e-08,0,0.02603211459342026,0.0037707909040063906,0.0009300431702286005,1.0006333806423102
0.0325625,65,physics,0,2378,10067.30388727006,42806.901498503925,206.88390103044534,53081.089286804425,2486.1280899700014,0.0010045278236820872,12.159829166825835,240.39362953851506,0.9134994420795697,4.363312378075091e-08,0,0.025884273225324928,0.0037943040596481775,0.0009300431702286005,1.0006333806423102
0.032625,65,physics,0,2378,10362.83969359117,43550.7614649101,208.17804603336427,54121.779204534636,2504.8396077128928,0.0010120882708979356,12.226683636643758,243.1641671832991,0.9125032940935012,4.392679819886778e-08,0,0.025737343615803526,0.0038179051041641677,0.0009300431702286005,1.0006380327601063
0.0326875,65,physics,0,2378,10666.312468634704,44305.23315719873,209.53101639978797,55181.076642233216,2523.69185000418,0.0010197055783073149,12.291667955811688,245.61621839437225,0.9116212360126297,4.4298705148548834e-08,0,0.02559132407042809,0.003841745600875254,0.0009300431702286005,1.0006391063288231
0.03275,65,physics,0,2378,10978.133330583903,45070.063570585364,210.74962737016432,56258.94652853943,2542.6860677281393,0.0010273802513339255,12.35525514659853,247.81992131223586,0.9108284807753468,4.455758073618207e-08,0,0.025426887648801553,0.0038656457178514914,0.0009300431702286005,1.0006405377555705
0.0328125,65,physics,0,2378,11298.618472854467,45845.14841417115,211.68467602807283,57355.45156305369,2561.8233456715197,0.0010351127282892444,12.417916326183834,249.91214613793363,0.9100760182077541,4.479761983589014e-08,0,0.025303807855277406,0.003889603973810067,0.0009300431702286005,1.0006423270418843
0.032875,65,physics,0,2378,11627.961312637053,46630.6253672339,212.35208733280666,58470.93876720376,2581.1044716491847,0.001042903327492328,12.480356261866204,252.06314461325218,0.9093023165358104,4.517715446183946e-08,0,0.025161322155748515,0.003913681970157247,0.0009300431702286005,1.0006439374023022
0.0329375,65,physics,0,2378,11966.260549963903,47426.87887718486,212.92388240898066,59606.06330955774,2600.530706505523,0.0010507525583912923,12.54329497427542,254.4316609478498,0.908450172177748,4.5538183002236103e-08,0,0.02503173007406826,0.003937940257264045,0.0009300431702286005,1.0006432216862409
0.033,65,physics,0,2378,12313.609753967743,48234.50574730733,213.59160346014798,60761.70710473522,2620.1031135660687,0.0010586608506261417,12.60743436648806,257.1277658692153,0.9074804212574663,4.584287793818481e-08,0,0.024891814672740317,0.003962256241694118,0.0009300431702286005,1.000644474189684
0.033,66,refine,0,2547,12313.609753967743,48234.505747307325,213.59160346014795,60761.707104735215,2620.1031135660687,0.0010586608506261417,12.60743436648806,257.1277658692153,0.9074804212574663,4.55169395507938e-08,0,0.024891814672740317,0.0037361005224318474,0.0009185735252685845,1.000644474189684
0.0330625,66,physics,0,2547,12670.266248506508,49053.56497562824,214.42649037199703,61938.25771450674,2639.822919381185,0.0010666286997883833,12.67288123807628,260.1545247797447,0.90639123401207,4.581268164827179e-08,0,0.024744061781077218,0.0037598857115531356,0.0009185735252685845,1.0006475159902872
0.033125,66,physics,0,2547,13036.559475368766,49885.67679533792,215.38740301602326,63137.6236737227,2659.691058884635,0.0010746564836409261,12.74047672439247,263.4762194604869,0.9051963104686318,4.609597059612726e-08,0,0.02457774992515414,0.0037838803324360478,0.0009185735252685845,1.0006498420793406
0.0331875,66,physics,0,2547,13412.861876211453,50730.60796492105,216.37711230297876,64359.84695343549,2679.7082252547975,0.001082744482264661,12.80985557217059,266.9874328233093,0.9039332707310812,4.639759598745748e-08,0,0.02445186497954253,0.00380793611560589,0.0009185735252685845,1.0006516313822917
0.03325,66,physics,0,2547,13767.927442692057,51588.24235395603,217.35647633761778,65573.5262729857,2699.613684657234,0.0010907873453394456,12.87928209498646,269.1700672335525,0.9031466383103632,4.6711162049461926e-08,0,0.024345947847014347,0.0038321716688914974,0.0009185735252685845,1.0006528838962614
0.0333125,66,physics,0,2547,14060.007319455497,52454.555798832895,218.35768692666463,66732.92080521506,2719.0661561341885,0.0010986471772275906,12.947624290796062,269.1704808724898,0.9031496250789033,4.701744060753301e-08,0,0.024201757925814558,0.003856498015239888,0.0009185735252685845,1.0006530628269565
0.033375,66,physics,0,2547,14324.606633304295,53328.15501343782,219.4365689655171,67872.19821570764,2738.360694121415,0.0011064431955963366,13.014076309435152,269.17146654661127,0.9031437102107596,4.733722303029708e-08,0,0.02404326210616714,0.0038808970497218776,0.0009185735252685845,1.0006541364117987
0.0334375,66,physics,0,2547,14603.689606961983,54207.897092273866,220.54341977090198,69032.13011900675,2757.844400121765,0.001114315647891819,13.07750900037251,269.2068637987407,0.9031441202170336,4.7669247216219994e-08,0,0.023907803350219903,0.0039053981853453827,0.0009185735252685845,1.0006553889289038
0.0335,66,physics,0,2547,14899.881837927762,55092.60742990017,221.526834990261,70214.01610281819,2777.5360225178674,0.0011222721094532474,13.137403566069333,269.2102928964873,0.9031441507962267,4.7978756079203276e-08,0,0.023774278415949774,0.003929989760600998,0.0009185735252685845,1.0006571782417737
0.0335,67,refine,0,2692,14899.881837927764,55092.60742990017,221.526834990261,70214.01610281819,2777.536022517868,0.0011222721094532474,13.137403566069333,269.2102928964873,0.9031441507962267,4.790102714480326e-08,0,0.023774278415949774,0.0037523000878902112,0.000911187322344631,1.0006571782417737
0.0335625,67,physics,0,2692,15183.051959440447,55984.70501938724,222.2894595365727,71390.04643836427,2797.2175712493936,0.001130224500720995,13.21579839340365,269.18600327601206,0.9031429764141258,4.8211267422715316e-08,0,0.023642725646315716,0.0037762017538707816,0.000911187322344631,1.0006555678600468
0.033625,67,physics,0,2692,15446.03145277678,56882.614467755455,222.92563447716515,72551.5715550094,2816.8055232424053,0.001138139073934302,13.278503494388978,269.19550295048407,0.9031443282392874,4.852204638083885e-08,0,0.023519586429146682,0.0038002228288067006,0.000911187322344631,1.000658609694373
0.0336875,67,physics,0,2692,15707.321694696799,57785.91471244162,223.54937439176854,73716.78578153018,2836.454695041117,0.0011460783832013678,13.344605644209173,269.1970424626986,0.9031432221470785,4.887180793389244e-08,0,0.02339218885933127,0.0038243630513413607,0.000911187322344631,1.0006600411490203
0.03375,67,physics,0,2692,15962.320383682512,58693.9118614389,224.282635597129,74880.51488071855,2856.127260054637,0.001154027144569081,13.414359446675057,269.16166114159785,0.9031490876517242,4.919609253306585e-08,0,0.023265252447119543,0.003848562951046099,0.000911187322344631,1.000661651537946
0.0338125,67,physics,0,2692,16202.292989588055,59606.183802386295,225.16043900061436,76033.63723097496,2875.750410898799,0.0011619559399871793,13.486734866595471,269.18838583997757,0.9031455852989969,4.9511228894516574e-08,0,0.023140131632001803,0.003872941670257316,0.000911187322344631,1.0006646933907657
0.033875,67,physics,0,2692,16429.504845250987,60522.084947160205,226.12135470522122,77177.71114711641,2895.341145460184,0.0011698716375047541,13.559705293459238,269.17210601271404,0.9031511704639437,4.984789381268234e-08,0,0.023019216704299916,0.003897439675552461,0.000911187322344631,1.0006661248541158
0.0339375,67,physics,0,2692,16647.609046871323,61441.26572338835,227.07920353372054,78315.9539737934,2914.9269221744844,0.0011777853317871422,13.632568814789439,269.2144387759367,0.9031430625141887,5.017380111382855e-08,0,0.022888223151787755,0.003922176034433793,0.000911187322344631,1.0006650512564113
0.034,67,physics,0,2692,16863.06460886338,62363.03374756523,227.99712314005168,79454.09547956867,2934.5591592609917,0.001185717798528373,13.703889226703316,269.1941464822209,0.9031451799916863,5.050473106393828e-08,0,0.022795710076664668,0.00394715089048121,0.000911187322344631,1.0006684509864268
0.034,68,refine,0,2846,16863.064608863377,62363.03374756522,227.99712314005168,79454.09547956866,2934.559159260992,0.001185717798528373,13.703889226703316,269.1941464822209,0.9031451799916863,3.878180621086353e-08,0,0.022795710076664668,0.0038082046581979687,0.0007145126583054662,1.0006684509864268
0.0340625,68,physics,0,2846,17072.754643244247,63288.01735865173,228.90124090617974,80589.67324280215,2954.2304300865458,0.0011936660369743666,13.772040567329805,269.1940501850956,0.9031432748931812,3.9028659415407654e-08,0,0.022686307825807734,0.003831516483632462,0.0007145126583054662,1.0006713139259251
0.034125,68,physics,0,2846,17290.218323356912,64216.144313411685,229.9104778298246,81736.27311459841,2974.0414681000548,0.001201670748789796,13.843496425678104,269.1940204391421,0.9031440394014257,3.9273352570035144e-08,0,0.02255310575450517,0.003858176254954721,0.0007145126583054662,1.000671850727993
0.0341875,68,physics,0,2846,17517.055158307852,65147.05732031986,231.00260389587743,82895.11508252358,2994.0057929881464,0.0012097373966462517,13.915366230303269,269.2113272853385,0.9031436410726684,3.951818072778226e-08,0,0.022441733262337737,0.003885044708557717,0.0007145126583054662,1.0006759662200797
0.03425,68,physics,0,2846,17752.656498261862,66080.42769451498,232.10426068385618,84065.1884534607,3014.1177658593692,0.0012178637021300366,13.987189345758207,269.1926020770331,0.903143397582945,3.976192886057113e-08,0,0.022322068144518117,0.003912038455876928,0.0007145126583054662,1.0006804396002411
0.0343125,68,physics,0,2846,17999.359878222847,67016.59588332626,233.12010792427083,85249.07586947338,3034.3956645453745,0.0012260570504582136,14.059278581915663,269.21190345962606,0.9031469658708023,4.0003044432523853e-08,0,0.022169678314606128,0.003939270602649362,0.0007145126583054662,1.0006802606646505
0.034375,68,physics,0,2846,18263.12230137839,67955.77543246486,234.0093622339267,86452.90709607718,3054.8869037767267,0.0012343365997009585,14.130773744066415,269.20364891127974,0.9031431466195787,4.0244160004476726e-08,0,0.022029031210902283,0.0039667352434618565,0.0007145126583054662,1.000682228957905
0.0344375,68,physics,0,2846,18509.6963247917,68896.38124434096,234.78238190564184,87640.85995103829,3075.3057853055734,0.0012425869125868832,14.200838480596573,269.19639316396257,0.9031428995081489,4.041901036089254e-08,0,0.02186897174419275,0.003994261593406841,0.0007145126583054662,1.0006831236379368
0.0345,68,physics,0,2846,18754.753988224715,69838.8513720565,235.53068559725463,88829.13604587848,3095.781151552539,0.0012508600483012852,14.269054111891652,269.21784030990074,0.903143808169985,4.069113401783399e-08,0,0.021730096785409343,0.004022022502557714,0.0007145126583054662,1.000688670671988
0.0345,69,refine,0,3127,18754.75398822471,69838.8513720565,235.53068559725463,88829.13604587846,3095.781151552539,0.0012508600483012852,14.269054111891652,269.21784030990074,0.903143808169985,3.752130695033882e-08,0,0.021730096785409343,0.0038036434610985016,0.0006741597899235785,1.000688670671988
0.0345625,69,physics,0,3127,18988.842541098762,70783.16471665245,236.31260705156495,90008.31986480279,3116.2454249775637,0.001259128701925404,14.3546257025199,269.20122576297655,0.9031438453873404,3.772066392571105e-08,0,0.02158579340434173,0.0038281306068087394,0.0006741597899235785,1.0006929651710805
0.034625,69,physics,0,3127,19207.583156147666,71729.42526053735,237.20365632288085,91174.21207300789,3136.6549920762927,0.0012673752512856744,14.424279215420157,269.19885431222673,0.9031435213794571,3.791815750275874e-08,0,0.021448961383008235,0.003852788478972808,0.0006741597899235785,1.0006906389817842
0.0346875,69,physics,0,3127,19397.29723788923,72676.14714406623,238.12987752477906,92311.57425948024,3156.895451883556,0.0012755534723178086,14.49493694580853,269.19194656500787,0.9031467780956942,3.808552939688075e-08,0,0.021306551821186123,0.0038778040045976876,0.0006741597899235785,1.000691354731761
0.03475,69,physics,0,3127,19583.936572715516,73622.9751054349,239.07011357412443,93445.98179172454,3177.180991360575,0.0012837499079315104,14.566891671551474,269.21110638497845,0.903143269265706,3.828326455845855e-08,0,0.02115856961379679,0.0039031208142898412,0.0006741597899235785,1.000694933489324
0.0348125,69,physics,0,3127,19765.546931570676,74569.55795460299,240.0147606573983,94575.11964683107,3197.494816752328,0.0012919577725557644,14.640322685359035,269.2211417712558,0.9031453395223846,3.8416843040067734e-08,0,0.0210121360065199,0.003928727302488008,0.0006741597899235785,1.0006974386272334
0.034875,69,physics,0,3127,19937.26575339338,75515.63566684564,240.96180972533898,95693.86322996437,3217.7961003508394,0.0013001605696309668,14.714372635085297,269.19473963267393,0.9031468887887973,3.8609896613195314e-08,0,0.02087237923247484,0.0039546380353101575,0.0006741597899235785,1.0007004805888402
0.0349375,69,physics,0,3127,20118.25327063471,76460.7339453265,241.9105730433394,96820.89778900455,3238.242915100787,0.0013084221690208922,14.786585808621785,269.2179011010894,0.9031429201797192,3.880170051928646e-08,0,0.02075895322093882,0.003980903689873114,0.0006741597899235785,1.000701196345856
0.035,69,physics,0,3127,20317.817845233374,77404.9373641919,242.8312219944533,97965.58643141971,3258.91064847193,0.0013167730312707627,14.855585098745884,269.21403931071245,0.9031428372113726,3.893023414747188e-08,0,0.020614845941897733,0.004007589358644271,0.0006741597899235785,1.0007042383188858
0.035,70,refine,0,3385,20317.817845233374,77404.9373641919,242.8312219944533,97965.58643141971,3258.9106484719305,0.0013167730312707627,14.855585098745884,269.21403931071245,0.9031428372113726,3.23736522034324e-08,0,0.020614845941897733,0.003797250081353783,0.0005255353171378374,1.0007042383188858
0.0350625,70,physics,0,3385,20513.08317401341,78348.15737271802,243.67149939913705,99104.91204613056,3279.61513689772,0.0013251387445155187,14.921455383313006,269.2023738936859,0.9031428630751744,3.2598823196394766e-08,0,0.020515000617936808,0.0038203637527062673,0.0005255353171378374,1.0007065645397948
0.035125,70,physics,0,3385,20732.54956923129,79291.81311463556,244.48106423701282,100268.84374810386,3300.5885698100483,0.0013336131256201766,14.989610672804467,269.21447672412813,0.903142904314149,3.285410343778494e-08,0,0.020372346862423653,0.0038433563137889957,0.0005255353171378374,1.000708175003592
0.035187500000000003,70,physics,0,3385,20962.05565952789,80234.72472972129,245.2404904032357,101442.02087965241,3321.7120002442834,0.0013421481136918782,15.058101658465114,269.199322791289,0.9031480484915971,3.3081580141924794e-08,0,0.020223985700518508,0.003866325634390768,0.0005255353171378374,1.0007112169978356
0.035250000000000004,70,physics,0,3385,21179.56857929758,81176.84146130635,245.97875152052134,102602.38879212445,3342.8015666351826,0.0013506694188914654,15.127157221743882,269.19261263607365,0.9031430581095279,3.331344355927972e-08,0,0.02008291600548398,0.003889080238412216,0.0005255353171378374,1.000715332651825
0.035312500000000004,70,physics,0,3385,21402.065402485652,82118.52317717067,246.7473021604302,103767.33588181675,3363.9981728297407,0.00135923397385847,15.19744969936511,269.20660807203785,0.9031438709177565,3.355000277593947e-08,0,0.019942428090370376,0.003911745658147084,0.0005255353171378374,1.0007187325526703
0.035375000000000004,70,physics,0,3385,21615.592668069232,83058.44216750593,247.5505545153539,104921.58539009052,3385.1847435289283,0.0013677944739496537,15.270223635829499,269.1994730862853,0.9031430402878872,3.379100910194666e-08,0,0.01979648857970547,0.003934292104731536,0.0005255353171378374,1.0007181957254532
0.035437500000000004,70,physics,0,3385,21804.340650601687,83996.37235938465,248.37036348045328,106049.0833734668,3406.228656552048,0.0013762973327637704,15.344160099044213,269.20467962797534,0.9031432206661112,3.4007648253009485e-08,0,0.019662465353604334,0.003957846517165638,0.0005255353171378374,1.0007192693801754
0.035500000000000004,70,physics,0,3385,21993.3428708798,84932.2024112428,249.18699456698778,107174.7322766896,3427.335439731488,0.0013848255944602784,15.417094249953177,269.19889875132543,0.9031436813743324,3.4256846248581496e-08,0,0.0195235552379267,0.003985874300127225,0.0005255353171378374,1.0007214166930758
0.035500000000000004,71,refine,0,3663,21993.3428708798,84932.2024112428,249.18699456698778,107174.7322766896,3427.335439731488,0.0013848255944602784,15.417094249953177,269.19889875132543,0.9031436813743324,3.119910552129564e-08,0,0.020331375988664715,0.0037932693096625605,0.00046502158511430025,1.0007214166930758
0.035562500000000004,71,physics,0,3663,22152.39927120025,85864.20419013976,249.9497438358273,108266.55320517583,3448.2592123387335,0.001393279910161906,15.525808277465753,269.20871074208833,0.9031431093327897,3.141379867344086e-08,0,0.020192446774037247,0.0038196881199696895,0.00046502158511430025,1.0007246376710657
0.035625000000000004,71,physics,0,3663,22300.306664049655,86793.41510108925,250.74539518867013,109344.46716032758,3469.152170247204,0.0014017217750887786,15.599858034855945,269.2189514274922,0.9031440676230458,3.1631384622699e-08,0,0.020053550589804625,0.003846256066472371,0.00046502158511430025,1.0007280376035244
0.035687500000000004,71,physics,0,3663,22450.0594296032,87718.54976170877,251.52909896520342,110420.13829027716,3490.1208658654523,0.001410194242074335,15.673620795276364,269.20207288374775,0.9031428865060985,3.1850425408208574e-08,0,0.01991551397985633,0.0038730029323031626,0.00046502158511430025,1.000730363879757
0.035750000000000004,71,physics,0,3663,22604.021342451968,88640.17863472615,252.28465235167698,111496.4846295298,3511.1841553415557,0.0014187049300029239,15.74697831973769,269.20456732932615,0.9031447386175895,3.208006660315726e-08,0,0.019784619469834498,0.003899958501569639,0.00046502158511430025,1.00073304805136
0.035812500000000004,71,physics,0,3663,22761.83650886552,89557.89281011632,252.9978680968941,112572.72718707874,3532.337716501497,0.0014272520924868367,15.820030756242621,269.2303877052363,0.9031431456995704,3.2305678132615874e-08,0,0.019647988727437456,0.003927151525190269,0.00046502158511430025,1.0007357322301629
0.035875000000000004,71,physics,0,3663,22938.491316598145,90471.53442208053,253.67501830089353,113663.70075697957,3553.7053477609975,0.0014358857506641262,15.893407548315986,269.2140069706529,0.9031439229914935,3.2533455929240116e-08,0,0.019510482569855967,0.003954644676140827,0.00046502158511430025,1.0007375216866978
0.035937500000000004,71,physics,0,3663,23119.50008244178,91381.50107848772,254.3263602821303,114755.32752121163,3575.164885418185,0.0014445565439089461,15.965908974223622,269.21074494183733,0.9031438401627594,3.274484505766398e-08,0,0.019362678391746047,0.0039824050698940355,0.00046502158511430025,1.0007380585242822
0.036000000000000004,71,physics,0,3663,23316.38487755147,92286.87557766383,254.95515221480235,115858.21560743009,3596.8095393555705,0.0014533021339648666,16.036927516329396,269.2114208662129,0.9031443832578263,3.2987759190916736e-08,0,0.019232740163914287,0.004010581654653847,0.00046502158511430025,1.0007396690387635
0.036000000000000004,72,refine,0,3986,23316.38487755147,92286.87557766383,254.9551522148023,115858.21560743009,3596.8095393555705,0.0014533021339648666,16.036927516329396,269.2114208662129,0.9031443832578263,2.980672331176497e-08,0,0.018509180706686314,0.003822607473921016,0.0004485292884055525,1.0007396690387635
0.0360625,72,physics,0,3986,23517.640092382047,93188.88309393192,255.55633405427227,116962.07952036824,3618.5488862505754,0.0014620859850060207,16.10682835889664,269.2106491798936,0.9031436373692758,3.012229932153333e-08,0,0.018439917326367405,0.0038505064881268042,0.0004485292884055525,1.0007402058775
0.036125,72,physics,0,3986,23719.476450073962,94087.1648880394,256.15826992610016,118062.79960803948,3640.3463984143564,0.0014708933379056904,16.178346537418836,269.2250334331909,0.903144664122467,3.042698004662728e-08,0,0.018181729634857483,0.003878525160668701,0.0004485292884055525,1.0007405637701507
0.0361875,72,physics,0,3986,23905.42729198954,94981.31784910307,256.73195681943014,119143.47709791205,3662.0641844290585,0.0014796684772061287,16.250301326205598,269.2295950541719,0.9031441169110507,3.073222032412553e-08,0,0.017926715932014246,0.003906663029389284,0.0004485292884055525,1.0007421742886637
0.03625,72,physics,0,3986,24089.598151823127,95870.03504323286,257.28324590617086,120216.91644096216,3683.8181105218846,0.0014884582190172033,16.322759475350992,269.199584417873,0.903142823759662,3.0849382604003455e-08,0,0.017720351765503392,0.003934979691580975,0.0004485292884055525,1.000743963756718
0.0363125,72,physics,0,3986,24250.12349075638,96753.45072185325,257.81645173921754,121261.39066434884,3705.426350602742,0.001497189095940455,16.395267107864086,269.24269344715333,0.9031429541120264,3.097861700496196e-08,0,0.017653375046141586,0.003963475147079273,0.0004485292884055525,1.0007450374390863
0.036375,72,physics,0,3986,24399.51306831598,97630.7161946357,258.3427362080847,122288.57199915976,3726.990880587863,0.0015059023116625932,16.46774230616512,269.22898265907605,0.9031428905274569,3.1105509279427646e-08,0,0.017586852137889134,0.0039920297360629044,0.0004485292884055525,1.0007479005977005
0.0364375,72,physics,0,3986,24543.510971785905,98501.30072171305,258.841494329892,123303.65318782884,3748.5571080520444,0.0015146162132562637,16.53802793182256,269.2195170637685,0.9031434180842685,3.125116787572332e-08,0,0.017520735786447146,0.004020822714851928,0.0004485292884055525,1.000748616388634
0.0365,72,physics,0,3986,24673.119762305563,99364.60008540517,259.26664611954686,124296.98649383028,3770.047037794602,0.001523299286517163,16.604615315875503,269.2416361391913,0.9031429687481471,3.146724392166793e-08,0,0.017364371894292855,0.004049675291213799,0.0004485292884055525,1.000750584816341
0.0365,73,refine,0,4252,24673.11976230556,99364.60008540518,259.26664611954686,124296.98649383029,3770.0470377946026,0.001523299286517163,16.604615315875503,269.2416361391913,0.9031429687481471,3.146724392166793e-08,0,0.017364371894292855,0.0038281023692556017,0.0004437667957972735,1.000750584816341
0.0365625,73,physics,0,4252,24799.552525352367,100221.19773084408,259.5738014711736,125280.32405766762,3791.560389662691,0.001531991823561341,16.6778469434629,269.22061478976246,0.9031434886920212,3.16691828317061e-08,0,0.017179551681595965,0.0038560976489516972,0.0004437667957972735,1.0007525532479198
0.036625,73,physics,0,4252,24934.503627667866,101070.89817917242,259.8335149229405,126265.23532176323,3813.188304399279,0.0015407306500893757,16.74061019213738,269.21613463965986,0.9031430188153255,3.1825287294395874e-08,0,0.016997170423654104,0.0038842698691393864,0.0004437667957972735,1.0007529111449864
0.0366875,73,physics,0,4252,25099.973441086975,101914.79666912992,260.05139578523386,127274.82150600213,3835.1124028888244,0.00154958915058884,16.80255140409345,269.2100734706018,0.903143145431304,3.198059772557829e-08,0,0.016815910113125325,0.003912565584377488,0.0004437667957972735,1.0007557743261275
0.03675,73,physics,0,4252,25265.043332330904,102751.98579416372,260.25925653629804,128277.28838303093,3857.074796579595,0.0015584631243839018,16.864578469640378,269.2256731047943,0.9031433765065119,3.223749267533546e-08,0,0.016636536381836237,0.003941095796909504,0.0004437667957972735,1.0007584585658869
0.0368125,73,physics,0,4252,25435.57450537311,103582.52643439037,260.4709888512284,129278.5719286147,3879.1228613150215,0.00156737171383257,16.926464392078298,269.23200358029624,0.9031433416268707,3.2427103668908344e-08,0,0.01645855076694197,0.0039696878722405605,0.0004437667957972735,1.0007588164650656
0.036875,73,physics,0,4252,25619.12690936509,104407.05491195939,260.67003359974933,130286.85185492423,3901.3172396347168,0.0015763394217427314,16.987047562023303,269.21419276772764,0.9031438795307187,3.252464075842456e-08,0,0.016282196939356668,0.003998401331803353,0.0004437667957972735,1.0007602480630597
0.0369375,73,physics,0,4252,25801.89295347945,105223.73336233405,260.8032691823469,131286.42958499587,3923.5401869616926,0.0015853186730481704,17.04518355883053,269.219346275208,0.9031428508169966,3.264243897405102e-08,0,0.01610794619845077,0.004027226305296935,0.0004437667957972735,1.0007622165136456
0.037,73,physics,0,4252,25984.64005944592,106033.09013479346,260.839949266149,132278.57014350552,3945.7945115667326,0.001594310602443293,17.09942089413936,269.23066706305104,0.9031429776590415,3.295596684438354e-08,0,0.01593574401444367,0.0040561838937801286,0.0004437667957972735,1.0007649007706845
0.037,74,refine,0,4548,25984.64005944592,106033.09013479346,260.839949266149,132278.57014350552,3945.7945115667326,0.001594310602443293,17.09942089413936,269.23066706305104,0.9031429776590415,3.225077982449415e-08,0,0.01593574401444367,0.0038292012818150005,0.0004298078711144626,1.0007649007706845
0.0370625,74,physics,0,4548,26149.39984405868,106835.4598146228,260.7861135661168,133245.64577224758,3967.942775346073,0.0016032596776272628,17.15112333052222,269.21376764282553,0.9031428313824995,3.2484894774142945e-08,0,0.015765317350033756,0.0038460898806610497,0.0004298078711144626,1.0007666902793768
0.037125,74,physics,0,4548,26315.10048417426,107631.1767844393,260.7173594036533,134206.99462801722,3990.1329628281455,0.001612225692216818,17.20291730124706,269.215384625574,0.9031433753897736,3.257030201098134e-08,0,0.015595851435967407,0.0038698436790714705,0.0004298078711144626,1.0007690166454608
0.0371875,74,physics,0,4548,26468.366875969266,108419.0900413275,260.63863415601287,135148.09555145274,4012.2533708080523,0.0016211635121793863,17.253769053046952,269.2127771438873,0.9031430648792307,3.2736911848019164e-08,0,0.015428611472303237,0.003898496160857309,0.0004298078711144626,1.0007713430169525
0.03725,74,physics,0,4548,26609.424258649222,109198.62942264407,260.54718228663364,136068.60086357992,4034.304607164973,0.0016300733831305099,17.304044813959074,269.21607614579096,0.9031430969667308,3.290269923184046e-08,0,0.015387126728831475,0.0039273810943573646,0.0004298078711144626,1.0007724167286958
0.0373125,74,physics,0,4548,26750.896065147972,109970.24565072075,260.4182371905679,136981.5599530593,4056.3895209873135,0.0016389968615681434,17.352846223711655,269.23010378817696,0.9031433776574121,3.3067362181782294e-08,0,0.015385739670674062,0.003956452012482989,0.0004298078711144626,1.0007747431080911
0.037375,74,physics,0,4548,26879.493103452034,110732.4348069573,260.203534071799,137872.13144448114,4078.394592113995,0.0016478880793143439,17.398498632854878,269.2370655828611,0.9031433736519363,3.323066088967154e-08,0,0.015275598295544184,0.003985698149591339,0.0004298078711144626,1.0007779642577206
0.0374375,74,physics,0,4548,27022.302904435797,111487.07085790538,259.89661522665835,138769.27037756782,4100.5413749587315,0.0016568365561228694,17.43946091194174,269.2277922879252,0.9031432323934837,3.339297371951485e-08,0,0.015166585388413126,0.004015185374287152,0.0004298078711144626,1.0007797537897722
0.0375,74,physics,0,4548,27164.821307256352,112231.97064681807,259.51053730645367,139656.30249138086,4122.705163210213,0.0016657919040196118,17.475803639182004,269.2342454985824,0.9031436690361128,3.3554846012862164e-08,0,0.015058191059907782,0.004044854183478545,0.0004298078711144626,1.0007802906500118
0.0375,75,refine,0,4784,27164.821307256356,112231.97064681807,259.51053730645367,139656.3024913809,4122.705163210213,0.001665791904019612,17.475803639182004,269.2342454985824,0.9031436690361128,3.3554846012862164e-08,0,0.015058191059907782,0.003805012458080714,0.0004298078711144626,1.0007802906500118
0.0375625,75,physics,0,4784,27331.204095191028,112971.29410572202,259.080055750477,140561.57825666352,4145.107824881548,0.0016748437694679443,17.532904009846575,269.22337075581953,0.9031435287112706,3.3715046754423416e-08,0,0.014950676170338765,0.0038331776510960864,0.0004298078711144626,1.0007826170477108
0.037625,75,physics,0,4784,27492.83596464921,113703.59302695055,258.6944089692538,141455.12340056902,4167.496422830998,0.0016838899524252,17.56960909970316,269.2357051967484,0.903142855126733,3.387460445480884e-08,0,0.01484423877556902,0.003861492409455264,0.0004298078711144626,1.0007842276339012
0.0376875,75,physics,0,4784,27671.527729553636,114428.1802357228,258.32495017257907,142358.032915449,4190.050567819719,0.0016930030251812167,17.607624444104594,269.2407902198772,0.9031435237170407,3.403316206629369e-08,0,0.014738205266838065,0.0038899585650763817,0.0004298078711144626,1.0007849434508178
0.03775,75,physics,0,4784,27851.01992400126,115144.90104011612,257.9521615108845,143253.87312562828,4212.633735083983,0.0017021278244783737,17.647081671838038,269.22919104780186,0.9031430842627485,3.419127914128236e-08,0,0.014632607072755464,0.003918574247943805,0.0004298078711144626,1.0007856592682465
0.0378125,75,physics,0,4784,28029.694341200822,115853.62025722757,257.55092010017415,144140.86551852856,4235.23008159468,0.00171125794889199,17.68588273048337,269.2418349704453,0.9031432192627837,3.434751505437823e-08,0,0.014527700447583001,0.0039473655789976055,0.0004298078711144626,1.0007885225430808
0.037875,75,physics,0,4784,28218.125525559084,116555.08570087692,257.09726801142534,145030.30849444744,4257.924409112674,0.0017204276628371635,17.72081759818755,269.2260294863768,0.9031430128002774,3.450303509566763e-08,0,0.014475578976472595,0.003976280328276555,0.0004298078711144626,1.0007885225430808
0.0379375,75,physics,0,4784,28393.112856646683,117247.71811562215,256.5800744812991,145897.41104675012,4280.519949235334,0.0017295574614270659,17.751224469233687,269.2419694186321,0.9031437179987435,3.465756215348387e-08,0,0.014423399599539359,0.004005372554197289,0.0004298078711144626,1.0007906700045825
0.038,75,physics,0,4784,28561.9602098658,117930.60790984929,256.00242292893205,146748.570542644,4303.071989173508,0.0017386696836309678,17.776706631344585,269.23273482807815,0.9031430007917829,3.498985634564627e-08,0,0.01437124503723643,0.004034616085513065,0.0004298078711144626,1.0007928174706922
0.038,76,refine,0,5028,28561.9602098658,117930.60790984929,256.0024229289321,146748.570542644,4303.071989173508,0.0017386696836309678,17.776706631344585,269.23273482807815,0.9031430007917829,2.4392192266020603e-08,0,0.01437124503723643,0.003786181785993451,0.000259317021118477,1.0007928174706922
0.0380625,76,physics,0,5028,28718.90603521358,118608.84138509589,255.37745984962197,147583.12488015907,4325.569122261176,0.0017477597205499437,17.79787441119961,269.2023838612809,0.9031430897290085,2.4527625264170233e-08,0,0.014319151603721589,0.0038036666118733214,0.000259317021118477,1.000792459559354
0.038125,76,physics,0,5028,28889.46648624324,119281.17650150113,254.8186180482936,148425.46160579266,4348.196573841127,0.0017569024130635635,17.825754171555804,269.21593302744293,0.9031430741730325,2.4662070607917077e-08,0,0.014266805847095467,0.003831136231109856,0.000259317021118477,1.0007953228536441
0.0381875,76,physics,0,5028,29042.907097847718,119944.10821949714,254.26958206977542,149241.28489941463,4370.697771604501,0.0017659940923281773,17.856088740842324,269.2241414393124,0.9031430329779201,2.488852413051741e-08,0,0.014214299592163053,0.0038587179749084654,0.000259317021118477,1.0007989019830268
0.03825,76,physics,0,5028,29197.60545262075,120600.15066131359,253.7211291885377,150051.47724312288,4393.223047576055,0.0017750955004670103,17.887634526684362,269.2446458126542,0.9031431249002667,2.5070547415850833e-08,0,0.014161611647310656,0.0038864790747727505,0.000259317021118477,1.0007999757243375
0.0383125,76,physics,0,5028,29345.314854662647,121247.31881727745,253.14539089589664,150845.779062836,4415.70066888331,0.0017841776535907114,17.91741984366614,269.23087912674174,0.9031429264048959,2.5255207702912233e-08,0,0.014109004601076615,0.003914389748380763,0.000259317021118477,1.0008001546813348
0.038375,76,physics,0,5028,29514.599513500034,121886.16496770419,252.53505350842437,151653.29953471263,4438.364294349249,0.0017933349622759145,17.944553941180477,269.2443933019215,0.9031430332366652,2.5442504991701727e-08,0,0.01405669007689505,0.00394236065660374,0.000259317021118477,1.000801944253066
0.0384375,76,physics,0,5028,29690.91120433054,122516.40143181445,251.89300778954814,152459.20564393452,4461.0876767715135,0.0018025164159457497,17.967474679004997,269.2409407516882,0.9031436266596528,2.5630636280027424e-08,0,0.014004709176478388,0.003970451343847333,0.000259317021118477,1.0008035548703602
0.0385,76,physics,0,5028,29864.98147437127,123136.64179105549,251.20733141676237,153252.8305968435,4483.787173946129,0.0018116882187063509,17.984051536479356,269.2373801397797,0.903143098650991,2.5817347371059882e-08,0,0.013953253843992161,0.003998691580296309,0.000259317021118477,1.0008048075744922
0.0385,77,refine,0,5300,29864.98147437127,123136.6417910555,251.2073314167624,153252.83059684353,4483.787173946129,0.0018116882187063507,17.984051536479356,269.2373801397797,0.903143098650991,2.1722025067560932e-08,0,0.014685744131864648,0.0037969128096754052,0.00023524410789832473,1.0008048075744922
0.0385625,77,physics,0,5300,30048.785345808956,123756.37903666627,250.52599696260577,154055.69037943782,4506.622282828279,0.0018209148158026258,18.000767543122457,269.24766610705643,0.903143084055626,2.195716852781971e-08,0,0.014593802476874128,0.0038239101081380526,0.00023524410789832473,1.0008074919457692
0.038625,77,physics,0,5300,30242.625707262196,124370.22609851183,249.9542972295438,154862.80610300356,4529.551255458533,0.001830179338838138,18.02597113539278,269.2237496110045,0.9031429093948395,2.1911652936523715e-08,0,0.014502206641310522,0.003851029221517581,0.00023524410789832473,1.0008087446548293
0.0386875,77,physics,0,5300,30447.770857467553,124977.76930922134,249.441209818988,155674.9813765079,4552.583091160199,0.0018394854240193581,18.056147167782054,269.2527210554781,0.9031427630814788,2.1848030939963792e-08,0,0.014411440236449908,0.003878297869743992,0.00023524410789832473,1.000810892159723
0.03875,77,physics,0,5300,30647.318158423244,125578.30571774545,248.93605025917316,156474.55992642784,4575.575199867495,0.001848775457384352,18.087816670442052,269.24627499928613,0.9031428539224594,2.1781893622119222e-08,0,0.014319457285950337,0.003905716048734744,0.00023524410789832473,1.000812144873039
0.0388125,77,physics,0,5300,30839.876684833987,126171.64553239595,248.40935830737146,157259.9315755373,4598.513005501442,0.0018580435494247077,18.11953391384647,269.24377616987755,0.9031429512560609,2.1713866260597576e-08,0,0.014070192229009142,0.00393325401533085,0.00023524410789832473,1.0008141134257036
0.038875,77,physics,0,5300,31037.738142966715,126758.05511449705,247.85582184047607,158043.64907930425,4621.495594422705,0.0018673297362895754,18.150226984940197,269.23283851322134,0.9031435808406745,2.172085977747428e-08,0,0.013873095358970982,0.003960911762795822,0.00023524410789832473,1.0008167978219409
0.0389375,77,physics,0,5300,31217.60388752254,127334.5174116742,247.26365010677648,158799.38494930352,4644.325052004464,0.0018765540499593259,18.179098609823004,269.24447574804634,0.9031428890953216,2.1958744156336268e-08,0,0.013824364911192363,0.003988689284476875,0.00023524410789832473,1.000820377028124
0.039,77,physics,0,5300,31402.01664383315,127902.90831813314,246.64664702918913,159551.57160899547,4667.183721442399,0.001885790166771057,18.207195924929525,269.23853693975246,0.9031429830469138,2.219760730781672e-08,0,0.013774775151648416,0.004016586573804021,0.00023524410789832473,1.0008228824800687
0.039,78,refine,0,5664,31402.016643833154,127902.90831813315,246.6466470291891,159551.5716089955,4667.183721442399,0.0018857901667710569,18.207195924929525,269.23853693975246,0.9031429830469138,2.1490409451985162e-08,0,0.013421365713004122,0.003803103342956419,0.00023251079255715013,1.0008228824800687
0.0390625,78,physics,0,5664,31578.54522389967,128471.02998248413,246.049416084021,160295.62462246782,4690.026720427703,0.0018950199518864134,18.23497474233958,269.237373100926,0.9031441097749321,2.1625383261891758e-08,0,0.013332247927350434,0.0038112013530826436,0.00023251079255715013,1.0008259248230047
0.039125,78,physics,0,5664,31750.316911734244,129032.88566728262,245.54837544734323,161028.7509544642,4712.836113943214,0.0019042361586082545,18.265011858167306,269.23936343693305,0.9031443943689893,2.1723082888058814e-08,0,0.013219693051916925,0.0038212719642447017,0.00023251079255715013,1.0008264617080123
0.0391875,78,physics,0,5664,31919.07511600785,129588.76574701385,245.08889937103,161752.92976239274,4735.625695738763,0.0019134443603407026,18.294606433594858,269.25135730236957,0.9031427836707692,2.1810887318451893e-08,0,0.013110185958542908,0.0038379217886634247,0.00023251079255715013,1.0008273565169983
0.03925,78,physics,0,5664,32114.33380138265,130139.15886531351,244.6540551173905,162498.14672181357,4758.640453897084,0.0019227435452885129,18.323806133497882,269.23100805571914,0.9031431255767325,2.1861950472157292e-08,0,0.01301703773703027,0.0038585243648835083,0.00023251079255715013,1.00082878821304
0.0393125,78,physics,0,5664,32298.097449039386,130682.29659913626,244.24782994543398,163224.6418781211,4781.564056716079,0.001932005898635643,18.353471167462818,269.2404300679419,0.9031431918747946,2.1968694419172146e-08,0,0.012917447349434608,0.0038853154182799036,0.00023251079255715013,1.0008316516112674
0.039375,78,physics,0,5664,32502.631468575633,131221.7494834677,243.90199374829592,163968.2829457916,4804.664291688068,0.0019413396207553367,18.38303504854861,269.248542208497,0.903143050836777,2.20737987888242e-08,0,0.012818491330200105,0.003912315642522685,0.00023251079255715013,1.0008321884993472
0.0394375,78,physics,0,5664,32704.579809303497,131753.7881475056,243.6175023199179,164701.98545912904,4827.746289669885,0.001950665974164096,18.414435697876268,269.2459707743439,0.9031435025851658,2.2188665127487217e-08,0,0.012720475969100744,0.003939415834900828,0.00023251079255715013,1.0008348729440657
0.0395,78,physics,0,5664,32921.48946980634,132281.91611622047,243.38015369184058,165446.78573971865,4850.954702996673,0.0019600434060859633,18.445556005906635,269.23179499293985,0.9031431003272358,2.2312851122308085e-08,0,0.012623165084387076,0.003966764326926518,0.00023251079255715013,1.0008368415414353
0.0395,79,refine,0,5996,32921.48946980634,132281.91611622047,243.38015369184058,165446.78573971865,4850.9547029966725,0.0019600434060859633,18.445556005906635,269.23179499293985,0.9031431003272358,2.2312851122308085e-08,0,0.012623165084387076,0.003807247612690859,0.00022779683058615774,1.0008368415414353
0.0395625,79,physics,0,5996,33141.32248443272,132803.22733241433,243.11483738089396,166187.66465422793,4874.19175001875,0.00196943240754225,18.474555415001877,269.2304915109515,0.9031432180350638,2.2381225761591903e-08,0,0.012541336017069356,0.003823044929114392,0.00022779683058615774,1.0008397049627036
0.039625,79,physics,0,5996,33351.47915135745,133318.959810652,242.82206846090352,166913.26103047037,4897.35069735473,0.001978789852577354,18.500474531846695,269.2433496973066,0.9031435230826752,2.2467903093570375e-08,0,0.012453234790061593,0.003849648111947153,0.00022779683058615774,1.000841852534031
0.0396875,79,physics,0,5996,33570.41738065696,133830.22216714022,242.50192393277487,167643.14147172996,4920.584949666702,0.001988177724822893,18.52411254247318,269.24171919755537,0.9031430812324174,2.255503872561348e-08,0,0.012344412847903967,0.003876313551552102,0.00022779683058615774,1.000843642180324
0.03975,79,physics,0,5996,33777.33555817059,134335.73185991892,242.18303634328038,168355.2504544328,4943.720995945047,0.0019975259166133807,18.547821172102083,269.25660005285783,0.9031433032618028,2.269773524687939e-08,0,0.012243779812886794,0.003903275492846603,0.00022779683058615774,1.0008456107949424
0.0398125,79,physics,0,5996,33976.5964524108,134835.63343723663,241.90876354058253,169054.138653188,4966.795038884509,0.002006849055761338,18.572161142143553,269.2581792304612,0.9031428799659817,2.2734901072851646e-08,0,0.012165686901025399,0.003930355290654955,0.00022779683058615774,1.000849727001657
0.039875,79,physics,0,5996,34174.459787816864,135330.1591841378,241.7053184602958,169746.32429041495,4989.858442419926,0.002016167896023879,18.59885479306278,269.2610620321885,0.9031428876817534,2.2781033948149356e-08,0,0.012053020052058955,0.003957672158351902,0.00022779683058615774,1.0008518745944894
0.0399375,79,physics,0,5996,34361.52545798244,135816.87373642216,241.54837107374163,170419.94756547833,5012.832189238314,0.0020254505102096365,18.626290383751503,269.2440180498601,0.9031432581401735,2.2894596440892174e-08,0,0.011984252399130655,0.00398511272595049,0.00022779683058615774,1.0008534852921378
0.04,79,physics,0,5996,34554.899897380805,136299.0837486128,241.40673208681554,171095.3903780804,5035.856016498732,0.0020347533595547994,18.652743657170262,269.256781764606,0.9031430436722121,2.3007977745237404e-08,0,0.011887878886748984,0.004012605993200987,0.00022779683058615774,1.0008556328930347
0.04,80,refine,0,6288,34554.899897380805,136299.08374861276,241.40673208681557,171095.3903780804,5035.856016498732,0.0020347533595547994,18.652743657170262,269.256781764606,0.9031430436722121,2.3007977745237404e-08,0,0.011887878886748984,0.003833166196819349,0.00022070750128477812,1.0008556328930347
0.0400625,80,physics,0,6288,34732.561237456,136774.0653726805,241.24834083568766,171747.87495097215,5058.755302742127,0.002044005887714572,18.67617943744767,269.2565765618166,0.9031432958156586,2.3024817608074938e-08,0,0.011792622697466303,0.0038602010080664387,0.00022070750128477812,1.0008576015312383
0.040125,80,physics,0,6288,34921.599784273385,137244.57049857083,241.1231401798653,172407.2934230241,5081.749880099837,0.0020532969185441297,18.70043533097146,269.2562374346721,0.9031429008111987,2.310862612375783e-08,0,0.011691372038913928,0.003887332384264998,0.00022070750128477812,1.0008565277281019
0.0401875,80,physics,0,6288,35125.940129931565,137710.81741863972,241.04808692156084,173077.80563549284,5104.872570541034,0.002062639713866935,18.726081640404402,269.264796819276,0.9031432481924857,2.324085279781232e-08,0,0.011605051786311223,0.003914702236939143,0.00022070750128477812,1.0008581384332387
0.04025,80,physics,0,6288,35328.865793992954,138171.15890749602,241.0378601121114,173741.06256160108,5127.983874780057,0.0020719779085592474,18.753387330401704,269.2525992390417,0.9031427697654149,2.3335906540467032e-08,0,0.011519652995238253,0.003942200400696065,0.00022070750128477812,1.0008590332705458
0.0403125,80,physics,0,6288,35539.354859906474,138626.41223280862,241.09382585500532,174406.8609185701,5151.157983442254,0.0020813414795746365,18.78245929857243,269.245572453154,0.9031432531858264,2.333131288168035e-08,0,0.011442304357081077,0.003969928280985605,0.00022070750128477812,1.0008627915959725
0.040375,80,physics,0,6288,35765.03157043844,139076.9940037712,241.1905889930876,175083.2161632027,5174.45718604709,0.0020907555951879893,18.81103548636083,269.25545695124407,0.9031430364274271,2.3445192454119034e-08,0,0.011344710203741106,0.003997871393609379,0.00022070750128477812,1.000862254691476
0.0404375,80,physics,0,6288,35995.53820057827,139522.3154002414,241.2851457434151,175759.13874656308,5197.793201908712,0.0021001845853131753,18.837776936721593,269.2514358473097,0.9031429024050133,2.3520110303820772e-08,0,0.011256146477821298,0.004026025348805603,0.00022070750128477812,1.0008645812797075
0.0405,80,physics,0,6288,36199.54804267667,139959.40646133735,241.35152580746632,176400.30602982148,5220.901735708177,0.0021095216606000695,18.85925990717422,269.2626955412433,0.9031429263319373,2.3594805220739044e-08,0,0.011175411956915918,0.004054328532367819,0.00022070750128477812,1.0008663709666428
0.0405,81,refine,0,6582,36199.548042676666,139959.40646133738,241.35152580746632,176400.3060298215,5220.901735708177,0.002109521660600069,18.85925990717422,269.2626955412433,0.9031429263319373,1.6700276717074273e-08,0,0.011175411956915918,0.0038095995482932926,0.00013138382928445935,1.0008663709666428
0.0405625,81,physics,0,6582,36437.329426685064,140394.9455500674,241.39849965887373,177073.67347641135,5244.304529350681,0.002118977632496451,18.89842039448315,269.24590912362123,0.9031433374969071,1.6823999970938497e-08,0,0.011094327045712062,0.003834386211787451,0.00013138382928445935,1.0008672658113105
0.040625,81,physics,0,6582,36629.81193536436,140824.47288812225,241.5735421180679,177695.85836560468,5267.331676894729,0.002128281823411987,18.922836959714243,269.2552629277813,0.9031431618466015,1.6948201952971002e-08,0,0.010982280597075431,0.003861012892808034,0.00013138382928445935,1.000869055503046
0.0406875,81,physics,0,6582,36831.487354079,141249.12676928143,241.85899503875515,178322.47311839918,5290.435366424681,0.0021376169413570506,18.9518634721258,269.24857394249784,0.903142967385372,1.704818508585501e-08,0,0.010883961381518396,0.0038878534021793486,0.00013138382928445935,1.000869771380636
0.04075,81,physics,0,6582,37026.36793429022,141667.6790768847,242.23407167420874,178936.2810828491,5313.481901189594,0.0021469289657397024,18.982894532873583,269.254104761212,0.9031428872293596,1.7175068478536573e-08,0,0.010799087304962127,0.003914922312581858,0.00013138382928445935,1.00087245592616
0.0408125,81,physics,0,6582,37203.391617548594,142080.4371143272,242.67177809124058,179526.500509967,5336.378436642899,0.0021561803824325125,19.013311438680468,269.2775504690035,0.9031427887362671,1.7301184485063482e-08,0,0.010722724357172085,0.00394225554523054,0.00013138382928445935,1.0008756773902932
0.040875,81,physics,0,6582,37392.01136393788,142487.24552742415,243.1396523517999,180122.3965437138,5359.366613743351,0.002165468827219675,19.041771442645537,269.25797943954484,0.903142916713396,1.7433812615763636e-08,0,0.010627850333804426,0.0039698591533495345,0.00013138382928445935,1.0008781829806763
0.0409375,81,physics,0,6582,37563.51576816601,142885.2135859702,243.59819932799866,180692.32755346422,5382.204578758961,0.0021746965783434637,19.065062620333716,269.2592163897788,0.9031439954525463,1.7564936172220775e-08,0,0.010559511337502252,0.003997733138956939,0.00013138382928445935,1.0008810465202236
0.041,81,physics,0,6582,37756.3069571864,143278.1838647551,244.0529373251212,181278.5437592666,5405.206099321271,0.002183990414596949,19.081727854990383,269.26747815778265,0.9031428863940153,1.769728719125396e-08,0,0.010466451362678415,0.004025895621860185,0.00013138382928445935,1.0008839100679634
0.041,82,refine,0,6903,37756.3069571864,143278.1838647551,244.0529373251212,181278.5437592666,5405.206099321269,0.002183990414596949,19.081727854990383,269.26747815778265,0.9031428863940153,1.7494148352170655e-08,0,0.010466451362678415,0.0038238954974174895,0.00013138382928445935,1.0008839100679634
0.0410625,82,physics,0,6903,37948.42306688983,143670.10521210148,244.55246944179004,181863.0807484331,5428.235870656182,0.002193295665663443,19.098246288526447,269.2494596733882,0.9031429231322611,1.7623471570971076e-08,0,0.010386827693125105,0.003836401385448694,0.00013138382928445935,1.0008840890399693
0.041125,82,physics,0,6903,38153.97642352985,144057.83978201478,245.21044888472107,182457.02665442936,5451.378506379069,0.0022026465199380353,19.12313796366163,269.2787515707792,0.9031430261402492,1.7755226622284648e-08,0,0.010301409649720325,0.0038533868122382843,0.00013138382928445935,1.0008860577341447
0.0411875,82,physics,0,6903,38360.47917548597,144440.6737098548,245.98587256724682,183047.13875790802,5474.529047847426,0.0022120005685538533,19.151136804292168,269.24628838653365,0.9031433320034066,1.7888657666276218e-08,0,0.010199237451613373,0.0038702630634491466,0.00013138382928445935,1.0008874895141593
0.04125,82,physics,0,6903,38571.34430533534,144818.81336792454,246.85294299105777,183637.01061625095,5497.714621732403,0.002221368772127375,19.179973159337138,269.25746183415214,0.9031430987780045,1.8023234460429214e-08,0,0.010104657975082003,0.003893972362495466,0.00013138382928445935,1.0008910689731563
0.0413125,82,physics,0,6903,38784.7320450464,145190.82927085203,247.7712243602562,184223.33254025868,5520.916374991166,0.0022307435130277196,19.207556504269608,269.266956964574,0.9031431168134856,1.8158426762227e-08,0,0.010023250947051636,0.003919815473474033,0.00013138382928445935,1.0008944694710604
0.041375,82,physics,0,6903,38993.52751015596,145555.70939992776,248.71157004952934,184797.94848013323,5544.0710064016175,0.0022400992141970643,19.229690647844063,269.26255731653345,0.9031429640867799,1.8293039971695183e-08,0,0.009942909708059326,0.003945902820261259,0.00013138382928445935,1.0008993017774297
0.0414375,82,physics,0,6903,39211.12026545242,145912.8524943287,249.677283346548,185373.65004312765,5567.284342570316,0.0022494786352085967,19.24523691979681,269.25005876982914,0.9031430215934458,1.842892949355245e-08,0,0.00983973015634991,0.003972191323169764,0.00013138382928445935,1.0009001966515398
0.0415,82,physics,0,6903,39401.32522768994,146259.77516174567,250.66819373219207,185911.76858316778,5590.248507506197,0.0022587573778045187,19.253705248751356,269.2588539093435,0.9031434067596664,1.853932651840747e-08,0,0.009761727565629819,0.003998774346994546,0.00013138382928445935,1.0008994807521876
0.0415,83,refine,0,7262,39401.32522768994,146259.77516174564,250.66819373219207,185911.76858316775,5590.248507506198,0.0022587573778045187,19.253705248751356,269.2588539093435,0.9031434067596664,1.729159748720123e-08,0,0.009761727565629819,0.00378965991084698,0.00013138382928445935,1.0008994807521876
0.0415625,83,physics,0,7262,39590.51204311582,146612.889765641,251.75680834341873,186455.15861710027,5613.2749073744235,0.0022680612666187857,19.270902508307895,269.2479564143027,0.9031432488922545,1.737660682010758e-08,0,0.009678284266496414,0.0038158631727006286,0.00013138382928445935,1.0008994807521876
0.041625,83,physics,0,7262,39775.84824769104,146962.69218733328,253.07313641639686,186991.6135714407,5636.273546789144,0.002277353938735547,19.2936100725437,269.26116012789527,0.9031429919649482,1.7515306538484778e-08,0,0.00958450895657218,0.003842307787901517,0.00013138382928445935,1.0009021653773982
0.0416875,83,physics,0,7262,39947.49268654949,147306.88953399844,254.54493613855286,187508.9271566865,5659.1636864222455,0.0022866027711742833,19.32543273471848,269.26505521138336,0.9031438367040102,1.762779167080456e-08,0,0.00951423088894896,0.003868990829023287,0.00013138382928445935,1.0009023443526683
0.04175,83,physics,0,7262,40119.6127598575,147646.6674547597,256.1326692468523,188022.41288386405,5682.063072195526,0.002295855339547325,19.35988947220282,269.2764089466292,0.9031430964225678,1.7740742208616248e-08,0,0.009411705110976163,0.0038959122995574904,0.00013138382928445935,1.0009041341071292
0.0418125,83,physics,0,7262,40309.39345681155,147983.26032265116,257.8358955850175,188550.48967504772,5705.115367529656,0.0023051696915053483,19.397430530962314,269.27119045259184,0.903142801236532,1.790704651227772e-08,0,0.009323293006171286,0.003922985747640739,0.00013138382928445935,1.0009082505545346
0.041875,83,physics,0,7262,40497.059471637636,148316.35333688805,259.6702793181047,189073.08308784378,5728.156339036723,0.0023144794680352216,19.437329302802734,269.26865436037826,0.9031430794374294,1.8020891445758048e-08,0,0.009239800985911055,0.003950238061011667,0.00013138382928445935,1.0009114721338783
0.0419375,83,physics,0,7262,40691.7455899176,148642.7566108642,261.64567343973704,189596.14787422153,5751.262440245958,0.002323815560424487,19.480409783203623,269.24493745758747,0.9031427918724804,1.8133906820594368e-08,0,0.009157398160564894,0.003977728778794085,0.00013138382928445935,1.0009141567912523
0.042,83,physics,0,7262,40877.61689919036,148965.7209624159,263.766763735603,190107.10462534183,5774.301534685699,0.0023331245785211206,19.52213236115054,269.27017439194213,0.9031431325351167,1.8246311128677913e-08,0,0.00907826060749921,0.004005401170737257,0.00013138382928445935,1.0009166624779648
0.042,84,refine,0,7642,40877.61689919036,148965.7209624159,263.766763735603,190107.10462534183,5774.301534685698,0.002333124578521121,19.52213236115054,269.27017439194213,0.9031431325351167,1.5938431907613874e-08,0,0.009454786056105382,0.003799968750388099,0.00011625539627857506,1.0009166624779648
0.0420625,84,physics,0,7642,41084.488479359374,149285.82646950116,265.9864728763654,190636.3014217369,5797.52720528069,0.002342508983293941,19.559807621045188,269.2723588990297,0.9031431139626548,1.605039834373655e-08,0,0.009396317338267056,0.003822079398562925,0.00011625539627857506,1.0009197051059775
0.042125,84,physics,0,7642,41286.38213010306,149600.7790415252,268.34921921717876,191155.51039084545,5820.721158074428,0.0023518805723900258,19.594398739539642,269.2774617013402,0.9031429326464213,1.6143484771191642e-08,0,0.009320654311276586,0.003848844444856641,0.00011625539627857506,1.0009211369341249
0.0421875,84,physics,0,7642,41497.397436134575,149914.87072091625,270.8334598571105,191683.10161690795,5844.002104678753,0.00236128731160788,19.624461864051934,269.2704306769309,0.9031431017145004,1.623047474197392e-08,0,0.009259340181535809,0.003875819959364768,0.00011625539627857506,1.0009213159127872
0.04225,84,physics,0,7642,41700.45585931995,150222.16025174665,273.4637067335848,192196.07981780017,5867.228554938976,0.0023706720314073688,19.65281983398611,269.2697761431494,0.9031431971047733,1.6290251814155022e-08,0,0.009189020587673843,0.0039030317693738254,0.00011625539627857506,1.0009266852875425
0.0423125,84,physics,0,7642,41902.943693233654,150526.80629297253,276.269254051075,192706.01924025724,5890.462893191956,0.0023800599383740698,19.680433917813314,269.27403683213333,0.9031428883560404,1.6357456722460075e-08,0,0.009146833275112537,0.003930393169552574,0.00011625539627857506,1.0009257903897497
0.042375,84,physics,0,7642,42092.09093885153,150826.57336206542,279.26016456209334,193197.92446547904,5913.598985437781,0.002389408148735172,19.707080952703375,269.2649687836018,0.9031428303739933,1.639140734255308e-08,0,0.009088572184977002,0.003957959995391494,0.00011625539627857506,1.0009293699857216
0.0424375,84,physics,0,7642,42278.75942454414,151121.84268739948,282.420641406942,193683.02275335055,5936.727181103015,0.0023987531684589083,19.730268008561314,269.25926906168894,0.9031433035369767,1.6466316310470535e-08,0,0.009003384835794404,0.003985737354882805,0.00011625539627857506,1.0009299069262214
0.0425,84,physics,0,7642,42456.67574524817,151413.2959270133,285.70628248248704,194155.67795474397,5959.793566975507,0.002408073213741574,19.74877638304133,269.2693413701178,0.9031434971450324,1.650638292716162e-08,0,0.008976177661181153,0.004013726364627395,0.00011625539627857506,1.000930622847336
0.0425,85,refine,0,8070,42456.67574524817,151413.2959270133,285.70628248248704,194155.67795474397,5959.793566975506,0.002408073213741574,19.74877638304133,269.2693413701178,0.9031434971450324,1.5426326882561645e-08,0,0.008985998688427758,0.003813572592667921,0.00011094169894931838,1.000930622847336
0.0425625,85,physics,0,8070,42637.46949218307,151701.8987886156,289.1088046560694,194628.47708545474,5982.912702209407,0.0024174145725673695,19.80399790764697,269.2686322009447,0.9031429565388492,1.5498279992698365e-08,0,0.008817396341066314,0.0038411691135041208,0.00011094169894931838,1.0009333075560765
0.042625,85,physics,0,8070,42803.52423789306,151987.88024723215,292.70202055580955,195084.10650568103,6005.927456216796,0.0024267137558351237,19.81857242025422,269.2772966855134,0.9031448429720543,1.5617768411857426e-08,0,0.008784880122029872,0.0038689793546275507,0.00011094169894931838,1.0009370661604104
0.0426875,85,physics,0,8070,42990.149544337786,152272.1198117704,296.5220510248506,195558.79140713305,6029.135458103141,0.002436091021510612,19.837156454688486,269.25180090651025,0.9031428306692623,1.5690783783384157e-08,0,0.008745537659799418,0.003896973638383859,0.00011094169894931838,1.000936708197485
0.04275,85,physics,0,8070,43171.96402209661,152552.1013196747,300.58184976326277,196024.64719153455,6052.324445084925,0.0024454606041544548,19.857831496615212,269.27690903658095,0.9031432542368806,1.5797752439539178e-08,0,0.008608121310165093,0.003925150406416538,0.00011094169894931838,1.0009410037610416
0.0428125,85,physics,0,8070,43358.5364800406,152829.0795169673,304.90507865940253,196492.52107566732,6075.575632805868,0.0024548553192012693,19.877566882740243,269.2578405276376,0.9031436187272653,1.5905772698943094e-08,0,0.008594382763862585,0.003953511361836762,0.00011094169894931838,1.000942793584631
0.042875,85,physics,0,8070,43564.35725259257,153103.4848657751,309.4893648888909,196977.33148325657,6099.009455494566,0.002464323828476574,19.896577964390172,269.2742979006167,0.9031431632992806,1.602754728935449e-08,0,0.00859617328127123,0.003982028505421549,0.00011094169894931838,1.0009479840911384
0.0429375,85,physics,0,8070,43780.5115342308,153373.73100909425,314.325306510747,197468.56784983582,6122.549897316626,0.0024738354175455495,19.910481310242467,269.27459519785964,0.9031428264898497,1.6137390090875693e-08,0,0.008436495943850379,0.004010668849990299,0.00011094169894931838,1.0009483420580967
0.043000000000000003,85,physics,0,8070,43973.96307020866,153637.9653738513,319.41245173959265,197931.34089579957,6145.917597272679,0.002483277209725278,19.91779677369611,269.26152609819417,0.9031432320634379,1.6234857014296725e-08,0,0.008350575231736513,0.004039497049697132,0.00011094169894931838,1.0009504898625343
0.043000000000000003,86,refine,0,8478,43973.96307020866,153637.9653738513,319.41245173959265,197931.34089579957,6145.917597272679,0.002483277209725278,19.91779677369611,269.26152609819417,0.9031432320634379,1.6234857014296725e-08,0,0.008350575231736513,0.003824754670919704,0.00011094169894931838,1.0009504898625343
0.043062500000000004,86,physics,0,8478,44192.15992781366,153907.90443240874,324.840579549809,198424.9049397722,6169.5554616789095,0.002492828162695148,19.93161200849633,269.28934163580305,0.9031430719640284,1.6332473151692247e-08,0,0.008354084644488937,0.003846228198107191,0.00011094169894931838,1.000951205798371
0.043125000000000004,86,physics,0,8478,44384.28165391646,154174.71537055314,330.71478409456904,198889.71180856417,6193.0114973408345,0.002502305647191827,19.95138318884365,269.2767958097441,0.903143466725672,1.6494638543917956e-08,0,0.008240019331762683,0.0038675552581431075,0.00011094169894931838,1.0009547854852354
0.043187500000000004,86,physics,0,8478,44596.20175922625,154440.18703182283,337.0295111153888,199373.41830216447,6216.6696193207235,0.00251186478529696,19.973957879237968,269.2933427223043,0.9031429600757532,1.6581381601099562e-08,0,0.00822834288304259,0.0038886487460041653,0.00011094169894931838,1.0009580072143591
0.043250000000000004,86,physics,0,8478,44793.605440238665,154703.58461546415,343.73521721562895,199840.92527291845,6240.243459383131,0.002521389869030841,19.998703369776344,269.2656265662,0.9031431503355071,1.665361715197378e-08,0,0.008099534792726695,0.0039096572797692065,0.00011094169894931838,1.0009612289538525
0.043312500000000004,86,physics,0,8478,44972.22211348388,154963.43640662337,350.7972605218286,200286.45578062907,6263.698477054221,0.0025308669422028467,20.021291934258045,269.2868231562549,0.9031430712044963,1.679018879485737e-08,0,0.008102056271645385,0.003933293853105567,0.00011094169894931838,1.0009637347584055
0.043375000000000004,86,physics,0,8478,45160.60095918858,155221.38080542703,358.18828451131856,200740.17004912696,6287.26987202589,0.0025403910379893668,20.03664448697947,269.2745007692824,0.9031431059709641,1.6863635821096098e-08,0,0.007973959658422427,0.003961062037991378,0.00011094169894931838,1.0009660615825358
0.043437500000000004,86,physics,0,8478,45348.66268455431,155472.86112366559,365.8984117540771,201187.42221997396,6310.871203581444,0.0025499272297464775,20.04309098367701,269.2637670358539,0.9031430036661382,1.698824902973685e-08,0,0.007961573007367098,0.003989036959142856,0.00011094169894931838,1.0009692833479535
0.043500000000000004,86,physics,0,8478,45539.85636390398,155721.08840367597,373.9369842485246,201634.88175182848,6334.526350728225,0.0025594851658595477,20.03851639644554,269.2751463877559,0.9031434121357877,1.7047858236196576e-08,0,0.007927668265995435,0.004017213069956648,0.00011094169894931838,1.0009712522097025
0.043500000000000004,87,refine,0,8888,45539.85636390398,155721.08840367597,373.9369842485246,201634.88175182848,6334.526350728225,0.0025594851658595477,20.03851639644554,269.2751463877559,0.9031434121357877,1.1319246873142688e-08,0,0.008178751628663565,0.0038123578268544926,6.482925527961925e-05,1.0009712522097025
0.043562500000000004,87,physics,0,8888,45712.89242979314,155980.4371380497,382.3820653142295,202075.71163315704,6358.159315813249,0.002569034139241631,20.03066755038218,269.2715509260173,0.9031428299013657,1.1368406660494658e-08,0,0.008129909816409778,0.0038393284161296,6.482925527961925e-05,1.0009741160155232
0.043625000000000004,87,physics,0,8888,45905.677418122905,156240.3148620674,391.4518758260623,202537.44415601637,6382.020043708592,0.0025786751408995298,20.041414975743905,269.2738900797021,0.9031430924493993,1.1438193503465746e-08,0,0.008073269085120733,0.0038664198889235774,6.482925527961925e-05,1.0009748319682588
0.043687500000000004,87,physics,0,8888,46104.32785014574,156501.93168270672,401.12262562834553,203007.3821584808,6405.997311788424,0.002588363230981967,20.06403082737813,269.2844813821615,0.9031432340423047,1.1553638046279957e-08,0,0.008031925031118669,0.003893681619061065,6.482925527961925e-05,1.0009771588181853
0.043750000000000004,87,physics,0,8888,46322.17494180334,156764.62875498194,411.4049487988582,203498.20864558415,6430.205804885116,0.002598144748254939,20.092947672608627,269.27007607379477,0.9031428252920436,1.162697982337589e-08,0,0.007973796784923059,0.003921183618074533,6.482925527961925e-05,1.0009809175871853
0.043812500000000004,87,physics,0,8888,46527.60235086738,157026.76382773923,422.3475488437035,203976.71372745032,6454.38647650718,0.002607915024174331,20.1271915028825,269.28915608856613,0.9031430960167479,1.1736330129963338e-08,0,0.007928109981428497,0.003948871211675063,6.482925527961925e-05,1.000983602430827
0.043875000000000004,87,physics,0,8888,46748.02128354507,157293.12876302452,434.0111773063799,204475.16122387597,6478.773638956692,0.002617768733358376,20.166997578081293,269.2808510086401,0.9031427664880507,1.182306386127154e-08,0,0.007878975719717306,0.003976615374052163,6.482925527961925e-05,1.0009844973803077
0.043937500000000004,87,physics,0,8888,46955.0305647316,157557.91820206871,446.4084540045907,204959.3572208049,6503.134188857892,0.002627611689657938,20.205964878670787,269.28812904407596,0.9031429421368153,1.1888236617352297e-08,0,0.007845007443898874,0.004004597360914685,6.482925527961925e-05,1.0009862872816697
0.044,87,physics,0,8888,47168.72301028117,157826.47048869752,459.5601505947705,205454.75364957345,6527.640884191655,0.002637513696476193,20.238365709592088,269.2808204695859,0.9031431174233469,1.1965670676516995e-08,0,0.007793852202292277,0.004032812631416235,6.482925527961925e-05,1.000986466271982
0.044,88,refine,0,9270,47168.72301028117,157826.4704886975,459.56015059477045,205454.75364957345,6527.640884191655,0.0026375136964761933,20.238365709592088,269.2808204695859,0.9031431174233469,1.1965670676516995e-08,0,0.007793852202292277,0.0038313226234662242,6.482925527961925e-05,1.000986466271982
0.0440625,88,physics,0,9270,47370.94517616634,158096.61088282638,473.4413822356215,205940.99744122833,6552.154931702558,0.0026474186739645095,20.265434390740204,269.28804505498385,0.9031427481943067,1.2033712692982572e-08,0,0.00775252190168322,0.003841494306597525,6.482925527961925e-05,1.0009893301213306
0.044125,88,physics,0,9270,47570.36438064939,158369.0377187563,488.1022994301777,206427.50439883588,6576.750654101352,0.0026573566524458383,20.290595881609,269.2973638863451,0.9031430448738715,1.2125992210343366e-08,0,0.007428033820846383,0.003851592765576259,6.482925527961925e-05,1.0009898670939956
0.0441875,88,physics,0,9270,47784.14502546683,158647.3275188434,503.55778013044784,206935.03032444068,6601.579646657388,0.0026673888844636483,20.311630072153033,269.27599244403547,0.9031428046517804,1.220896095333046e-08,0,0.007035780496029073,0.0038616197313123437,6.482925527961925e-05,1.0009920149875364
0.04425,88,physics,0,9270,47980.827298750606,158925.64063045528,519.8215282262092,207426.28945743208,6626.383350658324,0.002677410898562808,20.333059632453637,269.28419119151977,0.9031425417266092,1.2280788830310013e-08,0,0.006663170585095723,0.0038770540608878278,6.482925527961925e-05,1.0009925519616416
0.0443125,88,physics,0,9270,48163.509681863754,159208.6522513804,536.9369917064352,207909.09892495058,6651.19627862308,0.002687436639631789,20.352135703078147,269.2949157071325,0.9031428988531546,1.2374483215893434e-08,0,0.0062600589027853246,0.0039046336109261072,6.482925527961925e-05,1.000993088936035
0.044375,88,physics,0,9270,48362.58628520569,159496.42564883054,554.9304443235476,208413.94237835976,6676.278213920703,0.002697571073953971,20.366340103953906,269.2754851798946,0.9031430170486192,1.2456934150861805e-08,0,0.005844191027805861,0.0039324524674033585,6.482925527961925e-05,1.000993088936035
0.0444375,88,physics,0,9270,48570.65536326574,159789.31346651865,573.8352595784852,208933.80408936288,6701.574039259695,0.002707791931215342,20.373644941994677,269.2730196651933,0.9031428034405611,1.2539767002550656e-08,0,0.0054037369297222455,0.003960448938185914,6.482925527961925e-05,1.0009946998609436
0.0445,88,physics,0,9270,48758.73132302526,160081.70137388408,593.7036349715545,209434.1363318809,6726.844115662019,0.002718002384538629,20.375181445800887,269.2899440264663,0.9031430038602194,1.2684382877381498e-08,0,0.00500604149610571,0.003988565144876019,6.482925527961925e-05,1.0009975637338486
0.0445,89,refine,0,9643,48758.73132302526,160081.70137388408,593.7036349715545,209434.1363318809,6726.844115662019,0.002718002384538629,20.375181445800887,269.2899440264663,0.9031430038602194,1.2684382877381498e-08,0,0.00500604149610571,0.003821244252236137,6.482925527961925e-05,1.0009975637338486
0.0445625,89,physics,0,9643,48979.1010804175,160388.18278728222,614.6510635178873,209981.93493121763,6752.566070922172,0.002728395420926121,20.3727500809701,269.2774483674883,0.9031428456467019,1.1662668164547089e-08,0,0.004554460518823487,0.0038479519764137754,6.482925527961925e-05,1.0009993536585753
0.044625,89,physics,0,9643,49185.58425506537,160697.4383449275,636.9030812657206,210519.92568125858,6778.345049276277,0.0027388114976718047,20.379336391203864,269.3080645183752,0.9031429127388253,1.0528875993287575e-08,0,0.004096142539008657,0.003874838339854309,6.482925527961925e-05,1.0010009645935656
0.0446875,89,physics,0,9643,49407.72975328677,161016.44349930194,660.5920787909811,211084.7653313797,6804.437415071139,0.002749354199595009,20.389503062276727,269.29001694621337,0.9031428429080175,9.323574357011933e-09,0,0.0036132213464448015,0.0039019331063869854,6.482925527961925e-05,1.0010020385516663
0.04475,89,physics,0,9643,49636.84245903224,161342.62448936346,685.7668316656562,211665.23378006136,6830.779729896369,0.0027599978942024666,20.399372506373005,269.29650063287056,0.9031429852120735,8.14764344880813e-09,0,0.0031450478119637586,0.0039292272030084134,6.482925527961925e-05,1.0010047234519586
0.0448125,89,physics,0,9643,49859.4300485154,161675.29023071812,712.4943544825419,212247.21463371607,6857.2704390366725,0.002770701547996737,20.40647053047991,269.3021849383987,0.9031428132970216,6.939071539591089e-09,0,0.002667724920785199,0.003956679242113707,6.482925527961925e-05,1.0010068713773776
0.044875,89,physics,0,9643,50082.49903080902,162017.66760313098,740.8360456432895,212841.0026795833,6883.974254269139,0.0027814913079740877,20.408767807428575,269.29851517910464,0.903142793741367,5.718187257031129e-09,0,0.0021892484486379293,0.0039843335479155945,6.482925527961925e-05,1.001006155401726
0.0449375,89,physics,0,9643,50314.55785298486,162367.30244154017,770.8497751669737,213452.71006969202,6910.973686349746,0.0027924005128626885,20.407121092686268,269.29936403212065,0.9031433194422723,4.354356875069285e-09,0,0.0016600328697898732,0.004012223118751238,6.482925527961925e-05,1.001006155401726
0.045,89,physics,0,9643,50542.67747381487,162723.16104830962,802.5452242673563,214068.38374639183,6938.165670714097,0.0028033875191020297,20.399095260033935,269.30642487168143,0.903143042347616,3.035266704642927e-09,0,0.0011521194016078215,0.004040338913072989,6.482925527961925e-05,1.0010090193074057
0.045,90,refine,0,10077,50542.67747381487,162723.16104830962,802.5452242673564,214068.38374639183,6938.165670714096,0.0028033875191020297,20.399095260033935,269.30642487168143,0.903143042347616,3.035266704642927e-09,0,0.0011521194016078215,0.0038341071171266684,5.812769813928753e-05,1.0010090193074057
0.0450625,90,physics,0,10077,50747.6090409876,163101.2263452798,836.0510038284555,214684.88639009584,6965.471481338805,0.002814420517198639,20.414121405295024,269.2896655658535,0.9031428387748767,1.6245031986272277e-09,0,0.0006138727844912195,0.0038430801017083054,5.812769813928753e-05,1.001009735285106
0.045125,90,physics,0,10077,50971.18352479044,163489.5010291631,871.5981495134922,215332.28270346703,6993.2144044829365,0.0028256301319727387,20.420669432877006,269.27905819570094,0.9031428870013578,1.706905727872287e-10,0,6.42067377452842e-05,0.0038549686084574683,5.812769813928753e-05,1.0010122412110893
0.0451875,90,physics,0,10077,51177.47439110378,163893.99440608048,909.1308041126316,215980.59960129688,7021.102733151512,0.002836898498304684,20.43578209604674,269.29310652688747,0.9031429350923031,-1.2848246910834585e-09,1,-0.00048103052761996586,0.003882448893129442,5.812769813928753e-05,1.0010147471433464
0.04525,90,physics,0,10077,51392.76396209687,164314.13465491,948.6709896237745,216655.56960663068,7049.374772753381,0.0028483219042379016,20.457580946734826,269.28335325090535,0.9031429430708666,-2.864841697203188e-09,1,-0.0010673967728789904,0.003910109613559655,5.812769813928753e-05,1.0010179690654661
0.0453125,90,physics,0,10077,51621.29905541105,164751.09683578048,990.375988606367,217362.7718797979,7078.091926507872,0.002859925159935204,20.4840998026908,269.2885246017417,0.9031429228560403,-4.468001080226685e-09,1,-0.001656428197872104,0.003937947426734371,5.812769813928753e-05,1.001018864045673
0.045375,90,physics,0,10077,51845.376588088795,165200.43334319594,1034.4064922260325,218080.21642351078,7107.121493250323,0.0028716546470747314,20.51550888963409,269.29440154963356,0.9031429739963709,-6.13832451534792e-09,1,-0.0022639983652750256,0.003965902765541272,5.812769813928753e-05,1.0010201170193072
0.0454375,90,physics,0,10077,52084.32789573967,165671.23222713624,1081.036881105499,218836.5970039814,7136.644426571952,0.0028835834805237283,20.548182872379783,269.2972780440356,0.903142847723521,-7.850881722504276e-09,1,-0.0028802840809614666,0.003993919373939544,5.812769813928753e-05,1.001021548991095
0.0455,90,physics,0,10077,52313.86729948632,166159.09495569346,1130.3773667308035,219603.3396219106,7166.473466495513,0.002895635997302636,20.576695443544246,269.30331274884446,0.9031428836198371,-9.590282790128414e-09,1,-0.00349922580297866,0.004021993936373401,5.812769813928753e-05,1.0010213699945096
0.0455,91,refine,0,10589,52313.867299486315,166159.09495569346,1130.3773667308035,219603.33962191056,7166.473466495512,0.0028956359973026356,20.576695443544246,269.30331274884446,0.9031428836198371,-9.590282790128414e-09,1,-0.00349922580297866,0.0038084216862685014,5.812769813928753e-05,1.0010213699945096
0.0455625,91,physics,0,10589,52565.5082571418,166667.86757265986,1182.575678770119,220415.95150857177,7196.912221979832,0.002907934871556986,20.599753297573955,269.31210698496756,0.903142900072336,-1.1424158508077648e-08,1,-0.004144863339959557,0.003818472790387641,5.812769813928753e-05,1.0010222649777571
0.045625,91,physics,0,10589,52811.92158563729,167199.31413656287,1238.2281665724395,221249.4638887726,7227.743673870891,0.0029203924160237666,20.62087349683352,269.2912083145667,0.9031428762022372,-1.3319931824185055e-08,1,-0.004804602426924126,0.0038335520788503404,5.812769813928753e-05,1.0010254869240742
0.0456875,91,physics,0,10589,53058.81834544055,167752.33324952476,1297.5035898538329,222108.65518481913,7259.051617064858,0.0029330424882872295,20.640189249922884,269.28889042131806,0.9031428123196478,-1.5334292946533812e-08,1,-0.005498015667037811,0.0038628648738168085,5.812769813928753e-05,1.0010263819110028
0.04575,91,physics,0,10589,53317.619652602974,168331.2577064798,1360.5885008546315,223009.4658599374,7290.945001348886,0.0029459291098541773,20.659271881112563,269.28490312571546,0.9031429295192315,-1.738343602397651e-08,1,-0.006194180519509474,0.0038924603711373088,5.812769813928753e-05,1.0010290668765893
0.0458125,91,physics,0,10589,53579.33187443561,168937.6333771628,1427.8620444565138,223944.8272960549,7323.398311894207,0.002959041971376187,20.67642571204923,269.2823570607688,0.9031431135010681,-1.9539271978175082e-08,1,-0.006917778094538039,0.003922041826549575,5.812769813928753e-05,1.001030677859398
0.045875,91,physics,0,10589,53827.224516928305,169568.21887175014,1499.572454132784,224895.01584281123,7356.283254727172,0.002972329235273972,20.689332963665592,269.2989579679049,0.9031430937791611,-2.1774495095883186e-08,1,-0.007657719251315222,0.003951578597509145,5.812769813928753e-05,1.0010344368293673
0.0459375,91,physics,0,10589,54084.0225564116,170230.01379627228,1575.8771698551247,225889.913522539,7389.829357410616,0.0029858836428752504,20.696391202284225,269.29758595603954,0.9031427895202468,-2.4108601781591747e-08,1,-0.00842014177984537,0.003981280604793852,5.812769813928753e-05,1.0010333628365071
0.046,91,physics,0,10589,54339.54689015035,170916.14554828047,1657.0442272269547,226912.73666565778,7423.992470219466,0.0029996873553440567,20.698561954455478,269.30802334838506,0.9031429212643205,-2.642332797009321e-08,1,-0.009162693087093618,0.0040112951316310635,5.812769813928753e-05,1.0010381958134518
0.046,92,refine,0,11127,54339.54689015035,170916.1455482805,1657.0442272269547,226912.7366656578,7423.992470219466,0.0029996873553440567,20.698561954455478,269.30802334838506,0.9031429212643205,-2.642332797009321e-08,1,-0.009162693087093618,0.0038369586606407393,5.517687532119453e-05,1.0010381958134518
0.0460625,92,physics,0,11127,54588.1672023595,171639.11209857964,1743.3935816717856,227970.67288261093,7458.76900386269,0.0030137389224173766,20.700077655503044,269.2895287134874,0.9031428034304578,-2.8928447193265922e-08,1,-0.009957230654477128,0.003856248025029641,5.517687532119453e-05,1.0010407018106835
0.046125,92,physics,0,11127,54846.21641011929,172400.84227270645,1835.2076705825828,229082.2663534083,7494.337138198134,0.0030281103382258697,20.708371118161498,269.30029593128506,0.9031427789525892,-3.153294247937305e-08,1,-0.010770392968694772,0.0038812318214038635,5.517687532119453e-05,1.0010405228106731
0.0461875,92,physics,0,11127,55105.214225283315,173199.67715200374,1932.791111356859,230237.6824886439,7530.659494250456,0.0030427864996756915,20.718615482025722,269.3122664419159,0.9031428422254121,-3.418155714030029e-08,1,-0.011582311569973837,0.0039088614856295206,5.517687532119453e-05,1.0010421338119182
0.04625,92,physics,0,11127,55358.0029595697,174035.5713863562,2036.3910712028282,231429.9654171287,7567.7310321835375,0.003057765370404154,20.72867112654313,269.30433957041623,0.9031430943523664,-3.696921080376111e-08,1,-0.012423378513256401,0.003936667571693893,5.517687532119453e-05,1.0010453558221861
0.0463125,92,physics,0,11127,55631.53360267029,174915.8160014207,2146.2084511865933,232693.5580552776,7605.821155884082,0.003073155803895256,20.73520967072745,269.2992309335398,0.9031430433917234,-3.983523155781652e-08,1,-0.013272065382604375,0.00396478412143959,5.517687532119453e-05,1.0010464298279134
0.046375,92,physics,0,11127,55905.252788998376,175841.71296585887,2262.5368714811593,234009.5026263384,7644.796509667926,0.0030889039173688983,20.73824839479107,269.3085557061126,0.9031429059313799,-4.281164400765656e-08,1,-0.014137647282730446,0.003993124433398744,5.517687532119453e-05,1.0010491148472727
0.0464375,92,physics,0,11127,56154.7782672073,176811.70815861403,2385.2268119115097,235351.71323773282,7684.479775715028,0.0031049380650021562,20.737617714040663,269.3086039750822,0.9031428021053267,-4.591967828204708e-08,2,-0.015024701243619355,0.004021671081583733,5.517687532119453e-05,1.001052515882133
0.0465,92,physics,0,11127,56386.386222382134,177827.28085415708,2513.9511198704345,236727.61819640966,7724.975531861247,0.0031213005018011345,20.730979378081575,269.3276320156708,0.9031430324011802,-4.903830674862777e-08,2,-0.015892109594889597,0.0040504241273157104,5.517687532119453e-05,1.001053768897889
0.0465,93,refine,0,11738,56386.386222382134,177827.28085415708,2513.9511198704345,236727.61819640966,7724.975531861246,0.003121300501801135,20.730979378081575,269.3276320156708,0.9031430324011802,-4.903830674862777e-08,2,-0.015892109594889597,0.00383276512760627,3.284595732111484e-05,1.001053768897889
0.0465625,93,physics,0,11738,56588.442482745624,178904.12236412283,2647.7868113742484,238140.3516582427,7766.2749284818,0.003137987652043232,20.724464452752695,269.3077575471655,0.9031429284227095,-5.234406952325788e-08,2,-0.016795243912234824,0.003842995094643686,3.284595732111484e-05,1.0010562749341063
0.046625,93,physics,0,11738,56762.72910713733,180036.4673976096,2786.9133755371076,239586.10988028406,7808.398921026901,0.003155007982844434,20.73195557818585,269.32109758001195,0.9031431459185048,-5.577914485854767e-08,2,-0.01771292548417698,0.0038688861491389588,3.284595732111484e-05,1.0010603920072256
0.0466875,93,physics,0,11738,56890.70495001233,181226.1626064537,2930.2565261219925,241047.124082588,7851.221817208997,0.0031723107078442322,20.74564990723302,269.3084364611734,0.9031429060179642,-5.930397062314784e-08,2,-0.018629114345754698,0.0038974699789105973,3.284595732111484e-05,1.0010616450328402
0.04675,93,physics,0,11738,56971.40556344344,182472.76073459245,3076.947671300896,242521.1139693368,7894.775803795862,0.003189908832207328,20.76395303904563,269.2892975539827,0.903142842887102,-6.302343757980116e-08,2,-0.019574132373543888,0.003927280424974116,3.284595732111484e-05,1.0010652251146668
0.0468125,93,physics,0,11738,56996.121751566185,183781.3946593327,3226.2959660436727,244003.81237694254,7939.012984795159,0.003207783003405058,20.788307310584326,269.3121215488333,0.9031432096218623,-6.681740138958507e-08,2,-0.020506592066382567,0.003958375670847504,3.284595732111484e-05,1.0010657621280452
0.046875,93,physics,0,11738,56950.06057419054,185147.89783887466,3377.593847067019,245475.55226013222,7983.831557787352,0.003225892087853674,20.818755356470607,269.3105693452534,0.9031430788854005,-7.086169429015858e-08,3,-0.021477623649565795,0.003990946088242659,3.284595732111484e-05,1.0010680891893466
0.0469375,93,physics,0,11738,56856.33502740417,186577.13754177297,3530.344557127804,246963.81712630496,8029.481401612337,0.003244337049881043,20.850098077270165,269.31842250100317,0.9031431310451701,-7.499657428411424e-08,5,-0.022434169140539445,0.0040247612088193845,3.284595732111484e-05,1.0010688052092969
0.047,93,physics,0,11738,56685.228426859816,188065.80188351605,3684.358064316685,248435.38837469253,8075.714993818741,0.0032630178772645674,20.876481992139706,269.3140227924624,0.9031429334909457,-7.939615365160085e-08,5,-0.023424836996249736,0.004060193542215019,3.284595732111484e-05,1.001071311283156
0.047,94,refine,0,12441,56685.228426859816,188065.80188351608,3684.358064316686,248435.3883746926,8075.714993818741,0.0032630178772645674,20.876481992139706,269.3140227924624,0.9031429334909457,-3.969807682580049e-08,9,-0.043310135062932714,0.0038251859459597633,3.284595732111484e-05,1.001071311283156
0.0470625,94,physics,0,12441,56450.15639747631,189611.62340255015,3839.0371505714875,249900.81695059795,8122.677508006721,0.0032819932278534934,20.895303823905312,269.29692504851283,0.9031429958276573,-4.0371764153945786e-08,9,-0.04340277033538914,0.0038389345537233224,3.284595732111484e-05,1.001072743328178
0.047125,94,physics,0,12441,56134.64593028794,191216.3042318652,3995.1573570433966,251346.1075191965,8170.242993283981,0.0033012122107961873,20.911752571575228,269.3057838241736,0.9031428290564321,-4.105079076666135e-08,11,-0.043461203166657525,0.0038775050901290555,3.284595732111484e-05,1.0010745333873363
0.0471875,94,physics,0,12441,55746.319907017576,192872.43388277723,4152.009662311113,252770.76345210592,8218.48312040055,0.0033207037848809132,20.928491042153386,269.3032843555123,0.903142796320057,-4.1762836744396697e-08,12,-0.04351041723662854,0.003920545199467006,3.284595732111484e-05,1.0010782925219874
0.04725,94,physics,0,12441,55273.80256351745,194575.94886880444,4309.856289970622,254159.6077222925,8267.303299407955,0.0033404297307469332,20.94675521335113,269.2962665249388,0.90314318189163,-4.251268892474516e-08,13,-0.043557644632990805,0.003965863656881554,3.284595732111484e-05,1.0010790085492358
0.0473125,94,physics,0,12441,54717.902136552846,196320.83616519946,4468.978524444621,255507.71682619693,8316.700724177303,0.0033603889145670963,20.96410570359378,269.30468150325527,0.9031428337135233,-4.330767611193679e-08,13,-0.043605074950577846,0.004013494734363343,3.284595732111484e-05,1.0010822306781908
0.047375,94,physics,0,12441,54079.608062294734,198098.0863071118,4630.018229097028,256807.7125985036,8366.663496665908,0.0033805765289000684,20.977252261427484,269.296831599279,0.9031428983088062,-4.4136541088590835e-08,13,-0.04364128305732175,0.004063502408795837,3.284595732111484e-05,1.0010840207543137
0.0474375,94,physics,0,12441,53353.46289746476,199896.10439384327,4793.656654159425,258043.22394546744,8417.115850722294,0.003400961960196058,20.98268298366468,269.291612620775,0.9031429025514784,-4.49803971847018e-08,15,-0.04364896719729965,0.004115883567227735,3.284595732111484e-05,1.0010867058744999
0.0475,94,physics,0,12441,52547.38957686532,201706.9754905649,4960.136218598169,259214.50128602836,8468.094990772426,0.0034215602410188864,20.980277859879564,269.31735311173344,0.9031433196200643,-4.5868115972069705e-08,17,-0.04365996950566153,0.004170617682440011,3.284595732111484e-05,1.001086347858059
