t,macro,phase,capacity_blocked,samples,elastic_energy,kinetic_energy,affine_kinetic_energy,total_energy,mass,grown_rest_area,max_speed,max_volumetric_pressure,min_elastic_det,min_triangle_area,inverted_triangles,min_triangle_quality,max_edge,min_weight,max_hardening
0.0,0,initial,0,40,0.0,0.0,0.0,0.0,50.00000059604645,2.020265648638997e-05,0.0,-0.0,1.0,3.695373642642604e-07,0,0.6193306435154042,0.001783800070510901,0.3658304810523987,1.0
0.0,0,refine,0,40,0.0,0.0,0.0,0.0,50.00000059604645,2.020265648638997e-05,0.0,-0.0,1.0,3.695373642642604e-07,0,0.6193306435154042,0.001783800070510901,0.3658304810523987,1.0
6.25e-05,0,physics,0,40,1.4257991691767722,0.008259809346753057,0.08114634992718318,1.5152053284507083,50.376219806682016,2.0354669034098848e-05,0.03168170739998525,19.66280955233049,0.9929213657775459,3.6960792648699226e-07,0,0.619315831781584,0.0017841561587511486,0.3658304810523987,0.9999992847445185
0.000125,0,physics,0,40,4.315385206723871,0.12241553999929426,1.1981564235602893,5.635957170283454,50.7552692361796,2.0507825140583118e-05,0.12193157676379468,33.14668221962981,0.9880670450373643,3.7049292345159286e-07,0,0.6193449544672277,0.001786526482098495,0.3658304810523987,0.9999985694895486
0.0001875,0,physics,0,40,5.942035865416743,0.5028745471598801,4.874641417732232,11.319551830308857,51.13716861247841,2.066213277697826e-05,0.2475922327002442,36.442545287156975,0.9868804209513373,3.7279191289485425e-07,0,0.6190967858140551,0.001792554355309881,0.3658304810523987,0.9999953508485149
0.00025,0,physics,0,40,4.9364821030361465,1.165704850088114,11.110826166645726,17.213013119769986,51.5219378503293,2.0817599989901587e-05,0.3782566874542593,28.634515709183894,0.9896913125941696,3.766173746200249e-07,0,0.6191199042748424,0.001802877879887476,0.3658304810523987,0.9999957084747848
0.0003125,0,physics,0,40,2.4827866580278957,1.8858733951554378,17.555366868268283,21.924026921451617,51.90960936076889,2.0974239875133716e-05,0.4828717371729167,12.08012908837884,0.9956510508792383,3.81656235504124e-07,0,0.6190293653443991,0.0018166359832928354,0.3658304810523987,0.9999992847445185
0.000375,0,physics,0,40,0.9799608693745949,2.3205801502738117,21.004170176691712,24.30471119634012,52.300189931102715,2.113205517510667e-05,0.5363315031867654,-8.206936385298382,1.002954575288919,3.8730701135136806e-07,0,0.6185701944878071,0.0018318871569124584,0.3658304810523987,0.9999982118622555
0.0004375,0,physics,0,40,1.6210946924917287,2.258367438095636,19.878691226988078,23.75815335757544,52.69371144222202,2.1291058771394178e-05,0.525785426820244,-25.93577368549086,1.0093372191240415,3.9259018524973076e-07,0,0.6180938334624718,0.0018469128578069043,0.3658304810523987,1.000001788140942
0.0005,0,physics,0,40,3.379428211972317,1.7767085164133372,15.323841715634483,20.479978444020137,53.09019217622052,2.1451258050933325e-05,0.45532357923752087,-35.46066395204662,1.0127662316548776,3.968797797071484e-07,0,0.6174616113878486,0.0018592011627323122,0.3658304810523987,1.0000073313981819
0.0005,1,refine,0,40,3.379428211972317,1.7767085164133372,15.323841715634483,20.479978444020137,53.09019217622052,2.1451258050933325e-05,0.45532357923752087,-35.46066395204662,1.0127662316548776,3.968797797071484e-07,0,0.6174616113878486,0.0018592011627323122,0.3658304810523987,1.0000073313981819
0.0005625000000000001,1,physics,0,40,4.387517462327864,1.15372174276609,9.922760008159816,15.46399921325377,53.48967579145683,2.1612670654020344e-05,0.3460546360125695,-33.68607566748765,1.0121273992574116,3.9962301379148373e-07,0,0.6169035950943536,0.0018680263219580581,0.3658304810523987,1.000011265341316
0.000625,1,physics,0,40,4.026954259635477,0.6304209463607585,5.529042853592733,10.186418059588968,53.892113245285955,2.1775276764821274e-05,0.22979165074257873,-21.213211392430644,1.007636996443336,4.00768920272299e-07,0,0.6162217657027474,0.0018729185671842168,0.3658304810523987,1.0000150204832898
0.0006875,1,physics,0,40,3.2843794280163037,0.2810485152498754,2.5199556220720396,6.085383565338219,54.29760142857704,2.193911553239456e-05,0.13846743211171436,-2.0991026737774887,1.000755702096334,4.011710528217804e-07,0,0.6159249240916496,0.0018750141371433385,0.3658304810523987,1.000013947584144
0.00075,1,physics,0,40,3.2032746200365954,0.0954658194223226,0.8175045467685849,4.116244986227503,54.70614254387718,2.2104187846686255e-05,0.09396804899721736,17.57981233679824,0.9936710457484185,4.0128624689827977e-07,0,0.615500827021029,0.0018765383135753936,0.3658304810523987,1.0000132323186866
0.0008125000000000001,1,physics,0,40,3.5546655916841803,0.10611488553315121,0.8911243791133867,4.551904856330718,55.11774951344866,2.2270498928976803e-05,0.10302353280454425,31.747738433574813,0.9885703400162151,4.021654849140074e-07,0,0.6154455044322799,0.0018791994091096433,0.3658304810523987,1.0000119806053667
0.000875,1,physics,0,40,3.360712928856481,0.3710014803659657,3.299248772269374,7.0309631814918205,55.53248886477514,2.243807565990387e-05,0.15714852164882162,36.14886930057786,0.9869858625196491,4.0456004590794263e-07,0,0.6152933387509152,0.001884970920415879,0.3658304810523987,1.000017523919106
0.0009375,1,physics,0,40,2.451874484139576,0.845188483015884,7.437690133231925,10.734753100387385,55.95033320018223,2.26069069693515e-05,0.2370864907739266,29.509680119803765,0.9893761048294883,4.0858598815418703e-07,0,0.6154379521248742,0.0018943355042496802,0.3658304810523987,1.000014484033573
0.001,1,physics,0,40,1.9799439713334455,1.3292578306523923,11.304922036910305,14.614123838896143,56.37132196905173,2.2777008796965678e-05,0.3197023213626122,13.854068360703781,0.9950123498864377,4.1393984506754567e-07,0,0.6151392080007315,0.0019070887984675637,0.3658304810523987,1.0000114441572807
0.001,2,refine,0,40,1.9799439713334455,1.3292578306523923,11.304922036910305,14.614123838896143,56.37132196905173,2.2777008796965678e-05,0.3197023213626122,13.854068360703781,0.9950123498864377,4.1393984506754567e-07,0,0.6151392080007315,0.0019070887984675637,0.3658304810523987,1.0000114441572807
0.0010625,2,physics,0,40,3.0690378509867964,1.6018364662774323,12.985512216656922,17.65638653392115,56.79546380520104,2.2948384631267338e-05,0.3842000747160944,-6.029751789374155,1.0021707913815647,4.2006748923739694e-07,0,0.6148454346860451,0.0019217635843267339,0.3658304810523987,1.0000177027361898
0.0011250000000000001,2,physics,0,40,5.111476725074541,1.619613666450706,12.444543869414886,19.175634260940136,57.22281627313833,2.312105773137588e-05,0.4173272712751357,-23.92219587836574,1.008612316990508,4.2591839566341547e-07,0,0.6143923470904544,0.0019364639622938451,0.3658304810523987,1.0000207426315073
0.0011875,2,physics,0,40,5.98672118390786,1.5499126452114864,11.522095897123632,19.05872972624298,57.65337272846793,2.3295025412602462e-05,0.41686633083976127,-34.12560005741869,1.0122855894768747,4.3080809142281856e-07,0,0.6133880734457504,0.0019495901061296144,0.3658304810523987,1.0000275377250425
0.00125,2,physics,0,40,4.356024861632715,1.566286277767471,11.859741029489875,17.78205216889006,58.08717150012942,2.3470303161874894e-05,0.3914556739300593,-33.35148397703747,1.0120068691583621,4.3387630022095907e-07,0,0.6124116336919411,0.001959549984887146,0.3658304810523987,1.0000293259152258
0.0013125,2,physics,0,40,1.4974909653554755,1.6406090100194335,13.005655688138923,16.143755663513833,58.52422818348941,2.3646897280549778e-05,0.35639948297744656,-21.93462358594199,1.0078965209710564,4.353694951220179e-07,0,0.6111173095094259,0.001966324666932479,0.3658304810523987,1.000032902305185
0.001375,2,physics,0,40,0.26627543842393464,1.598165263660328,13.011390540953354,14.875831243037617,58.96457899302111,2.3824822401198195e-05,0.3272296734249142,-3.651826671785945,1.0013146646542348,4.3580091091399693e-07,0,0.6092387146456705,0.001971473085917611,0.3658304810523987,1.0000354057857666
0.0014375,2,physics,0,40,2.1159655991678346,1.3644221884544336,10.877429162592989,14.357816950215257,59.40824550187264,2.400408724051805e-05,0.3138887474061468,15.653760261334263,0.9943645072443963,4.3589306208957634e-07,0,0.6077471031052447,0.0019760807860283395,0.3658304810523987,1.0000375516312534
0.0015,2,physics,0,40,5.47352222343204,1.0932909046656634,7.997974226380735,14.564787354478437,59.85525217844713,2.4184701685044085e-05,0.31785223080515507,30.041682236746993,0.9891847661952667,4.3674507654856095e-07,0,0.6062360285341717,0.0019819087071714903,0.3658304810523987,1.0000382669141055
0.0015,3,refine,0,40,5.47352222343204,1.0932909046656634,7.997974226380735,14.564787354478437,59.85525217844713,2.4184701685044085e-05,0.31785223080515507,30.041682236746993,0.9891847661952667,4.3674507654856095e-07,0,0.6062360285341717,0.0019819087071714903,0.3658304810523987,1.0000382669141055
0.0015625,3,physics,0,40,7.219330355171749,1.0291484914681455,6.930105339684998,15.178584186324892,60.30561992852316,2.4366674181821457e-05,0.33260326624254694,35.22587346018664,0.9873185404273758,4.3920109682460396e-07,0,0.604929983671955,0.0019906650461180924,0.3658304810523987,1.0000395186603277
0.0016250000000000001,3,physics,0,40,5.721805455704208,1.2544276086608046,8.765147056056719,15.741380120421733,60.759387742779026,2.4550020485155612e-05,0.3465873072355342,29.694761908182404,0.9893097710199554,4.434651277307469e-07,0,0.6039126290679494,0.0020023923753171415,0.3658304810523987,1.0000414856932713
0.0016875,3,physics,0,40,2.4202524254007614,1.5756974796761039,11.79602005090512,15.791969955981987,61.21657462688843,2.4734748274348388e-05,0.3479557729727822,15.066531069621615,0.9945759634649962,4.4918995634191116e-07,0,0.6033783621572594,0.002016520287612645,0.3658304810523987,1.0000409492293576
0.00175,3,physics,0,40,0.4407227080629886,1.6658975863432142,12.900558662648022,15.007178957054226,61.67719246669394,2.492086235191157e-05,0.32944215563516815,-4.302146755347778,1.0015487944335646,4.557390278492338e-07,0,0.6028872086185145,0.0020318727461094434,0.3658304810523987,1.0000482809277544
0.0018125,3,physics,0,40,1.5484439185066279,1.3588518370676936,10.457094002990544,13.364389758564865,62.141272574848344,2.5108375369820412e-05,0.29222634233314637,-22.479102558480953,1.0080924935353213,4.621600027121529e-07,0,0.6029529705391775,0.0020462504532789334,0.3658304810523987,1.0000509632698662
0.001875,3,physics,0,40,4.454088231027892,0.8279727537442971,5.992782624366779,11.27484360913897,62.60885173231067,2.529730218953631e-05,0.24696702445550633,-33.682220459310344,1.0121257294596173,4.675412963450753e-07,0,0.6030061872377576,0.0020579492029377715,0.3658304810523987,1.0000568644478371
0.0019375,3,physics,0,40,6.2671779653373925,0.44911405606266697,2.8353975046869246,9.551689526086985,63.079947940431374,2.548765008456119e-05,0.21119408235453999,-34.22678013896342,1.0123217289815851,4.710633678683956e-07,0,0.6025817468362769,0.0020668496343278107,0.3658304810523987,1.000061156235506
0.002,3,physics,0,40,5.554144269224473,0.46940457867051893,3.107517861933384,9.131066709828374,63.55460054487624,2.567943495263429e-05,0.20313254599434064,-23.82857221730117,1.008578322812317,4.729680647130859e-07,0,0.6017209824938965,0.002072540856288819,0.3658304810523987,1.0000643750883444
0.002,4,refine,0,40,5.554144269224473,0.46940457867051893,3.107517861933384,9.131066709828374,63.55460054487624,2.567943495263429e-05,0.20313254599434064,-23.82857221730117,1.008578322812317,4.729680647130859e-07,0,0.6017209824938965,0.002072540856288819,0.3658304810523987,1.0000643750883444
0.0020625,4,physics,0,40,3.5941859428710377,0.842934711772572,6.206003181200023,10.643123835843632,64.03280955723073,2.587265679843673e-05,0.2342960664010652,-5.773091608694828,1.0020783122358676,4.734407044182374e-07,0,0.6004600168236093,0.0020765529988324575,0.3658304810523987,1.0000677727775806
0.002125,4,physics,0,40,2.591635327497583,1.388892378250258,10.10651968889857,14.087047394646412,64.51462341963035,2.6067335195164742e-05,0.3044968248330406,14.277479079074713,0.9948602132251517,4.736112195757873e-07,0,0.5987163917411951,0.0020809528021338178,0.3658304810523987,1.0000736740547422
0.0021875,4,physics,0,40,3.1891833456487446,2.0202762259950906,13.581680981495138,18.791140553138973,65.00007106514337,2.6263481833314996e-05,0.4012122450821894,30.155975670529287,0.9891445204037979,4.7444909512250856e-07,0,0.5966884089085475,0.0020877404419140312,0.3658304810523987,1.0000770717755714
0.0022500000000000003,4,physics,0,40,4.1326790314658854,2.741636175774622,16.745478416949943,23.61979362419045,65.48917506858804,2.64611058343133e-05,0.5021479690605771,37.07716130774316,0.9866530453390192,4.7680460024679453e-07,0,0.5942665132139393,0.0020985067194097184,0.3658304810523987,1.0000795753667266
0.0023125,4,physics,0,40,4.129261013047367,3.4517350211058258,19.705899049132217,27.28689508328541,65.98195208969781,2.6660213929577116e-05,0.5803513901730268,32.938597001132464,0.9881429023069648,4.811114777680815e-07,0,0.5918548671382722,0.0021136678155320725,0.3658304810523987,1.0000817213069912
0.002375,4,physics,0,40,3.4736109511315587,3.843005349011607,21.34682092506393,28.663437225207097,66.47844319549567,2.6860822712365353e-05,0.6110146472950667,18.878027804910094,0.9932043523215927,4.872597756389043e-07,0,0.5895979437426396,0.002132351102729665,0.3658304810523987,1.0000779659145502
0.0024375,4,physics,0,40,3.5435564679692284,3.5857729862211745,19.93520800879198,27.064537462982386,66.97867203922476,2.706294173984481e-05,0.5789142763885218,-1.059230352849334,1.0003812985172718,4.945153397883926e-07,0,0.5878130439312953,0.0021524220791913993,0.3658304810523987,1.000081005993058
0.0025,4,physics,0,40,4.835145840050295,2.657766217896279,15.023852019822343,22.51676407776892,67.48266268745566,2.7266580736188545e-05,0.4848168902308867,-20.939854625762948,1.007537823326447,5.017227060477579e-07,0,0.586186264688527,0.0021714939138322755,0.3658304810523987,1.000085476713534
0.0025,5,refine,0,40,4.835145840050295,2.657766217896279,15.023852019822343,22.51676407776892,67.48266268745566,2.7266580736188545e-05,0.4848168902308867,-20.939854625762948,1.007537823326447,5.017227060477579e-07,0,0.586186264688527,0.0021714939138322755,0.3658304810523987,1.000085476713534
0.0025625,5,physics,0,40,5.990815994988296,1.460147477362225,8.463822443570521,15.914785915921042,67.9904571336636,2.7471756668991443e-05,0.3481810365078775,-34.65461051008562,1.0124747206429991,5.0771901971558e-07,0,0.5849876736453818,0.0021871718312989788,0.3658304810523987,1.0000881591554127
0.002625,5,physics,0,40,5.249483307383964,0.5279587203122705,3.1320211516948167,8.90946317939105,68.50206565172661,2.7678473689446007e-05,0.20354676265763622,-37.87060695085827,1.0136323629562012,5.121278343622745e-07,0,0.5845142781736837,0.002197673111378265,0.3658304810523987,1.0000928087383798
0.0026875000000000002,5,physics,0,40,2.7837317846606044,0.09986978407543837,0.5686146985573858,3.4522162672934287,69.01751760478348,2.7886743661820238e-05,0.0905818163565224,-29.528650826474976,1.0106294133336085,5.144402930312709e-07,0,0.5843782750380188,0.0022032122341840103,0.3658304810523987,1.0000990678265098
0.00275,5,physics,0,40,0.9910786890904036,0.022623244215381543,0.13434003319250182,1.148041966498287,69.53685432763288,2.80965832875687e-05,0.04157494730845787,-12.180081682539877,1.0043844177890218,5.151307309603222e-07,0,0.5841992662291481,0.0022049646919935204,0.3658304810523987,1.0001081882821974
0.0028125,5,physics,0,40,2.0629350692657,0.08664870477428119,0.58604679622026,2.735630570260241,70.06009486474701,2.8308000261669894e-05,0.07174103461716506,8.896909391898976,0.9967974270272543,5.150432498268742e-07,0,0.5839147392507579,0.0022057439010602993,0.3658304810523987,1.00011319562657
0.002875,5,physics,0,40,5.456893998598431,0.37562916136596525,2.08935023881374,7.921873398778136,70.58728160752929,2.8521011712502845e-05,0.17566213582354032,27.458100281433584,0.9901161143328829,5.155126556743997e-07,0,0.5829997641338052,0.002208222106959328,0.3658304810523987,1.0001198125129445
0.0029375,5,physics,0,40,8.141308753984072,1.2172741943099061,6.196315138064991,15.55489808635897,71.11843030093561,2.873562400186617e-05,0.3303826061614735,38.17018632343307,0.986259953569279,5.172818493548445e-07,0,0.5817615380943757,0.0022151128985443353,0.3658304810523987,1.0001242834068995
0.003,5,physics,0,40,7.4744691100528815,2.7788255069503314,13.699956957841945,23.953251574845158,71.65357623719545,2.89518513896955e-05,0.5014304282854669,38.03264411857786,0.9863089825804185,5.2126643623751e-07,0,0.580015892821257,0.0022278499457801344,0.3658304810523987,1.0001291119948197
0.003,6,refine,0,40,7.4744691100528815,2.7788255069503314,13.699956957841945,23.953251574845158,71.65357623719545,2.89518513896955e-05,0.5014304282854669,38.03264411857786,0.9863089825804185,5.2126643623751e-07,0,0.580015892821257,0.0022278499457801344,0.3658304810523987,1.0001291119948197
0.0030625,6,physics,0,40,3.865663733397464,4.705829761888278,22.677286057103196,31.24877955238894,72.19275081843767,2.9169706564119097e-05,0.6501593933573074,27.080119988392426,0.9902517250802715,5.27277609130294e-07,0,0.5776777887839183,0.0022463259059089277,0.3658304810523987,1.000133404092542
0.003125,6,physics,0,40,0.5702273723496345,6.173749270439371,28.985970246196167,35.729946888985175,72.73598360473923,2.9389201468978473e-05,0.7415509639160078,8.378873279804287,0.9969837814498566,5.347991125503879e-07,0,0.5749403431311778,0.0022688366418452534,0.3658304810523987,1.0001369808547145
0.0031875000000000002,6,physics,0,40,0.6612218195059372,6.397105987879099,29.15987984862292,36.218207656007955,73.28329927929741,2.961034607759658e-05,0.7522798152513904,-12.734039826896868,1.0045839559661995,5.426105635919494e-07,0,0.5719401750202003,0.002293464606532542,0.3658304810523987,1.0001412729862063
0.0032500000000000003,6,physics,0,40,4.022275618746972,5.232928414165508,23.199725920074375,32.45492995298686,73.83473242423665,2.9833154362988887e-05,0.6779855647041555,-30.056062072301224,1.0108194858406716,5.500721762530248e-07,0,0.5689611272298262,0.00231653038145015,0.3658304810523987,1.0001443132571577
0.0033125,6,physics,0,40,7.4342796728673015,3.3286698666294496,14.561534194582707,25.324483734079458,74.39031775899238,3.005764035365177e-05,0.5366792824052719,-38.400230642215114,1.013823168444143,5.559022753232054e-07,0,0.5662719941914953,0.0023356279967994766,0.3658304810523987,1.000151824554424
0.003375,6,physics,0,40,7.816673422196114,1.6118378038845442,7.268230551290334,16.696741777370992,74.95009186143098,3.0283818828986438e-05,0.3651204851597488,-35.28681203451698,1.0127023551142937,5.593906990952746e-07,0,0.5639459103003331,0.00234869656748524,0.3658304810523987,1.0001546860158403
0.0034375,6,physics,0,40,5.236140238122687,0.5945633615435291,3.0226531506446404,8.853356750310857,75.51407234158825,3.051169690438291e-05,0.20810416030841,-21.788869031365184,1.0078434234101816,5.608155539960073e-07,0,0.5620818448431142,0.0023562741331179765,0.3658304810523987,1.0001562955914844
0.0035,6,physics,0,40,2.499286988840071,0.18090164431106528,1.0628316159525433,3.7430202491036795,76.08229524869324,3.0741289145644815e-05,0.10455121007595095,-2.138693769035377,1.0007698726241925,5.610270052969217e-07,0,0.560807122597538,0.0023597158696452296,0.3658304810523987,1.000165774256154
0.0035,7,refine,0,40,2.499286988840071,0.18090164431106528,1.0628316159525433,3.7430202491036795,76.08229524869324,3.0741289145644815e-05,0.10455121007595095,-2.138693769035377,1.0007698726241925,5.610270052969217e-07,0,0.560807122597538,0.0023597158696452296,0.3658304810523987,1.000165774256154
0.0035625,7,physics,0,40,2.041349298425721,0.07266596460960749,0.3233909715741161,2.4374062346094445,76.6548011352948,3.097261193815623e-05,0.07658773544113609,17.75032437389569,0.9936103825404082,5.612842031155195e-07,0,0.5602594887085358,0.002361621409389809,0.3658304810523987,1.0001704241999672
0.003625,7,physics,0,40,3.6738546810713792,0.21819074196598795,1.0856405857363685,4.977686008773736,77.23162263095873,3.120567846599519e-05,0.12565719961110713,32.15440480090737,0.9884253332601477,5.62538170711945e-07,0,0.5599233573120964,0.0023649080327913974,0.3658304810523987,1.000176683773854
0.0036875000000000002,7,physics,0,40,5.348370512043628,0.8235203085526558,4.359348419765093,10.531239240361376,77.81277482899748,3.144049482766175e-05,0.23457292872407356,37.13495487963309,0.9866324321625783,5.657639814415915e-07,0,0.5598413695859832,0.002372188507918297,0.3658304810523987,1.0001784722307314
0.00375,7,physics,0,40,5.631400550211822,2.009096088595472,10.047334296651373,17.687830935458667,78.39830638336022,3.167708068193614e-05,0.3743838564416202,31.506765892588728,0.9886584525891547,5.711680763909043e-07,0,0.5593632282014146,0.002384451330567037,0.3658304810523987,1.0001782933848997
0.0038125,7,physics,0,40,5.029068582409522,3.536204186628182,16.22008658568255,24.785359354720256,78.98824772635051,3.191544832508568e-05,0.5121538817851105,17.095729512357558,0.9938460270802032,5.786299563936834e-07,0,0.5588029745946506,0.002401727240872658,0.3658304810523987,1.0001790087684184
0.003875,7,physics,0,40,4.911640827258987,4.889693762356364,20.46174865951123,30.26308324912658,79.5826204106558,3.2155606465541096e-05,0.6183187624928745,-1.7905793522584084,1.000644554279287,5.869757568888186e-07,0,0.5573329230745522,0.002422783936442701,0.3658304810523987,1.000184016467375
0.0039375,7,physics,0,40,5.534002559188428,5.626254227435666,21.877737250993945,33.03799403761804,80.18146403831112,3.2397571104628386e-05,0.6730874722294512,-19.52555907479753,1.0070285703218407,5.951394257408548e-07,0,0.5552104050973755,0.002445310178980554,0.3658304810523987,1.0001884876483447
0.004,7,physics,0,40,5.647575662436258,5.642220570822883,21.514815675880552,32.804611909139695,80.78483193791698,3.264136378993523e-05,0.6707274273682927,-30.816428845133565,1.0110928134595825,6.022145928596954e-07,0,0.5523019288558461,0.0024668186434412616,0.3658304810523987,1.000191349214655
0.004,8,refine,0,40,5.647575662436258,5.642220570822883,21.514815675880552,32.804611909139695,80.78483193791698,3.264136378993523e-05,0.6707274273682927,-30.816428845133565,1.0110928134595825,6.022145928596954e-07,0,0.5523019288558461,0.0024668186434412616,0.3658304810523987,1.000191349214655
0.0040625,8,physics,0,40,4.271792735221326,5.12626529362792,20.699791005491363,30.09784903434061,81.39270258556309,3.288697582465843e-05,0.6203197410097905,-32.37967771388941,1.011655452174973,6.070284568338028e-07,0,0.5487892926850086,0.0024861642061783677,0.3658304810523987,1.0001968935226788
0.004125,8,physics,0,40,2.39823366007372,4.315004316839978,19.321797404573548,26.035035381487248,82.00513800609197,3.3134432270129425e-05,0.5419931945434563,-24.00938106194969,1.0086424205359092,6.097637568203136e-07,0,0.5448205992115273,0.0025021010239187447,0.3658304810523987,1.0001999339627077
0.0041875,8,physics,0,40,2.2566405333845143,3.364803594527526,16.23957459115015,21.861018719062187,82.62223387339705,3.33837717836838e-05,0.45985171144594006,-8.56729723538347,1.0030838718574064,6.11013285300999e-07,0,0.5412713991336597,0.002514507325038556,0.3658304810523987,1.0002045840653353
0.00425,8,physics,0,40,4.757526190460265,2.4300319427246073,11.36078475825076,18.54834289143563,83.24395493220237,3.363498012031719e-05,0.39430631064635224,9.038987419337673,0.9967463607562619,6.116735757899503e-07,0,0.5378637825059295,0.002525359608639799,0.3658304810523987,1.000209413040946
0.0043125,8,physics,0,40,8.049160995339218,1.7550778297382803,6.802450978658443,16.60668980373594,83.87035501867774,3.388807903270221e-05,0.35680789787062905,23.50247513584279,0.9915401149865498,6.13110739067224e-07,0,0.5352849866604334,0.002535278344241468,0.3658304810523987,1.0002126323709724
0.004375,8,physics,0,40,9.006265435222652,1.5886238950382379,5.494094720457078,16.08898405071797,84.50146909705751,3.414308264824701e-05,0.34828247208230073,30.625759251835614,0.9889760632466729,6.160157681733835e-07,0,0.5334060664693882,0.0025465331127815997,0.3658304810523987,1.0002206807413716
0.0044375000000000005,8,physics,0,40,6.307183019817472,1.9698994710646949,8.412263085080047,16.689345575962214,85.13733828958891,3.440000758252408e-05,0.36095173777172496,28.45081099947287,0.9897589423728947,6.21097418829208e-07,0,0.5325232171847794,0.0025595401618330395,0.3658304810523987,1.0002231846920373
0.0045000000000000005,8,physics,0,40,2.0508351580703064,2.6079291124946087,13.206096499805383,17.8648607703703,85.77799317186995,3.465886618969936e-05,0.38241462324216785,17.697860543055373,0.9936295847266662,6.282833062698495e-07,0,0.5324381601889335,0.0025744209546980663,0.3658304810523987,1.00022926574118
0.0045000000000000005,9,refine,0,40,2.0508351580703064,2.6079291124946087,13.206096499805383,17.8648607703703,85.77799317186995,3.465886618969936e-05,0.38241462324216785,17.697860543055373,0.9936295847266662,6.282833062698495e-07,0,0.5324381601889335,0.0025744209546980663,0.3658304810523987,1.00022926574118
0.0045625,9,physics,0,40,0.12191689869415892,3.030811688067135,15.846646041793715,18.99937462855501,86.42346820156618,3.491967239250026e-05,0.40083862177536644,1.613451477624553,0.9994192363983729,6.367239393512136e-07,0,0.5326003455782384,0.0025910786275339195,0.3658304810523987,1.0002339159801759
0.004625,9,physics,0,40,2.543030356878531,2.9505292634064135,14.13679448079536,19.630354101080304,87.07378922277479,3.518243663331508e-05,0.40954175979055824,-14.882180418882935,1.0053568444595935,6.452207621521207e-07,0,0.5327474840222861,0.0026084783798384775,0.3658304810523987,1.000240891379207
0.0046875,9,physics,0,40,7.286659299707948,2.5369503224116534,9.870134126009198,19.6937437481288,87.7290071077901,3.544717946725325e-05,0.40970520013848377,-26.613593541283283,1.0095793913186393,6.526492661862449e-07,0,0.5325061145407348,0.0026248550849390074,0.3658304810523987,1.000248582260164
0.00475,9,physics,0,40,10.032072782881375,2.2928932110171703,7.304670402573851,19.629636396472396,88.38915278198618,3.5713913389808804e-05,0.40987701935255016,-29.750982610122524,1.0107086800201663,6.581077585110502e-07,0,0.5314037204781972,0.002639559865229935,0.3658304810523987,1.0002539480260852
0.0048125,9,physics,0,40,8.393844219011932,2.6062259551850486,9.201512230319752,20.201582404516735,89.05427358633834,3.5982657529250776e-05,0.42213186229301675,-23.184934766405753,1.0083452184657922,6.615057781544912e-07,0,0.529171264478875,0.002652553669635834,0.3658304810523987,1.0002593138207905
0.004875,9,physics,0,40,4.219050537378215,3.447658227372255,14.40150646074585,22.06821522549632,89.72439298574373,3.625342136664414e-05,0.4562838811473578,-8.916093097145948,1.0032092528941357,6.630472437763043e-07,0,0.5259656976781127,0.0026649386690121126,0.3658304810523987,1.0002643219218188
0.0049375,9,physics,0,40,1.5198035346488203,4.5176912579201005,19.33711273977297,25.37460753234189,90.39956579852961,3.652622705150539e-05,0.514739167372777,8.626066204028955,0.9968951486400722,6.639642400330112e-07,0,0.5223345983333781,0.0026774818334920486,0.3658304810523987,1.0002691511858433
0.005,9,physics,0,40,2.4315940567561642,5.588700241170303,21.593233831291137,29.613528129217606,91.07981923826924,3.6801085579563796e-05,0.5900670042119133,24.06909919230252,0.9913366363737247,6.653419486468691e-07,0,0.518364754116134,0.0026924409704501893,0.3658304810523987,1.0002755902408114
0.005,10,refine,0,40,2.4315940567561642,5.588700241170303,21.593233831291137,29.613528129217606,91.07981923826924,3.6801085579563796e-05,0.5900670042119133,24.06909919230252,0.9913366363737247,6.653419486468691e-07,0,0.518364754116134,0.0026924409704501893,0.3658304810523987,1.0002755902408114
0.0050625,10,physics,0,40,5.48900182743178,6.600914639638945,21.70012382740041,33.79004029447114,91.76519049722094,3.707801197846756e-05,0.6660379714426343,32.742849601586826,0.9882146922478758,6.68181424856585e-07,0,0.5139906354192412,0.0027110107227858522,0.3658304810523987,1.000279525239253
0.005125,10,physics,0,40,7.594876608304713,7.454455101175175,21.686677963222465,36.73600967270235,92.45571535381943,3.735702070460503e-05,0.7215118685199038,31.974229740914684,0.9884922243694816,6.734490263227137e-07,0,0.5101974886863976,0.0027329311319484267,0.3658304810523987,1.000282208201611
0.0051875,10,physics,0,40,7.217876664298188,7.8305017995099835,22.373527688550418,37.42190615235859,93.15143176886755,3.7638127096157256e-05,0.7361952423051512,21.75406275098173,0.9921705214891346,6.810578376814647e-07,0,0.5069717968013734,0.002757990396515077,0.3658304810523987,1.0002877530132888
0.00525,10,physics,0,40,5.554815509630815,7.325698143023392,22.33172101111588,35.21223466377009,93.85237819254183,3.792134668903819e-05,0.6970396306383134,4.746719584919097,0.9982914910653532,6.903966482951771e-07,0,0.5046460557894344,0.00278383340040843,0.3658304810523987,1.000290257131863
0.0053125,10,physics,0,40,4.7939159867907755,5.826484474933292,19.464102007250332,30.0845024689744,94.55859631365223,3.8206696327741744e-05,0.603718652595642,-14.336279210089232,1.0051600805212384,7.004686635170289e-07,0,0.5033652159305234,0.00280827498180977,0.3658304810523987,1.0002945499211469
0.0053750000000000004,10,physics,0,40,5.5448395928985565,3.7519788802121337,13.494611424193925,22.791429897304617,95.27011937548687,3.8494189444322427e-05,0.4713554709983616,-29.959764339983558,1.010783370771953,7.098016929774073e-07,0,0.5028141029182591,0.00282882509905466,0.3658304810523987,1.0002995581985952
0.0054375000000000005,10,physics,0,40,6.280936326397255,1.8567905123215267,6.719552688822295,14.857279527541076,95.98700986474616,3.8783851286726825e-05,0.32875814928290564,-37.3511381273163,1.0134436449438735,7.170539717549223e-07,0,0.5024288263564654,0.0028444526220668337,0.3658304810523987,1.000304029896078
0.0055,10,physics,0,40,5.426754260684881,0.7097552249490306,2.151848836280209,8.28835832191412,96.70927277340316,3.907568387197725e-05,0.21162529224845827,-34.03654656110683,1.0122505518981026,7.216066872928195e-07,0,0.5021385501145939,0.002854631457893991,0.3658304810523987,1.0003101114367345
0.0055,11,refine,0,40,5.426754260684881,0.7097552249490306,2.151848836280209,8.28835832191412,96.70927277340316,3.907568387197725e-05,0.21162529224845827,-34.03654656110683,1.0122505518981026,7.216066872928195e-07,0,0.5021385501145939,0.002854631457893991,0.3658304810523987,1.0003101114367345
0.0055625,11,physics,0,40,3.6048597771123676,0.36229217858137364,1.0305405047219116,4.997692460415653,97.43700442226174,3.936972611879532e-05,0.15257575463865447,-20.69403859274922,1.007448238185609,7.236816053080008e-07,0,0.501495415077622,0.002860440972518985,0.3658304810523987,1.0003197704302427
0.005625,11,physics,0,40,3.210687680963299,0.5729029236114334,2.39352530175839,6.177115906333123,98.17021075861344,3.96659804302029e-05,0.1715111449401217,-0.9815919379878866,1.000353294058286,7.239596193642235e-07,0,0.5003684500304204,0.00286442564938777,0.3658304810523987,1.0003226323721564
0.0056875,11,physics,0,40,5.59970257887858,1.3283821003078038,4.98512386485079,11.913208544037174,98.90894250938916,3.996446730257493e-05,0.26987571734384785,19.640711525071293,0.9929309304094113,7.240547894582506e-07,0,0.49856419326925216,0.0028703705484598983,0.3658304810523987,1.000329608389875
0.00575,11,physics,0,40,9.120605416191701,3.032617156880224,9.042991135681952,21.196213708753877,99.65322950445733,4.026519878876296e-05,0.4307625610994396,35.50227787233696,0.9872221277774011,7.251890687953722e-07,0,0.4961233545987309,0.0028806967670387887,0.3658304810523987,1.0003306816276882
0.0058125,11,physics,0,40,10.379801504501671,6.077933727606261,15.759927520626018,32.21766275273395,100.40312313796494,4.0568195654732686e-05,0.6229334753290311,42.31031163782326,0.9847718526410415,7.288356593804227e-07,0,0.4930696522847613,0.002897493348728159,0.3658304810523987,1.0003365844562426
0.005875,11,physics,0,40,7.6228929385044255,10.165433336396298,24.986945088798183,42.775271363698906,101.1586565316611,4.087347128343037e-05,0.8072671287136518,38.17328807571198,0.9862608792391493,7.35498161930082e-07,0,0.4897477067292176,0.00292146693608119,0.3658304810523987,1.000341056319246
0.0059375,11,physics,0,40,2.823250427767581,14.034964945011483,33.80185898317365,50.660074355952716,101.91987615001221,4.118104444896882e-05,0.9444100040159226,24.026983634492815,0.9913523690313335,7.448613281724183e-07,0,0.4861310559966921,0.002951771931402823,0.3658304810523987,1.0003424873196292
0.006,11,physics,0,40,0.2260807904128723,15.990947607921788,37.83659816497136,54.053626563306025,102.6868266520689,4.1490933195977e-05,1.0029007794664193,3.446564261402619,0.9987595425592176,7.560178101329035e-07,0,0.48259792401715634,0.0029860160517456774,0.3658304810523987,1.0003478535892976
0.006,12,refine,0,40,0.2260807904128723,15.990947607921788,37.83659816497136,54.053626563306025,102.6868266520689,4.1490933195977e-05,1.0029007794664193,3.446564261402619,0.9987595425592176,7.560178101329035e-07,0,0.48259792401715634,0.0029860160517456774,0.3658304810523987,1.0003478535892976
0.0060625,12,physics,0,40,2.434599483076483,14.980624452961424,34.544706572338754,51.95993050837666,103.45954312579262,4.180315170185539e-05,0.9669850203529989,-18.173344392109758,1.0065407499898522,7.67979372540139e-07,0,0.4792740685786666,0.0030206919578295646,0.3658304810523987,1.000353041010674
0.006125,12,physics,0,40,7.713634492697071,11.416996105336054,25.46537610588961,44.59600670392274,104.23807408567365,4.211771956903538e-05,0.8421816941239388,-34.98373562621978,1.0125908910934105,7.783558402252315e-07,0,0.47604313071816423,0.003052498244176631,0.3658304810523987,1.0003601961187816
0.0061875,12,physics,0,40,11.398126321303096,6.967207759343076,15.161783338550729,33.5271174191969,105.02245755241249,4.2434652159899835e-05,0.6559013827276733,-42.37052191243447,1.0152494225923698,7.862354305387953e-07,0,0.4731014814182785,0.0030782360950540057,0.3658304810523987,1.0003605538755305
0.00625,12,physics,0,40,10.298258851075119,3.3780271318860944,7.67124421043685,21.347530193398065,105.81274959787349,4.2753972130460775e-05,0.4512687248734243,-38.364867762405446,1.0138076804948792,7.910806711919347e-07,0,0.4706515049468711,0.0030965688957981974,0.3658304810523987,1.0003673512780669
0.0063125,12,physics,0,40,5.695124288941976,1.370377804125798,3.8642637128191075,10.929765805886882,106.6090235968444,4.307570912803043e-05,0.27549679048682646,-24.24570572855141,1.0087260570499643,7.928416021485412e-07,0,0.4685052154924278,0.0031076271402048178,0.3658304810523987,1.0003707499966557
0.0063750000000000005,12,physics,0,40,1.8884625585348056,0.5766283093794224,2.1160999376428613,4.581190805557089,107.41120970966783,4.339983493367703e-05,0.1669897871064394,-4.081461175013251,1.0014689133227705,7.930388807864129e-07,0,0.46685503189171723,0.003113759496147141,0.3658304810523987,1.0003754008934365
0.0064375000000000005,12,physics,0,40,1.9638556959625622,0.3934554056790117,1.1211306569273782,3.478441758568952,108.21949813256433,4.3726426396777825e-05,0.14611796424292417,16.582278338115696,0.9940320896103124,7.928998932982268e-07,0,0.46560774496255036,0.0031180294275464124,0.3658304810523987,1.0003768319429498
0.006500000000000001,12,physics,0,40,5.185775776021051,0.760130707406509,1.6116111990672946,7.557517682494854,109.03388768981543,4.4055483042280096e-05,0.21233239606334067,32.345247620357696,0.9883591209372158,7.943164357371296e-07,0,0.4648822260048682,0.003123632258666565,0.3658304810523987,1.0003809462217044
0.006500000000000001,13,refine,0,40,5.185775776021051,0.760130707406509,1.6116111990672946,7.557517682494854,109.03388768981543,4.4055483042280096e-05,0.21233239606334067,32.345247620357696,0.9883591209372158,7.943164357371296e-07,0,0.4648822260048682,0.003123632258666565,0.3658304810523987,1.0003809462217044
0.0065625,13,physics,0,40,8.282065304517078,2.1425356633795194,5.298439689568373,15.72304065746497,109.8543776458182,4.43870045729612e-05,0.34671678274906564,39.357742623492925,0.985835422834228,7.982502587822188e-07,0,0.4641811454250789,0.0031339437103493606,0.3658304810523987,1.0003832716910939
0.006625,13,physics,0,40,8.86339563511548,4.887573888914186,12.442624505981609,26.193594030011276,110.6810021395302,4.472100478277361e-05,0.5182624041586426,36.17600155855233,0.9869805418531085,8.051559987620753e-07,0,0.4634343828995132,0.003150177207666238,0.3658304810523987,1.0003915003184936
0.0066875,13,physics,0,40,7.435306070308382,8.641707594074063,20.790998128658394,36.868011793040836,111.51388459944916,4.505753354338752e-05,0.6914698140948556,24.019062110348763,0.9913557626544968,8.147833732152771e-07,0,0.46227637681760964,0.0031732275913789005,0.3658304810523987,1.0003922158545095
0.00675,13,physics,0,40,6.241738066500988,12.363893143810309,27.098399888468215,45.70403109877951,112.35303301128533,4.5396594081454126e-05,0.8336205779924398,6.411186711970662,0.9976926812935727,8.262113073698185e-07,0,0.4605790559647616,0.003201756279298958,0.3658304810523987,1.0003957935422667
0.0068125,13,physics,0,40,6.482696853934662,14.908751321010886,29.75547364270333,51.146921817648874,113.19848436674582,4.573820134358826e-05,0.9211517366853246,-11.713768242819055,1.0042156334162466,8.378627303073928e-07,0,0.45808556212048035,0.0032335511826424124,0.3658304810523987,1.000400802326622
0.006875,13,physics,0,40,7.041952946912527,15.674465907887374,29.789123498816025,52.50554235361592,114.05031003795706,4.608238416792065e-05,0.9440973069943159,-25.37352739918074,1.0091315253713837,8.483660334235305e-07,0,0.4546909443574916,0.003266556852130321,0.3658304810523987,1.0004052744767022
0.0069375,13,physics,0,40,6.166944444979919,14.798046061770648,29.142490277987434,50.107480784738,114.90853399642523,4.6429152240213294e-05,0.9073773955500789,-30.970041060573678,1.0111455769916071,8.564923108522745e-07,0,0.45058157200927507,0.003298135999671867,0.3658304810523987,1.0004052744767022
0.007,13,physics,0,40,4.057633706465845,12.847388146520379,28.195590849394,45.100612702380225,115.77322792293322,4.6778534523310486e-05,0.8280940532840525,-27.38560321024901,1.0098555351936762,8.618084690326101e-07,0,0.44605273629833303,0.0033263953690632923,0.3658304810523987,1.0004152921654292
0.007,14,refine,0,40,4.057633706465845,12.847388146520379,28.195590849394,45.100612702380225,115.77322792293322,4.6778534523310486e-05,0.8280940532840525,-27.38560321024901,1.0098555351936762,8.618084690326101e-07,0,0.44605273629833303,0.0033263953690632923,0.3658304810523987,1.0004152921654292
0.0070625,14,physics,0,40,3.1038467701192456,10.420684929069793,25.456805954498137,38.98133765368718,116.64441650514033,4.7130540992338144e-05,0.7296507480415686,-16.216269704095605,1.005835878213135,8.648261689003784e-07,0,0.44135711536541355,0.003351063943489497,0.3658304810523987,1.0004197643802843
0.007125,14,physics,0,40,5.250848769359335,8.002700441235259,19.851551343808655,33.10510055440325,117.52215875953097,4.7485195493091194e-05,0.6347381794751296,-1.1765512850990958,1.000423410798979,8.665934201346192e-07,0,0.4370665444113142,0.0033722354899190887,0.3658304810523987,1.0004260255146684
0.0071875,14,physics,0,40,9.43969205960078,6.020009568374922,12.94014191179026,28.39984353976596,118.40651544083508,4.784252257370812e-05,0.559753135696865,13.161827998674934,0.9952634674881953,8.686404413538179e-07,0,0.43352409478302784,0.0033908842009173546,0.3658304810523987,1.0004287088699715
0.00725,14,physics,0,40,12.089436541622556,4.836035005375308,8.379398330148131,25.304869877145993,119.29752369280088,4.820253724223648e-05,0.5121295072577863,22.707683795661268,0.9918280896177681,8.721132349620575e-07,0,0.4309074741137611,0.0034087094365141484,0.3658304810523987,1.0004310344503893
0.0073125,14,physics,0,40,10.370183021912023,4.5931033819945615,8.876225313394587,23.83951171730117,120.19524984070361,4.8565266297611004e-05,0.49073055433059265,24.912630972119214,0.9910346196006954,8.780132061403383e-07,0,0.42942309079904606,0.003426379831289577,0.3658304810523987,1.0004398001482466
0.0073750000000000005,14,physics,0,40,5.150569622830167,5.056357609075219,13.494796219796171,23.701723451701557,121.09973010983941,4.893072437677575e-05,0.48854749685723786,19.39753677552176,0.9930193686914139,8.863446039342192e-07,0,0.42896569341560853,0.003444956929792767,0.3658304810523987,1.0004374745474522
0.0074375000000000005,14,physics,0,40,0.6936149399797953,5.679417451865472,18.016294175983422,24.38932656782869,122.01101588262584,4.9298932240957134e-05,0.4966118786303918,7.985366204263178,0.9971263012054484,8.96451557430566e-07,0,0.42911185835987997,0.003464399463854545,0.3658304810523987,1.0004374745474522
0.0075,14,physics,0,40,1.0382597074753217,5.952590839100504,18.398748479005118,25.389599025580942,122.92916264589886,4.966991230978462e-05,0.5080809817313692,-5.754548501268997,1.0020708822757782,9.078545977203577e-07,0,0.429136329353257,0.0034847026837892857,0.3658304810523987,1.00044069461153
0.0075,15,refine,0,42,1.0382597074753215,5.952590839100504,18.398748479005118,25.389599025580942,122.92916264589886,4.9669912309784624e-05,0.5080809817313692,-5.754548501268997,1.0020708822757782,5.99755162866699e-07,0,0.43498037333201744,0.0034077134437387937,0.24088996648788452,1.00044069461153
0.0075625,15,physics,0,42,6.173972596890833,5.815547920369145,14.433296364169555,26.422816881429533,123.85419745713301,5.0043675515915335e-05,0.520826198887856,-17.459673609861547,1.0062831507735586,6.066624056444421e-07,0,0.4349818933398966,0.0034277741203536547,0.24088996648788452,1.0004444513660535
0.007625,15,physics,0,42,11.779132909285135,5.7403364779264825,10.170033712594414,27.689503099806032,124.78620241645291,5.042025503216116e-05,0.5396450901547356,-23.29944778035414,1.0083846146129523,6.126257794392138e-07,0,0.4340172072556102,0.0034479675044329946,0.24088996648788452,1.0004537538665403
0.0076875,15,physics,0,42,13.148991012875863,6.381009405754202,10.243624439123668,29.773624857753735,125.7252140963689,5.0799665635759246e-05,0.5721101222712096,-21.1788201862503,1.0076214514537742,6.168639803405535e-07,0,0.4317442145760019,0.0034688829167206143,0.24088996648788452,1.0004569739830156
0.00775,15,physics,0,42,9.59214896585857,8.057642969012445,15.704850823195578,33.35464275806659,126.67130228687378,5.1181935525574214e-05,0.6258164249475406,-11.504728776868623,1.0041400778149208,6.193116313113481e-07,0,0.42817589526202854,0.0034910618231858244,0.24088996648788452,1.0004637720407221
0.0078125,15,physics,0,42,4.808980659346652,10.619990684286929,23.307160785514505,38.73613212914809,127.62451503047471,5.156708411333124e-05,0.703630840043858,2.9381570717865277,0.9989426790978677,6.206703897504442e-07,0,0.4233830202678214,0.0035155335921890417,0.24088996648788452,1.0004712857371925
0.007875,15,physics,0,42,3.000597182133952,13.708092189840821,28.82502371279963,45.533713084774405,128.5848821093796,5.195512343262451e-05,0.8004956743989367,17.85591187454429,0.9935743988444418,6.220752375440951e-07,0,0.4180578070542357,0.0035432522749638895,0.24088996648788452,1.0004711068390015
0.0079375,15,physics,0,42,4.959346703320303,16.979240141246283,30.753663047835055,52.69224989240164,129.55249117321512,5.234608889855956e-05,0.902869047954637,28.786473885356266,0.9896409527676076,6.242381669352431e-07,0,0.41240758159026336,0.003574813562154171,0.24088996648788452,1.0004789783896584
0.008,15,physics,0,42,7.932202964879199,20.014974101131166,30.825222355330553,58.77239942134092,130.52736877569535,5.273999124024753e-05,0.991008580487316,32.33367862354083,0.9883644851200079,6.281936277829907e-07,0,0.40708405856798,0.003610235604154014,0.24088996648788452,1.000487565606463
0.008,16,refine,0,42,7.932202964879199,20.014974101131166,30.825222355330553,58.77239942134092,130.52736877569535,5.273999124024753e-05,0.991008580487316,32.33367862354083,0.9883644851200079,6.281936277829907e-07,0,0.40708405856798,0.003610235604154014,0.24088996648788452,1.000487565606463
0.0080625,16,physics,0,42,8.87636125341149,22.110726101632387,31.327912280202263,62.31499963524614,131.50958651501557,5.313685938716297e-05,1.0433016905840127,27.074973374157967,0.9902569076677851,6.341974803092392e-07,0,0.40248669995281083,0.0036485607421338604,0.24088996648788452,1.0004857765968838
0.008125,16,physics,0,42,7.522140953141014,22.357615217216985,32.27452301678134,62.15427918713934,132.4991940871477,5.3536713419118666e-05,1.0417100187037398,13.92410331772124,0.9949893705162275,6.420662836958961e-07,0,0.398850450343465,0.0036880837501396696,0.24088996648788452,1.0004881023099603
0.0081875,16,physics,0,42,6.28653794906822,20.1429274343497,31.252453102928275,57.68191848634619,133.49625787269903,5.3939580157406375e-05,0.977154802274712,-4.04001766628293,1.0014538028669893,6.509063332771348e-07,0,0.3962542859963411,0.0037264699832361284,0.24088996648788452,1.000494363872038
0.00825,16,physics,0,42,7.318969733263897,15.733253056999999,26.032907662410576,49.08513045267448,134.50081270157773,5.434547367515933e-05,0.8536601586341636,-22.244732516419887,1.0080047206979523,6.604502171825288e-07,0,0.39448352116801777,0.003761377754273649,0.24088996648788452,1.0005034879326486
0.0083125,16,physics,0,42,9.823407142857327,10.392173673630642,17.307047588995847,37.522628405483815,135.51290783135252,5.4754413875052154e-05,0.689753693592689,-35.743624309984625,1.0128621883164513,6.68836126926919e-07,0,0.3932598429027469,0.0037906162398131716,0.24088996648788452,1.0005131487934
0.008375,16,physics,0,42,10.657988690557918,5.759573907561887,8.675298604815088,25.09286120293489,136.5326157731635,5.516643005543752e-05,0.5160196415898601,-40.60482722937681,1.014611332647168,6.749157268615137e-07,0,0.3922149168470961,0.003813350084308427,0.24088996648788452,1.0005190526986711
0.0084375,16,physics,0,42,7.859011431355915,2.8876794282227314,3.70823568230265,14.454926541881296,137.56001957948305,5.558155577392649e-05,0.36864451989119507,-35.10609819822885,1.0126326146668438,6.786548523152196e-07,0,0.39106948559363625,0.0038297045911924064,0.24088996648788452,1.0005224519326608
0.0085,16,physics,0,42,3.3211161849951667,1.7765130580732775,3.033837461428037,8.13146670449648,138.59514420127599,5.5999801112034346e-05,0.28062584434411286,-20.345947285565195,1.0073209192053787,6.802338026190573e-07,0,0.38955298680409656,0.003841441214168452,0.24088996648788452,1.0005281769844327
0.0085,17,refine,0,44,3.321116184995167,1.7765130580732773,3.0338374614280372,8.131466704496482,138.595144201276,5.599980111203435e-05,0.28062584434411286,-20.345947285565195,1.0073209192053787,6.802338026190573e-07,0,0.38955298680409656,0.0036752533401922917,0.24088996648788452,1.0005281769844327
0.0085625,17,physics,0,44,1.4169504449434953,1.8631507043378681,4.492689394983507,7.77279054426487,139.6380613955711,5.642119506341279e-05,0.2732110948712078,0.06974052123910654,0.9999749059122417,6.803441650049535e-07,0,0.38776161845962526,0.0036847145379804718,0.24088996648788452,1.0005330075223464
0.008625,17,physics,0,44,4.696852974332093,2.964228955100287,6.0765860354179,13.737667964850282,140.68883590843544,5.684576378891259e-05,0.3516382272354454,21.048876573320243,0.9924258845769891,6.806357637501037e-07,0,0.3854926154455857,0.003695486357615486,0.24088996648788452,1.0005419530245108
0.0086875,17,physics,0,44,11.075448788135532,5.6959367599764334,8.307675385438133,25.079060933550096,141.74753168443948,5.727353312553726e-05,0.503421123970476,37.48403829428125,0.9865119557455385,6.817002251580113e-07,0,0.382977934377495,0.0037106251473989944,0.24088996648788452,1.0005451734248687
0.00875,17,physics,0,44,15.429063914998911,10.910194515730609,13.540946321441831,39.88020475217135,142.81418803623993,5.770451895768852e-05,0.7023598282830563,45.4461160505559,0.9836469939907788,6.847942080057125e-07,0,0.3804029799856397,0.003732356675109333,0.24088996648788452,1.0005482149236133
0.008812500000000001,17,physics,0,44,14.108229982417944,18.6274557224979,22.932590402562333,55.66827610747818,143.88886188347044,5.8138744283922245e-05,0.913761409000183,43.105238181062,0.9844893548301508,6.903997444851494e-07,0,0.37772438625570276,0.003761769463987385,0.24088996648788452,1.0005528666454593
0.008875000000000001,17,physics,0,44,8.196029980789811,27.379563277624587,34.23084039049681,69.80643364891121,144.9716183455265,5.8576235415933746e-05,1.1008898060970045,31.07341112492591,0.9888188035278893,6.988864598156389e-07,0,0.3749218081475533,0.0037985467932644726,0.24088996648788452,1.0005526877326807
0.008937500000000001,17,physics,0,44,2.5690938415679176,34.58028133799893,42.727222001502234,79.87659718106909,146.06252287094546,5.901701879840896e-05,1.2316695863144553,12.260648165507678,0.9955882450683375,7.088355351569923e-07,0,0.3720529184707077,0.0038412437791432645,0.24088996648788452,1.0005571605617432
0.009000000000000001,17,physics,0,44,1.5847837257269624,37.798450521084526,44.72314778840833,84.10638203521982,147.16163325550988,5.946111778391444e-05,1.2846590218975524,-8.774936802445191,1.0031574750542245,7.193686162310091e-07,0,0.36895127719096465,0.0038872178463751207,0.24088996648788452,1.000564496044691
0.009000000000000001,18,refine,0,48,1.5847837257269626,37.79845052108452,44.723147788408326,84.10638203521981,147.16163325550986,5.946111778391445e-05,1.2846590218975524,-8.774936802445191,1.0031574750542245,7.111518138813726e-07,0,0.36895127719096465,0.0035204203955711473,0.23809105157852173,1.000564496044691
0.0090625,18,physics,0,48,5.299465964818266,36.12250258458759,40.28279896986783,81.70476751927369,148.26902036212113,5.990856100482697e-05,1.251940610006877,-26.851932761262344,1.00966207651091,7.211722694577815e-07,0,0.365504817251798,0.003562799328162469,0.23809105157852173,1.0005730839955025
0.009125,18,physics,0,48,9.802863460631594,30.57806004009797,33.20779392696916,73.58871742769873,149.38472812387042,6.035936621244931e-05,1.1478097762393835,-37.67116515640309,1.01355506382364,7.293347046299917e-07,0,0.36175822902834176,0.00360297260678143,0.23809105157852173,1.0005793460894388
0.0091875,18,physics,0,48,11.269670220853854,23.378447779725235,26.90837381131053,61.556491811889614,150.50884407116985,6.081356877371805e-05,0.9948575758400675,-38.85083397904321,1.013979436821982,7.350959227991894e-07,0,0.35781003178806087,0.0036387344276124483,0.23809105157852173,1.0005866817350375
0.00925,18,physics,0,48,9.51701979911918,16.59028734078609,22.106725132020717,48.21403227192599,151.6414202913763,6.127118973469245e-05,0.8253443742918003,-30.636850512153202,1.0110237474156076,7.384396223386608e-07,0,0.35384670216720776,0.003668833903383182,0.23809105157852173,1.0005927649941302
0.0093125,18,physics,0,48,7.524347968193847,11.324613141622265,17.26680637976645,36.115767489582566,152.78252695155595,6.173225744659491e-05,0.6712897775751937,-15.722728023895284,1.0056573387474115,7.400212460595403e-07,0,0.35021814221308867,0.003693508385271585,0.23809105157852173,1.0005899022793618
0.009375,18,physics,0,48,7.768385481482631,7.82871466689215,11.57214106386694,27.169241212241722,153.93220486449547,6.219678839995942e-05,0.5574336727833292,1.6372793824967398,0.9994109061665979,7.409469438002258e-07,0,0.3470949681437835,0.003713654053052365,0.23809105157852173,1.0005933017540611
0.0094375,18,physics,0,48,9.529565235205213,6.029725669882142,6.823153377999805,22.38244428308716,155.0905590242632,6.266482501796739e-05,0.49704616928464207,16.885393144214913,0.9939246238626862,7.424917534137871e-07,0,0.34471064095545567,0.0037311768639929615,0.23809105157852173,1.0005990272112402
0.0095,18,physics,0,48,9.917845193525984,5.8756668926837285,6.102315287936642,21.895827374146354,156.2576125162356,6.313637662833728e-05,0.4912299104291344,26.35541671828194,0.9905173265667623,7.455037440706741e-07,0,0.343211381786831,0.0037473886937003376,0.23809105157852173,1.0005970590816395
0.0095,19,refine,0,60,9.917845193525983,5.875666892683728,6.102315287936642,21.89582737414635,156.25761251623567,6.31363766283373e-05,0.4912299104291344,26.35541671828194,0.9905173265667623,5.405807375069573e-07,0,0.3626803777087937,0.003532022727756372,0.1725849062204361,1.0005970590816395
0.0095625,19,physics,0,60,7.345931707840773,7.262623415497743,10.509768689402213,25.118323812740726,157.43345012091416,6.361147748689566e-05,0.5293664544199848,28.179152764273915,0.9898605937477469,5.44281811620806e-07,0,0.36199089152413394,0.003547993783383133,0.1725849062204361,1.0005956277170889
0.009625,19,physics,0,60,3.7262653434513666,9.809854418812147,17.54588016193391,31.081999924197422,158.618127264585,6.409014998880664e-05,0.5999588600513297,22.505186246160815,0.9919024852057668,5.494401094097154e-07,0,0.36181964809431244,0.003565627354591323,0.1725849062204361,1.0005963433991083
0.0096875,19,physics,0,60,3.0182035263359452,12.860322965055662,22.549534985721376,38.42806147711298,159.81172941332997,6.457242866690767e-05,0.684917899226693,11.498479699204406,0.9958627665484585,5.559909475039151e-07,0,0.3618320086056586,0.0035858667195584077,0.1725849062204361,1.0006017110305705
0.00975,19,physics,0,60,7.227981178840732,15.827483062619377,22.841404407983234,45.89686864944334,161.01433630253098,6.505834573852898e-05,0.7705042122333281,-1.302740122183245,1.0004687340055416,5.629299160148095e-07,0,0.36159386942973715,0.0036089079403833066,0.1725849062204361,1.000607078690827
0.0098125,19,physics,0,60,13.747727107743525,18.586099056520013,20.309084783647283,52.64291094791082,162.2259268235749,6.55478926746695e-05,0.8485118947481322,-11.901200753523742,1.0042821207563775,5.693036113640905e-07,0,0.3607387978245159,0.003634369668946858,0.1725849062204361,1.0006104782238825
0.009875,19,physics,0,60,17.146894681186417,21.483282464238595,19.839884595160378,58.470061740585386,163.44666820249432,6.60411370435302e-05,0.9170395486157327,-17.0371797413483,1.006130057020272,5.746256128702498e-07,0,0.35887509862445727,0.003662250393561419,0.1725849062204361,1.0006176351733311
0.0099375,19,physics,0,60,14.190340431901795,24.899842517996486,24.660630646932567,63.750813596830845,164.67655973724527,6.653807856144804e-05,0.9789534590771432,-15.192414854510629,1.0054662579937115,5.785534877844615e-07,0,0.35595234683482635,0.0036919875664693856,0.1725849062204361,1.0006222872179238
0.01,19,physics,0,60,7.142390699695348,28.807410148541408,33.07556794065056,69.0253687888873,165.9157667283729,6.70387840186249e-05,1.038624696537198,-7.051685111049801,1.002537196191892,5.812841514796218e-07,0,0.35210651749324734,0.003723632721486192,0.1725849062204361,1.0006249710996424
0.01,20,refine,0,69,7.142390699695348,28.8074101485414,33.07556794065055,69.0253687888873,165.9157667283729,6.70387840186249e-05,1.038624696537198,-7.051685111049801,1.002537196191892,5.812841514796218e-07,0,0.35210651749324734,0.0036702813034858715,0.1725849062204361,1.0006249710996424
0.0100625,20,physics,0,69,1.8241626963793791,32.767976480009374,39.81379503858615,74.4059342149749,167.16428035523333,6.7543249851052e-05,1.1493506182251587,4.769216029606769,0.9982840450459485,5.832143248341024e-07,0,0.34761079379124193,0.003702861916177797,0.1725849062204361,1.0006281917672073
0.010125,20,physics,0,69,2.2446306942948806,36.293244398521246,41.28732953431172,79.82520462712785,168.42219102005723,6.805151258603314e-05,1.2097014551279575,16.447141324840047,0.99408237700909,5.853077116313445e-07,0,0.34288340352342533,0.0037373941495476085,0.1725849062204361,1.0006376749041233
0.0101875,20,physics,0,69,7.240587733668469,39.00714823167456,38.0635636093545,84.31129957469753,169.68957554885932,6.856360326535965e-05,1.2598644338483909,24.230676544185126,0.9912819074090609,5.880162783356009e-07,0,0.3384475045560541,0.003773718411807071,0.1725849062204361,1.0006405377555705
0.01025,20,physics,0,69,12.022253461327633,40.56423822964317,34.21162042527253,86.79811211624333,170.96650398072418,6.907955018854255e-05,1.2881076290035904,25.437237104818365,0.9908478101412596,5.921936576669398e-07,0,0.3346704550897218,0.0038113197530846112,0.1725849062204361,1.0006416113269747
0.0103125,20,physics,0,69,12.806309298060308,40.449059829812015,33.03427922385488,86.28964835172721,172.25302352426758,6.959937243037047e-05,1.282068986588234,19.148687705283994,0.9931104022543946,5.978830515118717e-07,0,0.33173451247348557,0.003849323354458999,0.1725849062204361,1.0006414323983275
0.010375,20,physics,0,69,10.07143269792184,38.05873179010417,33.95877184107489,82.0889363291009,173.54922862674067,7.01231081525505e-05,1.2326365314617538,6.456156053507433,0.9976771150289376,6.052408751955343e-07,0,0.329628299836333,0.0038864059047222454,0.1725849062204361,1.0006410745411287
0.0104375,20,physics,0,69,7.587664956875937,33.134014937339906,33.26078613309004,73.98246602730589,174.85518900986415,7.065078552636167e-05,1.1375722071846248,-9.731189896597762,1.0035012199903564,6.13332461263383e-07,0,0.32827253617268604,0.003921304314034676,0.1725849062204361,1.0006484106392832
0.0105,20,physics,0,69,8.317727356043227,26.235785129599513,27.885099566948814,62.43861205259155,176.17097016140545,7.118243101234108e-05,1.0040020613597844,-25.31610664583899,1.0091085637533375,6.212952010642423e-07,0,0.3273196417462391,0.003952856732022394,0.1725849062204361,1.0006535996192336
0.0105,21,refine,0,70,8.317727356043227,26.235785129599517,27.88509956694881,62.43861205259155,176.17097016140542,7.118243101234109e-05,1.0040020613597844,-25.31610664583899,1.0091085637533375,6.212952010642423e-07,0,0.3273196417462391,0.0034843487991105503,0.1725849062204361,1.0006535996192336
0.0105625,21,physics,0,70,11.218897529021266,18.801809772140256,18.749039891216643,48.76974719237816,177.49666191517275,7.17180809081197e-05,0.8488600690016839,-36.02010840647144,1.0129592442161774,6.283543623197829e-07,0,0.3265765185146865,0.0035073515228246114,0.1725849062204361,1.0006582518310312
0.010625,21,physics,0,70,12.317557776264026,12.557587527804944,10.293214472400784,35.16835977646976,178.832339170176,7.225776547687645e-05,0.6976343282310403,-38.51108795177996,1.013855426626592,6.337210143314563e-07,0,0.3257275798207146,0.0035263228511476816,0.1725849062204361,1.0006668405865586
0.0106875,21,physics,0,70,9.14134436217123,8.626269827346784,6.501042359747121,24.268656549265135,180.17806124055426,7.280150868467465e-05,0.5780272490808408,-31.674084499798195,1.0113955790967146,6.369241516424041e-07,0,0.32452595567991094,0.0035409036106577286,0.1725849062204361,1.0006729243329924
0.010750000000000001,21,physics,0,70,3.8986002523955676,7.125280096204601,7.503028863639356,18.526909212239524,181.5338911972221,7.33493360155144e-05,0.5146622463254635,-16.74311132542732,1.0060237500184603,6.383346597971242e-07,0,0.32288416504204065,0.003552245754585345,0.1725849062204361,1.0006779345048868
0.010812500000000001,21,physics,0,70,1.7314312158213399,7.639972587743763,10.121843653341184,19.49324745690629,182.89995173226606,7.390129704351669e-05,0.5229188190696559,2.915202585918514,0.9989511878008603,6.387074940050764e-07,0,0.32088618518509504,0.0035625428922677316,0.1725849062204361,1.0006852708732767
0.010875000000000001,21,physics,0,70,5.654083719596078,10.103433774416185,11.660753927677655,27.418271421689916,184.27628646021773,7.445740939126925e-05,0.6054346391337824,22.739121604266415,0.9918190876075026,6.392179798808693e-07,0,0.3186738622783589,0.003573517116604385,0.1725849062204361,1.0006874181132241
0.010937500000000001,21,physics,0,70,13.319060779255754,15.155369081641627,12.812555058398335,41.28698491929572,185.66297226920372,7.501770412565996e-05,0.7516978981486017,38.17486761916295,0.9862656877261514,6.403936261278893e-07,0,0.3164039247532366,0.003587906081290074,0.1725849062204361,1.000688670671988
0.011,21,physics,0,70,18.851567752821644,23.566798243026636,16.732982058398846,59.15134805424712,187.06008921500845,7.558221359347866e-05,0.940358124940048,45.86093007417298,0.983500005210988,6.434421493395349e-07,0,0.31431276863579777,0.0036066802316122738,0.1725849062204361,1.0006940387987335
0.011,22,refine,0,72,18.851567752821644,23.566798243026636,16.732982058398843,59.15134805424712,187.06008921500845,7.558221359347866e-05,0.940358124940048,45.86093007417298,0.983500005210988,6.434421493395349e-07,0,0.31431276863579777,0.0036066802316122738,0.1725849062204361,1.0006940387987335
0.0110625,22,physics,0,72,17.983580102872807,35.192567655232864,25.33718680796949,78.51333456607516,188.46772162100513,7.615097186584782e-05,1.143000208056949,44.2164019431421,0.9840917471690834,6.487319614834059e-07,0,0.31234195362698824,0.003631154681416325,0.1725849062204361,1.000702985740636
0.011125,22,physics,0,72,11.723469129472452,48.35436052123369,36.67455450334947,96.7523841540556,189.88596828425807,7.672401886202999e-05,1.3307134042642839,33.6697846219804,0.9878862012211943,6.560387735277118e-07,0,0.3105644649123539,0.0036605736377262757,0.1725849062204361,1.0007044172587638
0.0111875,22,physics,0,72,5.369785763897717,60.16648420468667,45.8001226681888,111.33639263677318,191.31489180547499,7.730137987603671e-05,1.4770098230617525,16.744433797773787,0.9939756373813528,6.649712878115108e-07,0,0.30883646552698224,0.0036947550186150232,0.1725849062204361,1.0007074592415843
0.01125,22,physics,0,72,3.712587428603318,67.78229982275562,48.801986767832425,120.29687401919136,192.7545381551177,7.788307348237676e-05,1.5636169668553532,-2.5792490691671706,1.000927965818524,6.743830862632202e-07,0,0.30688140312325946,0.003731678498392102,0.1725849062204361,1.0007176588985238
0.0113125,22,physics,0,72,6.82586014225908,69.73222805570192,46.083210150958095,122.6412983489191,194.2050165616323,7.84691438151451e-05,1.5833807203105186,-19.76876612229426,1.0071124125584647,6.838254673624524e-07,0,0.304693392030515,0.003768875237432309,0.1725849062204361,1.0007309007135017
0.011375,22,physics,0,72,10.465250530913309,66.46289142954548,41.719136669453775,118.64727862991256,195.66641692101743,7.905962719710091e-05,1.54113185712848,-30.906047767318046,1.0111193512736876,6.916485517649559e-07,0,0.3020146131396561,0.0038055438439281815,0.1725849062204361,1.0007446795448356
0.0114375,22,physics,0,72,10.706661236384779,59.757224243862105,39.326761918082134,109.79064739832901,197.13880526582273,7.965455030890224e-05,1.4518816130063377,-33.75041884249621,1.0121426510549096,6.975586330781884e-07,0,0.2988258826587487,0.003840044391740593,0.1725849062204361,1.0007450374390863
0.0115,22,physics,0,72,8.035692937631165,51.61626651327205,38.59969747657553,98.25165692747875,198.62227370997476,8.02539503694689e-05,1.3364882030412526,-28.316172048694693,1.01018744049927,7.013590348492477e-07,0,0.29530935229254507,0.003871000301263619,0.1725849062204361,1.0007500479720368
0.0115,23,refine,0,87,8.035692937631165,51.61626651327204,38.599697476575535,98.25165692747873,198.6222737099748,8.025395036946892e-05,1.3364882030412526,-28.316172048694693,1.01018744049927,4.830173745418166e-07,0,0.2882683937783109,0.0037488675161495193,0.11904552578926086,1.0007500479720368
0.0115625,23,physics,0,87,6.528049283411024,43.48892704394543,36.02340738728521,86.04038371464166,200.11690235721363,8.085785974496752e-05,1.2278914190543386,-16.737103778942107,1.006021558505694,4.846444099371184e-07,0,0.28480970602124994,0.0037790745448463914,0.11904552578926086,1.0007598901633692
0.011625,23,physics,0,87,9.24857833844031,36.371109731112355,29.5881649884538,75.20785305800646,201.62277275969655,8.146631138680189e-05,1.1193096525330124,-2.642638464845872,1.000950756502581,4.85845362163673e-07,0,0.2815839741025488,0.0038064631718033167,0.11904552578926086,1.0007650797214096
0.0116875,23,physics,0,87,14.575619902357147,30.816554232633106,21.102218343781256,66.49439247877152,203.1399905210085,8.207934796443065e-05,1.03351939384549,9.954169479208172,0.9964188979049486,4.873263783622402e-07,0,0.2788367436556147,0.0038316788630336305,0.11904552578926086,1.000767585034923
0.01175,23,physics,0,87,17.50404539034419,27.201702518388604,15.495922190435127,60.20167009916791,204.6686229913615,8.269699669091738e-05,0.9732714931922479,17.803834545590206,0.9935949525975283,4.896042007374033e-07,0,0.2767995623788105,0.003855441831108014,0.11904552578926086,1.0007668692304221
0.0118125,23,physics,0,87,14.450325089893395,25.50334079204636,16.229789669235224,56.18345555117498,206.20876610440894,8.331929632855451e-05,0.9354822245058501,19.09519903029685,0.9931303781274987,4.930148334025834e-07,0,0.2755735643799124,0.00387838247883744,0.11904552578926086,1.0007679429373655
0.011875,23,physics,0,87,6.9925161089231045,25.164215269968334,21.85168098946357,54.00841236835501,207.76051493931016,8.394628529437357e-05,0.9139981764497697,13.921474246190986,0.9949916484746457,4.976080925089835e-07,0,0.2750222292612966,0.003900750594868305,0.11904552578926086,1.0007697324514975
0.0119375,23,physics,0,87,0.963414197641033,25.294744877103632,26.858908570541278,53.11706764528594,209.3239120921843,8.457798079946946e-05,0.902669144675657,4.1682508713837745,0.9985004470899299,5.031072136674192e-07,0,0.2747877516125291,0.003922934790972577,0.11904552578926086,1.0007756378708372
0.012,23,physics,0,87,1.4574319893470447,25.212424579322136,26.377097312182354,53.04695388085153,210.89907612995887,8.521443075117994e-05,0.8981101992346222,-6.959124324693094,1.0025035686862098,5.089159875737439e-07,0,0.2744613955323689,0.003944766994798765,0.11904552578926086,1.000779574836423
0.012,24,refine,0,95,1.4574319893470444,25.212424579322132,26.37709731218235,53.046953880851525,210.8990761299589,8.52144307511799e-05,0.8981101992346222,-6.959124324693094,1.0025035686862098,4.703520390947342e-07,0,0.2744613955323689,0.003745439468972843,0.11003081500530243,1.000779574836423
0.0120625,24,physics,0,95,8.141253599802424,24.96103846066952,20.592882597069757,53.6951746575417,212.4861304233343,8.585568499782189e-05,0.9006296297696974,-15.763590180406736,1.0056709647134137,4.7533213276551636e-07,0,0.27441749952061056,0.003766408210812506,0.11003081500530243,1.000785301359468
0.012125,24,physics,0,95,15.412775536862883,25.40329154171763,14.854825477461763,55.670892556042276,214.08502616298915,8.650172381783655e-05,0.9174176039392966,-19.12973984723501,1.0068818697201616,4.79400021013987e-07,0,0.27373287001253427,0.0037872984235674005,0.11003081500530243,1.0007929964264093
0.0121875,24,physics,0,95,17.605430248898685,27.62810582262147,14.75617611243729,59.989712183957444,215.69610150330556,8.715268384355867e-05,0.9560244529184091,-15.463937073765797,1.0055630588136473,4.823557828714794e-07,0,0.27244534200654563,0.0038082387433257597,0.11003081500530243,1.0008039127856665
0.01225,24,physics,0,95,14.255871483524153,32.35149908444202,21.161831282489,67.76920185045518,217.3193663002258,8.780856905731258e-05,1.024041590784701,-5.20018447407214,1.0018708319193679,4.842000400628873e-07,0,0.27044373382210024,0.0038300893822319567,0.11003081500530243,1.0008101763242463
0.0123125,24,physics,0,95,10.089437110054831,39.73135872909261,29.757747706165105,79.57854354531256,218.9548358569652,8.846938564241019e-05,1.1248685713343218,9.24511616780597,0.9966740111967539,4.853716752961646e-07,0,0.26775871315433425,0.003853655544141146,0.11003081500530243,1.00081357654732
0.012375,24,physics,0,95,9.864658922204919,49.6489575587017,35.52035791527012,95.03397439617675,220.60251594283622,8.913513592996026e-05,1.2551454642636672,24.217163851270712,0.9912877460582675,4.858210962410674e-07,0,0.2647929663556497,0.0038796247913068416,0.11003081500530243,1.0008241352083929
0.0124375,24,physics,0,95,13.514400548349588,61.882360089919246,37.39734789838199,112.79410853665081,222.26253659269315,8.980587246095199e-05,1.4041331964321655,35.71423176963904,0.9871516420847612,4.873112393610768e-07,0,0.261650867930047,0.003908901021903688,0.11003081500530243,1.0008311147234759
0.0125,24,physics,0,95,16.401617202399496,75.79995472842224,38.66292857168625,130.86450050250798,223.9350700227654,9.048166481989106e-05,1.555045473316728,40.56625640380042,0.9854061327785251,4.900950774100464e-07,0,0.25892848220485376,0.003941866750707641,0.11003081500530243,1.0008371994686458
0.0125,25,refine,0,98,16.401617202399493,75.79995472842224,38.662928571686265,130.864500502508,223.93507002276536,9.048166481989106e-05,1.555045473316728,40.56625640380042,0.9854061327785251,4.900950774100464e-07,0,0.25892848220485376,0.0036327684763705925,0.11003081500530243,1.0008371994686458
0.0125625,25,physics,0,98,14.179286085555827,89.83286519886387,42.9369085863145,146.9490598707342,225.62020977497704,9.116255080268416e-05,1.6874120532409285,37.15288195090975,0.9866341050146892,4.945031335523714e-07,0,0.25652043928719037,0.0036646159771904397,0.11003081500530243,1.0008407787477913
0.012625,25,physics,0,98,7.389743495361078,101.43983581007697,50.092385001474796,158.92196430691286,227.3180162161854,9.184855480074868e-05,1.7827169188609573,25.742291836981103,0.9907391443328337,5.003100564948678e-07,0,0.25452637216732005,0.0036995658527605867,0.11003081500530243,1.0008377363597016
0.0126875,25,physics,0,98,1.4695598282921296,107.71221609054945,55.69112338356822,164.8728993024098,229.02860909671955,9.253972519957922e-05,1.8252504438434511,8.506767915458278,0.9969396804120753,5.072763418212384e-07,0,0.25276880183752387,0.003736281985039146,0.11003081500530243,1.0008382732510455
0.012750000000000001,25,physics,0,98,1.9284551613884549,106.70518425048624,54.94599041087126,163.57962982274597,230.75206893912696,9.323609453456275e-05,1.8072185108985626,-10.912615203507771,1.00392580065833,5.147352482026685e-07,0,0.251473751058781,0.003773168137991077,0.11003081500530243,1.000844358039737
0.012812500000000001,25,physics,0,98,9.027452774932229,98.53166047457218,47.297866481821515,154.8569797313259,232.48850103723393,9.393770534999882e-05,1.7305081452069777,-28.203198176418265,1.0101459934374821,5.217869194495958e-07,0,0.24993802676946048,0.0038094499535103942,0.11003081500530243,1.0008500849334758
0.012875000000000001,25,physics,0,98,17.096179888197685,85.47234644126044,37.27685246686027,139.84537879631839,234.2379938199882,9.464459337588013e-05,1.6069804557205745,-39.430116556816714,1.0141847712776708,5.278597567937026e-07,0,0.24834391967923786,0.0038433930599462204,0.11003081500530243,1.000853127359103
0.012937500000000001,25,physics,0,98,19.589782716742704,70.87416233251912,30.49002046248297,120.9539655117448,236.00063555188004,9.535679427574973e-05,1.4563706941069028,-42.10941754259906,1.0151485594775347,5.323595368977866e-07,0,0.24639893420370723,0.0038740731708236495,0.11003081500530243,1.000857959465873
0.013000000000000001,25,physics,0,98,15.169065100775246,57.58629076174797,28.55798501340892,101.31334087593214,237.77656766612836,9.607436519614176e-05,1.3021186498310258,-35.721491334957506,1.0128505950194746,5.351054825908365e-07,0,0.24413648929789586,0.0039011199490023075,0.11003081500530243,1.0008642233427045
0.013000000000000001,26,refine,0,108,15.169065100775242,57.586290761747975,28.55798501340892,101.31334087593214,237.77656766612836,9.607436519614176e-05,1.3021186498310258,-35.721491334957506,1.0128505950194746,4.4290965917070903e-07,0,0.24413648929789586,0.0035156104696501904,0.09145762026309967,1.0008642233427045
0.0130625,26,physics,0,108,8.703588044235293,47.05152481868258,28.10846540314488,83.86357826606275,239.56584778374554,9.679732941900638e-05,1.1651540220470191,-22.13340889522641,1.0079616780003013,4.4438530188983773e-07,0,0.24176567656095505,0.00353825292041181,0.09145762026309967,1.000869055503046
0.013125,26,physics,0,108,6.292096764832562,39.64952812967955,25.006208466242136,70.94783336075426,241.3685852968056,9.752573114455282e-05,1.0647615891195223,-5.014803074009862,1.0018038734618062,4.4487646988500236e-07,0,0.23927047228521603,0.0035585908751252135,0.09145762026309967,1.0008760353313924
0.0131875,26,physics,0,108,9.330894034198286,35.29574816962743,18.909393966976506,63.53603617080222,243.18490641983414,9.825962137015461e-05,1.0075500382943479,11.326274228137285,0.995925829679377,4.458637086202089e-07,0,0.237195584576156,0.0035774179329120122,0.09145762026309967,1.0008771091554585
0.01325,26,physics,0,108,13.582291257453516,34.0223891816473,14.055623727061693,61.66030416616251,245.0149256773826,9.899904636981468e-05,0.9935425051981481,23.21286747309993,0.9916501251092161,4.4713627822545785e-07,0,0.23551788790234776,0.0035958730418712147,0.09145762026309967,1.000880151663235
0.0133125,26,physics,0,108,13.729056260968683,35.78552414187808,15.106582431733178,64.62116283457993,246.85867513928835,9.974401910145089e-05,1.0159625021063374,28.297031067867795,0.9898213280855137,4.4975476320985276e-07,0,0.2344216857285023,0.0036147313963784335,0.09145762026309967,1.0008833731521383
0.013375,26,physics,0,108,8.845178278046934,40.064505434189726,22.34626989407307,71.25595360630973,248.71633145542603,0.00010049461094099727,1.063982917499948,26.02167495355915,0.9906397787712541,4.5344072852060435e-07,0,0.23377536726624806,0.003634317434622732,0.09145762026309967,1.0008907110266805
0.0134375,26,physics,0,108,3.6048922640749947,45.764752045773,30.787814737990093,80.15745904783809,250.58793252784713,0.00010125083720289609,1.1258246505669938,17.674580467003775,0.9936423200778596,4.581845463036422e-07,0,0.23367517365389162,0.0036551411228718527,0.09145762026309967,1.0008944694710604
0.0135,26,physics,0,108,4.000368553647181,51.66577566324609,34.2770756573158,89.94321987420906,252.4736105365091,0.0001020127512948722,1.191729783024074,6.15501409352984,0.9977858330732684,4.6326423053244547e-07,0,0.2334978098404732,0.003677281045363452,0.09145762026309967,1.0008982279295535
0.0135,27,refine,0,110,4.000368553647181,51.66577566324608,34.2770756573158,89.94321987420906,252.4736105365091,0.00010201275129487219,1.191729783024074,6.15501409352984,0.9977858330732684,4.6326423053244547e-07,0,0.2334978098404732,0.0034477382754570366,0.09145762026309967,1.0008982279295535
0.0135625,27,physics,0,110,11.363579994236291,57.14354348880372,31.096166152602112,99.60328963564213,254.37350320072858,0.00010278040886284583,1.255861465491085,-4.988241504715162,1.0017944361206708,4.6848317936110096e-07,0,0.23323972624457237,0.0034696701431018114,0.09145762026309967,1.0009021653773982
0.013625,27,physics,0,110,20.461212786340372,62.5937269353449,25.845762615302586,108.90070233698786,256.2876794254029,0.00010355383774805607,1.3183595296659198,-12.135538837662269,1.0043654977752252,4.731247500444618e-07,0,0.23253409669057984,0.003492675632315439,0.09145762026309967,1.000906639768751
0.0136875,27,physics,0,110,24.000084052845338,69.06035415142345,25.336204840853053,118.39664304512185,258.21625195200994,0.00010433308350404944,1.3827405766796301,-13.08084825737058,1.004705526321275,4.769229953183181e-07,0,0.23125563393595747,0.0035167199799600282,0.09145762026309967,1.0009095033897137
0.01375,27,physics,0,110,19.490724230083433,77.44879685311625,32.22258938039219,129.1621104635919,260.1593327425999,0.0001051181913694421,1.4548483479799423,-7.303772038390897,1.002627349212715,4.793142753811711e-07,0,0.22933089499791126,0.003541977629610002,0.09145762026309967,1.0009130829274386
0.0138125,27,physics,0,110,11.581775745558625,87.99455138061,42.53469208078557,142.1110192069542,262.1170427481568,0.00010590921021485712,1.539421333946989,3.712260118878167,0.9986646066057928,4.811265554849337e-07,0,0.22683842360308318,0.0035685099255087067,0.09145762026309967,1.000917199411648
0.013875,27,physics,0,110,7.42972563412184,100.38580354199826,49.59520895956099,157.41073813568107,264.08948569903293,0.00010670618195286752,1.6372835671640393,16.919332812096062,0.9939137336975086,4.825555883769537e-07,0,0.22408239843758654,0.0035967678682042293,0.09145762026309967,1.0009229267221895
0.0139375,27,physics,0,110,9.83096531448394,114.13244104792415,50.31239525181427,174.27580161422236,266.0767593642791,0.00010750914608736382,1.7439515101909164,28.606543222544232,0.9897095929224559,4.842125260751115e-07,0,0.22124014657319913,0.0036267718174595592,0.09145762026309967,1.000930085906452
0.014,27,physics,0,110,14.906297645004242,128.58289086949137,47.67841356678862,191.1676020812842,268.07898399685087,0.00010831815120692846,1.8499086499878987,35.37717627023818,0.9872740690380126,4.868059804152838e-07,0,0.21864247732115474,0.003658879132591596,0.09145762026309967,1.000934918384777
0.014,28,refine,0,124,14.906297645004246,128.58289086949137,47.67841356678862,191.16760208128426,268.07898399685087,0.00010831815120692848,1.8499086499878987,35.37717627023818,0.9872740690380126,3.2080487244456885e-07,0,0.206447892029172,0.003502119995982255,0.06022249162197113,1.000934918384777
0.0140625,28,physics,0,124,16.279606219266924,142.4588660049527,47.286682744164104,206.02515496838373,270.0963058532873,0.00010913325640697309,1.9404435174957715,35.04009217069983,0.9873952983896584,3.231521397140111e-07,0,0.20427496097142195,0.003533642735678072,0.06022249162197113,1.0009365292160701
0.014125,28,physics,0,124,11.423850140331162,153.88648488374258,51.88645935667061,217.19679438074434,272.1288731793042,0.00010995452158664245,2.005911561962562,27.045274538992228,0.9902712715099868,3.26701862007894e-07,0,0.20251148790885887,0.0035668133133306473,0.06022249162197113,1.000938855976959
0.0141875,28,physics,0,124,4.343285898580092,160.23520771055325,58.187456259275145,222.76594986840848,274.1766960208158,0.00011078195080501959,2.0328001008346437,12.69730334679622,0.9954325584305908,3.309596348088921e-07,0,0.20120543339526611,0.0036010473519913046,0.06022249162197113,1.0009404668145887
0.01425,28,physics,0,124,1.9747646219967405,159.42983223863348,60.026898723440624,221.43149558407083,276.23990402406565,0.00011161559644607436,2.014448192035024,-5.090721313506949,1.001831221612041,3.3564465695690186e-07,0,0.2002011376966037,0.003635610728519351,0.06022249162197113,1.0009478051077074
0.0143125,28,physics,0,124,7.517494351178624,151.04927551457058,54.156259322467875,212.72302918821708,278.31864848817594,0.00011245551964268991,1.9509952124007588,-22.448157082925785,1.008074888395613,3.3996422743598444e-07,0,0.19923131989310308,0.0036693048890273907,0.06022249162197113,1.0009528166558757
0.014375,28,physics,0,124,16.9182114743261,136.83795318890907,43.62337556892653,197.37954023216167,280.41301146547784,0.00011330175354836691,1.850071085178518,-35.40896027564293,1.0127369293344772,3.444545271236168e-07,0,0.19809422879116634,0.0037015459934012936,0.06022249162197113,1.0009581861996146
0.0144375,28,physics,0,124,22.269986425796354,120.03357341771861,35.17626832962599,177.47982817314096,282.5231479478363,0.00011415436078805285,1.7257892424283143,-40.98728863948473,1.0147433525487637,3.47876627948551e-07,0,0.19667385663421505,0.003731733239914434,0.06022249162197113,1.0009590811263716
0.0145,28,physics,0,124,19.24150698620695,103.87885127102923,32.95750126893606,156.07785952617223,284.64916230194393,0.000115013383531436,1.5959823122416,-37.89743832729195,1.013632279646649,3.4990129371692494e-07,0,0.19491937226205688,0.0037594487928043043,0.06022249162197113,1.000959797068353
0.0145,29,refine,0,128,19.24150698620695,103.87885127102922,32.95750126893606,156.07785952617223,284.64916230194393,0.00011501338353143601,1.5959823122416,-37.89743832729195,1.013632279646649,3.4990129371692494e-07,0,0.19491937226205688,0.003637218657748079,0.06022249162197113,1.000959797068353
0.0145625,29,physics,0,128,11.213487397188846,90.39833193759041,34.756636115987945,136.36845545076721,286.79116490648755,0.00011587886637736963,1.4777691796107255,-26.691093463717955,1.0096011868128538,3.5077921012316453e-07,0,0.19293469977167857,0.0036624847612188537,0.06022249162197113,1.0009658825958723
0.014625,29,physics,0,128,5.86004959750901,80.34756560560095,34.75288711910348,120.96050232221343,288.94929740690077,0.00011675086655813386,1.3865914801568202,-10.873547743213095,1.0039113621920404,3.515817361687822e-07,0,0.19085972282255548,0.003686243916457051,0.06022249162197113,1.0009698203098645
0.014687500000000001,29,physics,0,128,7.644153860633921,73.80551590935211,29.725280927245578,111.17495069723161,291.1236360081042,0.00011762941486456499,1.3291680007051505,5.65749735053292,0.9979649318724269,3.523491916013203e-07,0,0.18888706944375158,0.0037089467888511314,0.06022249162197113,1.000974473991827
0.014750000000000001,29,physics,0,128,13.769377261765966,70.86562029709981,22.576632964199,107.21163052306477,293.31438595439084,0.00011851459422626098,1.3065710973648497,19.089495904680458,0.9931332869665211,3.5301873602122685e-07,0,0.18719658473121384,0.003730698369805824,0.06022249162197113,1.0009798436517452
0.014812500000000001,29,physics,0,128,17.240467861990272,71.58455737798887,19.601159268861096,108.42618450884024,295.5216044602564,0.0001194064277609177,1.3140639890338472,26.591036787437073,0.9904349196703854,3.544454969528489e-07,0,0.18589486914697043,0.0037520534577837827,0.06022249162197113,1.0009891511305062
0.014875000000000001,29,physics,0,128,13.808125052661698,75.53461142289696,24.324111844784348,113.66684832034301,297.7454400216874,0.00012030497546880236,1.34319182827175,26.920076127519664,0.9903165693582728,3.571624880294166e-07,0,0.18510187518341242,0.003774285742402983,0.06022249162197113,1.0009977427261774
0.014937500000000001,29,physics,0,128,6.245251334660462,81.54462802865059,33.7315693024203,121.52144866573136,299.9859892023101,0.00012121027636675,1.38431373977378,20.63235033045416,0.9925783003577442,3.610879542037538e-07,0,0.18469591651749992,0.003796996589852907,0.06022249162197113,1.0009982797033552
0.015,29,physics,0,128,2.0098185598593243,88.04377623839791,40.4943910420001,130.54798584025735,302.24341095716943,0.00012212239468104323,1.4291129760508428,9.933506452619424,0.9964268114878868,3.649916457959535e-07,0,0.18453787161794538,0.0038206009677638772,0.06022249162197113,1.0010015015724718
0.015,30,refine,0,134,2.0098185598593243,88.04377623839791,40.4943910420001,130.54798584025735,302.24341095716943,0.00012212239468104323,1.4291129760508428,9.933506452619424,0.9964268114878868,3.5829555677935337e-07,0,0.18453787161794538,0.0036077623866124205,0.05878870561718941,1.0010015015724718
0.0150625,30,physics,0,134,6.256369828220492,93.88360307049365,39.4408478798014,139.58082077851554,304.51781653304727,0.0001230413753612919,1.4725298195443037,-1.844478800100662,1.0006634775651242,3.6251980795043384e-07,0,0.18434587128564808,0.0036305313607691643,0.05878870561718941,1.0010034704975928
0.015125,30,physics,0,134,16.57130654383823,99.14757980488866,32.54479952355637,148.26368587228328,306.8093343568585,0.0001239672702987923,1.5140930407890647,-11.07298692450198,1.0039830725370804,3.6642018574895045e-07,0,0.18395445416130243,0.00365371756626285,0.05878870561718941,1.0010106302579513
0.0151875,30,physics,0,134,24.77556175322148,105.01494702474388,27.33042623496108,157.12093501292645,309.1181189079571,0.00012490014191141022,1.5577617927294776,-14.744042327273155,1.0053033346144395,3.6964512162285214e-07,0,0.18315211115800165,0.003677917203066547,0.05878870561718941,1.0010170740860593
0.01525,30,physics,0,134,24.54385865215749,113.00749032965487,29.97452727735571,167.5258762591681,311.44426987188865,0.00012584003047740177,1.6099114436889321,-11.38515874287975,1.0040951466092283,3.7201131775077556e-07,0,0.1818759557435053,0.0037024743107652346,0.05878870561718941,1.0010222649777571
0.0153125,30,physics,0,134,17.456362263824236,124.06838234435205,39.50411588555306,181.02886049372935,313.78791429541354,0.00012678698733040758,1.6768883818112226,-1.7260801046496925,1.0006208511724695,3.7352682547009413e-07,0,0.1801376210275467,0.0037282234303459387,0.05878870561718941,1.0010229809649314
0.015375,30,physics,0,134,11.268853512083847,138.35364434877118,48.94471573646051,198.56721359731552,316.14922814241487,0.00012774108356918438,1.762323097717916,11.879206729013989,0.9957272172157164,3.745468433180576e-07,0,0.17806169270210304,0.0037548666178342845,0.05878870561718941,1.0010260239161353
0.0154375,30,physics,0,134,12.156609307749637,155.6455761794968,52.18148183350523,219.9836673207517,318.52826984028104,0.00012870234280150107,1.8652722544255194,25.945985039301934,0.9906676993110501,3.7527710716744846e-07,0,0.17582052576725934,0.0037829399359684303,0.05878870561718941,1.0010290668765893
0.0155,30,physics,0,134,18.7585694932309,175.64452513390773,49.640005175636446,244.0430998027751,320.92524274932,0.0001296708471957256,1.9797782092032885,36.81140784635953,0.9867596533227925,3.766601057719758e-07,0,0.17371976498163672,0.0038128016952461356,0.05878870561718941,1.0010353318242975
0.0155,31,refine,0,152,18.7585694932309,175.64452513390773,49.64000517563644,244.0430998027751,320.92524274932,0.0001296708471957256,1.9797782092032885,36.81140784635953,0.9867596533227925,2.7671007618579303e-07,0,0.18953201522537488,0.00360175032112083,0.043146226555109024,1.0010353318242975
0.0155625,31,physics,0,152,23.710376032521282,197.5593530054619,47.36157668855276,268.63130572653597,323.3402202330595,0.00013064662639462058,2.0944483516136767,41.5898790572835,0.9850409677143832,2.7831850868409426e-07,0,0.18752698760283426,0.003631402652269492,0.043146226555109024,1.0010415968112152
0.015625,31,physics,0,152,20.802616234235114,219.97379404988902,51.04274493784481,291.8191552219689,325.7734913224169,0.00013162979718203132,2.1997412441983064,38.79471910478748,0.986046324819955,2.806772316787946e-07,0,0.18589762012642613,0.0036626919587270453,0.043146226555109024,1.0010469668312092
0.0156875,31,physics,0,152,11.084996693465976,239.98604780727416,60.07573327700313,311.14677777774324,328.2250624964176,0.00013262036217582838,2.282409177627118,28.689841403443076,0.9896808761548923,2.838378749814297e-07,0,0.18465157068275967,0.003695736586856643,0.043146226555109024,1.0010543059051218
0.01575,31,physics,0,152,2.2316642980238073,254.30045530741515,67.99960071543138,324.5317203208703,330.69493946483306,0.00013361832368306267,2.3329037633487175,13.263286210659778,0.9952294917223518,2.876144300500986e-07,0,0.18369486008904487,0.0037296507897698014,0.043146226555109024,1.0010543059051218
0.0158125,31,physics,0,152,1.6600508967761334,260.44469233879374,68.34128860880762,330.44603184437744,333.18347286343266,0.00013462382337921255,2.346279911022444,-4.188314428970314,1.0015064400678861,2.9137852131100317e-07,0,0.18281363443318133,0.003763978177438436,0.043146226555109024,1.0010611080216705
0.015875,31,physics,0,152,9.514123570461095,258.000364961037,60.85702672351651,328.37151525501463,335.69072318530425,0.00013563688570669924,2.3234205473072502,-19.804441542488313,1.0071231522959994,2.951954849450542e-07,0,0.18184256383127295,0.0037983094570245837,0.043146226555109024,1.0010682681942862
0.0159375,31,physics,0,152,18.2824089326783,248.84049571044352,52.05988599050315,319.182790633625,338.216827478793,0.0001366575660403347,2.271039446582213,-30.104794468241813,1.0108279070594783,2.985158307211578e-07,0,0.18064213461608494,0.003832456835725561,0.043146226555109024,1.0010716692942194
0.016,31,physics,0,152,19.90356898020506,236.1015818711905,49.10688783941717,305.1120386908127,340.76194407348316,0.00013768592835368241,2.200194169644587,-32.947526578591315,1.011850365555606,3.0107653437028185e-07,0,0.17907358719220182,0.003866074553534356,0.043146226555109024,1.0010804406052687
0.016,32,refine,0,176,19.903568980205055,236.1015818711905,49.10688783941717,305.1120386908127,340.76194407348316,0.00013768592835368241,2.200194169644587,-32.947526578591315,1.011850365555606,3.0107653437028185e-07,0,0.17907358719220182,0.003760151529282005,0.043146226555109024,1.0010804406052687
0.0160625,32,physics,0,176,13.604061279960568,222.4960924796489,52.76655969715052,288.86671345676,343.32621312063407,0.0001387220292752966,2.169089794294999,-28.080969478517776,1.0100999486135231,3.027838291203011e-07,0,0.17714727284183235,0.003787810224145791,0.043146226555109024,1.0010886749672139
0.016125,32,physics,0,176,6.590171148647183,210.13403535149845,57.05970076241286,273.7839072625585,345.9097614294708,0.00013976592004284088,2.096995835908494,-17.112509983938477,1.0061548286463116,3.039284859340796e-07,0,0.17506440128103218,0.003814066906066157,0.043146226555109024,1.0010913600998834
0.0161875,32,physics,0,176,6.685747710117077,199.65488803246257,55.04558227735802,261.3862180199377,348.512773274902,0.00014081767511316812,2.03842259435116,-3.439046628167288,1.0012369072416747,3.0481447943486707e-07,0,0.17289005492239318,0.0038392514056091657,0.043146226555109024,1.001098699499261
0.01625,32,physics,0,176,14.571824176713594,191.54865986530567,46.16042913341957,252.28091317543883,351.1353514961795,0.00014187733603879913,1.9960305141766954,9.19144226651556,0.9966941608236048,3.056819561919606e-07,0,0.1709250032006705,0.003864181127317919,0.043146226555109024,1.001102816746861
0.0163125,32,physics,0,176,23.101433068170728,186.1549364446353,36.86559924709163,246.12196875989767,353.7776707584212,0.00014294497339372065,1.9677746177779374,17.52972678364311,0.9936951793093537,3.0709529763583987e-07,0,0.16933267239895589,0.003889175123652345,0.043146226555109024,1.0011006686155657
0.016375,32,physics,0,176,24.066422794026973,183.31282090763156,34.62234673672842,242.00159043838696,356.43988731785595,0.0001440206503137504,1.948364641485308,19.672164481524327,0.9929242652459394,3.092055713693759e-07,0,0.16812483008301563,0.003914591248747365,0.043146226555109024,1.0011004896048326
0.0164375,32,physics,0,176,15.926144478746664,182.00337930948896,40.83566494982108,238.7651887380567,359.12211734104494,0.00014510441373635037,1.9312370317949368,15.164538481402861,0.9945454332534206,3.1197033756313864e-07,0,0.16736260829511646,0.003940531544129301,0.043146226555109024,1.0011022797136049
0.0165,32,physics,0,176,5.449307784896195,180.54848981574452,49.239132357208675,235.23692995784938,361.82454080690695,0.00014619633638256508,1.9107542884308626,5.4099715309089165,0.9980540822052564,3.1535993016973396e-07,0,0.16697674291603531,0.003966716711448404,0.043146226555109024,1.0011040698255784
0.0165,33,refine,0,187,5.449307784896194,180.54848981574452,49.239132357208675,235.23692995784938,361.824540806907,0.00014619633638256508,1.9107542884308626,5.4099715309089165,0.9980540822052564,2.450021208133533e-07,0,0.16697674291603531,0.003458240884110217,0.033634260296821594,1.0011040698255784
0.0165625,33,physics,0,187,1.7017267198923034,177.42220740816023,51.31025586215887,230.4341899902114,364.54731174683604,0.00014729648048926062,1.8827874893930836,-6.727101944336853,1.0024196867694144,2.4787621732969e-07,0,0.16664830878005865,0.0034808217606497574,0.033634260296821594,1.001110514255187
0.016625,33,physics,0,187,7.63981211811393,172.43627259787405,44.16796885380039,224.24405356978838,367.29056457677996,0.00014840490036762083,1.8513929871835546,-17.692585684643443,1.0063638538339816,2.5071799569786895e-07,0,0.16634888065972303,0.003502916489826951,0.033634260296821594,1.0011151685912598
0.0166875,33,physics,0,187,17.161608937884612,166.9000334882187,33.37143612366028,217.4330785497636,370.05444521358936,0.00014952165497580504,1.8200061339220226,-24.107371368390883,1.008671111807732,2.5318949159469644e-07,0,0.16585578481744073,0.0035241649406870844,0.033634260296821594,1.0011192859065927
0.01675,33,physics,0,187,20.91032893163598,163.11253063108137,27.974680075031838,211.99753963774918,372.8391529683832,0.0001506468248460937,1.7971620628334979,-23.730233783276734,1.008535451105372,2.5505201151077e-07,0,0.16505240702213025,0.003544431531282547,0.033634260296821594,1.0011280576348551
0.0168125,33,physics,0,187,15.54403944127696,163.07529726530197,31.980684320662945,210.6000210272419,375.6447924192223,0.0001517804522335792,1.7921834103827463,-16.155179551088292,1.0058107928977775,2.5622565225091897e-07,0,0.16383403134760324,0.003563667958679741,0.033634260296821594,1.001137724526451
0.016875,33,physics,0,187,7.157644109238185,167.7315395769179,40.74657950742571,215.6357631935818,378.4715556286324,0.0001529226147417252,1.8126479432650036,-2.9388017502068022,1.0010570422453617,2.569270050045699e-07,0,0.16233410919020483,0.003582767995085269,0.033634260296821594,1.0011441691727057
0.0169375,33,physics,0,187,5.248943591603997,177.24103810965752,45.8996603646966,228.38964206595813,381.3196127673092,0.00015407338112853294,1.8621389889755227,12.863398062854275,0.9953732464580299,2.572588533311661e-07,0,0.1606387203238116,0.0036022259552995956,0.033634260296821594,1.00114846562659
0.017,33,physics,0,187,13.334900713500108,191.68604372543837,43.68462010130517,248.70556454024364,384.1890638734937,0.00015523279181476653,1.9392464839794494,27.60529128718833,0.9900714557044787,2.5775144685269424e-07,0,0.15895292583589885,0.0036227124745595637,0.033634260296821594,1.001154552301156
0.017,34,refine,0,201,13.334900713500106,191.68604372543837,43.68462010130517,248.70556454024364,384.1890638734937,0.00015523279181476653,1.9392464839794494,27.60529128718833,0.9900714557044787,2.2008189493050168e-07,0,0.15939393291069434,0.0036227124745595637,0.02870587445795536,1.001154552301156
0.0170625,34,physics,0,201,25.496342127171744,211.20996825736933,38.438655096683846,275.1449654812249,387.08011671709755,0.00015640093075050787,2.0373523398490803,38.72196210213674,0.986073871181944,2.2077913186535625e-07,0,0.1578466262402211,0.0036449114188053977,0.02870587445795536,1.001159385863202
0.017125,34,physics,0,201,31.873398909355238,235.68746056370176,38.20620476551122,305.7670642385682,389.9929395468629,0.00015757786591718697,2.1479612646948114,43.45797671346148,0.984370143860854,2.220904766758739e-07,0,0.15661312136363298,0.0036690728139482415,0.02870587445795536,1.0011617131421398
0.0171875,34,physics,0,201,27.731793991957396,263.6405846313364,46.697000837679575,338.0693794609734,392.92766173405766,0.000158763649587669,2.2597481595645244,40.9128664166096,0.9852855936474423,2.2397239529681206e-07,0,0.15567738137106243,0.0036952459860314555,0.02870587445795536,1.0011677998972466
0.01725,34,physics,0,201,17.766840032051967,292.3473868742876,59.44823708911744,369.56246399545705,395.88447059602856,0.0001599583574481132,2.362503722872338,31.767535743382737,0.9885748084145947,2.2645631236883895e-07,0,0.15503937661496076,0.0037230077617276696,0.02870587445795536,1.0011695901263793
0.0173125,34,physics,0,201,11.784032997824479,318.62063202840545,67.54484604555017,397.9495110717801,398.86354693448914,0.00016116206255201694,2.4486299754392915,18.42552598568894,0.9933732705928231,2.2921009801280008e-07,0,0.15454348194006914,0.003751879248735852,0.02870587445795536,1.0011715593821227
0.017375,34,physics,0,201,15.496191213244849,340.2123050252449,65.84019080279273,421.5486870412825,401.86501132974524,0.00016237481362022963,2.514567067467327,4.293033023020675,0.9984560132393654,2.320864522786792e-07,0,0.15402764742763517,0.00378103969625475,0.02870587445795536,1.001177109123694
0.0174375,34,physics,0,201,24.870059823156467,356.8585420089908,58.08606090642534,439.8146627385726,404.88914018329183,0.00016359672233363904,2.561429262280325,-7.0466120007841,1.0025342975585196,2.3474579347038108e-07,0,0.1532949882230866,0.0038096809486730513,0.02870587445795536,1.0011846281774779
0.0175,34,physics,0,201,29.792539134417595,370.1325375323872,53.70352712525578,453.6286037920606,407.93593997381834,0.00016482779130997982,2.594447228599905,-12.76522764713674,1.0045909416395926,2.3706863228056808e-07,0,0.1522726815804768,0.0038372469463264424,0.02870587445795536,1.001186418436702
0.0175,35,refine,0,220,29.792539134417595,370.1325375323872,53.703527125255775,453.6286037920606,407.93593997381834,0.00016482779130997985,2.594447228599905,-12.76522764713674,1.0045909416395926,2.3706863228056808e-07,0,0.15950837163457207,0.0037178436721950823,0.02870587445795536,1.001186418436702
0.0175625,35,physics,0,220,24.032723940083983,382.1011926104978,58.75071758471837,464.88463413530013,411.00565182198727,0.0001660681179748093,2.63433725219062,-11.57001108810458,1.0041610657250162,2.3875641463888526e-07,0,0.15804256407379352,0.0037477237538933793,0.02870587445795536,1.001191610206555
0.017625000000000002,35,physics,0,220,11.65764402159014,394.5021293265489,70.0732161626589,476.232989510798,414.0983978121213,0.0001673177516566794,2.662455090386609,-4.098215403013736,1.0014738801327425,2.399696583665903e-07,0,0.15621198830591043,0.003777670396558899,0.02870587445795536,1.0012009196543996
0.017687500000000002,35,physics,0,220,3.273846322532148,407.7563121250515,78.14180324183064,489.17196168941433,417.2144575621836,0.00016857680533610215,2.696126311628474,7.303132989856082,0.9973735063221951,2.4076924631799557e-07,0,0.15420125063087653,0.0038078560173592283,0.02870587445795536,1.0012132727092156
0.017750000000000002,35,physics,0,220,5.805565550530587,421.88914660170656,76.40304074788158,504.0977529001187,420.3539192512449,0.0001698453146421065,2.736220229187022,19.253257835798085,0.993075802673382,2.416685047634813e-07,0,0.15210647566238883,0.003838639444060567,0.02870587445795536,1.001218106554763
0.017812500000000002,35,physics,0,220,15.991115973670603,436.8023553344499,67.40400951480756,520.197480822928,423.5168678073437,0.00017112331389013195,2.779489553681121,28.285593097029313,0.9898274980773566,2.4276915766563434e-07,0,0.15024536516856044,0.003869935108521952,0.02870587445795536,1.0012207920345957
0.017875000000000002,35,physics,0,220,23.64888734853802,452.0141141193865,60.21874500379053,535.881746471715,426.70347695911573,0.00017241087327577644,2.819660904650565,31.722824180147185,0.9885913642598608,2.442948492387131e-07,0,0.14869486140806853,0.003901991737197911,0.02870587445795536,1.0012267001155826
0.017937500000000002,35,physics,0,220,21.259183848476155,466.1041523882095,61.86882285239298,549.2321590890787,429.91419228246724,0.00017370817283537753,2.8491750739380506,28.279213537765976,0.9898297851187032,2.4652129404501027e-07,0,0.14750696382360026,0.003934517137170384,0.02870587445795536,1.0012290275509979
0.018000000000000002,35,physics,0,220,10.939717402575317,476.5985176821581,70.75002717782064,558.2882622625541,433.14852824964737,0.00017501501638993026,2.8610854293556556,18.34687128892759,0.9934017946819287,2.4918696883702264e-07,0,0.14664353898269863,0.003967085970902625,0.02870587445795536,1.0012302807876934
0.018000000000000002,36,refine,0,243,10.939717402575315,476.5985176821581,70.75002717782064,558.2882622625541,433.1485282496473,0.00017501501638993026,2.8610854293556556,18.34687128892759,0.9934017946819287,2.4918696883702264e-07,0,0.1365586911348615,0.0037980857819335323,0.02870587445795536,1.0012302807876934
0.0180625,36,physics,0,243,2.560922381857765,480.59661016951316,77.95179683450277,561.1093293858737,436.4077381660535,0.00017633191034139548,2.8497947002390864,3.9258482189717,0.9985881197610283,2.5234709699617545e-07,0,0.13628176413535095,0.0038295683251953093,0.02870587445795536,1.0012322501628126
0.018125,36,physics,0,243,4.565292718910326,476.7313563442567,75.69482600878307,556.99147507195,439.6917570411032,0.00017765882843012653,2.817481933060845,-11.781016521491244,1.0042368567505295,2.55632785162163e-07,0,0.1357913066887967,0.003860695498855841,0.02870587445795536,1.001237084099983
0.0181875,36,physics,0,243,15.706939517977371,465.472734385177,64.57307246502484,545.7527463681793,443.0005127682811,0.00017899574152126035,2.7660558327134623,-25.120948795484658,1.0090343416518242,2.5874026476913075e-07,0,0.13549374638746314,0.003891046193733789,0.02870587445795536,1.001244424567721
0.01825,36,physics,0,243,25.797060244191655,449.6521053911062,53.53218049890562,528.9813461342035,446.334130539732,0.0001803427001990744,2.7034677175406,-32.89411782214151,1.011829376754356,2.6139703557248595e-07,0,0.13487544820020891,0.003920550852544088,0.02870587445795536,1.0012562410434636
0.0183125,36,physics,0,243,25.361302243298645,432.9983432204076,51.34758652205345,509.70723198575973,449.6928215979202,0.0001816997898167464,2.639898895827628,-32.73529548671941,1.0117725852758523,2.6331928459910656e-07,0,0.13383057452202987,0.003949091890744203,0.02870587445795536,1.0012592847037411
0.018375,36,physics,0,243,14.977523878384234,418.46956458286274,58.117807280360836,491.56489574160787,453.076767387863,0.00018306708368770257,2.5852937663017057,-24.346469537681507,1.0087557235102886,2.6471273439909695e-07,0,0.13243139106720403,0.003976944563202298,0.02870587445795536,1.0012612541359098
0.0184375,36,physics,0,243,4.794225995400954,407.5513524250696,65.28983076448442,477.63540918495494,456.48621197581963,0.00018444468042767774,2.5469469642694853,-10.92232511641967,1.0039279674797634,2.656042301651949e-07,0,0.1307475047224577,0.0040043881722840275,0.02870587445795536,1.0012644768514507
0.0185,36,physics,0,243,4.609582471524993,400.74612980097515,64.2459975257863,469.6017097982865,459.9212853030215,0.00018583263253983245,2.5279620082694483,4.197136884724621,0.9984905972367639,2.662687172971802e-07,0,0.12936346874911375,0.004031760056137183,0.02870587445795536,1.0012687738216408
0.0185,37,refine,0,260,4.609582471524993,400.74612980097515,64.2459975257863,469.6017097982865,459.9212853030215,0.00018583263253983248,2.5279620082694483,4.197136884724621,0.9984905972367639,2.5556950511429466e-07,0,0.12936346874911375,0.003663311799288046,0.027507703751325607,1.0012687738216408
0.0185625,37,physics,0,260,14.459605723319989,398.2442925091251,54.78837977139955,467.49227800384466,463.382233730012,0.00018723103956691425,2.5264919756867235,17.34981727047637,0.9937605502543895,2.56292493006072e-07,0,0.1277140645411796,0.0036881890959317796,0.027507703751325607,1.0012696690260847
0.018625,37,physics,0,260,24.760669645411532,400.32921592492755,45.394319173771535,470.4842047441106,466.8692483903908,0.00018863997873705114,2.5383219719008254,25.5093975105092,0.990826195291555,2.5749979570832725e-07,0,0.12648056535321717,0.003713126391307388,0.027507703751325607,1.0012750402695567
0.0186875,37,physics,0,260,25.432896286997085,406.3424703940859,45.04696510521013,476.82233178629315,470.38242964403474,0.00019005949060096514,2.5561393464295525,26.96114739448642,0.9903041399174616,2.5920617741093116e-07,0,0.12567772983613196,0.0037386442724254916,0.027507703751325607,1.001280053456127
0.01875,37,physics,0,260,15.354592766599259,414.5538430820743,54.70813768785381,484.61657353652737,473.9221039014719,0.00019148970704585007,2.5728196918063873,21.650489586146616,0.9922139838119228,2.616044909586892e-07,0,0.12524458663288876,0.003764310177919737,0.027507703751325607,1.0012834552755945
0.0188125,37,physics,0,260,3.5953872301360312,422.4046279606947,66.00722633753372,492.0072415283645,477.48838040869987,0.00019293067221289262,2.58293525186461,11.18114899493718,0.9959790264177789,2.645497580999745e-07,0,0.12495103988208647,0.003789814859856331,0.027507703751325607,1.0012863199746367
0.018875,37,physics,0,260,1.2118656473904366,427.67902783720024,68.61919365918993,497.5100871437806,481.08149149198266,0.00019438247997424584,2.5841868714247513,-1.513029628600555,1.0005441165140512,2.675936219276309e-07,0,0.12453441277903135,0.0038148901506922313,0.027507703751325607,1.0012891846818748
0.0189375,37,physics,0,260,10.818335502553795,429.848671238589,59.86811636751298,500.5351231086558,484.70165472672585,0.00019584521824193217,2.578145064140385,-12.89665496232312,1.0046378645488119,2.706658310813734e-07,0,0.12411780170434138,0.0038407299593494664,0.027507703751325607,1.0012990321755169
0.019,37,physics,0,260,23.757492684278688,430.5645476100823,47.58072745027886,501.90276774463985,488.34909480976097,0.0001973189778054087,2.570102634637474,-19.694068813566307,1.007082286314017,2.731948933742957e-07,0,0.12379832963557386,0.0038664651474152054,0.027507703751325607,1.0013047616709292
0.019,38,refine,0,278,23.757492684278688,430.5645476100823,47.58072745027885,501.90276774463985,488.34909480976097,0.00019731897780540873,2.570102634637474,-19.694068813566307,1.007082286314017,2.2639017771552998e-07,0,0.12379832963557386,0.00366239680345748,0.022864405065774918,1.0013047616709292
0.0190625,38,physics,0,278,28.20064665817286,432.6998690311042,42.94254822782132,503.84306391709833,492.0239752340368,0.00019880382472451218,2.5670581596037327,-19.792911492981,1.0071177934601119,2.2823012102435314e-07,0,0.12311658519582229,0.0036862362134687547,0.022864405065774918,1.0013156836123729
0.019125,38,physics,0,278,20.739164550393422,439.03467561835487,49.93138893837043,509.7052291071187,495.7264839168068,0.00020029983492779598,2.5783599818174667,-12.923848221125974,1.0046475581254652,2.293448417844957e-07,0,0.12205496384706088,0.0037094957175393697,0.022864405065774918,1.001321413203066
0.0191875,38,physics,0,278,9.846154134552465,450.8274724749989,61.591623134947916,522.2652497444993,499.45686059744526,0.00020180710528270354,2.6089639532847606,-0.6563132209909897,1.0002360165324977,2.3001317117632428e-07,0,0.12069012945671319,0.003732754958696328,0.022864405065774918,1.001328038083174
0.01925,38,physics,0,278,7.553097639687699,468.3858668993459,67.12027733982995,543.0592418788635,503.215310859894,0.00020332571885606912,2.660863362307387,14.00079485767292,0.9949652023196194,2.3019886441488771e-07,0,0.11935028347055388,0.0037566403543110127,0.022864405065774918,1.001334663007113
0.0193125,38,physics,0,278,17.723879476527152,491.7903175902127,62.42546684562531,571.9396639123652,507.0019743325972,0.00020485573206520163,2.731665378790522,28.180313162742287,0.9898667467230846,2.3047251573871105e-07,0,0.11793270884761138,0.0037815357761520926,0.022864405065774918,1.001339318385292
0.019375,38,physics,0,278,32.39512976999996,521.1128369262494,53.8839271324437,607.391893828693,510.81717785251897,0.00020639727696959796,2.8153152754687656,38.77941265634112,0.9860547904543426,2.3157350881319893e-07,0,0.11669213820683202,0.003807648037585223,0.022864405065774918,1.0013421832441602
0.0194375,38,physics,0,278,39.2975791044576,555.8042654693832,52.01411767137641,647.1159622452171,514.6611121404082,0.00020795043063057258,2.903593752895336,43.149174102388734,0.9844834730945105,2.3273274862845065e-07,0,0.11571334942275431,0.0038352146945741026,0.022864405065774918,1.0013463014931427
0.0195,38,physics,0,278,33.214247075715534,593.9571618187533,61.32726533778995,688.4986742322588,518.5339595309085,0.00020951526672100814,2.987916476208124,40.507547991116205,0.9854334851215263,2.3483499944632016e-07,0,0.11508827322083362,0.0038640586332931988,0.022864405065774918,1.0013498825929823
0.0195,39,refine,0,294,33.214247075715534,593.9571618187533,61.32726533778995,688.4986742322588,518.5339595309085,0.00020951526672100814,2.987916476208124,40.507547991116205,0.9854334851215263,2.3483499944632016e-07,0,0.11508827322083362,0.003721237877886897,0.022864405065774918,1.0013498825929823
0.0195625,39,physics,0,294,20.82481478196931,632.2425883305852,75.73734222286929,728.8047453354238,522.4359271530964,0.00021109186893205508,3.060642293996607,31.7619557694907,0.9885784451498864,2.372097949177031e-07,0,0.11475900161885513,0.0037481196809640302,0.022864405065774918,1.00135453804192
0.019625,39,physics,0,294,14.62420068620601,667.3357026663658,83.91709800187115,765.877001354443,526.3672764382457,0.00021268034289583684,3.118567850284006,19.28065432127864,0.9930666962469188,2.4036210355404845e-07,0,0.11444197146104694,0.0037757988838416907,0.022864405065774918,1.0013593725694947
0.0196875,39,physics,0,294,21.238531691199334,697.0685314013431,79.71061732828105,798.0176804208235,530.3281943095928,0.0002142807641392709,3.160841879492497,6.335182747707166,0.9977218832591572,2.4358145367386854e-07,0,0.1140472474184094,0.0038041316628904718,0.022864405065774918,1.0013640280625529
0.01975,39,physics,0,294,34.79207097329874,721.8552801022864,68.37787569712307,825.0252267727083,534.3189369473521,0.00021589323617277352,3.1912113528767527,-3.646749508001882,1.0013113627373074,2.461222088356865e-07,0,0.11373491219379228,0.0038330041946372764,0.022864405065774918,1.0013770993702986
0.0198125,39,physics,0,294,42.173795567395445,744.230002322827,62.01099456102702,848.4147924512495,538.3396967414249,0.00021751783673208555,3.2164607703794315,-8.027735479339135,1.0028867954817007,2.4841237333816913e-07,0,0.11308412847629337,0.003862322958578285,0.022864405065774918,1.001379964337259
0.019875,39,physics,0,294,35.76325314294609,767.2208991161142,68.04641029890388,871.0305625579641,542.390663285335,0.00021915464242306277,3.2444706135318726,-5.654294130123874,1.0020332984355094,2.499379831988331e-07,0,0.11207147231940796,0.0038919951321900593,0.022864405065774918,1.0013837246188337
0.0199375,39,physics,0,294,21.102821232628244,792.8343871166239,82.0112053882014,895.9484137374536,546.4721238469801,0.00022080376931719696,3.2818359804802837,2.7539114241987015,0.999009688982623,2.5124107239093936e-07,0,0.1107753542503618,0.003921970241307748,0.022864405065774918,1.0013921405382864
0.02,39,physics,0,294,11.599127196470828,821.7715733874081,91.87832638800818,925.2490269718871,550.5843515142068,0.00022246532775648588,3.331876117965493,14.867730345679645,0.994653544819433,2.517250798916851e-07,0,0.10937295843348283,0.00395227155103811,0.022864405065774918,1.0013955427385663
0.02,40,refine,0,330,11.599127196470828,821.7715733874082,91.87832638800819,925.2490269718872,550.5843515142069,0.00022246532775648588,3.331876117965493,14.867730345679645,0.994653544819433,1.6474941233468606e-07,0,0.10253337002149122,0.003582823201634435,0.015055622905492783,1.0013955427385663
0.0200625,40,physics,0,330,15.54616734161948,853.892548724936,89.65665954331698,959.0953756098725,554.7274969925909,0.0002241393786339884,3.3918616743818477,27.395902318042964,0.9901483767352494,1.648928584785379e-07,0,0.10128325952149732,0.003610569383754906,0.015055622905492783,1.0013991240145064
0.020125,40,physics,0,330,28.29297358893675,889.5119705486627,79.04834270485044,996.85328684245,558.9018404628196,0.0002258260351575865,3.4609037192224705,36.98804401903277,0.9866990250736467,1.6551941683928828e-07,0,0.10014136511193099,0.0036390478095955966,0.015055622905492783,1.0014053912782201
0.0201875,40,physics,0,330,36.84050556865412,927.7873458116467,71.48939603117122,1036.1172474114721,563.1075877066153,0.00022752538047402833,3.5295145523745606,41.05861183470366,0.985235304074004,1.6648505507532705e-07,0,0.09913597426930439,0.0036681591975340553,0.015055622905492783,1.0014091516552757
0.02025,40,physics,0,330,32.05518819508058,966.788138409004,75.45373176966021,1074.297058373745,567.345005615208,0.00022923752242154968,3.5896502739997733,38.37682622636432,0.9861997642635336,1.6803852176394663e-07,0,0.098374591648282,0.003697825303733296,0.015055622905492783,1.0014100469852272
0.0203125,40,physics,0,330,17.195422414924682,1003.1239702852836,88.39950369165365,1108.718896391862,571.6142418325293,0.0002309625206561421,3.6342535892937584,29.32911482670707,0.9894533479254324,1.6955507042837328e-07,0,0.09784432500079901,0.0037279749258026145,0.015055622905492783,1.0014114795148148
0.020375,40,physics,0,330,5.111591597792453,1032.8922092144485,98.92792056465143,1136.9317213768925,575.915500802919,0.00023270045778418035,3.6590849645634003,15.836443255275519,0.994305284007126,1.721451567959775e-07,0,0.09749663862619419,0.003758408441560782,0.015055622905492783,1.0014095097871603
0.0204375,40,physics,0,330,6.4272635748304765,1053.4279602905801,97.32517783817487,1157.1804017035854,580.2489088775545,0.00023445138485825258,3.6637904915616426,0.956289890597692,0.9996561215226649,1.7462057755324189e-07,0,0.09732946259402457,0.0037889268816898415,0.015055622905492783,1.001414165513315
0.0205,40,physics,0,330,19.299052266296385,1064.8020094674248,84.9790293445966,1169.0800910783178,584.6147581096844,0.0002362154198833868,3.652248427295708,-11.855587775778567,1.004263201698875,1.7689720799296548e-07,0,0.09690958008688587,0.003819383613433296,0.015055622905492783,1.0014215072793076
0.0205,41,refine,0,360,19.29905226629639,1064.802009467425,84.9790293445966,1169.0800910783182,584.6147581096844,0.00023621541988338686,3.652248427295708,-11.855587775778567,1.004263201698875,1.745649340634259e-07,0,0.09690958008688587,0.003693324772990808,0.014697176404297352,1.0014215072793076
0.0205625,41,physics,0,360,30.734091535766062,1069.7094070919297,73.47241932603997,1173.9159179537357,589.0140026933275,0.0002379929484046559,3.6301794427988807,-19.596886128792363,1.0070468704396116,1.7622819470375348e-07,0,0.09631726399767891,0.003723841736613374,0.014697176404297352,1.0014274165446904
0.020625,41,physics,0,360,29.016572082524416,1072.586576721751,73.7759973439432,1175.3791461482185,593.4463149730991,0.00023978383803187936,3.6104904547169085,-20.54794352157461,1.0073888241212714,1.7748530112271536e-07,0,0.09550422174089394,0.0037536432558426206,0.014697176404297352,1.00143099793462
0.0206875,41,physics,0,360,15.287020883906273,1076.5950323614534,85.34428549311207,1177.2263387384717,597.9120053578613,0.00024158821418672794,3.5995477406539758,-14.747044536927456,1.0053032773559554,1.7840776500577252e-07,0,0.09448630356652317,0.003783444571633738,0.014697176404297352,1.0014370863268955
0.02075,41,physics,0,360,2.5669515208627556,1083.445202449074,96.7457910785395,1182.7579450484764,602.4112964858272,0.00024340616682686726,3.6027398773860346,-3.785160996621016,1.0013609687217975,1.7893547621383719e-07,0,0.09329554577307426,0.0038138417205644407,0.014697176404297352,1.0014422793966165
0.0208125,41,physics,0,360,3.0584718470662144,1093.7417831280302,96.7795514606056,1193.5798064357018,606.9444402215388,0.00024523779771895267,3.621121678102053,9.038488968934306,0.9967501782380184,1.7939718688353436e-07,0,0.09218788874059185,0.003843403179809959,0.014697176404297352,1.0014474724932665
0.020875,41,physics,0,360,16.41667749532275,1107.7603597237246,85.26112705455301,1209.4381642736005,611.5116985129323,0.00024708321270386634,3.651405834505298,20.433277595034212,0.9926506140996304,1.7995508727608477e-07,0,0.09106342454735673,0.003872965936301268,0.014697176404297352,1.0014480097116982
0.0209375,41,physics,0,360,30.20061352713406,1125.4254059031996,73.08529003930603,1228.7113094696397,616.1133153031502,0.0002489425103475973,3.6870636945252917,27.127736030403753,0.9902469447559951,1.8089191478054537e-07,0,0.09015534268118278,0.0039025287110857807,0.014697176404297352,1.0014505167348573
0.021,41,physics,0,360,31.574598093081754,1145.6019173532932,71.89229031418361,1249.0688057605585,620.7495945969596,0.0002508158134842215,3.7201280662310072,27.320140863707405,0.9901777601826305,1.8221214848068717e-07,0,0.08947377068282433,0.0039320923223377085,0.014697176404297352,1.0014555308000035
0.021,42,refine,0,374,31.574598093081754,1145.6019173532932,71.8922903141836,1249.0688057605585,620.7495945969596,0.0002508158134842215,3.7201280662310072,27.320140863707405,0.9901777601826305,1.8221214848068717e-07,0,0.08947377068282433,0.0037164112258411975,0.014697176404297352,1.0014555308000035
0.0210625,42,physics,0,374,19.1979475896663,1165.534705362934,83.12161485511017,1267.8542678077104,625.4207263771211,0.0002527031988768673,3.7432369335207993,20.92934402939555,0.9924719676490715,1.8403484247642147e-07,0,0.0889900557939457,0.0037440677353794078,0.014697176404297352,1.00145893321565
0.021125,42,physics,0,374,4.596221870146282,1181.7744419188243,96.43780595084979,1282.8084697398203,630.1269805263696,0.000254604775572497,3.7510955178374146,9.600958541665463,0.9965479778998803,1.8620695563242886e-07,0,0.0886566402605099,0.003772260657331172,0.014697176404297352,1.001460186740118
0.0211875,42,physics,0,374,1.647708097568494,1191.2524957034711,99.03628611461643,1291.936489915656,634.8687050952128,0.0002565206842020058,3.742268590403982,-3.87070266556152,1.001391701656838,1.8848473182231365e-07,0,0.08842490331956296,0.003800870872530659,0.014697176404297352,1.0014653799296287
0.02125,42,physics,0,374,13.44053259905545,1193.398756551779,87.7061999981584,1294.5454891489926,639.646099949927,0.0002584510055219872,3.719554403849928,-16.195840373362806,1.0058231351445186,1.907062809891615e-07,0,0.08821146863081032,0.0038294810879437083,0.014697176404297352,1.0014752291561182
0.0213125,42,physics,0,374,28.874578930068633,1190.656780171793,72.28162827628212,1291.8129873781436,644.4594527075737,0.0002603958557450139,3.6896047812812798,-24.151139822909155,1.0086859262282355,1.9263590278484325e-07,0,0.08778833486266577,0.0038580913035655695,0.014697176404297352,1.0014845412411562
0.021375,42,physics,0,374,33.03872575141464,1187.2777476569981,66.57987963248559,1286.8963530408982,649.3089937962839,0.000262355327976292,3.6614213023103974,-25.0741965770572,1.0090158350513065,1.9419927888009162e-07,0,0.08720590006126175,0.0038867014904841964,0.014697176404297352,1.0014931370888127
0.0214375,42,physics,0,374,21.82681175855867,1187.1669396824168,75.12070150691927,1284.1144529478947,654.1947927733495,0.0002643294503206628,3.6440047103944737,-18.560626011485244,1.0066737784328295,1.9522687733086744e-07,0,0.08639740868268242,0.003915311706721217,0.014697176404297352,1.0015029865882887
0.021500000000000002,42,physics,0,374,6.1756917550664845,1192.5281820017528,88.78585272967969,1287.489726486499,659.1177012790912,0.00026631856688605945,3.6439374031400424,-6.596828874686319,1.0023719822322097,1.9591015565367798e-07,0,0.0854727305188142,0.0039435046908262595,0.014697176404297352,1.0015119407627806
0.021500000000000002,43,refine,0,407,6.1756917550664845,1192.5281820017528,88.7858527296797,1287.489726486499,659.1177012790911,0.0002663185668860594,3.6439374031400424,-6.596828874686319,1.0023719822322097,1.4478321475053243e-07,0,0.09370063088098453,0.003727890484789098,0.010786556638777256,1.0015119407627806
0.021562500000000002,43,physics,0,407,1.4505697595664349,1203.952794810088,93.86207573244944,1299.265440302104,664.0775237845289,0.0002683225986683861,3.6630929991561767,7.832297862990541,0.9971838067221329,1.4493185940267516e-07,0,0.09269448064775485,0.0037545527082343227,0.010786556638777256,1.0015185669034452
0.021625000000000002,43,physics,0,407,12.614808638664151,1222.0088328510838,85.47452360219724,1320.098165091945,669.0747524969241,0.000270341744545525,3.7007033395725375,21.14939224400171,0.9923955172600527,1.4518319879641697e-07,0,0.09165543412350256,0.0037812227439206784,0.010786556638777256,1.001521969533255
0.021687500000000002,43,physics,0,407,29.647266818189046,1246.6611842258822,72.0920262102179,1348.4004772542892,674.1095581692107,0.0002723760735107326,3.7499832101473403,30.173630129626513,0.9891507844060352,1.4577182927411056e-07,0,0.09073634109282988,0.0038079054924057025,0.010786556638777256,1.0015257303480736
0.021750000000000002,43,physics,0,407,37.10631206738765,1277.2462074483371,67.39339130146868,1381.7459108171936,679.182264999093,0.0002744257165571046,3.8028928255209005,32.83262748179845,0.9881948306179024,1.466864292254397e-07,0,0.09003394272548573,0.0038345954226052027,0.010786556638777256,1.0015334311081945
0.021812500000000002,43,physics,0,407,28.512209866405783,1311.5344996684844,77.25617637898156,1417.3028859138717,684.2931288589602,0.0002764907770706792,3.851124051091681,29.510831366243952,0.9893898039065149,1.4799838776724514e-07,0,0.08948861083595541,0.0038612889518400326,0.010786556638777256,1.0015375501437276
0.021875000000000002,43,physics,0,407,12.446436787993818,1345.8330250687536,93.9373953204884,1452.2168571772359,689.4424994656724,0.0002785713963556465,3.888030929909708,21.081788487200566,0.9924203643363656,1.4948641258172323e-07,0,0.08915383311338866,0.003887991119875288,0.010786556638777256,1.0015375501437276
0.021937500000000002,43,physics,0,407,4.850900069437616,1376.3588705780867,102.79951412752138,1484.0092847750457,694.6305973079499,0.00028066766350116315,3.910176399409466,9.297725183961266,0.9966571530202314,1.5120903729126664e-07,0,0.08890706423230897,0.003915246577373408,0.010786556638777256,1.0015411319275267
0.022,43,physics,0,407,14.171258327499343,1401.229292509084,95.8159355909441,1511.2164864275273,699.857722031584,0.00028277969958004747,3.918291935108236,-2.3594689819120798,1.0008483725395054,1.5293703103935735e-07,0,0.08867751000816299,0.003942740363051149,0.010786556638777256,1.001547220989383
0.022,44,refine,0,475,14.171258327499341,1401.2292925090842,95.81593559094411,1511.2164864275276,699.857722031584,0.00028277969958004747,3.918291935108236,-2.3594689819120798,1.0008483725395054,1.5293703103935735e-07,0,0.08867751000816299,0.0037948731891909535,0.010786556638777256,1.001547220989383
0.0220625,44,physics,0,475,32.949431571941865,1421.3609513819033,79.4420696290183,1533.7524525828635,705.1242088161657,0.00028490764002266056,3.9601815404374547,-10.845822967840643,1.0038997264371432,1.5456242064004742e-07,0,0.08832436405391436,0.0038226089776824254,0.010786556638777256,1.001555101006738
0.022125,44,physics,0,475,44.50283548069062,1441.212607325357,69.16288468501966,1554.8783274910675,710.4302990502364,0.00028705158236279685,3.9579304023229547,-13.685599768456845,1.0049207910345104,1.5586737500683493e-07,0,0.08784262790560952,0.003849649854435246,0.010786556638777256,1.0015633392729903
0.0221875,44,physics,0,475,39.04871458759492,1464.6706053579196,74.56111880616038,1578.2804387516749,715.7763508149116,0.00028921167128425013,3.9637482182511277,-9.815508874834117,1.0035292500723472,1.567805689717258e-07,0,0.08710620365881702,0.0038763426235293532,0.010786556638777256,1.0015690702807842
0.02225,44,physics,0,475,23.466614835922627,1494.4861487617623,90.3105523147184,1608.2633159124034,721.1626170716426,0.0002913880089968851,3.9853986124482215,0.05099416075216924,0.9999816646138454,1.574520069880235e-07,0,0.08623504280094994,0.003902649253437242,0.010786556638777256,1.0015735476534409
0.0223125,44,physics,0,475,14.667258019531726,1531.6801663339909,101.46209436082515,1647.8095187143479,726.5893506868526,0.0002935806976721703,4.026811276546031,13.624883187899304,0.995101048964932,1.5776090833696804e-07,0,0.0852548996876652,0.003929540689748857,0.010786556638777256,1.001578741430798
0.022375,44,physics,0,475,23.149289622722844,1576.489348903914,98.08532233478462,1697.7239608614216,732.0568826272963,0.00029578987103825766,4.0872098075006065,27.69333732961269,0.9900426115082493,1.5800163488677304e-07,0,0.08426146461872126,0.003957149972329024,0.010786556638777256,1.0015810696845628
0.0224375,44,physics,0,475,43.011573263699276,1629.042958722359,84.7148131017724,1756.7693450878307,737.5654135207851,0.00029801561015944104,4.161469470192818,38.989962221107305,0.9859808259821902,1.5852733081800347e-07,0,0.08339668944209304,0.003985872518700258,0.010786556638777256,1.0015893081644198
0.0225,44,physics,0,475,57.6531177515132,1688.9240883534328,75.8047811243697,1822.3819872293157,743.1151869410496,0.0003002580134524479,4.241573376216103,44.998101308036084,0.9838205656030766,1.593913943054303e-07,0,0.08265816300996792,0.004015608419078422,0.010786556638777256,1.0015941438254619
0.0225,45,refine,0,497,57.65311775151319,1688.924088353433,75.8047811243697,1822.381987229316,743.1151869410496,0.0003002580134524479,4.241573376216103,44.998101308036084,0.9838205656030766,1.2421188344546876e-07,0,0.08265816300996792,0.0036687990469911843,0.008408565074205399,1.0015941438254619
0.0225625,45,physics,0,497,55.274508653032754,1754.1038459931835,81.9167372391474,1891.2950918853637,748.7071909119245,0.0003025174801313946,4.316931524743821,44.49966635610569,0.9839998592045078,1.2520259851100935e-07,0,0.08209726776944125,0.003693080966256068,0.008408565074205399,1.0016025615133384
0.022625,45,physics,0,497,39.78282877792593,1820.9462884620286,99.67656864972069,1960.4056858896752,754.3412706667982,0.00030479394766234924,4.383797263390702,37.85682943002936,0.9863883874255533,1.2648562375261463e-07,0,0.08168625697245804,0.0037181786595765656,0.008408565074205399,1.0016086509486675
0.0226875,45,physics,0,497,27.40614691623494,1884.7684432287156,114.33313154174903,2026.5077216866996,760.0177057798719,0.00030708752900814127,4.434619625311909,26.903699325999813,0.9903266799816034,1.279497627848514e-07,0,0.08140876878422823,0.0037440545030654384,0.008408565074205399,1.0016122329867434
0.02275,45,physics,0,497,31.723502109082503,1942.2745254684664,113.31889031992694,2087.316917897476,765.7368407580418,0.00030939836336785854,4.468557843126189,14.559567402005483,0.9947650795712939,1.296412150963988e-07,0,0.08119392050638735,0.0037704261887078552,0.008408565074205399,1.0016176060678765
0.0228125,45,physics,0,497,50.56508780217612,1993.3416662894106,98.28992094676407,2142.196675038351,771.4990894125715,0.00031172661794323555,4.489037669117617,4.139523354046832,0.9985116282889107,1.3115565611343516e-07,0,0.08091499644294171,0.003796779641846157,0.008408565074205399,1.0016211881379784
0.022875,45,physics,0,497,67.4926727472352,2041.1462701818455,84.15203851126878,2192.7909814403497,777.3046868645047,0.00031407238773566447,4.503180981132162,-1.507946297928152,1.0005421811102295,1.3240958463001123e-07,0,0.08047896177097381,0.0038233454851469635,0.008408565074205399,1.0016253075344326
0.0229375,45,physics,0,497,67.42886169839784,2090.305685768374,85.11449426840488,2242.849041735177,783.1539400582506,0.000316435796766993,4.519972054776722,-0.7603364305966961,1.00027337641577,1.3330913262166172e-07,0,0.07988266095026386,0.0038496359148544957,0.008408565074205399,1.001623158281995
0.023,45,physics,0,497,51.53736829742396,2144.4849937661465,100.95852601292447,2296.980888076495,789.0472147463835,0.00031881699282069217,4.547757767017461,6.290416590114793,0.99773831352215,1.3394730302707114e-07,0,0.0790674538034093,0.003875749514264857,0.008408565074205399,1.0016270985816536
0.023,46,refine,0,539,51.53736829742396,2144.484993766147,100.95852601292448,2296.9808880764954,789.0472147463836,0.00031881699282069217,4.547757767017461,6.290416590114793,0.99773831352215,1.1449747283620582e-07,0,0.0790674538034093,0.003692969664169557,0.00717646861448884,1.0016270985816536
0.0230625,46,physics,0,539,36.279033312226204,2205.1886315186157,117.24584546350445,2358.713510294346,794.9848539054663,0.00032121611447751344,4.590702938063237,17.87322364285119,0.9935738009355873,1.1482957873454326e-07,0,0.07817587954211168,0.0037201453315805332,0.00717646861448884,1.0016330090602052
0.023125,46,physics,0,539,37.39448937385805,2273.2410779421043,119.49627804166948,2430.131845357632,800.9672459118125,0.0003236333186621203,4.652625333687532,31.041323558604955,0.9888393557879303,1.148133481621017e-07,0,0.0772624244150373,0.0037475476405927216,0.00717646861448884,1.0016342628025636
0.0231875,46,physics,0,539,54.815069582755164,2348.551492618613,106.95852354775744,2510.3250857491257,806.9945245329338,0.0003260686594236935,4.728486845644693,42.4943057216846,0.9847215961718674,1.1523589193984666e-07,0,0.07639082651504359,0.0037752600173415617,0.00717646861448884,1.001640352430627
0.02325,46,physics,0,539,72.89543052851167,2430.833331783515,93.173990109052,2596.9027524210783,813.0671793868025,0.00032852233459390487,4.811531078759805,49.41861360405012,0.9822320748088149,1.1591740189942343e-07,0,0.07566505342773953,0.0038033713920420397,0.00717646861448884,1.001645546554408
0.0233125,46,physics,0,539,75.13083615554979,2518.4385740050266,93.01905230216335,2686.5884624627397,819.1855524641879,0.0003309944823551936,4.893353133858827,50.127316161266315,0.9819773651913196,1.1678744016307966e-07,0,0.07508403297181203,0.003831889559998062,0.00717646861448884,1.001651636251073
0.023375,46,physics,0,539,59.47252315865988,2607.6336093407785,108.67527853209995,2775.7814110315385,825.350052385312,0.00033348526781183717,4.965815275326946,44.443136697592976,0.9840210877234299,1.1805721378266297e-07,0,0.0746276433653368,0.0038608749735585027,0.00717646861448884,1.001658800647491
0.0234375,46,physics,0,539,40.40878160824036,2693.29270247782,127.2831295529655,2860.9846136390256,831.5607311728611,0.00033599471198376485,5.022837477665636,33.72561452956944,0.9878744412481925,1.1938321797799766e-07,0,0.07435698966525821,0.0038902921742314986,0.00717646861448884,1.0016573677641079
0.0235,46,physics,0,539,35.807275731272824,2770.930688373427,132.57940151777615,2939.3173656224762,837.8182803056587,0.00033852309426515593,5.0619397833617,20.576661094879,0.9926019791583345,1.2112351122084422e-07,0,0.07408880927500978,0.003920144023131215,0.00717646861448884,1.0016613081983436
0.0235,47,refine,0,589,35.807275731272824,2770.930688373427,132.57940151777615,2939.3173656224762,837.8182803056588,0.00033852309426515593,5.0619397833617,20.576661094879,0.9926019791583345,1.2112351122084422e-07,0,0.07727412222475721,0.0037845220359799146,0.00717646861448884,1.0016613081983436
0.0235625,47,physics,0,589,50.05188459230848,2838.813337931852,120.23410857255661,3009.099331096717,844.1228794535715,0.0003410704872521811,5.084800016648221,8.250337967312927,0.997033721532038,1.2268983518026746e-07,0,0.07701115537403352,0.0038137981842600098,0.00717646861448884,1.0016675771029389
0.023625,47,physics,0,589,69.31734037552181,2899.8681704650326,102.59273072507082,3071.778241565625,850.4748787568471,0.0003436370324201021,5.097262039703004,-0.14642748711234893,1.0000526455448078,1.2398598681073728e-07,0,0.07664250844443789,0.003842924838837039,0.00717646861448884,1.001674741613375
0.0236875,47,physics,0,589,74.44949294807387,2958.807922805913,97.25953094702714,3130.516946701014,856.8750421734475,0.00034622303844852073,5.107751016296161,-2.494917619518265,1.0008969986886767,1.2495253010058605e-07,0,0.07609725346141408,0.0038717753609638864,0.00717646861448884,1.0016835182084964
0.02375,47,physics,0,589,59.67586057937723,3020.4272374133425,110.18029666205734,3190.283394654777,863.3226258384636,0.0003488282047764953,5.125042922275108,1.7393615146686972,0.9993746482529996,1.2566156204485418e-07,0,0.07538632774271692,0.0039004633985673743,0.00717646861448884,1.0016903246005129
0.0238125,47,physics,0,589,38.548773603293185,3087.5180937734704,129.7234181244093,3255.790285501173,869.8189496732123,0.00035145306472235914,5.155887294435762,11.333031270545197,0.9959254454922598,1.2614988698089744e-07,0,0.07456451360809285,0.003929174536652871,0.00717646861448884,1.001694623398247
0.023875,47,physics,0,589,30.81206126116273,3161.0284605550196,137.98266670616545,3329.8231885223477,876.3640671865758,0.0003540976399065433,5.203105767164051,23.6753766272416,0.9914880132017554,1.2663968718129602e-07,0,0.07365923953190875,0.003958070329707188,0.00717646861448884,1.0017023254569914
0.0239375,47,physics,0,589,43.3723799641292,3241.1910961810863,128.0404388777153,3412.603915022931,882.9586893939861,0.00035676221761705496,5.265101709691921,35.498585250242826,0.9872372804445054,1.2700099194518089e-07,0,0.07277802269609808,0.0039873787862872165,0.00717646861448884,1.0017107440540578
0.024,47,physics,0,589,63.88082509980112,3327.9529421405305,110.39309229139765,3502.2268595317296,889.6028254884075,0.00035944680156833983,5.336279020068662,43.7477425706789,0.9842714613961924,1.2755764000615933e-07,0,0.07200156286311886,0.004017301679147002,0.00717646861448884,1.001713430855249
0.024,48,refine,0,654,63.880825099801115,3327.9529421405305,110.39309229139764,3502.2268595317296,889.6028254884075,0.00035944680156833983,5.336279020068662,43.7477425706789,0.9842714613961924,1.220743870433693e-07,0,0.06758586076921795,0.003801441284326981,0.006876925937831402,1.001713430855249
0.0240625,48,physics,0,654,72.50108857448429,3419.870483159636,102.81940502606312,3595.1909767601833,896.2971665443929,0.0003621516709912307,5.420082620526695,46.28927970237272,0.9833577135736893,1.228774060280104e-07,0,0.06696075260022782,0.003830885446841182,0.006876925937831402,1.0017096693355991
0.024125,48,physics,0,654,60.330164350397595,3514.2845849501427,113.86876393200302,3688.4835132325434,903.0417739658612,0.0003648768506961727,5.487058304407394,42.393671357603004,0.9847583097213038,1.2395650195173863e-07,0,0.06658600618141257,0.003860866308870331,0.006876925937831402,1.0017137890959524
0.0241875,48,physics,0,654,37.77899722150674,3605.7548821046703,134.47526183958206,3778.009141165759,909.8372884619519,0.00036762259956369607,5.540004489570931,32.90640777492235,0.9881692735219614,1.2530282411660228e-07,0,0.06623727527294657,0.0038912050522465235,0.006876925937831402,1.0017148638188311
0.02425,48,physics,0,654,25.237804963492568,3688.9962864525723,146.2095228725692,3860.4436142886343,916.6837777345525,0.00037038894494895993,5.575517833345244,20.04933971620575,0.9927917460058712,1.2659835846307025e-07,0,0.06619120709536769,0.003921603149566733,0.006876925937831402,1.0017218495456486
0.0243125,48,physics,0,654,34.13871028856309,3761.205982656286,138.3505993404648,3933.695292285314,923.5818642972017,0.0003731761383805046,5.594112881331607,6.92778223878318,0.9975092949960563,1.277989118975143e-07,0,0.06614824150826355,0.003951941646939249,0.006876925937831402,1.0017274023376144
0.024375,48,physics,0,654,55.65516500027552,3823.8025173274837,118.4812303682929,3997.9389126960523,930.5318774138738,0.0003759843128984681,5.600437068316383,-3.207442940605308,1.0011531422605573,1.2929465675881604e-07,0,0.06582611249355651,0.003981624750527692,0.006876925937831402,1.0017343881518723
0.0244375,48,physics,0,654,68.5337358661258,3881.746598724859,105.85966442831537,4056.1399990193,937.5341705718508,0.0003788136113304914,5.602264886245607,-7.801283506164044,1.0028047076744346,1.3048036962004511e-07,0,0.0654715478682974,0.004011069438612411,0.006876925937831402,1.0017460312838968
0.0245,48,physics,0,654,59.59544223929741,3940.853918421896,113.02521642825151,4113.474577089445,944.5890837980338,0.00038166417106550647,5.608478795747904,-5.733974133693241,1.0020614571908024,1.31328296681943e-07,0,0.064842880074342,0.004039858236374992,0.006876925937831402,1.0017471060413679
0.0245,49,refine,0,708,59.59544223929743,3940.8539184218957,113.02521642825151,4113.474577089445,944.5890837980337,0.00038166417106550647,5.608478795747904,-5.733974133693241,1.0020614571908024,1.31328296681943e-07,0,0.064842880074342,0.003698676953161509,0.006876925937831402,1.0017471060413679
0.0245625,49,physics,0,708,36.893119526405926,4004.9320992889598,133.45000033825724,4175.275219153623,951.6971230038845,0.00038453619651862016,5.62616341998126,2.365022823688476,0.9991497434882627,1.3200160431381397e-07,0,0.06429317055693233,0.0037269450843250736,0.006876925937831402,1.0017539128654604
0.024625,49,physics,0,708,22.0193543415366,4076.2286621064286,147.93076337173247,4246.178779819697,958.8586680899095,0.00038742984118981925,5.660523211405767,14.314146529250113,0.9948538751070708,1.3253355923836818e-07,0,0.06337875031273972,0.0037553597410358423,0.006876925937831402,1.0017544502482798
0.0246875,49,physics,0,708,29.185863740652795,4154.986891309272,143.07700033903282,4327.249755388958,966.0740427285858,0.0003903452358599797,5.710674257229986,26.9644809445497,0.9903059074623708,1.3303713242152074e-07,0,0.0624755487636658,0.003783957446589082,0.006876925937831402,1.0017610779934203
0.02475,49,physics,0,708,51.733843077115935,4241.3776042584195,124.14848524163381,4417.25993257717,973.3438094453902,0.0003932826078192782,5.772374933205492,37.085273993628064,0.9866673275522098,1.3350283012414368e-07,0,0.06184085905705009,0.0038126725641158036,0.006876925937831402,1.0017643023177223
0.0248125,49,physics,0,708,68.60747395924594,4334.795853651567,109.85069920190385,4513.254026812717,980.6682358745695,0.0003962420652061692,5.838537693465837,42.141211430381496,0.9848497424530427,1.3428716183483402e-07,0,0.06124400444671006,0.003841509703531746,0.006876925937831402,1.0017678849124518
0.024875,49,physics,0,708,64.02505548111253,4432.72756614216,114.72210887198912,4611.474730495262,988.0477605006737,0.00039922378519170406,5.901046646603941,40.88596762378753,0.9853010172576491,1.3537627108206596e-07,0,0.06088374464793664,0.003870501804936723,0.006876925937831402,1.001775050140348
0.0249375,49,physics,0,708,42.116101000588685,4530.326518160041,135.46755862248725,4707.910177783117,995.4829066989907,0.00040222797924730386,5.952657403253828,33.61198180428977,0.9879161087333662,1.368952915470345e-07,0,0.06043996297711007,0.00389958594350678,0.006876925937831402,1.0017793493016856
0.025,49,physics,0,708,23.410552399987886,4621.789624384785,153.6218066426012,4798.821983427374,1002.973892910161,0.00040525473563459194,5.9886686219420415,22.07902370449654,0.9920623700885659,1.3829430578482508e-07,0,0.06040768110706467,0.0039289129748641535,0.006876925937831402,1.0017840067472883
0.025,50,refine,0,744,23.41055239998789,4621.789624384786,153.6218066426012,4798.821983427375,1002.9738929101609,0.00040525473563459194,5.9886686219420415,22.07902370449654,0.9920623700885659,1.1380573283759071e-07,0,0.06040768110706467,0.0036865994714800434,0.005716101266443729,1.0017840067472883
0.0250625,50,physics,0,744,25.996673620619916,4702.824040744801,152.43689031551807,4881.257604680939,1010.5212920620733,0.0004083042858468727,6.007276958923615,9.160787346506345,0.9967065999996548,1.1512891262555066e-07,0,0.06037393824895138,0.003714682744206082,0.005716101266443729,1.0017892016160057
0.025125,50,physics,0,744,48.170066763529306,4773.788355917007,132.95646804229438,4954.914890722831,1018.1253790392158,0.0004113767409520818,6.0136066007338265,-1.8665551295755625,1.0006710435631503,1.16426730478736e-07,0,0.06024577751229982,0.0037426775334490248,0.005716101266443729,1.001799412298546
0.0251875,50,physics,0,744,69.34083373391977,4838.889064080695,113.62504362864871,5021.854941443264,1025.7868003381418,0.0004144723621691725,6.013391497985785,-8.115784923245226,1.002917667788521,1.1754996975810176e-07,0,0.05990149787876125,0.003770449888773972,0.005716101266443729,1.0018040698374253
0.02525,50,physics,0,744,69.55470521880596,4904.533670344262,113.01898308573331,5087.107358648801,1033.5058573641393,0.0004175912712818928,6.015411837581638,-7.903094451754188,1.002841186144641,1.1841509905963229e-07,0,0.05946061052353124,0.003797869916369595,0.005716101266443729,1.0018121310135797
0.0253125,50,physics,0,744,49.156248857585766,4975.997456160188,131.78375545011863,5156.937460467892,1041.2829208349121,0.0004207336180798901,6.027941948689664,-1.236114770322637,1.000444383230414,1.19088302774628e-07,0,0.05889922006144522,0.003825107483224182,0.005716101266443729,1.0018157137793582
0.025375,50,physics,0,744,28.724416058637658,5055.953536592813,151.94326416105915,5236.62121681251,1049.1183321125231,0.00042389954049157266,6.0563734171041155,10.193405424437376,0.996335491961865,1.194631038536898e-07,0,0.058155967175151,0.00385231341977137,0.005716101266443729,1.0018187591403442
0.025437500000000002,50,physics,0,744,29.108577168378524,5145.223171886575,154.42561921353,5328.757368268483,1057.012347360539,0.0004270891420206308,6.101902760496296,23.50346969942342,0.9915505621287111,1.197162053934164e-07,0,0.05733435700412518,0.0038797921348637412,0.005716101266443729,1.0018187591403442
0.025500000000000002,50,physics,0,744,51.4454867116737,5244.098201994398,137.40345984049418,5432.947148546566,1064.9653106785165,0.00043030256170156615,6.161360023077747,35.398476547995756,0.9872743509252353,1.200736630124766e-07,0,0.05660887364107276,0.003907721456382622,0.005716101266443729,1.0018227002094797
0.025500000000000002,51,refine,0,804,51.4454867116737,5244.098201994397,137.40345984049418,5432.947148546565,1064.9653106785165,0.0004303025617015661,6.161360023077747,35.398476547995756,0.9872743509252353,7.911452115649803e-08,0,0.05266170882272717,0.0037048101896445013,0.0037639057263731956,1.0018227002094797
0.025562500000000002,51,physics,0,804,76.30014966501071,5352.17559115348,117.83470437465586,5546.310445193147,1072.9792196257995,0.00043354060665446896,6.22825719686624,43.01699884613415,0.9845355392668308,7.960902692616413e-08,0,0.05212606998222376,0.0037312172113721466,0.0037639057263731956,1.001826462153572
0.025625000000000002,51,physics,0,804,81.94908384961687,5468.207001772924,115.40490319186075,5665.560988814402,1081.0535144145483,0.0004368030506953165,6.294968605065527,44.612134557909364,0.9839621881908877,8.013520513827645e-08,0,0.05171013100368424,0.0037586373697188562,0.0037639057263731956,1.0018407934985742
0.025687500000000002,51,physics,0,804,64.5263610720906,5587.641728617039,133.9837198418128,5786.151809530942,1089.1884980515113,0.0004400900162549333,6.3535875633763945,39.908994687317424,0.9856530534386763,8.082127855857385e-08,0,0.05145096369065568,0.0037868044027813646,0.0037639057263731956,1.0018406143554963
0.025750000000000002,51,physics,0,804,41.82420913095251,5704.384191100821,157.6749038786485,5903.883304110422,1097.3848097839282,0.00044340176162316184,6.3985045030194225,30.177888498600442,0.9891513466126576,8.19577206101486e-08,0,0.05126866389940632,0.003815532034196602,0.0037639057263731956,1.0018497506933086
0.025812500000000002,51,physics,0,804,37.162605386214544,5813.033469628295,165.08325171096388,6015.279326725474,1105.64267535592,0.0004467383780126208,6.4275352086889646,17.94027463521274,0.9935506642895026,8.269844187225318e-08,0,0.05117891213695139,0.0038443614997063164,0.0037639057263731956,1.0018522587221852
0.025875000000000002,51,physics,0,804,57.463389679569985,5911.850402915343,149.36065925176337,6118.674451846677,1113.9627579698206,0.0004501001333922863,6.442582840998758,6.404158484959402,0.9976977883359232,8.37534628317371e-08,0,0.05105817872415955,0.003873010150890559,0.0037639057263731956,1.0018576330909204
0.025937500000000002,51,physics,0,804,85.96107006806417,6004.029460937787,125.33375469655275,6215.324285702404,1122.3454401542863,0.0004534871823240564,6.449340278110995,-1.3195601475635783,1.0004743615685388,8.461367428935763e-08,0,0.050837748448915296,0.0039012062646785113,0.0037639057263731956,1.001870173396754
0.026000000000000002,51,physics,0,804,97.71555104481484,6096.062993115302,115.9421514834685,6309.720695643585,1130.7911777503664,0.0004568997089919315,6.455941201352663,-3.043341299213719,1.0010940349550497,8.538590101636585e-08,0,0.05049644839782906,0.003928842729047545,0.0037639057263731956,1.0018766227580183
0.026000000000000002,52,refine,0,890,97.71555104481483,6096.062993115301,115.94215148346849,6309.720695643584,1130.7911777503664,0.0004568997089919315,6.455941201352663,-3.043341299213719,1.0010940349550497,8.538590101636585e-08,0,0.05049644839782906,0.003746423116399287,0.0037639057263731956,1.0018766227580183
0.0260625,52,physics,0,890,83.89938355997845,6193.935339071565,130.18919154692102,6408.023914178465,1139.3005170645156,0.0004603379341327425,6.469579110575768,1.8466216702469884,0.9993361668558046,8.586433608570585e-08,0,0.05007883024964355,0.003773818063355511,0.0037639057263731956,1.001884147065299
0.026125,52,physics,0,890,60.755453912962935,6302.227395036145,154.40691327365494,6517.389762222763,1147.8738577610093,0.0004638020192320888,6.499624413889282,12.237560156598539,0.9956007775606907,8.601848655587213e-08,0,0.04953338325680077,0.0038012133447038465,0.0037639057263731956,1.0018954336321748
0.0261875,52,physics,0,890,53.902030306845994,6421.895722554056,165.55437618593004,6641.3521290468325,1156.511768071443,0.0004672921938857225,6.546964226559206,25.602450687103744,0.9907963063484079,8.618772362467543e-08,0,0.04895955456481578,0.0038286685092882734,0.0037639057263731956,1.0018984792354964
0.02625,52,physics,0,890,73.62226007179311,6553.309789985484,153.6062310721231,6780.538281129399,1165.21464926186,0.00047080862022644173,6.610084748365383,38.72318209586838,0.9860795845022223,8.589893951693735e-08,0,0.04836989155557467,0.0038563026656372157,0.0037639057263731956,1.001905466242805
0.0263125,52,physics,0,890,105.25226941092127,6696.582460793103,130.95278035546676,6932.78751055949,1173.9830329852948,0.0004743515130703161,6.683678154890938,48.49705613272357,0.982566129378816,8.64243183684722e-08,0,0.047889472593779854,0.0038840562556476245,0.0037639057263731956,1.0019083327214375
0.026375,52,physics,0,890,123.15132172579217,6850.624503985397,120.48569694214457,7094.2615226533335,1182.8174044421355,0.00047792106846407915,6.7601099313590165,52.761513607671354,0.9810335632263887,8.689565333952484e-08,0,0.047491859692921974,0.003911869718500532,0.0037639057263731956,1.0019119158312606
0.0264375,52,physics,0,890,114.52946010892153,7011.83607939735,134.04782724346484,7260.413366749736,1191.7182651924413,0.0004815174890646399,6.83126270543623,50.656844192418724,0.9817881720950716,8.768853199114813e-08,0,0.047229215110069535,0.00394015996063233,0.0037639057263731956,1.0019162155799635
0.0265,52,physics,0,890,91.38918172025589,7174.114048227574,161.07382837529627,7426.577058323126,1200.6860832485154,0.00048514096397383213,6.890747105334675,42.901997551144724,0.984576148219978,8.888190272671176e-08,0,0.04702555860209832,0.0039684528387392655,0.0037639057263731956,1.0019244568165544
0.0265,53,refine,0,950,91.38918172025589,7174.114048227573,161.0738283752963,7426.577058323125,1200.6860832485154,0.00048514096397383213,6.890747105334675,42.901997551144724,0.984576148219978,8.769564452393286e-08,0,0.04702555860209832,0.0037573818513131144,0.003674294101074338,1.0019244568165544
0.0265625,53,physics,0,950,79.82721533335524,7330.691361921427,177.7716523241037,7588.290229578886,1209.7213512245817,0.0004887916922339722,6.93344471152009,31.59171642358466,0.9886423339397438,8.872264789516756e-08,0,0.046921783426381945,0.0037841444853144958,0.003674294101074338,1.0019328772804772
0.026625,53,physics,0,950,95.83854146327661,7478.453416984283,169.1362650324924,7743.428223480052,1218.824699672074,0.0004924699286213371,6.962642661075621,19.75056563423163,0.9928994080365909,8.978811649740238e-08,0,0.04685344060788304,0.00381120492716354,0.003674294101074338,1.0019368187985438
0.0266875,53,physics,0,950,129.63453596866037,7618.662283079559,143.4831315762337,7891.779950624453,1227.9965018779046,0.0004961758239636709,6.981335250061008,10.601537017526068,0.9961886270670548,9.07216985979176e-08,0,0.046696736241933455,0.0038385634976157014,0.003674294101074338,1.0019421936208956
0.02675,53,physics,0,950,154.1887157208908,7757.355579269979,125.3982208496202,8036.94251584049,1237.2373161868027,0.000499909603861906,6.996911583636583,6.746313697180011,0.997574630997587,9.157635716405818e-08,0,0.04644250631433485,0.0038658622528043754,0.003674294101074338,1.0019486434457772
0.0268125,53,physics,0,950,151.18151454851764,7901.812683979635,132.4059761033481,8185.400174631501,1246.5476642442482,0.0005036714790885284,7.017955902115207,9.420066602975329,0.9966138465677302,9.217521679261163e-08,0,0.04607536699693422,0.0038933994275142858,0.003674294101074338,1.0019531225152618
0.026875,53,physics,0,950,129.1964338500348,8057.192782912429,157.9525690795441,8344.341785842007,1255.928083898678,0.0005074616669628797,7.051831147411079,18.146165310486218,0.9934771585327026,9.255492905424485e-08,0,0.04562552953291091,0.0039212344185605,0.003674294101074338,1.0019633348685573
0.0269375,53,physics,0,950,115.58321272041309,8225.659664945386,177.83552536226074,8519.078403028061,1265.3791628066228,0.0005112804049294179,7.102590758297316,30.855872618037736,0.9889078461030457,9.284993662816979e-08,0,0.04516506638855686,0.003949248228716159,0.003674294101074338,1.0019719348257503
0.027,53,physics,0,950,129.97296691769816,8407.765868888575,173.76587839550228,8711.504714201776,1274.9013288504057,0.0005151278658753328,7.169978878604591,44.51925555304236,0.9839961385771421,9.309850490524228e-08,0,0.0446591752632821,0.003977441060682228,0.003674294101074338,1.0019805348567576
0.027,54,refine,0,1006,129.9729669176982,8407.765868888575,173.76587839550226,8711.504714201776,1274.9013288504057,0.0005151278658753327,7.169978878604591,44.51925555304236,0.9839961385771421,9.309850490524228e-08,0,0.0446591752632821,0.0037629018066203117,0.003674294101074338,1.0019805348567576
0.0270625,54,physics,0,1006,165.62242469603171,8603.491646699877,150.8056149007029,8919.919686296611,1284.4951295438982,0.0005190042710253142,7.249506471629724,55.91846434848062,0.9798969395841877,9.340038786831435e-08,0,0.044172655194196074,0.0037897834944817916,0.003674294101074338,1.001988597452866
0.027125,54,physics,0,1006,196.01194731043594,8812.821854171456,132.34453863460237,9141.178340116494,1294.1609156535103,0.0005229097621076272,7.334771647811856,62.47814614972779,0.9775388227905167,9.390211541671075e-08,0,0.043754080645743536,0.0038169631845309028,0.003674294101074338,1.0019946892351748
0.0271875,54,physics,0,1006,199.62520945573698,9032.692005027317,137.94921980682386,9370.266434289877,1303.8995669153837,0.0005268446945824084,7.417666172582246,62.82856232201768,0.9774129677521969,9.463645866958359e-08,0,0.04346228458666658,0.0038443216890983217,0.003674294101074338,1.0020002435395583
0.02725,54,physics,0,1006,179.86314069292786,9257.306229332395,164.92240150906463,9602.091771534386,1313.7114121002376,0.0005308092012904943,7.491052055002406,57.108140853090966,0.9794695586467764,9.555068292144133e-08,0,0.043264796130806915,0.0038717397989132605,0.003674294101074338,1.0020043644949646
0.0273125,54,physics,0,1006,162.27154615417567,9479.350573238673,190.19876849849607,9831.820887891345,1323.5973071139613,0.0005348036280633347,7.550202748509619,46.93464819414417,0.9831269558722371,9.666520384143932e-08,0,0.043115957849237316,0.003899455972578117,0.003674294101074338,1.0020104563731322
0.027375,54,physics,0,1006,171.13795593168254,9693.306351470143,191.3107315709937,10055.755038972819,1333.5575561591936,0.0005388280978149557,7.594024888790069,35.03610898577508,0.9874045128994927,9.781142829012885e-08,0,0.04309246060310657,0.003927470149188103,0.003674294101074338,1.0020136815000975
0.0274375,54,physics,0,1006,206.32935218875687,9898.625193234588,167.72951061904098,10272.684056042386,1343.5927633002827,0.0005428828546194448,7.625331455193407,24.63039038846059,0.9911454037433938,9.892367813790782e-08,0,0.04294530203252823,0.003955424741354804,0.003674294101074338,1.0020140398481787
0.0275,54,physics,0,1006,242.4931041329079,10100.345310628141,142.2284090157525,10485.0668237768,1353.7035126038431,0.0005469681344707432,7.650400185791075,18.620035552715787,0.9933061204056828,9.987921423260114e-08,0,0.04276249354789045,0.003983796586367703,0.003674294101074338,1.002016010764917
0.0275,55,refine,0,1102,242.4931041329079,10100.345310628143,142.2284090157525,10485.066823776802,1353.7035126038431,0.0005469681344707432,7.650400185791075,18.620035552715787,0.9933061204056828,7.331765594642553e-08,0,0.046451392200006054,0.0037467677987210396,0.002696639159694314,1.002016010764917
0.0275625,55,physics,0,1102,252.96962272810293,10305.91086122765,139.63724343797142,10698.517727393726,1363.8903402760918,0.0005510841540246486,7.677009826121351,18.805949758541782,0.9932392953603834,7.386270794995654e-08,0,0.04612074534956459,0.003773410303649031,0.002696639159694314,1.0020142190222676
0.027625,55,physics,0,1102,235.9317965613491,10522.794346413144,162.91081771910865,10921.636960693602,1374.1536081114423,0.0005552310594653238,7.714675118649374,25.345828366638973,0.9908882518851988,7.420694814186388e-08,0,0.04570305031347803,0.0038002311799897365,0.002696639159694314,1.0020161899393583
0.0276875,55,physics,0,1102,216.5288189463408,10753.988035647635,190.18849958246292,11160.705354176438,1384.4937553429386,0.0005594090282662544,7.767777995490691,36.744493440306734,0.9867905019330625,7.446241312436544e-08,0,0.04519851147356162,0.0038272606847483638,0.002696639159694314,1.0020217443629256
0.02775,55,physics,0,1102,222.50655255722356,11000.43986014673,196.1589387233812,11419.105351427334,1394.910928983517,0.0005636181198284767,7.837575183961775,50.26915963356956,0.9819284903660039,7.463284479314333e-08,0,0.044653017935490216,0.0038545286193758252,0.002696639159694314,1.0020314198839597
0.0278125,55,physics,0,1102,257.60034554836864,11262.444998090574,176.39128633046144,11696.436629969403,1405.4052904275122,0.0005678583993638785,7.9211302427190065,62.70411746747999,0.977458173579222,7.495428810955221e-08,0,0.04414478877765061,0.003881974511377752,0.002696639159694314,1.002036616035667
0.027875,55,physics,0,1102,298.2510296495334,11539.837090690882,151.2898211817173,11989.377941522132,1415.9767189321317,0.0005721298180859585,8.012202845940525,71.17139216871519,0.9744143208507466,7.529922640969752e-08,0,0.04370063795766692,0.00390963033927241,0.002696639159694314,1.0020443207240026
0.0279375,55,physics,0,1102,315.78819788812206,11830.585269350751,146.67432620525386,12293.047793444126,1426.6250736270313,0.0005764323190756144,8.102855723996475,73.81335490188836,0.9734647412410748,7.577237148836973e-08,0,0.043328729564097467,0.003937554391380693,0.002696639159694314,1.0020464708801577
0.028,55,physics,0,1102,302.9921797771578,12129.47252592651,169.5240412664813,12601.98874697015,1437.3501474111436,0.0005807658186530152,8.185450659258024,70.20162023525134,0.9747631780638946,7.64389573859603e-08,0,0.0430587498557648,0.003965687064647372,0.002696639159694314,1.0020493377622084
0.028,56,refine,0,1218,302.9921797771578,12129.47252592651,169.5240412664813,12601.98874697015,1437.3501474111436,0.000580765818653015,8.185450659258024,70.20162023525134,0.9747631780638946,7.64389573859603e-08,0,0.0430587498557648,0.0037577574868535276,0.002696639159694314,1.0020493377622084
0.0280625,56,physics,0,1218,281.02462741488955,12428.805706462908,200.99972472052903,12910.830058598327,1448.1664721731754,0.0005851361884731691,8.253952521717258,61.40419968928518,0.977925791656877,7.730728146526652e-08,0,0.04290140364560009,0.0037856524302703324,0.002696639159694314,1.0020502336645312
0.028125,56,physics,0,1218,280.2022912993409,12721.998720571082,213.3931343471138,13215.594146217538,1459.0642219526567,0.0005895394583260698,8.30945181847334,49.78394284058761,0.9821031633754678,7.823932346440196e-08,0,0.04274533433382526,0.0038139643230430237,0.002696639159694314,1.0020606261900138
0.0281875,56,physics,0,1218,311.7232262041736,13005.757572041399,195.84418089422726,13513.324979139801,1470.0439869252805,0.0005939758666740496,8.351566826851878,38.423686826737885,0.9861871473880316,7.921534095345356e-08,0,0.042631430330049534,0.003842395428434384,0.002696639159694314,1.0020643890275416
0.02825,56,physics,0,1218,356.12580692167035,13283.505119842393,165.49968897437793,13805.130615738442,1481.1063618496632,0.0005984456538311869,8.385382779554545,30.4290450776265,0.9890611443638949,8.004502483061059e-08,0,0.04241800676323324,0.0038708861423908955,0.002696639159694314,1.0020627763811567
0.0283125,56,physics,0,1218,381.1493857791512,13563.130453695194,151.93531722798338,14096.215156702328,1492.2520025026042,0.0006029490847661457,8.418517130517342,28.057682758596442,0.9899136460846107,8.073981749845413e-08,0,0.04212096897917263,0.003899435920012476,0.002696639159694314,1.002066001676522
0.028375,56,physics,0,1218,372.98809163486317,13852.791291652946,168.8517905545687,14394.631173842377,1503.4814815748796,0.0006074863908764243,8.45903529576651,32.123845400678256,0.9884519243848275,8.12254494775288e-08,0,0.04171771661707901,0.003927985981740833,0.002696639159694314,1.0020681518791994
0.0284375,56,physics,0,1218,350.17612810050275,14157.499012605267,200.68698250315623,14708.362123208924,1514.7954842493195,0.0006120578490122866,8.513142652366177,41.74013830584551,0.984994971323021,8.158461195506565e-08,0,0.041275525920882856,0.00395665526059843,0.002696639159694314,1.0020683310629641
0.0285,56,physics,0,1218,345.7242073775825,14479.042233608667,217.78682370989316,15042.553264696144,1526.1944983627975,0.0006166636562857444,8.583598576070733,54.574442502218176,0.9803813697725879,8.179913724148951e-08,0,0.040761246107955305,0.003985384152401242,0.002696639159694314,1.0020737065908047
0.0285,57,refine,0,1324,345.7242073775825,14479.042233608667,217.78682370989318,15042.553264696144,1526.1944983627977,0.0006166636562857444,8.583598576070733,54.574442502218176,0.9803813697725879,6.317923784138195e-08,0,0.040761246107955305,0.003733052218372484,0.0021021412685513496,1.0020737065908047
0.0285625,57,physics,0,1324,375.2999374457039,14817.405311787265,205.04256879402348,15397.747818026992,1537.6792629701156,0.0006213041113142019,8.71569009915562,67.54226905195702,0.9757197846041018,6.345026548615359e-08,0,0.040288070245478445,0.0037567666651652284,0.0021021412685513496,1.0020780070338395
0.028625,57,physics,0,1324,422.5085120882494,15173.580162967151,176.2284502876394,15772.31712534304,1549.250228571675,0.0006259793961237534,8.813435654466167,77.57243549412405,0.9721142321746539,6.375153560611582e-08,0,0.0398820259881345,0.0037810081683520144,0.0021021412685513496,1.0020839201731466
0.0286875,57,physics,0,1324,454.56512820881363,15545.91918999195,160.55535115967325,16161.039669360436,1560.907822292775,0.0006306896832957117,8.913383503776876,82.38832841422202,0.9703830979398621,6.413238917701844e-08,0,0.03954239954434286,0.003806184858559104,0.0021021412685513496,1.0020869663494376
0.02875,57,physics,0,1324,452.74620729407434,15930.119897360162,175.3490619757094,16558.215166629947,1572.6523571677983,0.0006354350993125984,9.007524833026041,80.99480646653345,0.9708841756567357,6.467957547329214e-08,0,0.03931477508395605,0.0038321103066425405,0.0021021412685513496,1.0020941338595901
0.0288125,57,physics,0,1324,429.8151665258657,16318.483974004,209.5676107866853,16957.866751316553,1584.484127769477,0.0006402157631974477,9.089260915039143,73.91004152270011,0.9734309904540919,6.539936237004444e-08,0,0.039173613712319484,0.0038588885281303623,0.0021021412685513496,1.002101301421009
0.028875,57,physics,0,1324,418.718953053799,16702.50952693446,233.3606224002244,17354.589102388483,1596.4032052873424,0.0006450317037146147,9.154820503654701,63.02653665977454,0.9773434889673493,6.609777170041296e-08,0,0.03905660936569146,0.00388633737366056,0.0021021412685513496,1.002107035507056
0.0289375,57,physics,0,1324,442.18203490685073,17076.89496624052,225.54642739533557,17744.62342854271,1608.4097205620774,0.0006498829737306873,9.204272064368716,51.21197451953004,0.9815905835454418,6.6724911818028e-08,0,0.03896486607344122,0.0039140249904011165,0.0021021412685513496,1.0021077522701187
0.029,57,physics,0,1324,490.61993102187364,17442.829530800616,194.12104504330503,18127.570506865795,1620.5036509615597,0.0006547695641010893,9.241577406620271,41.62096025082129,0.9850383921458965,6.740496782953188e-08,0,0.03879264564222513,0.003941671954707858,0.0021021412685513496,1.002109544180019
0.029,58,refine,0,1458,490.6199310218735,17442.829530800613,194.12104504330503,18127.57050686579,1620.5036509615597,0.0006547695641010893,9.241577406620271,41.62096025082129,0.9850383921458965,5.929119062386686e-08,0,0.03879264564222513,0.003737108619155355,0.00179411715362221,1.002109544180019
0.0290625,58,physics,0,1458,530.2162297129299,17807.61455399798,169.6376130342429,18507.468396745153,1632.6981931122305,0.0006596968069639298,9.273755074801674,36.89398085502005,0.9867377080621469,5.985396711594145e-08,0,0.03857888135476956,0.0037642558294509864,0.00179411715362221,1.0021131280094318
0.029125,58,physics,0,1458,535.3363054371076,18181.25768583268,176.36517113575164,18892.95916240554,1644.9844699152095,0.0006646611154996988,9.31456681726968,38.43854906981469,0.986182535953524,6.028599841556573e-08,0,0.03827342639432213,0.0037916663228887816,0.00179411715362221,1.0021167118516614
0.0291875,58,physics,0,1458,513.7994554794888,18570.19779266254,208.5990822664457,19292.596330408476,1657.3633892746786,0.0006696628565499168,9.367787994872295,46.00634507872059,0.9834622016607265,6.051916656701904e-08,0,0.03788787293564728,0.0038192799246453343,0.00179411715362221,1.0021190413559835
0.02925,58,physics,0,1458,499.5955957320357,18977.482454541787,236.2661570146911,19713.344207288515,1669.8351050065926,0.0006747020922644009,9.4373863819548,57.79067034422662,0.9792279423298892,6.082130887818947e-08,0,0.03745494890908073,0.003847070435525631,0.00179411715362221,1.0021202957067077
0.029312500000000002,58,physics,0,1458,520.0507824134131,19403.891265936836,234.0702475256415,20158.01229587589,1682.4007940771112,0.0006797792982000072,9.523294079989306,70.91643862781748,0.9745110119370283,6.103657312905852e-08,0,0.037008409302779634,0.003875127305084809,0.00179411715362221,1.0021288970111122
0.029375000000000002,58,physics,0,1458,569.781113192077,19849.683849382178,205.61992664753086,20625.084889221784,1695.0609930115033,0.0006848946911414463,9.621662301959377,82.22421633539737,0.9704433930132774,6.121510764955922e-08,0,0.03660638626122337,0.0039033347775915923,0.00179411715362221,1.0021360648211772
0.029437500000000002,58,physics,0,1458,616.157822639043,20314.310025412935,179.6999532448925,21110.167801296873,1707.8165749158075,0.0006900486238699424,9.725387582648988,89.11592037590667,0.9679662543278925,6.141791786262725e-08,0,0.03628127128439949,0.003931784181140579,0.00179411715362221,1.0021441286687822
0.029500000000000002,58,physics,0,1458,629.7528608836592,20794.461452813986,183.10854463960464,21607.32285833725,1720.6663218177027,0.0006952406042599736,9.826306727681478,90.07407410230104,0.9676218522861191,6.194625434829967e-08,0,0.03601659479440139,0.0039604171472299825,0.00179411715362221,1.0021496838015456
0.029500000000000002,59,refine,0,1586,629.7528608836592,20794.461452813986,183.10854463960464,21607.32285833725,1720.6663218177027,0.0006952406042599736,9.826306727681478,90.07407410230104,0.9676218522861191,6.066575153340638e-08,0,0.0341956892288834,0.003806900335377584,0.00179411715362221,1.0021496838015456
0.029562500000000002,59,physics,0,1586,611.6907956871748,21282.72807752793,215.50382884171927,22109.922702056825,1733.6145822914207,0.0007004723893665431,9.916467810947356,85.02971625876592,0.9694351094003426,6.110756700650197e-08,0,0.03394826733580471,0.003836469010849804,0.00179411715362221,1.0021573893592626
0.029625000000000002,59,physics,0,1586,592.8876475236664,21770.641469107395,249.15619752772653,22612.685314158785,1746.6604016718757,0.0007057435934542426,9.99325820810802,75.37298812932988,0.972906430988331,6.203633517998239e-08,0,0.033962526362272906,0.0038663065885873996,0.00179411715362221,1.0021613317605405
0.029687500000000002,59,physics,0,1586,605.9675570329296,22250.266909924685,254.04201808567637,23110.276485043294,1759.80379899421,0.0007110542242142807,10.054438265226828,63.65018328312059,0.9771203423234713,6.249142359138214e-08,0,0.03371574287306252,0.0038959883516022508,0.00179411715362221,1.0021695750133284
0.029750000000000002,59,physics,0,1586,654.3469387342125,22720.22830014079,226.28566358641706,23600.860902461416,1773.0466394884243,0.0007164050352986688,10.102714556169513,52.96531051546936,0.9809612157661742,6.341048219837828e-08,0,0.033713242469257027,0.003925374221471888,0.00179411715362221,1.0021717254382505
0.029812500000000002,59,physics,0,1586,707.8263585872118,23186.366404297434,192.84195732600136,24087.034720210646,1786.388825599043,0.0007217959872898111,10.144344606320043,46.21975283147846,0.9833860172643103,6.387472240021448e-08,0,0.03346811291956548,0.003954400995596124,0.00179411715362221,1.0021688582060464
0.029875000000000002,59,physics,0,1586,730.9736007164267,23658.67460084291,186.45339247004895,24576.101594029387,1799.8315936283307,0.0007272275797195012,10.187492370612787,45.33953570841796,0.9837024955653013,6.44030304641774e-08,0,0.03325407227916242,0.00398303141969225,0.00179411715362221,1.0021717254382505
0.029937500000000002,59,physics,0,1586,717.7102241528407,24146.02454792673,214.07458809870025,25077.80936017827,1813.3755312969545,0.0007327000500581113,10.239824509762268,50.7179497703502,0.9817692944556817,6.475864644528426e-08,0,0.03295351693517576,0.004011537921244993,0.00179411715362221,1.002175130287147
0.03,59,physics,0,1586,697.7145051277454,24653.285994506048,249.99960026398605,25601.000099897778,1827.021142692643,0.0007382136019838628,10.306704121889988,61.11586790091864,0.9780319229435894,6.473153923991509e-08,0,0.03246285714307077,0.004039925380504416,0.00179411715362221,1.0021822984278996
0.03,60,refine,0,1744,697.7145051277455,24653.28599450605,249.99960026398608,25601.00009989778,1827.021142692643,0.0007382136019838628,10.306704121889988,61.11586790091864,0.9780319229435894,6.206145553022685e-08,0,0.03246285714307077,0.0037457425805034537,0.0017192314844578505,1.0021822984278996
0.0300625,60,physics,0,1744,707.7543862060702,25181.33423582751,260.8074218777349,26149.896043911318,1840.769648785824,0.000743768728833673,10.397569138836085,74.02291233595807,0.9733925903093811,6.248176642742459e-08,0,0.03205156811881539,0.003772871139311808,0.0017192314844578505,1.002188570593116
0.030125,60,physics,0,1744,756.3923825085494,25731.72724858071,237.63412097651945,26725.753752065782,1854.6214987846633,0.0007493656121115048,10.494873732384399,86.31982492339769,0.9689726358357456,6.271702090998594e-08,0,0.031442101799124725,0.0038004197942319287,0.0017192314844578505,1.002200935833804
0.0301875,60,physics,0,1744,816.2612852359518,26303.77605579112,204.11958814139155,27324.156929168465,1868.5773983180834,0.0007550045369289313,10.599693969186632,95.13102494001026,0.9658056087000019,6.291287490967074e-08,0,0.031215162007679213,0.0038286443768068327,0.0017192314844578505,1.002208462576745
0.03025,60,physics,0,1744,849.8693119423938,26895.312617063664,194.06247093157006,27939.24439993763,1882.6374654944025,0.0007606855510079868,10.704174111219181,98.48704500728586,0.9645993286804784,6.336897051539836e-08,0,0.03093265439553395,0.00385761448586192,0.0017192314844578505,1.0022152725357334
0.0303125,60,physics,0,1744,844.3467228889317,27500.23703843417,219.73059299957947,28564.31435432268,1896.8019914671784,0.0007664087719901792,10.800644937725844,95.7443291841134,0.9655852455806154,6.39044230865693e-08,0,0.0307659974013947,0.0038870372401799925,0.0017192314844578505,1.0022129428077142
0.030375,60,physics,0,1744,823.6245435704857,28108.934474448484,259.9787422569717,29192.53776027594,1911.0705414021766,0.0007721740241793795,10.883498552307266,87.75307688964041,0.9684576895955102,6.451742251556421e-08,0,0.03075594342228449,0.003916957496475604,0.0017192314844578505,1.002219035953974
0.0304375,60,physics,0,1744,826.9023127634184,28711.94956659067,279.10005559258025,29817.951934946665,1925.4425805997187,0.0007779810915285155,10.950182443199681,76.64372087567392,0.97245097372448,6.519237860658213e-08,0,0.03053365664521009,0.003946947983408318,0.0017192314844578505,1.0022262044087653
0.0305,60,physics,0,1744,872.1205616755861,29304.87689715429,260.0210156159406,30437.018474445817,1939.9173076683599,0.0007838296502328732,11.001854199073021,65.36057883106575,0.9765067134320335,6.587468970309383e-08,0,0.03042431909473962,0.003976933357845519,0.0017192314844578505,1.0022269212570645
0.0305,61,refine,0,1890,872.1205616755863,29304.87689715429,260.0210156159406,30437.018474445817,1939.9173076683599,0.0007838296502328732,11.001854199073021,65.36057883106575,0.9765067134320335,6.587468970309383e-08,0,0.03042431909473962,0.0038042249717694064,0.0017192314844578505,1.0022269212570645
0.0305625,61,physics,0,1890,937.9801861491196,29891.954799179228,221.29064137706348,31051.225626705414,1954.5152971640287,0.0007897280135060198,11.043678290959187,56.955890022137886,0.9795277453472097,6.648627248750928e-08,0,0.030342190752289923,0.0038313622723010156,0.0017192314844578505,1.0022274588936253
0.030625,61,physics,0,1890,983.3779670817369,30483.421401096937,200.4809867825375,31667.280354961214,1969.223086112884,0.0007956707415913397,11.086932389518738,53.789709886896176,0.9806658540928447,6.702375365819085e-08,0,0.030149014002929308,0.003858629839286302,0.0017192314844578505,1.0022267420449416
0.0306875,61,physics,0,1890,987.014849653861,31089.398748594132,218.20519856284002,32294.61879681083,1984.0415915857338,0.0008016582050341593,11.137701012322784,56.88134350524911,0.9795546683431648,6.741103408813837e-08,0,0.02987553934502294,0.0038858278540636762,0.0017192314844578505,1.0022290718050382
0.03075,61,physics,0,1890,968.6478259394012,31716.900677864905,258.11908235789167,32943.6675861622,1998.9715498136195,0.000807690701310931,11.202037617850475,65.61020275879689,0.9764171864982931,6.767956151065837e-08,0,0.029591383152389038,0.0039131132296801084,0.0017192314844578505,1.0022339105548514
0.0308125,61,physics,0,1890,970.1881457404254,32368.514662659756,282.7780423860626,33621.48085078624,2014.01393515426,0.0008137686241139349,11.282787369261886,77.89780915515213,0.9720006214064586,6.793221274392634e-08,0,0.02894672360075713,0.003940423445740615,0.0017192314844578505,1.0022412583307212
0.030875,61,physics,0,1890,1015.3017132882762,33044.877789053055,269.84274470522485,34330.02224704655,2029.169364410236,0.0008198922226641839,11.378738925815863,90.80129503818388,0.9673627264267989,6.82004275276426e-08,0,0.028310089729739137,0.00396797608728694,0.0017192314844578505,1.0022455594928115
0.0309375,61,physics,0,1890,1087.1458827172696,33746.19555926348,233.20075992849343,35066.54220190924,2044.4382207693452,0.0008260616517899037,11.48449296982701,101.29259310390425,0.9635918000276571,6.842515709593054e-08,0,0.028052226557285165,0.003995878868624394,0.0017192314844578505,1.0022525489205771
0.031,61,physics,0,1890,1144.5818851191386,34471.28461337194,209.52552119593918,35825.39201968702,2059.8206428514154,0.0008322769675008726,11.592588519884137,107.000516754392,0.9615402083001722,6.88572212581563e-08,0,0.027796588594867947,0.004024114704274833,0.0017192314844578505,1.0022568501311218
0.031,62,refine,0,2004,1144.5818851191384,34471.284613371936,209.52552119593918,35825.39201968701,2059.8206428514154,0.0008322769675008726,11.592588519884137,107.000516754392,0.9615402083001722,5.668291791494087e-08,0,0.027796588594867947,0.0037420434565046093,0.0014290253166109324,1.0022568501311218
0.0310625,62,physics,0,2004,1160.4623267553693,35215.16352838691,223.8323289466083,36599.458184088886,2075.3209741645596,0.0008385399248051069,11.694879566415201,106.74249424583078,0.9616332114680463,5.71697622575585e-08,0,0.02764848404131349,0.0037697365210325245,0.0014290253166109324,1.0022615097967085
0.031125,62,physics,0,2004,1146.8059190218912,35969.42999790873,265.93897159423597,37382.17488852486,2090.937865607883,0.0008448499785941795,11.786894137124097,100.80318696274502,0.9637680859622318,5.7580297863069004e-08,0,0.0275400169066295,0.003798186742075063,0.0014290253166109324,1.0022679616771313
0.0311875,62,physics,0,2004,1144.3279654557803,36723.026422322495,299.02194202166663,38166.37632979994,2106.6723876602273,0.0008512075613984123,11.864226779412395,90.8271955125724,0.9673538663554158,5.863638641301345e-08,0,0.027470473292998305,0.003826910146396961,0.0014290253166109324,1.0022756681442901
0.03125,62,physics,0,2004,1184.9814238656907,37468.82481620464,293.3987638517423,38947.20500392207,2122.5253022759944,0.0008576129810878622,11.927009840645727,79.48764590215208,0.971429910437225,5.9359479109843987e-08,0,0.02727362884557495,0.00385564561972843,0.0014290253166109324,1.0022788941248808
0.0313125,62,physics,0,2004,1261.2858389687844,38207.56760264983,254.9374656998669,39723.790907318486,2138.497420029131,0.000864066565177466,11.979103100213948,69.86249348920458,0.9748895993927703,6.036996680336414e-08,0,0.02726739151003096,0.003884203284510651,0.0014290253166109324,1.002283195448487
0.031375,62,physics,0,2004,1332.1743088250005,38947.91012289029,220.67849061799149,40500.76292233328,2154.5897826714654,0.0008705687345903046,12.027345848163781,64.64032293578798,0.976766683273565,6.086240844638266e-08,0,0.027134904680767243,0.003912057688154382,0.0014290253166109324,1.002284091559895
0.0314375,62,physics,0,2004,1362.0474922036854,39701.83049204435,223.96594801630695,41287.843932264346,2170.8031913199998,0.000877119813020205,12.079618478474542,65.4124021773381,0.9764891916787438,6.129575602642499e-08,0,0.026889111460381195,0.003939685188039378,0.0014290253166109324,1.0022914397036615
0.0315,62,physics,0,2004,1355.7873242823393,40478.70212360471,262.17681177583336,42096.66625966288,2187.1385130569747,0.0008837201508144574,12.143100816310728,72.19679315533149,0.9740507861507088,6.164398058672306e-08,0,0.026696514831907995,0.003967032403370942,0.0014290253166109324,1.0022971748776917
0.0315,63,refine,0,2132,1355.7873242823393,40478.70212360471,262.17681177583336,42096.66625966288,2187.1385130569743,0.0008837201508144573,12.143100816310728,72.19679315533149,0.9740507861507088,3.7677700959193356e-08,0,0.027401100690084786,0.0037738938298200477,0.0009409764315932989,1.0022971748776917
0.0315625,63,physics,0,2132,1354.4724640254458,41282.52571600473,299.2367258554726,42936.23490588565,2203.5968067447457,0.0008903701758097066,12.221709875943592,83.45600311826796,0.9700042312790887,3.756193223125591e-08,0,0.027110972272286437,0.0038005531122627017,0.0009409764315932989,1.002301297054296
0.031625,63,physics,0,2132,1395.7133133237244,42115.19183286319,300.697243577395,43811.6023897643,2220.1789227515874,0.0008970702315999103,12.315615019127733,96.53139150950872,0.9653048407986724,3.7551647125155856e-08,0,0.026773232292095793,0.0038273415359269336,0.0009409764315932989,1.002305060795567
0.0316875,63,physics,0,2132,1477.8560152950395,42976.676988123734,266.6356049514358,44721.16860837021,2236.8859090197766,0.0009038207416094202,12.420880676951452,108.36503249487333,0.9610517864898159,3.751486232772554e-08,0,0.026500747404128715,0.003854333424474968,0.0009409764315932989,1.0023147390523044
0.03175,63,physics,0,2132,1561.9745390329208,43866.641864711084,231.26055585706627,45659.87695960107,2253.7185730466963,0.0009106220321100772,12.53112261408909,116.27762245727345,0.9582078761770018,3.771302559130155e-08,0,0.026228791188900098,0.003881430234089447,0.0009409764315932989,1.0023237004844612
0.0318125,63,physics,0,2132,1608.4069738504281,44781.76519081714,230.58268099814626,46620.75484566571,2270.677862100606,0.0009174744858485816,12.639030465490613,118.58987465532594,0.9573770960324022,3.800467140990808e-08,0,0.026036826542128348,0.003908753506876766,0.0009409764315932989,1.0023303319958397
0.031875,63,physics,0,2132,1613.4457344718685,45713.98886032004,268.66924128162145,47596.103836073526,2287.764823412893,0.0009243785259620486,12.737820748738137,115.00059574292,0.9586672526716676,3.8277494951444175e-08,0,0.025917872590713275,0.003936219303195082,0.0009409764315932989,1.002337322014789
0.0319375,63,physics,0,2132,1613.1974575722174,46652.04468112367,313.1182921747975,48578.360430870685,2304.9804425242464,0.0009313345506612727,12.822932591783823,106.62470092204988,0.9616779555992317,3.877348220271416e-08,0,0.025819438306614848,0.003963910861018267,0.0009409764315932989,1.0023435951502218
0.032,63,physics,0,2132,1650.8560036125255,47586.22303266442,324.28278794383954,49561.36182422079,2322.325490584676,0.0009383428715318257,12.893292747293415,95.77070667007423,0.965579186649582,3.905160284034539e-08,0,0.02586854504984087,0.003991754194835182,0.0009409764315932989,1.0023457459485507
0.032,64,refine,0,2346,1650.8560036125255,47586.22303266442,324.2827879438395,49561.36182422079,2322.325490584676,0.0009383428715318257,12.893292747293415,95.77070667007423,0.965579186649582,3.905160284034539e-08,0,0.02586854504984087,0.00375937902212798,0.0009409764315932989,1.0023457459485507
0.0320625,64,physics,0,2346,1736.032091018054,48513.18292822488,292.42764025459564,50541.64265949753,2339.801129629154,0.0009454039580975677,12.950016103499745,85.41111901849203,0.9693025661914402,3.957463157178157e-08,0,0.02584951350657758,0.003785788115531177,0.0009409764315932989,1.0023543491880185
0.032125,64,physics,0,2346,1834.3745957574945,49440.86295109389,248.14418099656015,51523.38172784795,2357.4082801510162,0.0009525181822867095,13.002758068010026,78.44190928957589,0.9718074714084411,3.9857205536009126e-08,0,0.025749887007468858,0.003812220835614407,0.0009409764315932989,1.0023620563194136
0.0321875,64,physics,0,2346,1899.6189298177278,50380.94147514791,234.0294440434036,52514.58984900904,2375.1473799911273,0.0009596857210102201,13.056983572295623,76.93631203898009,0.9723488053907321,4.021561217371077e-08,0,0.02559216093055326,0.0038388387700262457,0.0009409764315932989,1.0023679711348608
0.03225,64,physics,0,2346,1918.525549827148,51344.991671971395,263.93213399553713,53527.44935579408,2393.018723566884,0.0009669066932283734,13.119989972155686,81.57868618386148,0.9706831537783732,4.0427821090815976e-08,0,0.025394607014564665,0.003866335168283878,0.0009409764315932989,1.002372093602631
0.0323125,64,physics,0,2346,1924.3512320544125,52339.655920924575,309.46322179043125,54573.470374769415,2411.021956801211,0.0009741809558752215,13.19666708969393,91.45180152881517,0.9671438077063119,4.041063839110853e-08,0,0.02512972229740542,0.0038943180444300273,0.0009409764315932989,1.0023776499990604
0.032375,64,physics,0,2346,1964.8117326757695,53366.73976923007,327.681996533014,55659.23349843886,2429.1562228353323,0.0009815081627343035,13.28783074278254,104.23975499491046,0.9625496515103752,4.039603496153186e-08,0,0.02488985248861948,0.003922533451571385,0.0009409764315932989,1.002383744146689
0.0324375,64,physics,0,2346,2056.336971989671,54426.55758900959,302.4796378962081,56785.37419889547,2447.4201380255595,0.0009888877547400707,13.390454943169214,116.98523807031067,0.957970716009966,4.025524269479773e-08,0,0.024640128438240354,0.003951142253040851,0.0009409764315932989,1.0023887628843207
0.0325,64,physics,0,2346,2168.950014285265,55518.82423944164,259.5911973606482,57947.36545108755,2465.8116369368527,0.0009963188973470482,13.498491986385474,126.80871614803084,0.9544300655915307,4.054438029754691e-08,0,0.024403067206347707,0.0039802274206973895,0.0009409764315932989,1.0023953948261608
0.0325,65,refine,0,2524,2168.950014285265,55518.82423944164,259.5911973606482,57947.36545108755,2465.8116369368527,0.0009963188973470482,13.498491986385474,126.80871614803084,0.9544300655915307,4.054438029754691e-08,0,0.024403067206347707,0.003724522022776647,0.0009185735252685845,1.0023953948261608
0.0325625,65,physics,0,2524,2254.8337577999337,56644.23882793049,242.0479806346208,59141.12056636504,2484.3672498663773,0.001003816350735869,13.606483573900585,131.6489544482977,0.9526859880260675,4.075513437840064e-08,0,0.024218235436111724,0.0037505097702932697,0.0009185735252685845,1.0023989796778572
0.032625,65,physics,0,2524,2292.4034469924773,57795.389801783065,269.88434794505145,60357.6775967206,2503.062458091814,0.0010113702080402267,13.711101542199883,130.62818733807697,0.9530529308486775,4.112721008198156e-08,0,0.024070151129555753,0.0037765570098916637,0.0009185735252685845,1.0024045362233227
0.0326875,65,physics,0,2524,2306.749651631697,58960.56233691994,320.8721402072754,61588.18412875891,2521.8982230691004,0.0010189808577393974,13.805122511206061,124.28003209337739,0.9553344317454909,4.1700916497688896e-08,0,0.023971620793257455,0.00380296210290055,0.0009185735252685845,1.0024100927995894
0.03275,65,physics,0,2524,2347.1274821643606,60128.10255169388,350.1317085954039,62825.36174245365,2540.875664991978,0.0010266487524511628,13.886035119386527,114.45227853037483,0.9588666936334375,4.199938707927241e-08,0,0.023940324991950465,0.003829247817176368,0.0009185735252685845,1.0024109890244526
0.0328125,65,physics,0,2524,2441.2796027933387,61291.71716037201,331.50996579585194,64064.5067289612,2559.994635045417,0.001034373832046348,13.95433714497546,103.88702542558397,0.9626640281958797,4.231797490206196e-08,0,0.024002060438486447,0.003855891331098179,0.0009185735252685845,1.0024154701607877
0.032875,65,physics,0,2524,2568.329020786996,62454.70358585783,283.03313472004925,65306.06574136487,2579.2547457390524,0.0010421559399582628,14.014567455191715,95.57507854215464,0.9656512291751786,4.286481747328704e-08,0,0.023911799095951702,0.003882713371122545,0.0009185735252685845,1.0024226400205911
0.0329375,65,physics,0,2524,2677.4338052304925,63628.534473372616,251.04123413474917,66557.00951273786,2598.6560644728484,0.0010499951034200778,14.073355383931096,91.96572927442962,0.9669485189571126,4.319117152817843e-08,0,0.02378643125480648,0.003909535298243386,0.0009185735252685845,1.0024274797049493
0.033,65,physics,0,2524,2736.536375334434,64826.52676366224,266.2445106485066,67829.30764964518,2618.1965906872215,0.0010578905140994493,14.137514838223726,94.36635026667605,0.9660929413462283,4.3415754547027096e-08,0,0.023604697265936208,0.0039365360979521915,0.0009185735252685845,1.0024314231687392
0.033,66,refine,0,2679,2736.536375334434,64826.52676366223,266.2445106485066,67829.30764964517,2618.196590687222,0.0010578905140994493,14.137514838223726,94.36635026667605,0.9660929413462283,4.3415754547027096e-08,0,0.023604697265936208,0.003785263658031379,0.000911187322344631,1.0024314231687392
0.0330625,66,physics,0,2679,2764.029593084943,66059.74407455155,314.06502350105563,69137.83869113754,2637.898854931388,0.0010658512755351353,14.214160608574224,102.45589146452241,0.9631865995594766,4.372306783295689e-08,0,0.023387533214589026,0.003811071432914297,0.000911187322344631,1.0024355458974705
0.033125,66,physics,0,2679,2811.558230099893,67331.50211799965,348.9578494061491,70492.01819750569,2657.749477121674,0.0010738719814625578,14.306814969689505,114.46210456404434,0.9588732133337906,4.3487382583862134e-08,0,0.02317366769161587,0.0038370260192821344,0.000911187322344631,1.0024396686431574
0.0331875,66,physics,0,2679,2914.035947149805,68642.07922845965,338.58943035387585,71894.70460596334,2677.749347711525,0.001081952991672212,14.413868998627908,127.65329026958203,0.9541354441397105,4.324305713510055e-08,0,0.022875898855177403,0.0038630973049012963,0.000911187322344631,1.0024437914058
0.03325,66,physics,0,2679,3056.8668279013323,69991.81403971394,294.59554444634426,73343.27641206162,2697.899806317032,0.0010900948474401658,14.531147983117863,139.066102848649,0.9500242460589817,4.35499476481027e-08,0,0.022703460478229895,0.003889291006520096,0.000911187322344631,1.00244648017318
0.0333125,66,physics,0,2679,3190.200565369866,71379.90733280695,261.15263210015706,74831.26053027698,2718.20137010323,0.0010982977577285687,14.652135118969992,146.29860997847334,0.9474229078200124,4.377229068097673e-08,0,0.022499381115220395,0.003915703137924878,0.000911187322344631,1.0024522162343614
0.033375,66,physics,0,2679,3275.469538192947,72801.4485601094,273.3811117534208,76350.29921005577,2738.65421142381,0.0011065617921774715,14.768502235531592,147.92708002298937,0.9468380737049648,4.4166309720594694e-08,0,0.022384680948248106,0.003942331998919702,0.000911187322344631,1.0024647639826243
0.0334375,66,physics,0,2679,3321.063445513544,74246.17237614805,324.2425718204868,77891.47839348209,2759.2577847078146,0.001114886730347228,14.87389099713872,143.92253363929396,0.9482773818967031,4.470082437535438e-08,0,0.022335122482800455,0.003969127906104825,0.000911187322344631,1.0024739060124017
0.0335,66,physics,0,2679,3375.345534283168,75700.92996478266,369.96447681225834,79446.23997587808,2780.010931426131,0.0011232721041305365,14.964459620433598,135.61267834238734,0.9512640675779573,4.508171969064274e-08,0,0.022210500737486864,0.003996205485900563,0.000911187322344631,1.0024765948605556
0.0335,67,refine,0,2898,3375.345534283168,75700.92996478266,369.9644768122584,79446.23997587808,2780.010931426131,0.0011232721041305365,14.964459620433598,135.61267834238734,0.9512640675779573,3.7104684658118003e-08,0,0.022210500737486864,0.0037626061534572486,0.0006741597899235785,1.0024765948605556
0.0335625,67,physics,0,2898,3482.2422969552426,77157.33256467654,369.8330957088372,81009.40795734062,2800.930890252203,0.001131724878867229,15.061797571087924,125.40101627876669,0.9549342799344833,3.77383777561135e-08,0,0.022055316781456443,0.0037910681281230667,0.0006741597899235785,1.0024816140630726
0.033625,67,physics,0,2898,3639.6357773209415,78615.25822605782,324.7414574540135,82579.63546083278,2822.0083378195773,0.0011402412874219833,15.128927415796506,116.22252125179631,0.9582330086757496,3.811463322733736e-08,0,0.02201616098452793,0.0038194399792420546,0.0006741597899235785,1.0024925488412804
0.0336875,67,physics,0,2898,3799.878395398755,80083.74104280326,277.5929051069353,84161.21234330896,2843.2443465302213,0.0011488217631021647,15.19288837229568,110.79470223223099,0.9601839906333165,3.8490192366680236e-08,0,0.021894161781195867,0.00384763278669107,0.0006741597899235785,1.0025000777742974
0.03375,67,physics,0,2898,3914.8735293284626,81577.51601465815,273.3027281340286,85765.69227212065,2864.640210487273,0.0011574668287941906,15.261283715426565,110.91319051902687,0.9601416877627137,3.878206022989155e-08,0,0.021741005233354187,0.0038757061561519217,0.0006741597899235785,1.0025095786514204
0.0338125,67,physics,0,2898,3983.091771504836,83108.86824357102,315.6816948699352,87407.6417099458,2886.196754515966,0.001166176817771275,15.341444540567212,116.93251768960727,0.9579790259859982,3.898613254449401e-08,0,0.02154790529630135,0.003903719222967062,0.0006741597899235785,1.0025147772826764
0.033875,67,physics,0,2898,4051.6107913977658,84683.54704215718,363.96230010980867,89099.12013366475,2907.914245649181,0.001174951837928889,15.43643221267648,127.69184373609083,0.9541127665095204,3.9066838652956824e-08,0,0.021140957731032937,0.003931911114367317,0.0006741597899235785,1.002519796676365
0.0339375,67,physics,0,2898,4170.840359809976,86303.0522445513,372.5691617694191,90846.46176613071,2929.79244036973,0.0011837917908731584,15.545232142157108,140.8187356536564,0.9493957600927824,3.932963998920519e-08,0,0.020952748442269065,0.003960459484431427,0.0006741597899235785,1.0025239197685525
0.034,67,physics,0,2898,4346.465309662367,87967.27972924786,334.8581266494198,92648.60316555965,2951.830001064097,0.0011926961361371662,15.663723052987006,153.4023982404973,0.9448741234388071,3.9485442471232044e-08,0,0.020634466631058643,0.003989545003891185,0.0006741597899235785,1.0025319867370943
0.034,68,refine,0,3178,4346.465309662367,87967.27972924785,334.8581266494198,92648.60316555963,2951.830001064097,0.0011926961361371662,15.663723052987006,153.4023982404973,0.9448741234388071,3.876596199603458e-08,0,0.020634466631058643,0.003812301041931944,0.0006741597899235785,1.0025319867370943
0.0340625,68,physics,0,3178,4534.748054956873,89677.22763097168,288.99016853577893,94500.96585446433,2974.0428501650335,0.0012016713072295852,15.784768605201865,162.73810270144165,0.9415194821626668,3.897466704927404e-08,0,0.020450504684327554,0.0038382494974344397,0.0006741597899235785,1.0025396952343495
0.034125,68,physics,0,3178,4683.718528100284,91430.42597760804,281.79097605221057,96395.93548176055,2996.4228056354636,0.0012107139981727905,15.905861766268677,166.9712087995469,0.9399984613199416,3.9215832359218445e-08,0,0.020347709181253074,0.003864268277285798,0.0006741597899235785,1.0025439976771948
0.0341875,68,physics,0,3178,4781.279672757458,93217.72946798778,324.71617596287933,98323.72531670812,3018.971178928601,0.001219824738863551,16.018682942224054,165.49684428788768,0.9405283737557711,3.95570776134946e-08,0,0.02020624221371752,0.0038907885495250783,0.0006741597899235785,1.002547762329831
0.03425,68,physics,0,3178,4866.819692552506,95026.10735081021,382.3358339598479,100275.26287732257,3041.689192055349,0.0012290040230591927,16.11919967286134,159.08781944055806,0.9428316844902371,3.996352226920402e-08,0,0.02015413542179493,0.003917314186377222,0.0006741597899235785,1.0025524233479188
0.0343125,68,physics,0,3178,4995.606460798244,96843.28982351051,403.92388317482255,102242.82016748357,3064.577859055853,0.0012382522604858035,16.20686342404172,149.72486590523314,0.946196614525217,4.030670641697043e-08,0,0.020013760506143917,0.003944165758407743,0.0006741597899235785,1.0025567258453876
0.034375,68,physics,0,3178,5187.2241185442435,98664.59068886872,370.554662478082,104222.36946989104,3087.6372432728513,0.0012475694767372187,16.283371585325654,140.14954790718593,0.9496370328885457,4.078388737838169e-08,0,0.01987501479577115,0.003971082676906569,0.0006741597899235785,1.0025601320023119
0.0344375,68,physics,0,3178,5405.804051439545,100496.30923555147,314.0452883133174,106216.15857530432,3110.8668030065064,0.0012569554529379314,16.353884061716325,133.219161428085,0.952128614341445,4.1191560384845636e-08,0,0.019853007253592788,0.003998202615336141,0.0006741597899235785,1.0025669443508773
0.0345,68,physics,0,3178,5593.135893035844,102352.79301221436,287.94927309064497,108233.87817834085,3134.265022980936,0.001266409576835993,16.425018312164465,131.14991092848726,0.9528720588115817,4.153569310716416e-08,0,0.019744282774280825,0.004025367235282005,0.0006741597899235785,1.0025719640057564
0.0345,69,refine,0,3459,5593.135893035844,102352.79301221436,287.94927309064497,108233.87817834085,3134.265022980936,0.001266409576835993,16.425018312164465,131.14991092848726,0.9528720588115817,3.2354151358049454e-08,0,0.019744282774280825,0.003746657369904065,0.0005255353171378374,1.0025719640057564
0.0345625,69,physics,0,3459,5724.848004893388,104250.31802000187,316.614117622881,110291.78014251814,3157.850597867317,0.001275939402071667,16.522009225819406,134.91236716398066,0.9515203459304548,3.252389291219509e-08,0,0.019598043539749633,0.003771052436648169,0.0005255353171378374,1.0025850510812968
0.034625,69,physics,0,3459,5834.910079350588,106198.01511062529,371.9544734466634,112404.87966342254,3181.6136693123735,0.0012855409453465347,16.615782471594315,143.98042446180457,0.9482622116305247,3.264394621282917e-08,0,0.019397031878946785,0.003795357544264689,0.0005255353171378374,1.0025866645681925
0.0346875,69,physics,0,3459,5982.939607764416,108197.9973271295,401.0007378779185,114581.93767277183,3205.5555764764194,0.0012952147477525069,16.72459670028522,156.46604965542184,0.9437745379833875,3.281630611695621e-08,0,0.019074741431474918,0.003819754337921978,0.0005255353171378374,1.0025893537187887
0.03475,69,physics,0,3459,6197.20605533249,110250.66994157972,377.22089196844627,116825.09688888065,3229.677813727673,0.0013049614130937292,16.84716065787515,169.64423807209613,0.9390410515610195,3.293319394970242e-08,0,0.018673088535450567,0.0038442227927911314,0.0005255353171378374,1.0025970626571403
0.0348125,69,physics,0,3459,6448.350806334279,112356.24536184719,325.46016651312243,119130.05633469459,3253.9805382473505,0.0013147810048797675,16.977195756490065,180.6959588791625,0.9350700707885957,3.3053477288547214e-08,0,0.018544351906887434,0.003868934904007508,0.0005255353171378374,1.0026026203006289
0.034875,69,physics,0,3459,6677.544438289306,114513.1462228164,298.05796648411695,121488.74862758983,3278.463775322673,0.0013246735333280048,17.106481689664257,187.3755309099107,0.932670196552723,3.32546816750323e-08,0,0.018379990899266296,0.003893947514114213,0.0005255353171378374,1.002607819414363
0.0349375,69,physics,0,3459,6851.154294984416,116714.59078829917,325.61724616740145,123891.36232945099,3303.1261065169447,0.0013346384253146706,17.2277399868757,188.54041178991167,0.9322496079364815,3.3483333439221556e-08,0,0.01825273800867717,0.0039192964710671584,0.0005255353171378374,1.002612659992765
0.035,69,physics,0,3459,6992.15233198813,118947.97036660789,387.80979410917564,126327.93249270518,3327.9658707956137,0.0013446750096935732,17.33549424212523,184.38090418038405,0.933744647011338,3.385530789046239e-08,0,0.01823531694931971,0.0039449108789354976,0.0005255353171378374,1.0026189348514025
0.035,70,refine,0,3767,6992.152331988129,118947.97036660789,387.80979410917564,126327.93249270518,3327.965870795614,0.0013446750096935732,17.33549424212523,184.38090418038405,0.933744647011338,3.3790748865669664e-08,0,0.01823531694931971,0.003755081291219483,0.0005255353171378374,1.0026189348514025
0.0350625,70,physics,0,3767,7159.475156793716,121202.20648332483,430.84624449323803,128792.52788461179,3353.0089797291666,0.001354793756115671,17.428258209775837,176.3703574835422,0.9366235046486802,3.427074979356342e-08,0,0.018109343308054294,0.003779827423001732,0.0005255353171378374,1.0026243133329198
0.035125,70,physics,0,3767,7393.890492054759,123467.85950488062,416.70584131616846,131278.45583825154,3378.2407964491995,0.001364988750508592,17.510823079613548,166.9553216854634,0.9400067450821912,3.469223219809689e-08,0,0.01798509806640023,0.0038046975309242548,0.0005255353171378374,1.0026307675488257
0.035187500000000003,70,physics,0,3767,7678.854780789356,125746.66401859805,359.31999614459494,133784.838795532,3403.662775376887,0.001375260580535756,17.58730338224525,158.9735654272907,0.9428765212275759,3.5043842494531e-08,0,0.017959863796407,0.0038296802194048574,0.0005255353171378374,1.0026382975198949
0.035250000000000004,70,physics,0,3767,7954.7954650360725,128051.44470658906,312.86615843789076,136319.10633006302,3429.274279736717,0.0013856089889060293,17.665266038363523,154.94833024847324,0.9443228367793092,3.536167270112856e-08,0,0.017863343087926305,0.0038548221180554473,0.0005255353171378374,1.002643317532025
0.035312500000000004,70,physics,0,3767,8176.158441641107,130398.81740333763,320.8213063877148,138895.79715136645,3455.077819549396,0.0013960349898011252,17.7504370466494,156.4561671041684,0.9437976473123958,3.558495986766282e-08,0,0.01769774617613209,0.00388012026475392,0.0005255353171378374,1.0026483375692896
0.035375000000000004,70,physics,0,3767,8355.802104980456,132800.72510326785,374.4429256566198,141530.97013390492,3481.0717534773194,0.0014065379200334633,17.84701036548403,163.62783913521375,0.9412260176629741,3.570801432317699e-08,0,0.017576621824018514,0.0039054528589946543,0.0005255353171378374,1.0026551505172079
0.035437500000000004,70,physics,0,3767,8553.22074219406,135261.46363050188,421.76231726300523,144236.44668995895,3507.2522954144833,0.0014171162498150909,17.956402701579393,175.05149024968622,0.9371158782191348,3.5730195691030544e-08,0,0.017120311421579996,0.003930765748178705,0.0005255353171378374,1.0026642942832251
0.035500000000000004,70,physics,0,3767,8817.393086464323,137780.91980608404,418.17928477531535,147016.49217732367,3533.614607251891,0.0014277680242929614,18.075640335215414,188.3160085620738,0.9323511876956988,3.569465967245825e-08,0,0.016574579880348248,0.0039562552586999995,0.0005255353171378374,1.0026703901735627
0.035500000000000004,71,refine,0,4126,8817.393086464323,137780.91980608404,418.1792847753153,147016.49217732367,3533.6146072518904,0.0014277680242929611,18.075640335215414,188.3160085620738,0.9323511876956988,2.6624036308930964e-08,0,0.015300829839814841,0.003822597912638039,0.0004485292884055525,1.0026703901735627
0.035562500000000004,71,physics,0,4126,9140.865673448014,140365.49975786248,369.0269516983247,149875.39238300882,3560.2060353345,0.0014385123739056019,18.242074756149652,200.5818707602126,0.9279464132553742,2.6806903363763026e-08,0,0.01519666521771087,0.0038482835919580864,0.0004485292884055525,1.0026804305443215
0.035625000000000004,71,physics,0,4126,9467.06612079819,143012.1686108132,324.0628756161991,152803.29760722758,3586.997028448869,0.0014493373583929472,18.375954151234097,209.38742135317452,0.9247858998453777,2.6936570307611887e-08,0,0.015061935223427662,0.003874029279822885,0.0004485292884055525,1.0026852714732892
0.035687500000000004,71,physics,0,4126,9743.688460782387,145715.96120094266,330.3668142739201,155790.01647599897,3613.9887287028487,0.001460243439227246,18.507018832405283,213.1153704448396,0.9234407064693049,2.715374769479691e-08,0,0.014989910843916342,0.0038998952552482015,0.0004485292884055525,1.002689753835765
0.035750000000000004,71,physics,0,4126,9971.041494498717,148466.06211667618,388.0416290588527,158825.14524023377,3641.181252426152,0.0014712306634118866,18.628069915842723,211.429678345647,0.9240304271208657,2.7453058493165405e-08,0,0.014948915055587812,0.003926059952318445,0.0004485292884055525,1.0026917260816024
0.035812500000000004,71,physics,0,4126,10202.351257060114,151247.6478796588,448.7623738820629,161898.76151060095,3668.5731582864446,0.0014822984485720427,18.734774796905338,205.25310281257754,0.9262502298715289,2.764082296380368e-08,0,0.014847315626202033,0.0039522856368425455,0.0004485292884055525,1.0026945948097454
0.035875000000000004,71,physics,0,4126,10495.295315748812,154047.5398764562,459.2503181182275,165002.08551032323,3696.1615504394476,0.0014934456246327968,18.826779723441064,196.57764504077863,0.9293680771050964,2.7830260762584634e-08,0,0.014745815682324345,0.0039786329166061766,0.0004485292884055525,1.0026996151037453
0.035937500000000004,71,physics,0,4126,10857.998930002144,156862.32429984538,410.97654978085836,168131.2997796284,3723.9419595007303,0.0015046703857254178,18.906095400451697,188.0930449816807,0.9324168189899467,2.8137959517948743e-08,0,0.014706033279637813,0.004005158657096938,0.0004485292884055525,1.0027062491022265
0.036000000000000004,71,physics,0,4126,11239.959276675385,159700.67816407775,349.48214255559316,171290.11958330873,3751.908743808757,0.0015159704523189503,18.976990285425504,182.5319492755501,0.934432420326948,2.8329068868515615e-08,0,0.014606329292463817,0.004031803599061277,0.0004485292884055525,1.0027110901558458
0.036000000000000004,72,refine,0,4483,11239.959276675385,159700.67816407775,349.4821425555931,171290.11958330873,3751.908743808757,0.0015159704523189503,18.976990285425504,182.5319492755501,0.934432420326948,2.8329068868515615e-08,0,0.014606329292463817,0.00382438660422584,0.0004437667957972735,1.0027110901558458
0.0360625,72,physics,0,4483,11578.81841221992,162592.71315068362,332.3017778076126,174503.83334071116,3780.1421463629677,0.0015273782468478675,19.054922427268163,181.86732408670332,0.9346705155485617,2.8521808914661067e-08,0,0.014521655549378157,0.0038501277736293278,0.0004437667957972735,1.0027155726337404
0.036125,72,physics,0,4483,11862.099747105794,165546.33008932328,374.2473597277813,177782.67719615684,3808.587343531605,0.001538871617652585,19.151307214375194,186.8405803919782,0.9328843385592863,2.8627319181850927e-08,0,0.01436316465013184,0.0038759032117639224,0.0004437667957972735,1.0027239997464301
0.0361875,72,physics,0,4483,12138.914627720114,168568.59944431356,433.7254750728389,181141.2395471065,3837.2444683190083,0.001550450618473925,19.265271636095214,196.73570079032945,0.929330155598636,2.879122007470873e-08,0,0.014267494337669278,0.00390181085060284,0.0004437667957972735,1.0027290201876546
0.03625,72,physics,0,4483,12473.243402288284,171660.85340154922,453.73303378680606,184587.82983762433,3866.112731996586,0.0015621149306236418,19.394604706352794,209.5242964614169,0.9247370640190057,2.8271731622453395e-08,0,0.01379215655791975,0.003927961199406494,0.0004437667957972735,1.0027327855350687
0.0363125,72,physics,0,4483,12883.12090545216,174822.65193974183,416.69725950315035,188122.47010469713,3895.1904779898787,0.0015738638847576593,19.533547889878516,222.54850792311646,0.920059226615114,2.8464082646451038e-08,0,0.01369886312108578,0.00395417132981749,0.0004437667957972735,1.0027358336838075
0.036375,72,physics,0,4483,13324.547144231314,178053.2564469052,360.68571151850017,191738.48930265504,3924.4747179803317,0.001585696273436539,19.675038248047457,233.2355474398599,0.9162254705967845,2.854032388199812e-08,0,0.013548654055320854,0.003980476206492087,0.0004437667957972735,1.0027395990568069
0.0364375,72,physics,0,4483,13733.257538579932,181349.5512445608,343.0573448867533,195425.8661280275,3953.961647806843,0.0015976105595771179,19.81347543603558,239.56304025433064,0.9139573200325088,2.8791127704153064e-08,0,0.01350036600692228,0.004007044334048279,0.0004437667957972735,1.002748743592957
0.0365,72,physics,0,4483,14084.346446019572,184702.12210618972,386.4580317759651,199172.92658398525,3983.6467977442503,0.001609604937172997,19.942257925411816,240.58041871013532,0.9135926085027344,2.8987244604650143e-08,0,0.013409028625551761,0.004033735844751504,0.0004437667957972735,1.0027591433628689
0.0365,73,refine,0,4866,14084.346446019572,184702.12210618972,386.4580317759651,199172.92658398525,3983.64679774425,0.001609604937172997,19.942257925411816,240.58041871013532,0.9135926085027344,2.8987244604650143e-08,0,0.013409028625551761,0.003820381191388948,0.0004298078711144626,1.0027591433628689
0.0365625,73,physics,0,4866,14415.1650549679,188114.16619912523,456.8407542501851,202986.1720083433,4013.624144840378,0.0016217173779437513,20.057341392504867,236.61444029910396,0.9150178738015763,2.9307882343232503e-08,0,0.01337453825431747,0.003845952695612519,0.0004298078711144626,1.0027629088233985
0.036625,73,physics,0,4866,14792.406202881983,191560.24549764622,493.42696827538566,206846.0786688036,4043.8271011057986,0.0016339209768043658,20.163634436713703,229.22252424659936,0.9176731272453234,2.950569211179749e-08,0,0.01328450981997914,0.0038716451500442834,0.0004298078711144626,1.0027686466952042
0.0366875,73,physics,0,4866,15249.838248101187,195032.30377816886,464.3409465118241,210746.48297278187,4074.25736647908,0.0016462164206203305,20.260207992468445,220.8196830414324,0.9206913500635753,2.970514678679597e-08,0,0.013194947609856303,0.0038974541453667124,0.0004298078711144626,1.0027731294303972
0.03675,73,physics,0,4866,15755.875549254482,198536.01087103982,397.43025149031587,214689.31667178462,4104.9166634737685,0.0016586044053786319,20.35181999501183,214.10673485516273,0.9231027562423832,3.0001398698686826e-08,0,0.013133476311626664,0.003923438411612743,0.0004298078711144626,1.0027783294283266
0.0368125,73,physics,0,4866,16242.487487883009,202087.50994913757,355.24508950970835,218685.2425265303,4135.806632726324,0.0016710855939835545,20.446867601361248,211.40204412686194,0.9240747670933914,3.020490524363589e-08,0,0.013059160588501517,0.003949532329117453,0.0004298078711144626,1.0027853225715062
0.036875,73,physics,0,4866,16670.449672108298,205704.75419068645,376.13443316641326,222751.33829596115,4166.928420258457,0.0016836604494887533,20.553587774562473,214.020643660925,0.9231349819625019,3.031376394346805e-08,0,0.012917219926527612,0.0039758008462760595,0.0004298078711144626,1.002782812206805
0.0369375,73,physics,0,4866,17067.881929616833,209399.38302865077,438.092100387032,226905.35705865463,4198.282351372757,0.0016963291033337616,20.673862383430034,221.90503901512392,0.9202942255649434,3.051745522952843e-08,0,0.012830610400773754,0.004002244071666975,0.0004298078711144626,1.0027876536300702
0.037,73,physics,0,4866,17503.585084966973,213174.64803287777,480.9078915080067,231159.14100935275,4229.866796822354,0.0017090908972162968,20.806327181089106,233.64866531569047,0.9160635231970168,3.0721970745162246e-08,0,0.012826411190585342,0.004028744654975923,0.0004298078711144626,1.002793570956915
0.037,74,refine,0,5184,17503.585084966973,213174.64803287777,480.9078915080067,231159.14100935275,4229.866796822354,0.001709090897216297,20.806327181089106,233.64866531569047,0.9160635231970168,2.8393463580300697e-08,0,0.012826411190585342,0.003784713065384379,0.0003572563291527331,1.002793570956915
0.0370625,74,physics,0,5184,18021.255328736515,217032.69479292378,464.60123836154435,235518.55136002184,4261.6969563665625,0.0017219519726465748,20.948188665038426,246.88032394766586,0.9113057915384606,2.857345293705292e-08,0,0.012740720252959326,0.0038115886938971865,0.0003572563291527331,1.0027993090041711
0.037125,74,physics,0,5184,18599.0949352054,220973.61552208243,407.2910145352763,239980.0014718231,4293.766641402268,0.0017349098291001867,21.09458776451585,258.9399183200004,0.9069839912501768,2.8568200249878778e-08,0,0.012629095197607526,0.0038388885338462866,0.0003572563291527331,1.0028054057153568
0.0371875,74,physics,0,5184,19133.772214102886,224995.6257286076,367.42583395079237,244496.82377666127,4325.749919273335,0.0017478327724694642,21.239955909276087,266.1887685211438,0.9044139004577397,2.8748569746994654e-08,0,0.012545170150744625,0.003866985550702724,0.0003572563291527331,1.0028113231469544
0.03725,74,physics,0,5184,19491.028454184652,229085.8743455973,388.4394906521492,248965.34229043408,4356.89832953663,0.0017604183849736544,21.37993653585255,266.2242717839519,0.9044137726805433,2.8906127269578918e-08,0,0.012474576846422464,0.0038954695270937804,0.0003572563291527331,1.0028168819781418
0.0373125,74,physics,0,5184,19959.578106201,233238.72146959935,457.1353772629881,253655.43495306332,4389.628543238483,0.0017736431300990861,21.508344146651137,264.79842012269376,0.9049177758026672,2.9172397830734517e-08,0,0.012443479620811111,0.003924591411641933,0.0003572563291527331,1.0028188544740344
0.037375,74,physics,0,5184,20457.99137336225,237439.2768356312,515.4561134938191,258412.72432248728,4422.652130286979,0.0017869864136418646,21.626847656324628,259.48884983776196,0.9068228105239324,2.9357096309468067e-08,0,0.012360615322259174,0.0039540138752401305,0.0003572563291527331,1.002827103135259
0.0374375,74,physics,0,5184,21035.113597706266,241674.70729829848,512.7437088237994,263222.56460482854,4455.912525391855,0.0018004253802198576,21.729653770250714,252.09720722121014,0.9094744421076385,2.9542860602305125e-08,0,0.012278472191304263,0.00398349899665721,0.0003572563291527331,1.0028281790525946
0.0375,74,physics,0,5184,21685.546017454348,245943.52178454614,452.883929572389,268081.9517315729,4489.4034844237,0.0018139575068730866,21.818783912494393,245.1601431063215,0.9119628586990485,2.973017387830619e-08,0,0.012261057295188747,0.0040130068375207745,0.0003572563291527331,1.0028317654520507
0.0375,75,refine,0,5476,21685.546017454348,245943.52178454614,452.883929572389,268081.9517315729,4489.4034844237,0.0018139575068730864,21.818783912494393,245.1601431063215,0.9119628586990485,2.973017387830619e-08,0,0.012261057295188747,0.003831904264938354,0.0003572563291527331,1.0028317654520507
0.0375625,75,physics,0,5476,22347.269144005615,250271.94412749453,391.9166325037778,273011.12990400393,4523.186834078512,0.0018276077748711152,21.90778419547499,241.15953475992373,0.9134021292198872,3.0035582909704363e-08,0,0.012192235095714748,0.0038552631550483932,0.0003572563291527331,1.0028339172978806
0.037625,75,physics,0,5476,22961.566831424578,254671.282574557,385.76998574604625,278018.61939172767,4557.223433686878,0.0018413603693042632,22.010677736800403,241.8060287164757,0.9131715885975936,3.020036665191122e-08,0,0.012111446271197469,0.0038789349218731847,0.0003572563291527331,1.0028385796463526
0.0376875,75,physics,0,5476,23528.9030046837,259155.99548439763,437.5102903324613,283122.4087794138,4591.513045648611,0.0018552151941694395,22.128023601533535,247.6606309135815,0.9110698469606809,3.039088269929374e-08,0,0.011993680760906093,0.0039026711013882332,0.0003572563291527331,1.0028364277905182
0.03775,75,physics,0,5476,24109.554359841266,263732.1635876838,495.61149016937327,288337.32943769445,4626.053099298206,0.0018691712107812238,22.25764035123782,257.9278766129806,0.9073822209347558,3.041132323744473e-08,0,0.011914077251343917,0.003926369970581345,0.0003572563291527331,1.0028441386286295
0.0378125,75,physics,0,5476,24553.10815955976,268392.7418897976,504.36334549251404,293450.2133948499,4659.074585118841,0.0018825136453171406,22.394890808052175,266.2250176148175,0.9044135112270367,3.060415032507533e-08,0,0.01183538052781583,0.0039500460510504855,0.0003572563291527331,1.0028507735832983
0.037875,75,physics,0,5476,24301.481983129728,273075.51489580795,459.7632880336296,297836.7601669713,4685.842756650141,0.0018933294086680263,22.532076892486284,266.23796633178733,0.9044142756875039,3.0795428429541925e-08,0,0.011757034645275373,0.00397407448423781,0.0003572563291527331,1.0028597398079986
0.0379375,75,physics,0,5476,24040.401945126712,277773.1899522526,408.03555344415565,302221.6274508235,4712.450338281282,0.0019040802851648302,22.664388665575913,266.23679108417645,0.9044136939646606,3.075384746864524e-08,0,0.01166770058993399,0.0039987218824177094,0.0003572563291527331,1.0028635056462778
0.038,75,physics,0,5476,24034.113852122267,282523.0139142288,397.57828696094793,306954.70605331205,4741.703239824453,0.0019159000114417,22.782000943831825,266.23710360431545,0.9044139921629636,3.095115097551113e-08,0,0.011603043762011808,0.004023397572950751,0.0003572563291527331,1.0028652989075715
0.038,76,refine,0,5810,24034.113852122267,282523.0139142288,397.57828696094793,306954.70605331205,4741.703239824452,0.0019159000114417003,22.782000943831825,266.23710360431545,0.9044139921629636,1.7315823441776936e-08,0,0.012566358492780741,0.0038309303177387014,0.00023524410789832473,1.0028652989075715
0.0380625,76,physics,0,5810,24399.34928660436,287397.19980106887,438.8677241811039,312235.41681185435,4774.981527115553,0.0019293462074124793,22.907158802612685,266.2208513262074,0.904413738066447,1.7484360625985567e-08,0,0.012535290784738206,0.0038545803580041153,0.00023524410789832473,1.0028644022765238
0.038125,76,physics,0,5810,25017.999570039814,292348.5477995302,497.5121384740918,317864.0595080441,4810.781120335105,0.001943811144923532,23.018678475511287,265.5709665530658,0.9046514791545958,1.760024659347438e-08,0,0.01245315612939754,0.003877583781262601,0.00023524410789832473,1.0028697820748347
0.0381875,76,physics,0,5810,25703.283688918287,297356.3988695588,523.5573178786499,323583.23987635574,4846.982972517289,0.0019584386164252297,23.123854713999513,261.8990289063852,0.9059658053639735,1.771569557718068e-08,0,0.012371201307629483,0.003901246734554283,0.00023524410789832473,1.0028800037711332
0.03825,76,physics,0,5810,26462.960684357226,302414.8293160794,495.5789504194644,329373.36895085603,4883.457149880987,0.001973176121767509,23.227518099264323,256.6203140327069,0.9078619385862966,1.7833729160088293e-08,0,0.012289870799429408,0.003924328814593086,0.00023524410789832473,1.0028839490151142
0.0383125,76,physics,0,5810,27267.19177613936,307529.78672415507,440.5960673709003,335237.57456766535,4920.204914700449,0.0019880241709762294,23.33671120867866,251.8780633869931,0.9095650856180086,1.8005778201768408e-08,0,0.012235049103212119,0.0039479385625037595,0.00023524410789832473,1.0028916602186175
0.038375,76,physics,0,5810,28061.467963497038,312715.58737406484,409.2279614121471,341186.28329897404,4957.225793223602,0.0020029825726303884,23.45637893111593,249.8923710808186,0.910268305311386,1.8106094401559848e-08,0,0.012142578812302626,0.003971129248666997,0.00023524410789832473,1.0028965021673995
0.0384375,76,physics,0,5810,28819.007767074138,317987.6282100574,428.4148687109073,347235.05084584246,4994.517130509599,0.0020180502539928567,23.586860582345654,252.0722754777116,0.909488354242342,1.8169323823258307e-08,0,0.012038651306067889,0.003995483569687035,0.00023524410789832473,1.0029081588066442
0.0385,76,physics,0,5810,29566.839661211547,323355.8451294692,476.91185119746393,353399.5966418782,5032.073121574769,0.0020332248695418592,23.725909411670234,258.9149301113701,0.9070310835136547,1.8288513814468375e-08,0,0.01196024742923673,0.004022421178494471,0.00023524410789832473,1.0029207122619648
0.0385,77,refine,0,6288,29566.839661211547,323355.8451294692,476.91185119746393,353399.5966418782,5032.073121574769,0.002033224869541859,23.725909411670234,258.9149301113701,0.9070310835136547,1.8288513814468375e-08,0,0.01196024742923673,0.0038047943037832683,0.00023251079255715013,1.0029207122619648
0.0385625,77,physics,0,6288,30210.8135368025,328826.52239736886,506.8739884458032,359544.2099226171,5068.723304061177,0.0020480334903019027,23.87657316657536,266.2445391043919,0.9044139781304196,1.840813013131993e-08,0,0.011881901582590764,0.003830965620586233,0.00023251079255715013,1.002928961761018
0.038625,77,physics,0,6288,29762.29475016413,334276.1853831444,492.7876022941088,364531.2677356027,5096.061987763829,0.0020590797708727546,24.040766126072747,266.2578483870302,0.9044135166092581,1.852731656981633e-08,0,0.01180471734793539,0.003857287446006644,0.00023251079255715013,1.0029386460421426
0.0386875,77,physics,0,6288,29170.812000000828,339713.9831218376,454.2086314077229,369339.00375324616,5121.96957951864,0.0020695478142734374,24.20979409527539,266.25119127477217,0.9044135303358438,1.861124587776426e-08,0,0.011704086771601419,0.00388380794232361,0.00023251079255715013,1.002944922940966
0.03875,77,physics,0,6288,28757.60956864262,345198.0668160106,428.57529222270045,374384.251676876,5149.541787193032,0.0020806884509404905,24.37218884174772,266.2736824819665,0.9044136245756336,1.8713071980869265e-08,0,0.011616214864553012,0.003910511224247939,0.00023251079255715013,1.0029511998790734
0.0388125,77,physics,0,6288,28747.14359113165,350797.01340461493,438.76277378772704,379982.9197695343,5181.026028777065,0.002093409757134149,24.519848053339278,266.2407128353374,0.9044135309159298,1.8914290578209124e-08,0,0.011577120387121527,0.003937348983812912,0.00023251079255715013,1.002954786718487
0.038875,77,physics,0,6288,29166.501987007632,356504.12485759286,475.61771015159115,386146.2445547521,5216.61753768183,0.0021077906175252974,24.64656339262922,266.24600442567,0.9044137676979634,1.9037457832382643e-08,0,0.011501939676703007,0.003964327708764443,0.00023251079255715013,1.002966085346484
0.0389375,77,physics,0,6288,29917.500880603377,362285.63182374777,507.8184623579664,392710.9511667091,5255.141829236807,0.002123356477913165,24.753105761910557,266.2014679327338,0.9044254269405692,1.916105318855443e-08,0,0.011427435207044813,0.003991395797934281,0.00023251079255715013,1.0029716450355564
0.039,77,physics,0,6288,30796.486230396444,368120.8740275964,509.2719380154376,399426.6321960082,5294.548650543827,0.00213927892720513,24.838537218903504,264.51019389806254,0.9050272833835147,1.9285931074364297e-08,0,0.011353175156157233,0.004018642492043292,0.00023251079255715013,1.0029770254091637
0.039,78,refine,0,6775,30796.486230396447,368120.8740275964,509.27193801543757,399426.6321960082,5294.5486505438275,0.00213927892720513,24.838537218903504,264.51019389806254,0.9050272833835147,1.9285931074364297e-08,0,0.011353175156157233,0.0037963863809958214,0.00022964338131714612,1.0029770254091637
0.0390625,78,physics,0,6775,31726.464972792484,374064.00618716097,481.29468342774896,406271.7658433812,5334.390777749239,0.002155377263205276,24.924273661992,261.3734756654548,0.9061544071122227,1.9513262117243334e-08,0,0.011350049112926738,0.003823748570330516,0.00022964338131714612,1.002984737328334
0.039125,78,physics,0,6775,32680.23317669293,380084.4811565202,450.42063639577634,413215.13496960886,5374.532817399162,0.0021715967797658236,25.026238775607094,258.7487683841466,0.9071098803635492,1.9681635876622706e-08,0,0.011300133184054073,0.0038512085116685596,0.00022964338131714612,1.0029913732132232
0.0391875,78,physics,0,6775,33629.68946097156,386194.79273946106,443.6829781340856,420268.1651785667,5414.976889330388,0.0021879383334134513,25.14184277594546,258.4471568382695,0.9072071699901191,1.9788586769209396e-08,0,0.01122727164245867,0.0038788241169716623,0.00022964338131714612,1.0029928080049177
0.03925,78,physics,0,6775,34574.28454968378,392408.49691914686,464.29965747439076,427447.08112630504,5455.724904165263,0.002204402696141093,25.27841241552758,261.71307233371476,0.9060477199045676,1.9836594589151024e-08,0,0.01112054641415079,0.003906520896791307,0.00022964338131714612,1.00300195485022
0.0393125,78,physics,0,6775,35447.95722862924,398726.1819955498,489.96835170580897,434664.1075758849,5496.018707414527,0.002220683533256442,25.434173581177344,266.2747257555659,0.9044142005580964,1.9967306030821442e-08,0,0.011048150150767043,0.003934279599799034,0.00022964338131714612,1.0030111017789376
0.039375,78,physics,0,6775,35358.010405556226,405036.4017928914,496.2552629255193,440890.66746137314,5528.3853630929,0.002233761381616207,25.59992956786516,266.2895461998138,0.9044138679262962,2.0097603581348227e-08,0,0.010976016405621859,0.003962192511552278,0.00022964338131714612,1.003014330126636
0.0394375,78,physics,0,6775,34630.82014359557,411214.91439612675,482.53858684980435,446328.27312657214,5555.3322338333965,0.0022446493489441856,25.76600126836519,266.297325050793,0.904413441390173,2.0104417686184233e-08,0,0.010837159017472257,0.003990241550626028,0.00022964338131714612,1.003030113309408
0.0395,78,physics,0,6775,33882.55114713835,417403.2838623222,465.7631923451983,451751.5982018058,5582.069291231452,0.0022554525405341836,25.921254217228498,266.28409244255704,0.9044135238557819,2.0214823592823476e-08,0,0.010755507085774408,0.004018418178126763,0.00022964338131714612,1.0030397985672517
0.0395,79,refine,0,7116,33882.55114713834,417403.2838623222,465.76319234519826,451751.5982018058,5582.069291231452,0.0022554525405341836,25.921254217228498,266.28409244255704,0.9044135238557819,2.0214823592823476e-08,0,0.010755507085774408,0.0037969805463362906,0.00022779683058615774,1.0030397985672517
0.0395625,79,physics,0,7116,33428.698406181546,423741.4915007313,461.7262776998602,457631.9161846127,5611.550157187106,0.002267364376544529,26.071441662056873,266.30919351277487,0.9044134336937462,2.0348016604998527e-08,0,0.010684858004706551,0.003819949213572662,0.00022779683058615774,1.0030437444398517
0.039625,79,physics,0,7116,33401.61912948309,430238.2420509922,473.0618329599297,464112.92301343527,5644.949500404895,0.002280859485536475,26.21852320866456,266.289887202674,0.9044135377215416,2.0547330947806612e-08,0,0.010637148324906125,0.0038430738722194623,0.00022779683058615774,1.0030527123898536
0.0396875,79,physics,0,7116,33795.52434187896,436853.8643867309,488.99636352624645,471138.3850921361,5682.163863866216,0.0022958960653805803,26.35440464731619,266.28435519140805,0.904413808025143,2.0684357338041062e-08,0,0.010566942312654546,0.0038662703433429363,0.00022779683058615774,1.0030611423359639
0.03975,79,physics,0,7116,34560.27258652653,443570.34999522346,496.4085734430107,478627.031155193,5722.639201846157,0.002312250252171753,26.479919437364675,266.29053952791924,0.904413643203795,2.0821817159344388e-08,0,0.010496921085143975,0.003889551370013156,0.00022779683058615774,1.003068316813991
0.0398125,79,physics,0,7116,35586.07666734906,450378.87551542884,491.55299592903435,486456.50517870695,5765.35700616282,0.002329510514494544,26.599595025042934,266.2668467208511,0.9044281651477063,2.09622577074242e-08,0,0.010405746504227075,0.003914441510365596,0.00022779683058615774,1.0030708278934237
0.039875,79,physics,0,7116,36684.59894499402,457276.8156094607,481.5564236342261,494442.97097808897,5808.741190212615,0.002347040029631029,26.725002463973137,265.3519514233107,0.9047584485848461,2.1193828914078986e-08,0,0.010401080228921335,0.003940306518640746,0.00022779683058615774,1.00307836116944
0.0399375,79,physics,0,7116,37805.93542006888,464268.2703780397,476.1356724889281,502550.34147059754,5852.447807366717,0.00236469982487089,26.859412203796378,264.35177513267246,0.905110643692559,2.12942037336461e-08,0,0.010299423676451388,0.003966466126298028,0.00022779683058615774,1.0030841008462836
0.04,79,physics,0,7116,38947.72386688246,471361.1034169238,478.78410363756495,510787.6113874438,5896.472795954936,0.0023824882590836125,27.0002165414485,264.9762906672418,0.9048609848549616,2.143964472622885e-08,0,0.010229820767874372,0.003992862159381889,0.00022779683058615774,1.0030885849916698
0.04,80,refine,0,7548,38947.72386688245,471361.1034169238,478.7841036375649,510787.6113874438,5896.472795954937,0.0023824882590836125,27.0002165414485,264.9762906672418,0.9048609848549616,2.143964472622885e-08,0,0.010229820767874372,0.0038101909735384367,0.00022070750128477812,1.0030885849916698
0.0400625,80,physics,0,7548,40010.32867465462,478562.3117672199,484.65771919026395,519057.2981610648,5939.981998307058,0.0024000682882537863,27.149226890012898,266.2896471340279,0.9044136567750729,2.1345494261026893e-08,0,0.010035410895657565,0.00383695059170942,0.00022070750128477812,1.0030923516892856
0.040125,80,physics,0,7548,40492.675790310845,485799.02114940237,486.52956698975385,526778.226506703,5978.8497261641405,0.002415772915143804,27.30939361611439,266.3137589530919,0.9044136470436931,2.1221273627247703e-08,0,0.009967272127028467,0.003863824282579383,0.00022070750128477812,1.0030980914461838
0.0401875,80,physics,0,7548,40108.19981761671,492858.20743364515,484.3915166412786,533450.7987679031,6010.688902851376,0.002428637633977981,27.477928205671006,266.317974225662,0.9044137771307025,2.1367414504425102e-08,0,0.009817358873636389,0.0038908803058440647,0.00022070750128477812,1.0031036518669987
0.04025,80,physics,0,7548,39385.51472579489,499876.8565193616,484.57988305004517,539746.9511282066,6039.8349490628025,0.0024404141850258394,27.64389819492448,266.3161199795924,0.9044135285883681,2.1514425796453887e-08,0,0.00975050909299424,0.003918116033582185,0.00022070750128477812,1.0031126203526173
0.0403125,80,physics,0,7548,38676.323459728854,506997.8977447942,489.27813324467087,546163.4993377677,6069.2065772471,0.0024522818831734443,27.79704507596198,266.31029885657813,0.9044135403928321,2.1687144524662485e-08,0,0.009693985440265316,0.003945413085500173,0.00022070750128477812,1.003117463368192
0.040375,80,physics,0,7548,38208.46352794485,514270.59982212906,494.67096465239297,552973.7343147263,6100.6821333983025,0.002464999679989397,27.931783676645857,266.31801882579816,0.9044135658514303,2.1839408503865373e-08,0,0.009626987229366484,0.003972921264244396,0.00022070750128477812,1.003124100131215
0.0404375,80,physics,0,7548,38095.88193518928,521670.99455039913,495.0916631526369,560261.968148741,6135.191510916222,0.0024789433018079774,28.04638484179851,266.3089169762026,0.9044137049394162,2.2110647535100718e-08,0,0.009610743480496363,0.004000664515369661,0.00022070750128477812,1.0031300194433892
0.0405,80,physics,0,7548,38383.378317693096,529173.2650523506,489.27428879215734,568045.9176588359,6173.132069021236,0.0024942733028659046,28.138816862529183,266.3206214649982,0.9044135317573818,2.2267450106028287e-08,0,0.009543674849509208,0.004028662750178086,0.00022070750128477812,1.0031391675399985
0.0405,81,refine,0,8181,38383.378317693096,529173.2650523506,489.2742887921573,568045.9176588359,6173.132069021236,0.002494273302865904,28.138816862529183,266.3206214649982,0.9044135317573818,1.9385108629421672e-08,0,0.009543674849509208,0.003824913002277004,0.00016853994748089463,1.0031391675399985
0.0405625,81,physics,0,8181,39047.53103657785,536850.7398104584,482.8666113711196,576381.1374584074,6214.6076052696735,0.002511031622889995,28.242206812455134,266.33871278022644,0.9044135632862901,1.94963147848171e-08,0,0.009476431865997517,0.0038512516367159608,0.00016853994748089463,1.0031425756757513
0.040625,81,physics,0,8181,40025.82985043833,544643.9934193051,483.2983453388342,585153.1216150821,6258.96205895363,0.0025289531785019368,28.34321654899743,266.32388007198745,0.9044136366452993,1.9637252712811885e-08,0,0.00947006199353134,0.0038778075905857834,0.00016853994748089463,1.0031467013292599
0.0406875,81,physics,0,8181,41217.626393635466,552550.9267995507,491.79109040184056,594260.344283588,6305.299472175546,0.0025476759551127633,28.461671234080633,266.32741317953884,0.9044136676908748,1.978268926450257e-08,0,0.0094031875377353,0.003904792577657037,0.00016853994748089463,1.0031554908215763
0.04075,81,physics,0,8181,42491.053702913705,560569.4877260608,501.2020752705494,603561.7435042451,6352.397284469111,0.0025667059733448213,28.601188177249412,266.3338322848783,0.9044135762558356,1.9885725954793543e-08,0,0.009318293943927945,0.003932255731915654,0.00016853994748089463,1.0031615896982378
0.0408125,81,physics,0,8181,43719.43491547278,568688.5816917578,502.2439404598365,612910.2605476903,6399.107157717513,0.0025855792435917403,28.757695902574966,266.3207820018006,0.9044135423018868,2.0054073068820337e-08,0,0.009252181255751953,0.003959870413417214,0.00016853994748089463,1.0031664329502359
0.040875,81,physics,0,8181,44682.10163232747,576854.7029714044,492.89660828962775,622029.7012120215,6443.618818605148,0.0026035643192638797,28.919401941669392,266.3393767268133,0.904413541907784,2.0189899530009845e-08,0,0.009186584415115542,0.0039876170735995775,0.00016853994748089463,1.003178092726879
0.0409375,81,physics,0,8181,44949.950973407584,584859.8997477988,481.6438531167245,630291.4945743232,6482.514570468803,0.002619280269350097,29.08178347686802,266.33496065520023,0.9044135102920372,2.0305893855265786e-08,0,0.009121486461154169,0.004015603783221438,0.00016853994748089463,1.0031879587975816
0.041,81,physics,0,8181,44722.20821137175,592778.3437511362,480.54006968326564,637981.0920321912,6517.522379674736,0.002633425284054212,29.23730378543256,266.33584234271393,0.9044136519167549,2.0385463983529897e-08,0,0.009056900594613998,0.004043849115689727,0.00016853994748089463,1.0031897526390432
0.041,82,refine,0,8828,44722.20821137175,592778.3437511361,480.5400696832657,637981.0920321911,6517.522379674736,0.002633425284054212,29.23730378543256,266.33584234271393,0.9044136519167549,1.6687502935042192e-08,0,0.009056900594613998,0.0038204194026563495,0.00013138382928445935,1.0031897526390432
0.0410625,82,physics,0,8828,44207.74514350367,600801.4826479089,492.597006348554,645501.824797761,6550.548463925839,0.002646769576595904,29.39456378220166,266.33839676972786,0.9044136102922421,1.6801194213655883e-08,0,0.008983927538987484,0.003838926620358204,0.00013138382928445935,1.0031929815617575
0.041125,82,physics,0,8828,43612.83004075536,608950.8824173432,508.5689211424521,653072.281379241,6583.074300632332,0.0026599117425528725,29.55025527825744,266.3393934859655,0.9044135056785866,1.6944881053859754e-08,0,0.008920012553656872,0.003858190493679604,0.00013138382928445935,1.003199080666351
0.0411875,82,physics,0,8828,43124.02001248796,617238.1001623087,515.1142383640745,660877.2344131607,6616.505717996456,0.002673419811203084,29.699479264491323,266.3356008479908,0.9044135778712168,1.7090574289113607e-08,0,0.008912060739025954,0.0038823259831732263,0.00013138382928445935,1.0032069736802804
0.04125,82,physics,0,8828,42889.10199007988,625660.3232420832,506.74964662396417,669056.174878787,6652.034462659669,0.002687775311501768,29.847185675701613,266.34901288330127,0.9044135404218219,1.7209716318689045e-08,0,0.00884928240950278,0.003908873933727066,0.00013138382928445935,1.0032103820464027
0.0413125,82,physics,0,8828,42998.74849463953,634216.690535699,490.91629042945704,677706.355320768,6690.524606926779,0.002703327374564095,29.994712872588796,266.3427240040577,0.9044135576709301,1.7357661086236944e-08,0,0.00875875481443152,0.003935541418885415,0.00013138382928445935,1.0032200690449211
0.041375,82,physics,0,8828,43474.91824951736,642904.6517641068,481.8086070246335,686861.3786206488,6732.320673099335,0.002720215205703843,30.13770720837356,266.3393376127709,0.9044134964856939,1.7503756666314985e-08,0,0.008779179230459835,0.003962417726122766,0.00013138382928445935,1.0032315500531785
0.0414375,82,physics,0,8828,44294.39498516987,651716.6548788891,488.0120061615536,696499.0618702205,6777.296829871759,0.002738387962388932,30.274933598295263,266.34468606152416,0.9044137618599475,1.7624101289470686e-08,0,0.008716486300869077,0.003989395872408816,0.00013138382928445935,1.0032363936429445
0.0415,82,physics,0,8828,45382.69211383456,660638.5729709059,504.76482918674327,706526.0299139272,6824.726863462683,0.0027575522156716753,30.41361630444033,266.35256500276364,0.9044135841656893,1.771827040641938e-08,0,0.008636700960928162,0.004016460629561611,0.00013138382928445935,1.0032478748380231
0.0415,83,refine,0,9527,45382.692113834564,660638.5729709059,504.76482918674327,706526.0299139272,6824.726863462683,0.002757552215671675,30.41361630444033,266.35256500276364,0.9044135841656893,1.5433940347975285e-08,0,0.008636700960928162,0.0038270157537365424,0.00011625539627857506,1.0032478748380231
0.0415625,83,physics,0,9527,46595.82639465206,669691.2148676696,517.9937590422196,716805.0350213639,6873.36896423014,0.0027772062084860795,30.565551633857215,266.3566147676959,0.9044136272495108,1.5489792559719704e-08,0,0.008594258781626495,0.0038466889502715676,0.00011625539627857506,1.0032559476319847
0.041625,83,physics,0,9527,47725.686414277196,678770.2425802222,516.7393486324172,727012.6683431318,6921.278959846633,0.0027965643919279056,30.73408663028089,266.36379989589534,0.9044137421405114,1.5600591041220488e-08,0,0.008533163280854688,0.003866719527217115,0.00011625539627857506,1.0032598943548967
0.0416875,83,physics,0,9527,48592.452290023924,687825.0144986059,503.11120139734663,736920.5779900271,6967.000223596978,0.0028150382114196845,30.90611194356059,266.36115795470994,0.9044138172099221,1.570486585222852e-08,0,0.008472603045987258,0.003893643406286233,0.00011625539627857506,1.0032726316120204
0.04175,83,physics,0,9527,49078.66600682023,696845.3097343504,490.3507397102191,746414.326480881,7009.712948866845,0.002832296421536494,31.085655808634897,266.3657773558991,0.904413648742077,1.5817741783052952e-08,0,0.008412263574159943,0.003921009292742463,0.00011625539627857506,1.0032792694016577
0.0418125,83,physics,0,9527,49179.17092822114,705887.1275919203,490.6500507456235,755556.9485708871,7049.520952829049,0.0028483809699308537,31.266184625488624,266.37325683247417,0.9044134816006942,1.5920447182793373e-08,0,0.008353944093764028,0.003948630145782446,0.00011625539627857506,1.003284651425495
0.041875,83,physics,0,9527,48966.76102040653,715005.1796431391,504.3999641982151,764476.3406277439,7087.036628209781,0.0028635392957976403,31.437717442600157,266.3693052116267,0.9044137246080682,1.6035302863315334e-08,0,0.008294473924818515,0.003976505926186106,0.00011625539627857506,1.0032945185441826
0.0419375,83,physics,0,9527,48560.86586303007,724214.9133491854,520.3040020248696,773296.0832142403,7123.105528096547,0.0028781130475044924,31.58830476247201,266.3588671550647,0.9044136434846852,1.6180643491736643e-08,0,0.008235454763513268,0.004004605767622389,0.00011625539627857506,1.003301874095792
0.042,83,physics,0,9527,48115.2948820318,733512.396153369,525.5115692615259,782153.2026046624,7158.82302162236,0.002892544812371606,31.723339169581802,266.37785375762843,0.9044136747422857,1.6297155625011315e-08,0,0.008176749519472361,0.004032958429419904,0.00011625539627857506,1.0033138942596092
0.042,84,refine,0,10390,48115.2948820318,733512.396153369,525.5115692615259,782153.2026046624,7158.82302162236,0.002892544812371606,31.723339169581802,266.37785375762843,0.9044136747422857,1.3447376545627773e-08,0,0.007524591783212152,0.003821790851871605,0.00011094169894931838,1.0033138942596092
0.0420625,84,physics,0,10390,47780.82474364142,742965.167553386,516.6907814714218,791262.6830784988,7195.526043888186,0.0029073747832053885,31.86029440634553,266.391194018036,0.9044135760979731,1.3544021015832165e-08,0,0.007471000475421998,0.0038490883592633466,0.00011094169894931838,1.0033182000249634
0.042125,84,physics,0,10390,47679.24329763108,752547.0747052244,502.30153186148453,800728.6195347169,7234.237083615265,0.002923016099768886,31.996738538446063,266.36158013403565,0.9044137352602118,1.3641425766763886e-08,0,0.007417919235016738,0.0038768633756332055,0.00011094169894931838,1.003325555750191
0.0421875,84,physics,0,10390,47879.862320824104,762262.4958735488,494.76988000229846,810637.1280743751,7275.691631849784,0.0029397659395181183,32.13361427240447,266.39682198958974,0.9044135440124567,1.3739398951884146e-08,0,0.007365041934730092,0.00390481721486483,0.00011094169894931838,1.0033391908956832
0.04225,84,physics,0,10390,48401.07063129719,772107.5272295678,500.09531106782174,821008.6931719327,7320.128507935344,0.002957720798156168,32.281450000018935,266.3997076297864,0.9044135404564628,1.3837372137004439e-08,0,0.007312913136204014,0.003932889953753116,0.00011094169894931838,1.0033504938541244
0.0423125,84,physics,0,10390,49198.76935384734,782059.5407223108,513.3774108399875,831771.6874869982,7367.127604806121,0.0029767109301096504,32.442934537885506,266.3800481639777,0.9044136051335819,1.396619708771139e-08,0,0.007276323832782138,0.003961261045410706,0.00011094169894931838,1.0033531850534732
0.042375,84,physics,0,10390,50187.839959034834,792087.5853094459,523.8074178394979,842799.2326863202,7415.83707797555,0.002996392144952279,32.60820241029651,266.37644611127513,0.90441349621537,1.4538361625682225e-08,0,0.007467569134547417,0.003989751668835661,0.00011094169894931838,1.0033583880593493
0.0424375,84,physics,0,10390,51231.874116864565,802146.4623695072,524.1260032275918,853902.4624895992,7464.995735342095,0.003016254854074386,32.76907880660705,266.39151529463317,0.9044135725462323,1.4057437880410345e-08,0,0.007118186151178496,0.0040185403170488665,0.00011094169894931838,1.003365385247723
0.0425,84,physics,0,10390,52195.13163699793,812209.2031305386,516.0226102214257,864920.3573777579,7513.447871146105,0.003035832090951848,32.92400040010359,266.4009927831753,0.9044135839380859,1.4192284680802915e-08,0,0.007084511868258261,0.004047566157423391,0.00011094169894931838,1.0033711265669363
0.0425,85,refine,0,11162,52195.13163699793,812209.2031305385,516.0226102214256,864920.3573777578,7513.447871146105,0.003035832090951848,32.92400040010359,266.4009927831753,0.9044135839380859,1.4192284680802915e-08,0,0.007084511868258261,0.0038217544144035936,0.00011094169894931838,1.0033711265669363
0.0425625,85,physics,0,11162,52955.27368891373,822367.0140769716,507.7347874674774,875830.0225533528,7560.423575593582,0.0030548127711255944,33.081138700567664,266.38631134215086,0.9044134210656876,1.4469662801275241e-08,0,0.007197376181448897,0.0038492273053758485,0.00011094169894931838,1.003375073742952
0.042625,85,physics,0,11162,53426.79282569866,832590.8829232517,506.59727531050487,886524.2730242609,7605.224824644953,0.003072914855800688,33.237579368444756,266.3904266749728,0.9044136475524717,1.4571835293963875e-08,0,0.007146759426299631,0.0038771847970904888,0.00011094169894931838,1.0033840446552822
0.0426875,85,physics,0,11162,53588.28487029637,842894.2141621279,513.3662498582529,896995.8652822826,7647.713123526846,0.003090082385732006,33.387623021831985,266.3914706611764,0.9044134352495189,1.4674169435124923e-08,0,0.007096304945899086,0.003905135632276157,0.00011094169894931838,1.0033942715931745
0.04275,85,physics,0,11162,53466.41545983044,853272.2192566728,522.4974835498311,907261.1322000531,7688.049857255405,0.0031063805690387906,33.53820056929767,266.40838551042526,0.9044134687574035,1.4778038348595146e-08,0,0.0070462217100742686,0.003933442988862049,0.00011094169894931838,1.0033991159685582
0.0428125,85,physics,0,11162,53162.061067151124,863724.2913870969,527.238277666125,917413.5907319142,7726.966595328685,0.003122104998662817,33.68558886448244,266.40309084037716,0.9044136251848447,1.488225720436278e-08,0,0.006996463378191676,0.003962048388024925,0.00011094169894931838,1.003409701907273
0.042875,85,physics,0,11162,52804.79866801626,874253.3708066985,525.0433492903451,927583.212824005,7765.466741546667,0.0031376611030454193,33.822170331040844,266.39793341517213,0.9044134314909014,1.4987175944725095e-08,0,0.0069471550142672575,0.003990898751930403,0.00011094169894931838,1.0034184937039796
0.0429375,85,physics,0,11162,52525.174719044364,884855.0267162555,518.9266356854927,937899.1280709853,7804.631810894849,0.0031534858716960284,33.949970871686084,266.41393648244883,0.9044136046775539,1.5092956218154564e-08,0,0.00689814429944074,0.004019923569693297,0.00011094169894931838,1.0034247736059332
0.043000000000000003,85,physics,0,11162,52437.26192772728,895526.0770916586,514.1025251723843,948477.4415445583,7845.462232161927,0.0031699835309938243,34.07346135097103,266.4223417485816,0.9044135703023443,1.5199248082353727e-08,0,0.006849553751846756,0.004049184657203567,0.00011094169894931838,1.0034335655346969
0.043000000000000003,86,refine,0,11937,52437.26192772729,895526.0770916585,514.1025251723843,948477.4415445582,7845.462232161926,0.003169983530993824,34.07346135097103,266.4223417485816,0.9044135703023443,1.5199248082353727e-08,0,0.006849553751846756,0.003824633362282405,0.00010745196777861565,1.0034335655346969
0.043062500000000004,86,physics,0,11937,52614.911102232116,906378.8752842062,513.8049078368692,959507.5912942752,7888.850203639135,0.0031875145764464746,34.20258987126737,266.4066546228045,0.904413535577614,1.530605153732267e-08,0,0.006801380191913224,0.0038463615138362647,0.00010745196777861565,1.0034394866729885
0.043125000000000004,86,physics,0,11937,53076.55734804303,917339.9582673478,517.6052263508086,970934.1208417417,7934.832484577009,0.0032060938607435356,34.34788806286404,266.38847059614955,0.9044135124576108,1.541320493458896e-08,0,0.006753528137130488,0.0038717963049657543,0.00010745196777861565,1.0034497141759706
0.043187500000000004,86,physics,0,11937,53804.15050380028,928404.7030996562,522.8337073704255,982731.6873108268,7983.221730811416,0.0032256456868917163,34.50730365354093,266.40026555960793,0.9044135378282351,1.552156980721972e-08,0,0.006706089257156247,0.00390001380385369,0.00010745196777861565,1.0034620949769477
0.043250000000000004,86,physics,0,11937,54719.741720326536,939565.221385807,526.8547424650762,994811.8178485986,8033.298584286662,0.0032458793960193208,34.67632816280044,266.4192139523502,0.90441356192418,1.5630096328322936e-08,0,0.006659288041038828,0.003928598715934416,0.00010745196777861565,1.0034671191136693
0.043312500000000004,86,physics,0,11937,55731.71766286454,950829.1780352655,528.2149723763733,1007089.1106705065,8084.241386620884,0.003266462994490014,34.8406454057222,266.4052629653357,0.9044135354511614,1.57382729071287e-08,0,0.006612798638677084,0.003957364792487528,0.00010745196777861565,1.0034780646414798
0.043375000000000004,86,physics,0,11937,56712.14805283795,962180.6898921244,526.9216456467066,1019419.759590609,8134.959017221274,0.0032869556116177975,34.99417125779578,266.4262088637801,0.9044135536958098,1.5847849255123957e-08,0,0.006566953818859805,0.00398625447746611,0.00010745196777861565,1.00348470379029
0.043437500000000004,86,physics,0,11937,57529.561206391205,973591.9216133894,524.1970750962902,1031645.6798948769,8184.369331223755,0.003306920003389474,35.13146210690019,266.41558295418935,0.9044135801209061,1.5956887366996836e-08,0,0.0065214987045343715,0.0040154433026752204,0.00010745196777861565,1.0034904457922516
0.043500000000000004,86,physics,0,11937,58082.27586512238,985031.9869456883,521.8770735997031,1043636.1398844103,8231.663147718933,0.0033260292177290595,35.242931378620995,266.4284234419747,0.9044134841383921,1.6066975305761844e-08,0,0.006476668515804639,0.004044762740466629,0.00010745196777861565,1.0035012121344868
0.043500000000000004,87,refine,0,12692,58082.27586512237,985031.9869456883,521.8770735997031,1043636.1398844103,8231.663147718933,0.003326029217729059,35.242931378620995,266.4284234419747,0.9044134841383921,1.5288299515248094e-08,0,0.006476668515804639,0.003830784974377794,0.00010745196777861565,1.0035012121344868
0.043562500000000004,87,physics,0,12692,58316.41711033916,996638.1973484724,522.0041288320442,1055476.6185876438,8276.716182722572,0.0033442330373038747,35.38359568296347,266.4266398915634,0.9044135271191537,1.5537807929177922e-08,0,0.006432109212383759,0.0038521335662369,0.00010745196777861565,1.0035132346864946
0.043625000000000004,87,physics,0,12692,58254.285789995905,1008294.3735046686,525.3824704250917,1067074.0417650894,8319.501268085456,0.0033615204847378,35.50548848931186,266.4342191267738,0.9044136325749684,1.5775249107008426e-08,0,0.0063882858168910735,0.003874231213603193,0.00010745196777861565,1.0035232834971868
0.043687500000000004,87,physics,0,12692,57976.7621438237,1019991.2110424822,530.2623534563486,1078498.2355397623,8360.631377014786,0.003378139233772217,35.64311442985946,266.432627255979,0.9044134953197409,1.593497955809656e-08,0,0.00634439149066608,0.0038963930533376925,0.00010745196777861565,1.0035309996165513
0.043750000000000004,87,physics,0,12692,57610.67437846685,1031731.9616317747,533.3013421420014,1089875.9373523835,8401.089352081144,0.0033944864050181774,35.78564280292097,266.43049512962807,0.9044134640509844,1.605096322521152e-08,0,0.006301300178971798,0.003918508770156884,0.00010745196777861565,1.003543022525431
0.043812500000000004,87,physics,0,12692,57297.43755120258,1043519.4809057708,531.9458345142108,1101348.8642914875,8442.008162420496,0.0034110197781962656,35.92739589837222,266.4362166679683,0.9044135651730755,1.6167817307177743e-08,0,0.006258266012502774,0.003940607922853489,0.00010745196777861565,1.0035476881706558
0.043875000000000004,87,physics,0,12692,57154.903198980675,1055352.0664126023,526.8734425518537,1113033.8430541349,8484.377122740556,0.0034281390890059734,36.06833822295846,266.4220748932415,0.9044134771136221,1.6285563120277425e-08,0,0.006215773704843196,0.003964303322096871,0.00010745196777861565,1.003557198976175
0.043937500000000004,87,physics,0,12692,57276.259747032236,1067245.1444945787,521.9634011754404,1125043.3676427864,8529.025906464676,0.003446179569586613,36.19704077164496,266.4477910804362,0.9044135273102583,1.6404290814620006e-08,0,0.006173818682622385,0.003993021193465221,0.00010745196777861565,1.0035613263349168
0.044,87,physics,0,12692,57705.70801623797,1079213.8355576403,521.4797266122334,1137441.0233004906,8576.371642333856,0.003465309762109672,36.288571590858844,266.4423457485092,0.9044134893959445,1.652357584092099e-08,0,0.006132268427931654,0.004021970869691513,0.00010745196777861565,1.0035688632946809
0.044,88,refine,0,13417,57705.70801623797,1079213.8355576403,521.4797266122334,1137441.0233004906,8576.371642333856,0.0034653097621096724,36.288571590858844,266.4423457485092,0.9044134893959445,1.1136977562387089e-08,0,0.006132268427931654,0.0038259837823828987,6.482925527961925e-05,1.0035688632946809
0.0440625,88,physics,0,13417,58438.832874604544,1091530.8461241275,526.8242651338581,1150496.5032638658,8626.76611377233,0.003485671805766492,36.39871012917035,266.4495728675802,0.9044135106330718,1.1205456118545967e-08,0,0.006091293824757375,0.0038431606978503283,6.482925527961925e-05,1.0035722728903125
0.044125,88,physics,0,13417,59405.46683894284,1104024.5299065958,534.7385601375752,1163964.7353056762,8679.254708735827,0.0035068799865783824,36.53563999884802,266.440409388666,0.9044135209675443,1.1272975442011565e-08,0,0.006050788950473504,0.0038663641442646113,6.482925527961925e-05,1.0035808866571905
0.0441875,88,physics,0,13417,60503.12494191782,1116680.1655873852,539.3964116383916,1177722.6869409415,8732.899679635653,0.003528555404700957,36.68156222152427,266.4416267022059,0.9044135627937323,1.13430083104049e-08,0,0.006010687219694691,0.0038943317821368787,6.482925527961925e-05,1.0035895004980013
0.04425,88,physics,0,13417,61581.521605177724,1129456.7850451742,537.2668902669943,1191575.5735406189,8786.408234344792,0.0035501757034355043,36.83059058075773,266.43868326066774,0.9044134910806803,1.154853457308034e-08,0,0.005971094211901253,0.003922638483726604,6.482925527961925e-05,1.0035981144127457
0.0443125,88,physics,0,13417,62486.3110066573,1142308.0758368967,530.3360672373286,1205324.7229107914,8838.527420482304,0.0035712346234567675,36.98291563724976,266.4468422265177,0.9044135053563803,1.1699371249562791e-08,0,0.005931967137080124,0.003951138942440443,6.482925527961925e-05,1.0036008062762656
0.044375,88,physics,0,13417,63101.33979263678,1155187.6374272788,524.7061194401344,1218813.6833393555,8888.369515669225,0.003591373477763439,37.13108361239956,266.4648449421908,0.9044134655970746,1.177476449676362e-08,0,0.005893349480530908,0.003979818259806161,6.482925527961925e-05,1.0036043954388567
0.0444375,88,physics,0,13417,63359.558574895236,1168056.359278683,525.588282419896,1231941.506135998,8935.429110067,0.0036103880539306806,37.26212850869979,266.43696613742196,0.9044134454668566,1.1805723065805319e-08,0,0.005855087617540099,0.004008691333996084,6.482925527961925e-05,1.0036087024509095
0.0445,88,physics,0,13417,63276.8217353403,1180880.5025319746,532.8641081978195,1244690.1883755128,8979.80195200102,0.003628317039368671,37.384667491245764,266.4483083434196,0.9044134778757701,1.188158083031965e-08,0,0.005816866429986682,0.004037744576110062,6.482925527961925e-05,1.003614983543286
0.0445,89,refine,0,14263,63276.8217353403,1180880.5025319748,532.8641081978195,1244690.188375513,8979.80195200102,0.003628317039368671,37.384667491245764,266.4483083434196,0.9044134778757701,9.071232653923299e-09,0,0.006319987403359118,0.0038192626445348564,5.881102697458118e-05,1.003614983543286
0.0445625,89,physics,0,14263,62947.638521792236,1193822.1073184873,541.0140477259694,1257310.7598880054,9022.433527727992,0.0036455424607533104,37.515480012228615,266.46568912220806,0.9044135874360639,9.129841771482479e-09,0,0.006279015770478548,0.0038361879095472175,5.881102697458118e-05,1.003623418214886
0.044625,89,physics,0,14263,62506.67156539591,1206777.6324798134,543.4681241595547,1269827.772169369,9064.17635050538,0.003662408778730958,37.66441424315426,266.45950352280335,0.9044135781253,9.188189764586253e-09,0,0.0062384293368110124,0.0038638528617874687,5.881102697458118e-05,1.0036325708110712
0.0446875,89,physics,0,14263,62119.90175117667,1219800.785160244,538.3447724082806,1282459.031683829,9106.391819449153,0.003679466070868904,37.82918880056172,266.4626641189642,0.904413477344699,9.246976517829364e-09,0,0.006198318132257345,0.0038918931139234015,5.881102697458118e-05,1.0036451333338958
0.04475,89,physics,0,14263,61937.293043868325,1232939.1633044295,530.2180066083613,1295406.6743549062,9150.391140173895,0.003697244133893542,38.002510752518134,266.45610646507583,0.904413448267945,9.306285519983233e-09,0,0.006158580465332578,0.003920075249485567,5.881102697458118e-05,1.003649440520777
0.0448125,89,physics,0,14263,62065.83821039864,1246249.1604927578,526.2166086983458,1308841.2153118546,9197.157944651683,0.003716140407376725,38.172719729273474,266.47193805329323,0.9044135441317436,9.365505704295157e-09,0,0.0061193715291703865,0.003948439694098445,5.881102697458118e-05,1.0036587728224318
0.044875,89,physics,0,14263,62554.535088956494,1259756.3771431467,530.1147969092513,1322841.0270290126,9247.134802894221,0.003736333713116548,38.33055074719251,266.47708043092246,0.904413575228313,9.424725888607086e-09,0,0.006080658678862771,0.003976997909678836,5.881102697458118e-05,1.0036664899835777
0.0449375,89,physics,0,14263,63394.08600257233,1273455.9998573654,539.2957239036184,1337389.3815838415,9300.179418399677,0.0037577665557645117,38.46976709524699,266.4646876481473,0.9044134515776628,9.483946072919033e-09,0,0.0060424325587432525,0.004005764793521619,5.881102697458118e-05,1.0036731303790358
0.045,89,physics,0,14263,64491.42642594498,1287295.0555409344,546.7015509019078,1352333.1835177813,9355.39482912387,0.0037800765150052306,38.57697150823877,266.4602334420323,0.9044136857914385,9.331660777434066e-09,0,0.006004705657719309,0.0040346658582270855,5.881102697458118e-05,1.003682821845852
0.045,90,refine,0,15177,64491.42642594497,1287295.0555409342,546.7015509019079,1352333.183517781,9355.39482912387,0.00378007651500523,38.57697150823877,266.4602334420323,0.9044136857914385,9.331660777434066e-09,0,0.006004705657719309,0.0038118006211101496,5.812769813928753e-05,1.003682821845852
0.0450625,90,physics,0,15177,65716.17106829435,1301447.374785141,546.971468246953,1367710.5173216825,9411.922455955098,0.00380291667926378,38.67639855033126,266.484052785894,0.9044135317046864,9.080650897885786e-09,0,0.0059672951171014475,0.003837090581321775,5.812769813928753e-05,1.0036907186657815
0.045125,90,physics,0,15177,66889.9180423425,1315705.8104329105,540.5680639444297,1383136.2965391972,9468.050340252117,0.003825595326302142,38.799279136175805,266.4809199446025,0.9044134952465565,8.825832509273843e-09,0,0.005930347832058053,0.003864534466779229,5.812769813928753e-05,1.0037002308268268
0.0451875,90,physics,0,15177,67856.61200858813,1330014.3810883043,533.0650924143946,1398404.0581893069,9522.54533285273,0.003847614198347545,38.93069778638324,266.4819072270722,0.9044134498773274,8.567205611598183e-09,0,0.00589385525094186,0.0038920586537662376,5.812769813928753e-05,1.0037070509223098
0.04525,90,physics,0,15177,68472.25051558719,1344306.105608686,530.6313378493392,1413308.9874621227,9574.286221138656,0.0038685202659377274,39.06077783595536,266.4978349965967,0.9044135246636824,8.599737810754953e-09,0,0.005857662763915521,0.0039197193270503385,5.812769813928753e-05,1.003715486367671
0.0453125,90,physics,0,15177,68685.55411650054,1358527.6718735467,535.1731489156866,1427748.3991389628,9622.853070848676,0.0038881438533224237,39.1917882143277,266.47544010467215,0.9044134307807989,8.651817040572486e-09,0,0.005821932347172307,0.003947536353838601,5.812769813928753e-05,1.0037251782434762
0.045375,90,physics,0,15177,68523.09220600006,1372642.921727042,542.9364110724259,1441708.9503441146,9668.392232095213,0.003906544093721806,39.30768747596992,266.4825302888896,0.9044134965986059,8.703896270390026e-09,0,0.005786757867804968,0.003975517505867916,5.812769813928753e-05,1.003733434359644
0.0454375,90,physics,0,15177,68104.85345442948,1386659.1565248887,547.7216151296474,1455311.7315944477,9711.795443742929,0.0039240812970104885,39.39338818915399,266.4808150335331,0.9044134133281299,8.75621886109456e-09,0,0.005751743613436292,0.004003685113579829,5.812769813928753e-05,1.0037391777848574
0.0455,90,physics,0,15177,67596.17995384804,1400628.7439917228,545.9140273308919,1468770.8379729018,9754.367992199412,0.00394128286824136,39.45212944644458,266.48240755038177,0.9044134738949967,8.80829809091211e-09,0,0.005717170085232098,0.004032024288463381,5.812769813928753e-05,1.0037485109209223
0.0455,91,refine,0,16135,67596.17995384804,1400628.7439917226,545.9140273308919,1468770.8379729015,9754.367992199413,0.00394128286824136,39.45212944644458,266.48240755038177,0.9044134738949967,8.80829809091211e-09,0,0.005717170085232098,0.0038155153462994776,5.812769813928753e-05,1.0037485109209223
0.0455625,91,physics,0,16135,67189.14331597622,1415002.0270851366,539.3042541489717,1482730.474655262,9798.21854108306,0.003959000819538036,39.52303096488806,266.4973528297338,0.9044135023072856,8.860620681616633e-09,0,0.005682872050220629,0.0038416194907344744,5.812769813928753e-05,1.0037560492864825
0.045625,91,physics,0,16135,67040.85388935849,1429582.7016153825,533.2143534655195,1497156.7698582064,9844.343598441536,0.003977637793091404,39.631972362156425,266.49754109690946,0.9044135715962719,8.912961035889568e-09,0,0.0056491190839381596,0.003869434417742215,5.812769813928753e-05,1.0037677159162204
0.0456875,91,physics,0,16135,67263.59595285123,1444426.5403947714,532.2427131895436,1512222.379060812,9893.758774084545,0.003997604149219556,39.76661403774744,266.48917547121323,0.904413497575879,8.965301390162516e-09,0,0.005615764683462287,0.0038975478522109207,5.812769813928753e-05,1.0037705877227996
0.04575,91,physics,0,16135,67884.52730496199,1459535.8965251609,537.0479522113468,1527957.4717823344,9946.703956297068,0.004018996815534002,39.914703470467074,266.4804998322706,0.9044135246835951,8.729118761152685e-09,0,0.005582783212194751,0.003925840594695038,5.812769813928753e-05,1.0037815365607576
0.0458125,91,physics,0,16135,68870.14907009577,1474890.441371244,544.0369092937076,1544304.6273506333,10002.8383787114,0.0040416781043177905,40.06813823985421,266.497913853137,0.9044136012411567,8.448168387076289e-09,0,0.005550205277648837,0.00395437223436611,5.812769813928753e-05,1.0037935624712215
0.045875,91,physics,0,16135,70110.48893441157,1490424.4236101424,548.2570444258944,1561083.16958898,10061.141132752422,0.004065235514271396,40.21795003163413,266.49527332508336,0.9044136310401794,8.163409503936248e-09,0,0.00551800533774282,0.003983083166880695,5.812769813928753e-05,1.0037991267472044
0.0459375,91,physics,0,16135,71441.54767273754,1506044.7537915022,547.1370433023744,1578033.4385075422,10120.163481456151,0.004089083678697255,40.3573181613544,266.50507005966506,0.9044135909276932,7.874975338495442e-09,0,0.005486158887825381,0.004012097111557365,5.812769813928753e-05,1.0038081014508806
0.046,91,physics,0,16135,72679.38742063788,1521662.306751668,542.0276269705803,1594883.7217992765,10178.366275431581,0.004112600699473844,40.472936791447964,266.5151592280085,0.904413664522308,7.582675820572156e-09,0,0.005454568891376916,0.004041240421200017,5.812769813928753e-05,1.003813486311602
0.046,92,refine,1,16384,72679.38742063788,1521662.306751668,542.0276269705803,1594883.7217992765,10178.36627543158,0.004112600699473844,40.472936791447964,266.5151592280085,0.904413664522308,7.582675820572156e-09,0,0.005454568891376916,0.004022579113723957,5.741084532928653e-05,1.003813486311602
0.0460625,92,physics,1,16384,67452.06743323585,1526900.8121963097,533.5200249024982,1594886.399654448,10178.36627543158,0.004112600699473844,40.53866391485309,255.90256133773872,0.9082011019190683,7.3922894472388965e-09,0,0.005423340606466171,0.004051843438642498,5.741084532928653e-05,1.0038228201386148
0.046125,92,physics,1,16384,62441.16331154731,1531908.1702895225,539.0021104259553,1594888.3357114957,10178.36627543158,0.004112600699473844,40.543326560450005,247.01710985913937,0.9113831728791604,7.433600401895992e-09,0,0.005327705951400316,0.004080988788456305,5.741084532928653e-05,1.0038341285453045
0.0461875,92,physics,1,16384,57629.37951223525,1536691.3160022474,568.8563735172706,1594889.551888,10178.36627543158,0.004112600699473844,40.492786899366564,240.27306928617523,0.913806946530538,7.606629992551453e-09,0,0.005256326087176022,0.00410983573596577,5.741084532928653e-05,1.0038380775427305
0.04625,92,physics,1,16384,53022.582737493096,1541256.947706541,611.4823691919279,1594891.012813226,10178.36627543158,0.004112600699473844,40.39765587799799,235.5899747109818,0.9154927784366246,7.500666754367554e-09,0,0.005324177030611852,0.0041378474653738315,5.741084532928653e-05,1.0038463345875488
0.0463125,92,physics,1,16384,48645.504585393646,1545608.33774557,639.3483004140842,1594893.190631378,10178.36627543158,0.004112600699473844,40.27647916952577,232.38272805711486,0.9166413219011693,7.39077243849807e-09,0,0.005294523030511384,0.004164728559727138,5.741084532928653e-05,1.003859258794049
0.046375,92,physics,1,16384,44518.46099663977,1549745.824511245,630.8462403400789,1594895.1317482246,10178.36627543158,0.004112600699473844,40.12943175365145,229.7583618971235,0.9175788686330124,7.431882664832286e-09,0,0.005265004716433135,0.004190117810810527,5.741084532928653e-05,1.0038642849192914
0.0464375,92,physics,1,16384,40638.007131622726,1553595.8508090642,589.4446904390747,1594823.302631126,10178.36627543158,0.004112600699473844,39.92195552539447,226.6049475298043,0.9187123660410421,7.341224517176656e-09,0,0.005235642946051435,0.0042144770393490695,5.741084532928653e-05,1.0038709266233883
0.0465,92,physics,1,16384,36958.544971181786,1554625.9933210346,776.0686591386109,1592360.606951355,10178.36627543158,0.004112600699473844,39.81567751715793,221.91940543283985,0.9203911692308984,7.095932730294409e-09,0,0.005238491913882321,0.004242191537018433,5.741084532928653e-05,1.003874337245271
0.0465,93,refine,1,16384,36958.544971181786,1554625.9933210346,776.0686591386109,1592360.606951355,10178.36627543158,0.004112600699473844,39.81567751715793,221.91940543283985,0.9203911692308984,7.095932730294409e-09,0,0.005238491913882321,0.004242191537018433,5.741084532928653e-05,1.003874337245271
0.0465625,93,physics,1,16384,33637.71040601426,1552146.8319182722,1558.6683447523674,1587343.2106690388,10178.36627543158,0.004112600699473844,40.17323451346376,558.7680526067932,0.7994557409753748,7.452342742908495e-09,0,0.005337978108079735,0.004278846287034852,5.741084532928653e-05,1.003877029849679
0.046625,93,physics,1,16384,31101.10538928496,1548034.0761939206,2579.7309219221706,1581714.9125051277,10178.36627543158,0.004112600699473844,40.57014518242483,1016.6690433680862,0.7261544480138766,7.492680254017622e-09,0,0.005143384616219612,0.004329805174972735,5.741084532928653e-05,1.3379662654629452
0.0466875,93,physics,1,16384,29501.927714195706,1542773.441633004,3594.523032606968,1575869.8923798068,10178.36627543158,0.004112600699473844,40.839333246184644,1623.2274370709808,0.7316856204692135,7.53357731753113e-09,0,0.005104810142832016,0.004384994481415976,5.741084532928653e-05,2.180378699580057
0.04675,93,physics,1,16384,28636.235123014594,1536213.8465812246,4548.130720695853,1569398.212424935,10178.36627543158,0.004112600699473844,40.95203697981817,2310.2705520391737,0.7400461715992158,7.250172018302681e-09,0,0.005076799337561517,0.004427491713931165,5.741084532928653e-05,3.2032364269659457
0.0468125,93,physics,1,16384,28504.41279691706,1527991.862115661,5399.903240242244,1561896.1781528203,10178.36627543158,0.004112600699473844,40.95303619746571,2297.090901354721,0.7509266080441623,6.1093796688282915e-09,0,0.004967902450131438,0.00447862548863852,5.741084532928653e-05,3.3201166852632884
0.046875,93,physics,1,16384,28905.266098768094,1518000.8461074524,6099.0527358499485,1553005.1649420704,10178.36627543158,0.004112600699473844,40.84679034069595,2186.79034710298,0.7594488059583469,5.148452331127365e-09,0,0.004779366750620197,0.004500482336392856,5.741084532928653e-05,3.3201166852632884
0.0469375,93,physics,1,16384,29421.208429947175,1506481.0164128933,6617.028426536151,1542519.2532693767,10178.36627543158,0.004112600699473844,40.6268377836924,2089.6896987516893,0.7643318391922649,4.434781430973089e-09,0,0.004927106278044254,0.004552294940770139,5.741084532928653e-05,3.3201166852632884
0.047,93,physics,1,16384,30035.913772597065,1493799.6469621744,6980.307522465903,1530815.8682572374,10178.36627543158,0.004112600699473844,40.37282141326816,2027.5376861935106,0.7647740377184995,3.833315886936363e-09,0,0.004850374397259313,0.004595080367501318,5.741084532928653e-05,3.3201166852632884
0.047,94,refine,1,16384,30035.913772597065,1493799.6469621744,6980.307522465903,1530815.8682572374,10178.36627543158,0.004112600699473844,40.37282141326816,2027.5376861935106,0.7647740377184995,3.833315886936363e-09,0,0.004850374397259313,0.004595080367501318,5.741084532928653e-05,3.3201166852632884
0.0470625,94,physics,1,16384,30832.043681536416,1480183.454393989,7211.546938563036,1518227.0450140883,10178.36627543158,0.004112600699473844,40.09941009910346,2026.1459834835287,0.7615587365890022,3.3351490458244404e-09,0,0.0046651867252153175,0.004649554076024807,5.741084532928653e-05,3.3201166852632884
0.047125,94,physics,1,16384,31837.455898251137,1465776.026962568,7290.656449818762,1504904.139310638,10178.36627543158,0.004112600699473844,39.81480718695018,2062.9675190524677,0.755070062080593,2.9237092746825515e-09,0,0.004482052735052335,0.004666606685095517,5.741084532928653e-05,3.3201166852632884
0.0471875,94,physics,1,16384,33107.9801007989,1450699.5459176805,7206.292548805264,1491013.8185672846,10178.36627543158,0.004112600699473844,39.51731489292009,2120.5764761342703,0.7482555827469398,2.551281852447573e-09,0,0.004300614996529756,0.004700592933741191,5.741084532928653e-05,3.3201166852632884
0.04725,94,physics,1,16384,34628.60625736545,1435067.2809921326,7002.490418014643,1476698.3776675127,10178.36627543158,0.004112600699473844,39.19801101356823,2151.384568273154,0.7426801633084431,2.2822579381909224e-09,0,0.0041212084843153425,0.0047655278450150955,5.741084532928653e-05,3.3201166852632884
0.0473125,94,physics,1,16384,36367.538630497445,1418980.5852442873,6755.416720510846,1462103.5405952956,10178.36627543158,0.004112600699473844,38.85371189042968,2166.541613288347,0.7406019276753638,2.0648442955462116e-09,0,0.004098939260927224,0.00480524998260846,5.741084532928653e-05,3.3201166852632884
0.047375,94,physics,1,16384,38303.03287014116,1402546.363170366,6505.257916055132,1447354.6539565623,10178.36627543158,0.004112600699473844,38.48710808598203,2162.4046937633184,0.7403713083458385,1.898145640666368e-09,0,0.004313115717857302,0.004836742040131652,5.741084532928653e-05,3.3201166852632884
0.0474375,94,physics,1,16384,40477.54267764882,1385849.517946581,6240.853653685892,1432567.9142779156,10178.36627543158,0.004112600699473844,38.108284226981056,2145.19628599179,0.7416050755569297,1.7498233972901326e-09,0,0.004213834890063489,0.004865456052252119,5.741084532928653e-05,3.3201166852632884
0.0475,94,physics,1,16384,42917.15967278465,1368929.513206238,5957.421221645364,1417804.0941006679,10178.36627543158,0.004112600699473844,37.766061104441775,2138.626424829491,0.7423903631574668,1.6411760839218951e-09,0,0.004038645082667421,0.004883361757028735,5.741084532928653e-05,3.3201166852632884
0.0475,95,refine,1,16384,42917.15967278465,1368929.513206238,5957.421221645364,1417804.0941006679,10178.36627543158,0.004112600699473844,37.766061104441775,2138.626424829491,0.7423903631574668,1.6411760839218951e-09,0,0.004038645082667421,0.004883361757028735,5.741084532928653e-05,3.3201166852632884
0.0475625,95,physics,1,16384,45624.01930335314,1351814.76461899,5677.100110111069,1403115.884032454,10178.36627543158,0.004112600699473844,37.42946753430736,2149.873592293208,0.7418907606190318,1.5425580812689125e-09,0,0.003865051461880009,0.00490708517743047,5.741084532928653e-05,3.3201166852632884
0.047625,95,physics,1,16384,48572.2456114376,1334527.8252294022,5431.759716517271,1388531.830557357,10178.36627543158,0.004112600699473844,37.09960456806439,2172.6279753931117,0.7411078931313133,1.4565930683829724e-09,0,0.0040948469334696315,0.004900014831947318,5.741084532928653e-05,3.3201166852632884
0.0476875,95,physics,1,16384,51755.75202192229,1317112.2672086929,5240.724549881514,1374108.7437804965,10178.36627543158,0.004112600699473844,36.783144979120934,2197.371212566615,0.7394167557390817,1.3903882489785259e-09,0,0.004073472635525159,0.004915038394681484,5.741084532928653e-05,3.3201166852632884
0.04775,95,physics,1,16384,55167.7015707282,1299613.325606121,5108.158992997333,1359889.1861698464,10178.36627543158,0.004112600699473844,36.43584296755677,2213.5423957144717,0.7379411038416587,1.3353869121601763e-09,0,0.0039022657976339943,0.004952347119853176,5.741084532928653e-05,3.3201166852632884
0.0478125,95,physics,1,16384,58810.21940591236,1282068.637193243,5024.895903685276,1345903.7525028407,10178.36627543158,0.004112600699473844,36.09996138854458,2213.370113712455,0.7381249761213671,1.2905445601063583e-09,0,0.003996325688736111,0.0049899640784492666,5.741084532928653e-05,3.3201166852632884
0.047875,95,physics,1,16384,62703.83328919037,1264525.7978836985,4958.3058718179,1332187.937044707,10178.36627543158,0.004112600699473844,35.733398364662456,2198.2689315425146,0.7387318036975488,1.253054549010812e-09,0,0.004257861158077484,0.005052593574924277,5.741084532928653e-05,3.3201166852632884
0.0479375,95,physics,1,16384,66874.49000910165,1247017.5592001192,4883.321418259154,1318775.3706274799,10178.36627543158,0.004112600699473844,35.40031216010052,2173.7808119628057,0.7403948307704025,1.2186944786662949e-09,0,0.004434620295177955,0.0050856924729249416,5.741084532928653e-05,3.3201166852632884
0.048,95,physics,1,16384,71320.64084158394,1229572.5686934143,4793.813871894137,1305687.0234068923,10178.36627543158,0.004112600699473844,35.09013638609477,2151.4112435716575,0.7417101795286978,1.2000640481346632e-09,0,0.0043960771181849835,0.005077839426641001,5.741084532928653e-05,3.3201166852632884
0.048,96,refine,1,16384,71320.64084158394,1229572.5686934143,4793.813871894137,1305687.0234068923,10178.36627543158,0.004112600699473844,35.09013638609477,2151.4112435716575,0.7417101795286978,1.2000640481346632e-09,0,0.0043960771181849835,0.005077839426641001,5.741084532928653e-05,3.3201166852632884
0.0480625,96,physics,1,16384,76010.5653064427,1212197.9522679257,4723.390346881235,1292931.9079212497,10178.36627543158,0.004112600699473844,34.78160901923464,2135.2168928232836,0.7419154362604414,1.1894929485833913e-09,0,0.00436662391617974,0.005015967840389121,5.741084532928653e-05,3.3201166852632884
0.048125,96,physics,1,16384,80903.142537695,1194906.2855820828,4690.841176113085,1280500.2692958908,10178.36627543158,0.004112600699473844,34.48675181914716,2126.045707441256,0.7418871486573342,1.1831655655214523e-09,0,0.004339943544074466,0.0050783790648858025,5.741084532928653e-05,3.3201166852632884
0.0481875,96,physics,1,16384,85956.41463329048,1177692.4939843589,4699.2107846283325,1268348.1194022775,10178.36627543158,0.004112600699473844,34.16780521750401,2122.4302775651813,0.7410043792133723,1.1809131450490883e-09,0,0.0043205082508300605,0.005125228340632996,5.741084532928653e-05,3.3201166852632884
0.04825,96,physics,1,16384,90838.56592171529,1160584.0228172238,4733.561813549611,1256156.1505524886,10178.36627543158,0.004112600699473844,33.84966320194253,2118.466966050675,0.7411790757197848,1.1835137314619713e-09,0,0.004390802414790188,0.005140159417341648,5.741084532928653e-05,3.3201166852632884
0.0483125,96,physics,1,16384,95409.75643002205,1143628.9154493376,4769.7749095281815,1243808.4467888877,10178.36627543158,0.004112600699473844,33.52853523375331,2110.903124892059,0.7410356281186676,1.1900560537014818e-09,0,0.0043578443532314515,0.005128295044592562,5.741084532928653e-05,3.3201166852632884
0.048375,96,physics,1,16384,99745.7440970165,1126843.4110450519,4796.943668420803,1231386.0988104893,10178.36627543158,0.004112600699473844,33.23557133923698,2099.2219817711016,0.7414008322331558,1.1989840231763101e-09,0,0.004307654705963055,0.005125284241357807,5.741084532928653e-05,3.3201166852632884
0.0484375,96,physics,1,16384,103961.36080691441,1110226.9833277336,4817.409355010941,1219005.753489659,10178.36627543158,0.004112600699473844,32.959207975302284,2083.7700534722817,0.7415931721498853,1.2105125790640144e-09,0,0.004285433722742212,0.005179521311114502,5.741084532928653e-05,3.3201166852632884
0.0485,96,physics,1,16384,108131.94548966784,1093778.8944069487,4842.8947843059705,1206753.7346809225,10178.36627543158,0.004112600699473844,32.696355379420744,2074.730259488504,0.7410866766528584,1.2129142135108867e-09,0,0.004267943581195143,0.005205599405197371,5.741084532928653e-05,3.3201166852632884
0.0485,97,refine,1,16384,108131.94548966784,1093778.8944069487,4842.8947843059705,1206753.7346809225,10178.36627543158,0.004112600699473844,32.696355379420744,2074.730259488504,0.7410866766528584,1.2129142135108867e-09,0,0.004267943581195143,0.005205599405197371,5.741084532928653e-05,3.3201166852632884
0.0485625,97,physics,1,16384,112365.4526029852,1077484.8241358418,4871.137600024715,1194721.4143388518,10178.36627543158,0.004112600699473844,32.43933499857348,2083.2554755435885,0.7406128668897609,1.2292815654291156e-09,0,0.004213480023951214,0.005234718350240562,5.741084532928653e-05,3.3201166852632884
0.048625,97,physics,1,16384,116741.68972913276,1061333.9309601742,4881.892305190177,1182957.512994497,10178.36627543158,0.004112600699473844,32.16433854159549,2089.8260598865504,0.7395147801668855,1.2472440857891365e-09,0,0.004188787391924154,0.00530358556839422,5.741084532928653e-05,3.3201166852632884
0.0486875,97,physics,1,16384,121342.1431015108,1045316.3016130058,4858.580300908813,1171517.0250154254,10178.36627543158,0.004112600699473844,31.880772940846462,2089.6168804575486,0.7384960272780717,1.2652066061491488e-09,0,0.0041750538341156175,0.0053579614334548775,5.741084532928653e-05,3.3201166852632884
0.04875,97,physics,1,16384,126142.64537685047,1029434.7260290771,4796.810864418039,1160374.1822703455,10178.36627543158,0.004112600699473844,31.630263871401137,2084.013753182406,0.7380374312885615,1.2736691701320501e-09,0,0.004122015762945023,0.005384036536441064,5.741084532928653e-05,3.3201166852632884
0.0488125,97,physics,1,16384,130936.62386319862,1013702.28529471,4714.285970864831,1149353.1951287733,10178.36627543158,0.004112600699473844,31.406702748069883,2067.9036161525737,0.7390748986348233,1.2798935244973084e-09,0,0.00406946272160317,0.005372100344605182,5.741084532928653e-05,3.3201166852632884
0.048875,97,physics,1,16384,135760.7026175224,998149.6337883379,4634.718852741635,1138545.055258602,10178.36627543158,0.004112600699473844,31.157896960387163,2061.730766968693,0.7393507239276091,1.2792824577445576e-09,0,0.004021708467167771,0.005368938561611807,5.741084532928653e-05,3.3201166852632884
0.0489375,97,physics,1,16384,140713.2593087213,982782.8170675435,4573.045110617327,1128069.1214868822,10178.36627543158,0.004112600699473844,30.935251549554515,2050.7059403086414,0.7397168956671609,1.2861889331361425e-09,0,0.003974438022735446,0.005352221896941619,5.741084532928653e-05,3.3201166852632884
0.049,97,physics,1,16384,145837.67123153113,967605.1522239519,4527.437747224863,1117970.261202708,10178.36627543158,0.004112600699473844,30.692052835614952,2039.2922224620922,0.7394858543321746,1.294530704853969e-09,0,0.0039502953178015094,0.005387779033671245,5.741084532928653e-05,3.3201166852632884
0.049,98,refine,1,16384,145837.67123153113,967605.1522239519,4527.437747224863,1117970.261202708,10178.36627543158,0.004112600699473844,30.692052835614952,2039.2922224620922,0.7394858543321746,1.294530704853969e-09,0,0.0039502953178015094,0.005387779033671245,5.741084532928653e-05,3.3201166852632884
0.0490625,98,physics,1,16384,151133.6712142878,952600.8456366379,4492.204961820604,1108226.7218127463,10178.36627543158,0.004112600699473844,30.429824748915642,2028.933205895493,0.7392247429095665,1.3003855769966311e-09,0,0.003911289944182949,0.005409023202575448,5.741084532928653e-05,3.3201166852632884
0.049125,98,physics,1,16384,156506.81022790208,937751.1792486235,4460.159993768597,1098718.1494702944,10178.36627543158,0.004112600699473844,30.202514844061408,2016.4697309682729,0.7388020652333673,1.2989573860977531e-09,0,0.0038781259880647876,0.005449888578019617,5.741084532928653e-05,3.3201166852632884
0.0491875,98,physics,1,16384,161929.58930681736,923063.368706374,4435.225155411925,1089428.1831686033,10178.36627543158,0.004112600699473844,30.018761126230803,2004.0260134591322,0.7389430713017843,1.2936709481436984e-09,0,0.003876943164915934,0.005459248222511246,5.741084532928653e-05,3.3201166852632884
0.04925,98,physics,1,16384,167392.5674585251,908537.3122765406,4433.233744764606,1080363.1134798303,10178.36627543158,0.004112600699473844,29.822367316931075,1995.905057281996,0.7393676527885265,1.312963959776425e-09,0,0.003864983103841589,0.0054716187909797575,5.741084532928653e-05,3.3201166852632884
0.0493125,98,physics,1,16384,172911.8038857554,894178.8933346879,4454.49972373545,1071545.1969441788,10178.36627543158,0.004112600699473844,29.604074131520544,1985.633507930959,0.739593274754542,1.312963959776425e-09,0,0.0039014130863741343,0.005507775151190399,5.741084532928653e-05,3.3201166852632884
0.049375,98,physics,1,16384,178451.67880649198,879984.8841522248,4482.940743082947,1062919.5037017995,10178.36627543158,0.004112600699473844,29.399305913228027,2001.5365936517555,0.7397653280938774,1.3125873721264706e-09,0,0.00396380515283699,0.005577399923657398,5.741084532928653e-05,3.3201166852632884
0.0494375,98,physics,1,16384,183857.69866872043,865965.6438811086,4496.664165177542,1054320.0067150067,10178.36627543158,0.004112600699473844,29.188906596189327,2023.0730347380327,0.7386141414272565,1.3125873721264706e-09,0,0.004091328355657401,0.005649538587704079,5.741084532928653e-05,3.3201166852632884
0.0495,98,physics,1,16384,189043.4315200744,852126.1398473176,4483.302843035557,1045652.8742104275,10178.36627543158,0.004112600699473844,29.00657088102454,2014.991980711102,0.7379340934331374,1.3137331222878887e-09,0,0.004220641103432513,0.0057193621151373445,5.741084532928653e-05,3.3201166852632884
0.0495,99,refine,1,16384,189043.4315200744,852126.1398473176,4483.302843035557,1045652.8742104275,10178.36627543158,0.004112600699473844,29.00657088102454,2014.991980711102,0.7379340934331374,1.3137331222878887e-09,0,0.004220641103432513,0.0057193621151373445,5.741084532928653e-05,3.3201166852632884
0.0495625,99,physics,1,16384,194163.69509299262,838467.268296736,4443.0458695385205,1037074.0092592671,10178.36627543158,0.004112600699473844,28.80986759633694,2005.9029984948452,0.7379330065626315,1.3074661353584844e-09,0,0.00438094407829043,0.005779490103877105,5.741084532928653e-05,3.3201166852632884
0.049625,99,physics,1,16384,199301.82692817424,824966.358581892,4393.399328018399,1028661.5848380846,10178.36627543158,0.004112600699473844,28.60849289524485,1996.1162674619397,0.7385087809645834,1.2983427666313252e-09,0,0.0046024335004748885,0.0058230675687854895,5.741084532928653e-05,3.3201166852632884
0.0496875,99,physics,1,16384,204472.0163242232,811608.2399328509,4351.0215146735,1020431.2777717477,10178.36627543158,0.004112600699473844,28.40121528537177,1988.6322287048629,0.7392658352882484,1.3010161836746207e-09,0,0.004807945273312964,0.005871453816528231,5.741084532928653e-05,3.3201166852632884
0.04975,99,physics,1,16384,209667.90835744192,798398.1806598003,4321.696936709956,1012387.7859539521,10178.36627543158,0.004112600699473844,28.181189659382678,1980.3590799557344,0.7400973114048366,1.3010161836746207e-09,0,0.004789260873691616,0.005927235928614321,5.741084532928653e-05,3.3201166852632884
0.0498125,99,physics,1,16384,214781.80911559655,785338.7679390693,4294.779028533793,1004415.3560831997,10178.36627543158,0.004112600699473844,27.99072744489176,1957.5531854508606,0.7398598126309802,1.3576073598642361e-09,0,0.004770766276525174,0.005960249339706341,5.741084532928653e-05,3.3201166852632884
0.049875,99,physics,1,16384,219820.66605422544,772430.064035866,4260.560304075697,996511.2903941671,10178.36627543158,0.004112600699473844,27.79444853974938,1919.9915045008108,0.739503141179611,1.3567333922992492e-09,0,0.004752443820190537,0.005958872812960262,5.741084532928653e-05,3.3201166852632884
0.0499375,99,physics,1,16384,224799.28284294435,759674.6162676577,4223.852482018611,988697.7515926207,10178.36627543158,0.004112600699473844,27.584691000652633,1911.6426994363799,0.7397720944287298,1.3474394933155035e-09,0,0.004734489796440928,0.005915415740568094,5.741084532928653e-05,3.3201166852632884
0.05,99,physics,1,16384,229753.08857782054,747084.4926499083,4192.63364386674,981030.2148715956,10178.36627543158,0.004112600699473844,27.389561260956544,1925.4285309771649,0.739807495831951,1.3386092234668488e-09,0,0.004716326714285693,0.005821894247152496,5.741084532928653e-05,3.3201166852632884
0.05,100,refine,1,16384,229753.08857782054,747084.4926499083,4192.63364386674,981030.2148715956,10178.36627543158,0.004112600699473844,27.389561260956544,1925.4285309771649,0.739807495831951,1.3386092234668488e-09,0,0.004716326714285693,0.005821894247152496,5.741084532928653e-05,3.3201166852632884
0.0500625,100,physics,1,16384,234705.12096672278,734661.6030309343,4179.418558242047,973546.1425558992,10178.36627543158,0.004112600699473844,27.16455344579845,1929.2210370363316,0.7405226248434665,1.3293437461925323e-09,0,0.0046261942043451755,0.005826178270015909,5.741084532928653e-05,3.3201166852632884
0.050125,100,physics,1,16384,239612.77838274185,722430.5515788114,4179.849445197816,966223.1794067511,10178.36627543158,0.004112600699473844,26.95684993127554,1919.808917447699,0.7406469621096972,1.3235830209623573e-09,0,0.004607844700669542,0.005883835815410938,5.741084532928653e-05,3.3201166852632884
0.0501875,100,physics,1,16384,244419.44974125893,710403.1579217272,4174.624229254139,958997.2318922401,10178.36627543158,0.004112600699473844,26.75165298238145,1892.3088676052319,0.739675126131294,1.3143459653974812e-09,0,0.004585770132457914,0.005922505590663508,5.741084532928653e-05,3.3201166852632884
0.05025,100,physics,1,16384,249123.98004541168,698583.3845719732,4142.465136132726,951849.8297535176,10178.36627543158,0.004112600699473844,26.559804401595017,1849.5802722182095,0.7389460406150257,1.3201688631170336e-09,0,0.004474643751003442,0.00593331348637107,5.741084532928653e-05,3.3201166852632884
0.0503125,100,physics,1,16384,253762.2237536644,686965.4963515224,4085.351133469182,944813.071238656,10178.36627543158,0.004112600699473844,26.345767767865777,1795.3986108462716,0.7387510388619484,1.3471339599391275e-09,0,0.004447059561909435,0.005986024171404421,5.741084532928653e-05,3.3201166852632884
0.050375,100,physics,1,16384,258359.2770594131,675562.6605949285,4015.016692894148,937936.9543472358,10178.36627543158,0.004112600699473844,26.11985845931869,1797.1895918763373,0.7396817533017133,1.343469335779448e-09,0,0.004416047532418512,0.006021586019902002,5.741084532928653e-05,3.3201166852632884
0.0504375,100,physics,1,16384,262925.6201930344,664373.3697554846,3948.041438507703,931247.0313870268,10178.36627543158,0.004112600699473844,25.910875884566824,1793.7438693352221,0.7406193231591554,1.3342891236334253e-09,0,0.00438128271993248,0.0060289076237472015,5.741084532928653e-05,3.3201166852632884
0.0505,100,physics,1,16384,267402.1132238657,653385.7572952814,3898.2630780211684,924686.1335971681,10178.36627543158,0.004112600699473844,25.72468956264797,1775.0485182548957,0.7413133455211846,1.3251089114874053e-09,0,0.0043412487476696075,0.006000582879755009,5.741084532928653e-05,3.3201166852632884
0.0505,101,refine,1,16384,267402.1132238657,653385.7572952814,3898.2630780211684,924686.1335971681,10178.36627543158,0.004112600699473844,25.72468956264797,1775.0485182548957,0.7413133455211846,1.3251089114874053e-09,0,0.0043412487476696075,0.006000582879755009,5.741084532928653e-05,3.3201166852632884
0.0505625,101,physics,1,16384,271755.75705967704,642604.0720815824,3861.0622384353646,918220.8913796948,10178.36627543158,0.004112600699473844,25.527346148150134,1741.1199767508992,0.7409725934331841,1.3159286993413841e-09,0,0.004298137279610674,0.0059463959988605,5.741084532928653e-05,3.3201166852632884
0.050625,101,physics,1,16384,275999.04113155033,632021.5216745217,3826.2078102779938,911846.7706163501,10178.36627543158,0.004112600699473844,25.31319270995708,1694.9056284006322,0.7403724051286654,1.3246399532818042e-09,0,0.004252484241073754,0.005993638122499059,5.741084532928653e-05,3.3201166852632884
0.0506875,101,physics,1,16384,280177.63696977496,621628.7140775315,3790.868008426177,905597.2190557326,10178.36627543158,0.004112600699473844,25.08641648997184,1663.3953898185014,0.7403711139357002,1.346652567235655e-09,0,0.004205193262265154,0.0060183536052171105,5.741084532928653e-05,3.3201166852632884
0.05075,101,physics,1,16384,284310.1916621207,611425.1378149219,3757.7068198932666,899493.0362969359,10178.36627543158,0.004112600699473844,24.89827437850852,1665.8436922676508,0.7414503847625855,1.3363248285713822e-09,0,0.004157266069361957,0.006013745169871904,5.741084532928653e-05,3.3201166852632884
0.050812500000000003,101,physics,1,16384,288403.5775675845,601416.492177279,3738.1659908862275,893558.2357357498,10178.36627543158,0.004112600699473844,24.71452513445339,1657.5536299218877,0.7423476425079262,1.327144616425362e-09,0,0.0041119979189094095,0.00601633153102565,5.741084532928653e-05,3.3201166852632884
0.050875000000000004,101,physics,1,16384,292374.08918564074,591612.8006982736,3737.610364038007,887724.5002479523,10178.36627543158,0.004112600699473844,24.510849057927505,1633.707884275169,0.7427351101861595,1.3179644042793379e-09,0,0.0040727244363993175,0.006039990975504422,5.741084532928653e-05,3.3201166852632884
0.050937500000000004,101,physics,1,16384,296244.37936887366,582021.573266719,3742.8333988835275,882008.7860344762,10178.36627543158,0.004112600699473844,24.298047523973846,1596.1334613698075,0.7417476530913234,1.308784192133315e-09,0,0.004101146119583069,0.006035703516810854,5.741084532928653e-05,3.3201166852632884
0.051000000000000004,101,physics,1,16384,300027.02078265155,572625.766852872,3732.1265303323594,876384.914165856,10178.36627543158,0.004112600699473844,24.110381853555698,1547.848971681266,0.7407446160931925,1.3532783782466146e-09,0,0.004143624555865521,0.005998488768036209,5.741084532928653e-05,3.3201166852632884
0.051000000000000004,102,refine,1,16384,300027.02078265155,572625.766852872,3732.1265303323594,876384.914165856,10178.36627543158,0.004112600699473844,24.110381853555698,1547.848971681266,0.7407446160931925,1.3532783782466146e-09,0,0.004143624555865521,0.005998488768036209,5.741084532928653e-05,3.3201166852632884
0.051062500000000004,102,physics,1,16384,303762.9246283131,563409.6669021357,3696.1384843008427,870868.7300147496,10178.36627543158,0.004112600699473844,23.946013403684987,1552.5155400701665,0.7414814197070734,1.3450112135160446e-09,0,0.004115543639157962,0.0059592629847102065,5.741084532928653e-05,3.3201166852632884
0.051125000000000004,102,physics,1,16384,307471.9273290213,554375.2862597054,3640.980726185893,865488.1943149125,10178.36627543158,0.004112600699473844,23.752649123840623,1547.4706843562226,0.7429579479229758,1.3266507892240086e-09,0,0.004105193432482402,0.0059832411294648774,5.741084532928653e-05,3.3201166852632884
0.051187500000000004,102,physics,1,16384,311120.9088408387,545524.1845330698,3582.043704336973,860227.1370782455,10178.36627543158,0.004112600699473844,23.554767086072797,1528.3794103219168,0.7444714059374412,1.3163230505597335e-09,0,0.004159660551002079,0.006019186466255988,5.741084532928653e-05,3.3201166852632884
0.051250000000000004,102,physics,1,16384,314689.88149029703,536846.0382980369,3533.668365676616,855069.5881540106,10178.36627543158,0.004112600699473844,23.375090121297365,1495.8059676871117,0.7445198645415375,1.3071428384137146e-09,0,0.004323413285635819,0.006067633373430922,5.741084532928653e-05,3.3201166852632884
0.051312500000000004,102,physics,1,16384,318169.2632992625,528326.8073815304,3501.0215532171096,849997.09223401,10178.36627543158,0.004112600699473844,23.209310846390334,1452.7947554303712,0.74394374584331,1.3650556240918395e-09,0,0.004462766426677348,0.006121645623733828,5.741084532928653e-05,3.3201166852632884
0.051375000000000004,102,physics,1,16384,321579.254419427,519952.3946462549,3477.155012484278,845008.8040781663,10178.36627543158,0.004112600699473844,23.033134462896346,1437.3979486322446,0.7436637486691822,1.3517418295805353e-09,0,0.004433448967227161,0.0061639865733728125,5.741084532928653e-05,3.3201166852632884
0.051437500000000004,102,physics,1,16384,324979.15311534493,511708.51538360456,3452.5677819686416,840140.2362809181,10178.36627543158,0.004112600699473844,22.863827470489557,1435.8464487072295,0.7453869048227978,1.3493846040546472e-09,0,0.00431056339299448,0.0061887809307239455,5.741084532928653e-05,3.3201166852632884
0.051500000000000004,102,physics,1,16384,328361.26605158055,503588.0080181841,3427.111913996785,835376.3859837614,10178.36627543158,0.004112600699473844,22.68238463593708,1423.3432222760184,0.7470311025509746,1.3335643700429498e-09,0,0.004237301674389251,0.00618693082343659,5.741084532928653e-05,3.3201166852632884
0.051500000000000004,103,refine,1,16384,328361.26605158055,503588.0080181841,3427.111913996785,835376.3859837614,10178.36627543158,0.004112600699473844,22.68238463593708,1423.3432222760184,0.7470311025509746,1.3335643700429498e-09,0,0.004237301674389251,0.00618693082343659,5.741084532928653e-05,3.3201166852632884
0.051562500000000004,103,physics,1,16384,331709.8884314712,495586.59041725757,3412.498212773113,830708.9770615019,10178.36627543158,0.004112600699473844,22.516575261738094,1398.1959702633803,0.7478248358473808,1.3161134404526797e-09,0,0.004329743347739881,0.00615254641142388,5.741084532928653e-05,3.3201166852632884
0.051625000000000004,103,physics,1,16384,334999.0085161831,487712.21193162276,3415.59996163323,826126.8204094392,10178.36627543158,0.004112600699473844,22.34847833466516,1363.0483687985266,0.7472075669506291,1.3399610310216326e-09,0,0.004200963538004006,0.006141644423823778,5.741084532928653e-05,3.3201166852632884
0.051687500000000004,103,physics,1,16384,338217.270830085,479964.48633103323,3431.8548075361296,821613.6119686543,10178.36627543158,0.004112600699473844,22.189942228448864,1338.4635331942568,0.7459711141924694,1.3926904074423903e-09,0,0.004143730779272166,0.0061257868398209465,5.741084532928653e-05,3.3201166852632884
0.051750000000000004,103,physics,1,16384,341403.4274624131,472332.8575256235,3443.8633981777693,817180.1483862144,10178.36627543158,0.004112600699473844,22.026394904810203,1338.9776845859287,0.7461741900367544,1.3752394778521197e-09,0,0.004073433275380255,0.006127283908782283,5.741084532928653e-05,3.3201166852632884
0.051812500000000004,103,physics,1,16384,344585.16125603043,464806.39393428236,3436.9300131139908,812828.4852034268,10178.36627543158,0.004112600699473844,21.85251724472941,1329.3204705728317,0.7480131489529052,1.3577885482618496e-09,0,0.003997718421414012,0.006157982927999902,5.741084532928653e-05,3.3201166852632884
0.051875000000000004,103,physics,1,16384,347775.8857070601,457378.34954420023,3405.6601677316758,808559.895418992,10178.36627543158,0.004112600699473844,21.709815447974293,1307.4870026640615,0.749775593393841,1.3467396087207823e-09,0,0.00397197482633543,0.006167763809029085,5.741084532928653e-05,3.3201166852632884
0.051937500000000004,103,physics,1,16384,350963.036149592,450045.6051557108,3362.187601166307,804370.828906469,10178.36627543158,0.004112600699473844,21.555608736520423,1276.5108164984865,0.7500502701457602,1.356033507704521e-09,0,0.003963364362329501,0.006150725503257964,5.741084532928653e-05,3.3201166852632884
0.052000000000000005,103,physics,1,16384,354114.69389845047,442804.8942509991,3322.723536947403,800242.311686397,10178.36627543158,0.004112600699473844,21.393680539925853,1242.35532839042,0.7486847337403592,1.3353940175875335e-09,0,0.003981184574814631,0.006130128468632023,5.741084532928653e-05,3.3201166852632884
0.052000000000000005,104,refine,1,16384,354114.69389845047,442804.8942509991,3322.723536947403,800242.311686397,10178.36627543158,0.004112600699473844,21.393680539925853,1242.35532839042,0.7486847337403592,1.3353940175875335e-09,0,0.003981184574814631,0.006130128468632023,5.741084532928653e-05,3.3201166852632884
0.0520625,104,physics,1,16384,357205.93511874304,435648.90637560975,3297.7571729427045,796152.5986672955,10178.36627543158,0.004112600699473844,21.230770835881952,1242.0150515472508,0.7488350122128613,1.3200889270592564e-09,0,0.004026506203675828,0.006113743811807543,5.741084532928653e-05,3.3201166852632884
0.052125,104,physics,1,16384,360294.02409580443,428567.6810647673,3281.3461867453107,792143.051347317,10178.36627543158,0.004112600699473844,21.070992768999638,1233.6873557460917,0.7509692872382353,1.3747438742939254e-09,0,0.00411020725649555,0.006108805631347699,5.741084532928653e-05,3.3201166852632884
0.0521875,104,physics,1,16384,363390.635534403,421547.03615082684,3264.702545174182,788202.3742304039,10178.36627543158,0.004112600699473844,20.928008564420065,1215.5477893377417,0.7531811966571929,1.4482459675946298e-09,0,0.004256324378355379,0.006099408643284539,5.741084532928653e-05,3.3201166852632884
0.05225,104,physics,1,16384,366527.48623887036,414586.37434614735,3245.9227595504353,784359.7833445681,10178.36627543158,0.004112600699473844,20.782992759898672,1189.9765005397164,0.7544747706909809,1.461508247757594e-09,0,0.004416998251048161,0.006142197919945206,5.741084532928653e-05,3.3201166852632884
0.0523125,104,physics,1,16384,369678.0672663301,407689.46279994975,3230.983012366644,780598.5130786466,10178.36627543158,0.004112600699473844,20.613995914579895,1159.0924775291217,0.7536422025476792,1.4261516412261686e-09,0,0.0045845720415240085,0.006171273653178065,5.741084532928653e-05,3.3201166852632884
0.052375,104,physics,1,16384,372791.85504294164,400853.2516547565,3228.1718386682414,776873.2785363664,10178.36627543158,0.004112600699473844,20.451683554360688,1156.649065508905,0.7521678613531146,1.39398537157831e-09,0,0.004525329899030279,0.006181633776366502,5.741084532928653e-05,3.3201166852632884
0.0524375,104,physics,1,16384,375870.53843994316,394074.6784967474,3240.9244057712094,773186.1413424617,10178.36627543158,0.004112600699473844,20.3038927228554,1151.1834900300425,0.753297526677852,1.3979928326079957e-09,0,0.004484153209574487,0.006168627953268664,5.741084532928653e-05,3.3201166852632884
0.0525,104,physics,1,16384,378955.0682285973,387362.5480728684,3258.126227568134,769575.7425290338,10178.36627543158,0.004112600699473844,20.151353045977107,1136.904568477969,0.7554328915135754,1.3884573490940988e-09,0,0.0042762201191086655,0.00616076220738304,5.741084532928653e-05,3.3201166852632884
0.0525,105,refine,1,16384,378955.0682285973,387362.5480728684,3258.126227568134,769575.7425290338,10178.36627543158,0.004112600699473844,20.151353045977107,1136.904568477969,0.7554328915135754,1.3884573490940988e-09,0,0.0042762201191086655,0.00616076220738304,5.741084532928653e-05,3.3201166852632884
0.0525625,105,physics,1,16384,382081.4863122595,380721.68751858454,3262.894435910398,766066.0682667544,10178.36627543158,0.004112600699473844,19.983797014255355,1115.4565489187964,0.7565214991585194,1.3604637416619893e-09,0,0.004184007552745272,0.006148238790217548,5.741084532928653e-05,3.3201166852632884
0.052625,105,physics,1,16384,385242.00101265265,374151.90513297863,3245.152583134083,762639.0587287655,10178.36627543158,0.004112600699473844,19.823626952619765,1089.5152815674753,0.7566718641272819,1.3361969308789445e-09,0,0.004021189242397373,0.006166819377109982,5.741084532928653e-05,3.3201166852632884
0.0526875,105,physics,1,16384,388401.02544566593,367650.70765683166,3208.7127660950605,759260.4458685927,10178.36627543158,0.004112600699473844,19.675848253501936,1082.1236287753559,0.7549051896331714,1.3555947475651897e-09,0,0.004013306667226969,0.0062195684459880034,5.741084532928653e-05,3.3201166852632884
0.05275,105,physics,1,16384,391525.57361808093,361212.2247371578,3167.7658475873377,755905.5642028261,10178.36627543158,0.004112600699473844,19.520767731183955,1074.8956029753856,0.7555689416491361,1.336537991392108e-09,0,0.004058743612693605,0.006265999561808481,5.741084532928653e-05,3.3201166852632884
0.0528125,105,physics,1,16384,394641.896735767,354835.0713855849,3135.1517136642856,752612.1198350162,10178.36627543158,0.004112600699473844,19.349153786885786,1059.9017538417613,0.7580133395670526,1.310930031195313e-09,0,0.003954594037129836,0.0063042044664947,5.741084532928653e-05,3.3201166852632884
0.052875,105,physics,1,16384,397774.17579509784,348518.6386098411,3112.8155880447575,749405.6299929837,10178.36627543158,0.004112600699473844,19.18185422738243,1039.4908739034506,0.7605642948691356,1.325050291711705e-09,0,0.004052048273096243,0.006358087078551123,5.741084532928653e-05,3.3201166852632884
0.0529375,105,physics,1,16384,400952.3837489025,342262.9376262784,3093.0421934510855,746308.3635686319,10178.36627543158,0.004112600699473844,19.031928753473053,1016.1987034795848,0.761639565170152,1.2997656284596848e-09,0,0.003756954226105678,0.006408691546572038,5.741084532928653e-05,3.3201166852632884
0.053,105,physics,1,16384,404140.7447795967,336069.0921382661,3068.9821804236126,743278.8190982863,10178.36627543158,0.004112600699473844,18.87530299759256,1005.2226360301474,0.7600957420646816,1.2748220257208236e-09,0,0.0039034801886041657,0.006452858899560119,5.741084532928653e-05,3.3201166852632884
0.053,106,refine,1,16384,404140.7447795967,336069.0921382661,3068.9821804236126,743278.8190982863,10178.36627543158,0.004112600699473844,18.87530299759256,1005.2226360301474,0.7600957420646816,1.2748220257208236e-09,0,0.0039034801886041657,0.006452858899560119,5.741084532928653e-05,3.3201166852632884
0.0530625,106,physics,1,16384,407295.59040994674,329935.8939924827,3041.042001189322,740272.5264036187,10178.36627543158,0.004112600699473844,18.696003668927784,998.4869011822333,0.7596699609214885,1.2834764362423789e-09,0,0.0037749820036615356,0.006486118961587022,5.741084532928653e-05,3.3201166852632884
0.053125,106,physics,1,16384,410442.4244068592,323864.53165749786,3017.8642613189495,737324.820325676,10178.36627543158,0.004112600699473844,18.522722326549385,986.6214624824805,0.7618878144671243,1.2494734136225789e-09,0,0.003781969032877053,0.006504657121014169,5.741084532928653e-05,3.3201166852632884
0.0531875,106,physics,1,16384,413611.32082154823,317868.0108216448,3006.7390559468527,734486.0706991398,10178.36627543158,0.004112600699473844,18.360850308305427,970.1751078145679,0.7637937766988611,1.2902852120078034e-09,0,0.0038021230046621805,0.00650483782973791,5.741084532928653e-05,3.3201166852632884
0.05325,106,physics,1,16384,416803.444538684,311954.1073205664,3004.732813940529,731762.2846731909,10178.36627543158,0.004112600699473844,18.205157672015986,950.0387535155007,0.7654416636173489,1.309370389890317e-09,0,0.0036779370658661004,0.006516695678491933,5.741084532928653e-05,3.3201166852632884
0.0533125,106,physics,1,16384,420017.5683557207,306129.7194477429,2998.651601895279,729145.9394053589,10178.36627543158,0.004112600699473844,18.04008642454545,940.67060688423,0.7645051422616826,1.2970993168437452e-09,0,0.003630737857664023,0.00653637170746937,5.741084532928653e-05,3.3201166852632884
0.053375,106,physics,1,16384,423182.50394024083,300397.6720540827,2974.630259728511,726554.8062540521,10178.36627543158,0.004112600699473844,17.871089476267677,933.252246554116,0.7622406792838093,1.3066028259345303e-09,0,0.0035919210197605396,0.006538828605083385,5.741084532928653e-05,3.3201166852632884
0.0534375,106,physics,1,16384,426322.70682180586,294758.0896734126,2929.3223104329927,724010.1188056516,10178.36627543158,0.004112600699473844,17.701957609350625,919.6746982188383,0.7636407635936644,1.2730296816698683e-09,0,0.0035675239132673354,0.006520450091025823,5.741084532928653e-05,3.3201166852632884
0.0535,106,physics,1,16384,429481.45077948197,289211.49563228915,2871.2517983961757,721564.1982101673,10178.36627543158,0.004112600699473844,17.532706320665614,903.4481571006157,0.7661043158185921,1.3254091157932622e-09,0,0.0035705013508229213,0.006529808780024684,5.741084532928653e-05,3.3201166852632884
0.0535,107,refine,1,16384,429481.45077948197,289211.49563228915,2871.2517983961757,721564.1982101673,10178.36627543158,0.004112600699473844,17.532706320665614,903.4481571006157,0.7661043158185921,1.3254091157932622e-09,0,0.0035705013508229213,0.006529808780024684,5.741084532928653e-05,3.3201166852632884
0.0535625,107,physics,1,16384,432662.3873134855,283758.64390823257,2814.941948967724,719235.9731706858,10178.36627543158,0.004112600699473844,17.37456175456134,884.0355739522175,0.7687707645794347,1.3114362928945395e-09,0,0.003554980653351858,0.006541252299235679,5.741084532928653e-05,3.3201166852632884
0.053625,107,physics,1,16384,435852.359694837,278404.46707727626,2768.4981632360023,717025.3249353493,10178.36627543158,0.004112600699473844,17.222101891630135,870.4066341875539,0.7701040078969484,1.2846612662542595e-09,0,0.0036083748436363896,0.006534520130630133,5.741084532928653e-05,3.3201166852632884
0.0536875,107,physics,1,16384,438996.9973570868,273147.41802202805,2728.3402382058466,714872.7556173208,10178.36627543158,0.004112600699473844,17.059149463223566,860.6387202867545,0.7679354964993138,1.3388437025696496e-09,0,0.003603243986062456,0.006550789099649808,5.741084532928653e-05,3.3201166852632884
0.05375,107,physics,1,16384,442072.40987549035,267981.48067641846,2685.970816581037,712739.8613684899,10178.36627543158,0.004112600699473844,16.891438725989783,847.4647881115621,0.7683900035431225,1.3222809513990809e-09,0,0.0036257158100123634,0.0065736177264744166,5.741084532928653e-05,3.3201166852632884
0.0538125,107,physics,1,16384,445147.6288434294,262905.08148575446,2637.904885735079,710690.615214919,10178.36627543158,0.004112600699473844,16.748757509651366,831.7124390675793,0.7707011107983498,1.3022400935369656e-09,0,0.0036984125377426086,0.00658101094787332,5.741084532928653e-05,3.3201166852632884
0.053875,107,physics,1,16384,448244.110909324,257921.55409984727,2590.198861297381,708755.8638704686,10178.36627543158,0.004112600699473844,16.594233624700387,815.0598887012561,0.7731360238780952,1.291637019562586e-09,0,0.0038018815076278412,0.00656975097054104,5.741084532928653e-05,3.3201166852632884
0.0539375,107,physics,1,16384,451340.4297648063,253036.45567011117,2552.961910217108,706929.8473451345,10178.36627543158,0.004112600699473844,16.43658473092873,804.1654489208566,0.7749219854910974,1.343744671089553e-09,0,0.0039433580089121055,0.006579682753623079,5.741084532928653e-05,3.3201166852632884
0.054,107,physics,1,16384,454402.12730602536,248256.8286975545,2530.1500216087293,705189.1060251886,10178.36627543158,0.004112600699473844,16.284615870178154,796.495589499964,0.7756997641743792,1.3857235359182604e-09,0,0.003905031354805781,0.006602975883788278,5.741084532928653e-05,3.3201166852632884
0.054,108,refine,1,16384,454402.12730602536,248256.8286975545,2530.1500216087293,705189.1060251886,10178.36627543158,0.004112600699473844,16.284615870178154,796.495589499964,0.7756997641743792,1.3857235359182604e-09,0,0.003905031354805781,0.006602975883788278,5.741084532928653e-05,3.3201166852632884
0.0540625,108,physics,1,16384,457393.1990511691,243585.33829335877,2513.2948188284035,703491.8321633562,10178.36627543158,0.004112600699473844,16.131003388284682,785.3994225893473,0.7720422983931307,1.3940493204245333e-09,0,0.003941486489659404,0.006612621744379456,5.741084532928653e-05,3.3201166852632884
0.054125,108,physics,1,16384,460325.3324047345,239017.2598047147,2487.860326585822,701830.4525360351,10178.36627543158,0.004112600699473844,15.994344502429437,771.8054270586425,0.7730312689834019,1.3628707051793745e-09,0,0.003953602741959705,0.006606385186474737,5.741084532928653e-05,3.3201166852632884
0.0541875,108,physics,1,16384,463260.78953861434,234549.2824396608,2445.51949192572,700255.5914702009,10178.36627543158,0.004112600699473844,15.860515936920873,757.1202121470327,0.7747005509011329,1.337703281478754e-09,0,0.003981511362283569,0.006580794797807038,5.741084532928653e-05,3.3201166852632884
0.05425,108,physics,1,16384,466188.3916883926,230181.60611933793,2389.7986623084535,698759.7964700391,10178.36627543158,0.004112600699473844,15.718471086605541,743.5130456822152,0.7769030046499542,1.307519426063666e-09,0,0.004054160364389653,0.006569329531956052,5.741084532928653e-05,3.3201166852632884
0.0543125,108,physics,1,16384,469028.2169497954,225913.56117538657,2332.5950886767087,697274.3732138586,10178.36627543158,0.004112600699473844,15.57218781704418,734.3027724856196,0.7789356939348585,1.3397318809893454e-09,0,0.004056453839454908,0.006569241717927367,5.741084532928653e-05,3.3201166852632884
0.054375,108,physics,1,16384,471699.7307136168,221742.41682805688,2285.035569705141,695727.1831113789,10178.36627543158,0.004112600699473844,15.445708288087472,722.2508352608537,0.7803536130054084,1.3960210765162635e-09,0,0.004126753648827713,0.0065938601241650316,5.741084532928653e-05,3.3201166852632884
0.0544375,108,physics,1,16384,474149.41244604747,217660.5205047247,2248.8253731132577,694058.7583238854,10178.36627543158,0.004112600699473844,15.309407193365361,708.3156016674362,0.7776918196019389,1.4466969844306734e-09,0,0.003930779024148114,0.00662268264818975,5.741084532928653e-05,3.3201166852632884
0.0545,108,physics,1,16384,476402.7359700965,213653.6064598687,2216.8244712230644,692273.1669011882,10178.36627543158,0.004112600699473844,15.164833350809737,694.1347726200739,0.7789923849311742,1.4470025178070517e-09,0,0.003954708544187823,0.0066423721824739835,5.741084532928653e-05,3.3201166852632884
0.0545,109,refine,1,16384,476402.7359700965,213653.6064598687,2216.8244712230644,692273.1669011882,10178.36627543158,0.004112600699473844,15.164833350809737,694.1347726200739,0.7789923849311742,1.4470025178070517e-09,0,0.003954708544187823,0.0066423721824739835,5.741084532928653e-05,3.3201166852632884
0.0545625,109,physics,1,16384,478527.9605401621,209708.18072904888,2182.333680452166,690418.4749496632,10178.36627543158,0.004112600699473844,15.023111161323135,679.5654920903494,0.7808415000802766,1.4250467472720638e-09,0,0.004083791068647783,0.006657035300444261,5.741084532928653e-05,3.3201166852632884
0.054625,109,physics,1,16384,480572.9535738259,205813.93884794266,2145.9933973976777,688532.8858191662,10178.36627543158,0.004112600699473844,14.878644260462371,670.6298091683376,0.7826033236137958,1.3960566036530552e-09,0,0.004204687882563295,0.006682372210813307,5.741084532928653e-05,3.3201166852632884
0.0546875,109,physics,1,16384,482472.6306531392,201958.7802038974,2115.585907937808,686546.9967649744,10178.36627543158,0.004112600699473844,14.717931907399295,661.0004599788944,0.7839179272175957,1.3673329135599476e-09,0,0.0041933626380055815,0.006700186234231009,5.741084532928653e-05,3.3201166852632884
0.05475,109,physics,1,16384,484292.0670781771,198131.77828866692,2098.256811087883,684522.1021779318,10178.36627543158,0.004112600699473844,14.534938519648767,650.6900200209857,0.7848904701899885,1.3795968811791681e-09,0,0.003980432489330188,0.006707358185858266,5.741084532928653e-05,3.3201166852632884
0.0548125,109,physics,1,16384,486102.00067758537,194320.21549210686,2091.554712643611,682513.7708823358,10178.36627543158,0.004112600699473844,14.353157797818415,640.1319792503124,0.7855207073006758,1.4337970810629492e-09,0,0.003819455228045153,0.006698472597925094,5.741084532928653e-05,3.3201166852632884
0.054875,109,physics,1,16384,487813.68250825384,190513.8062747792,2084.7463937965804,680412.2351768296,10178.36627543158,0.004112600699473844,14.191063799816472,628.4621632613504,0.7859082770643145,1.4325607367027247e-09,0,0.0036159359652964997,0.0066693725552915955,5.741084532928653e-05,3.3201166852632884
0.0549375,109,physics,1,16384,489543.7983362304,186707.2121469528,2066.3712790211657,678317.3817622043,10178.36627543158,0.004112600699473844,14.011102816012608,620.8946005513508,0.7862733198946845,1.4126495528898917e-09,0,0.0034049178948812936,0.0066181305180281385,5.741084532928653e-05,3.3201166852632884
0.055,109,physics,1,16384,491298.6801477546,182898.28181726753,2032.6041575245374,676229.5661225467,10178.36627543158,0.004112600699473844,13.80412546054661,612.8788995709386,0.786888991198631,1.398637650140703e-09,0,0.0031810933768006366,0.006605839800365079,5.741084532928653e-05,3.3201166852632884
0.055,110,refine,1,16384,491298.6801477546,182898.28181726753,2032.6041575245374,676229.5661225467,10178.36627543158,0.004112600699473844,13.80412546054661,612.8788995709386,0.786888991198631,1.398637650140703e-09,0,0.0031810933768006366,0.006605839800365079,5.741084532928653e-05,3.3201166852632884
0.0550625,110,physics,1,16384,493010.56056302105,179086.3177946754,1989.5058158395468,674086.384173536,10178.36627543158,0.004112600699473844,13.581755157685688,603.3162527594548,0.7880765584677626,1.3819985156260368e-09,0,0.003045651168742253,0.0066330774994758385,5.741084532928653e-05,3.3201166852632884
0.055125,110,physics,1,16384,494756.0204757743,175273.21006067356,1947.8915400527255,671977.1220765006,10178.36627543158,0.004112600699473844,13.374218512985367,592.0732163667401,0.7900056437129476,1.3539267484929934e-09,0,0.002849473131912766,0.006657840727745627,5.741084532928653e-05,3.3201166852632884
0.0551875,110,physics,1,16384,496490.60320932325,171462.3200659913,1913.5632406827058,669866.4865159972,10178.36627543158,0.004112600699473844,13.165530121482142,578.8921752110405,0.7923583071164189,1.3785577124281233e-09,0,0.002681747442201549,0.0066762407905609856,5.741084532928653e-05,3.3201166852632884
0.05525,110,physics,1,16384,498207.0143080782,167659.29185565352,1883.1114540060398,667749.4176177378,10178.36627543158,0.004112600699473844,12.956531472434337,570.6487209159949,0.7953165262978035,1.43557166154551e-09,0,0.0025269668085931784,0.00669618426732419,5.741084532928653e-05,3.3201166852632884
0.0553125,110,physics,1,16384,499955.4649162366,163872.75020181795,1849.3005984456913,665677.5157165002,10178.36627543158,0.004112600699473844,12.729848046287662,561.4678146844028,0.798688182647209,1.4266685610664323e-09,0,0.002393037437346109,0.0067139650521207735,5.741084532928653e-05,3.3201166852632884
0.055375,110,physics,1,16384,501696.54249413183,160114.85627440887,1808.3052643665828,663619.7040329073,10178.36627543158,0.004112600699473844,12.511595891521534,551.9374533263613,0.8021060303249398,1.4133387793435757e-09,0,0.0022641887183871795,0.0067229514530396045,5.741084532928653e-05,3.3201166852632884
0.0554375,110,physics,1,16384,503368.1164847157,156399.02823769324,1765.026292676749,661532.1710150858,10178.36627543158,0.004112600699473844,12.300539270203428,541.0428395481523,0.806013271476272,1.4000089976207158e-09,0,0.0021531778541148626,0.006719770165288123,5.741084532928653e-05,3.3201166852632884
0.0555,110,physics,1,16384,504912.7232565918,152739.21075735101,1728.7925039429003,659380.7265178857,10178.36627543158,0.004112600699473844,12.115174317209966,529.0679674033295,0.8103162327189072,1.386679215897858e-09,0,0.002064751551831259,0.006699553899117317,5.741084532928653e-05,3.3201166852632884
0.0555,111,refine,1,16384,504912.7232565918,152739.21075735101,1728.7925039429003,659380.7265178857,10178.36627543158,0.004112600699473844,12.115174317209966,529.0679674033295,0.8103162327189072,1.386679215897858e-09,0,0.002064751551831259,0.006699553899117317,5.741084532928653e-05,3.3201166852632884
0.0555625,111,physics,1,16384,506350.0318207414,149151.37296401442,1704.5881587775216,657205.9929435333,10178.36627543158,0.004112600699473844,11.919380846813839,523.8896238935317,0.8121842812399259,1.3733494341749972e-09,0,0.0019499829876393829,0.006687919916933798,5.741084532928653e-05,3.3201166852632884
0.055625,111,physics,1,16384,507581.27249930124,145649.47128456482,1687.7553941102217,654918.4991779763,10178.36627543158,0.004112600699473844,11.725305079154353,519.5851529167765,0.8145831199199197,1.360019652452137e-09,0,0.0018639182658685598,0.006704404272771201,5.741084532928653e-05,3.3201166852632884
0.0556875,111,physics,1,16384,508578.9204984915,142244.68280241603,1668.279876096677,652491.8831770042,10178.36627543158,0.004112600699473844,11.542674761940853,524.5782655718767,0.8176504832006121,1.3955734345927315e-09,0,0.001788392187961927,0.00672233346121966,5.741084532928653e-05,3.3201166852632884
0.05575,111,physics,1,16384,509354.215840582,138945.79150693878,1639.4739769841062,649939.481324505,10178.36627543158,0.004112600699473844,11.356691113842675,529.1454337312036,0.8198726969858804,1.452338693752606e-09,0,0.001698337541426562,0.006742407078981837,5.741084532928653e-05,3.3201166852632884
0.0558125,111,physics,1,16384,509824.5499055286,135762.7429578061,1604.3139480892942,647191.606811424,10178.36627543158,0.004112600699473844,11.187118352044768,533.2630208794001,0.8218059317181259,1.4397194547655119e-09,0,0.0016190612060772056,0.006764684716482527,5.741084532928653e-05,3.3201166852632884
0.055875,111,physics,1,16384,509851.44278896623,132703.94256877253,1572.7307251934985,644128.1160829322,10178.36627543158,0.004112600699473844,11.040443168910867,536.932927529132,0.8246252761002759,1.426577966867623e-09,0,0.0015556044349418893,0.006788630304654488,5.741084532928653e-05,3.3201166852632884
0.0559375,111,physics,1,16384,509486.86876317515,129770.3390272756,1553.285071853302,640810.4928623041,10178.36627543158,0.004112600699473844,10.902000343745321,540.1466548640516,0.8282574672978518,1.4125660641184403e-09,0,0.0015081447134114713,0.00681251643513178,5.741084532928653e-05,3.3201166852632884
0.056,111,physics,1,16384,508668.2111092866,126956.78332347723,1546.3196617254857,637171.3140944892,10178.36627543158,0.004112600699473844,10.751740996157233,542.8876416944966,0.8314724185008285,1.3985541613692468e-09,0,0.0014454787097678233,0.006833483899878415,5.741084532928653e-05,3.3201166852632884
0.056,112,refine,1,16384,508668.2111092866,126956.78332347723,1546.3196617254857,637171.3140944892,10178.36627543158,0.004112600699473844,10.751740996157233,542.8876416944966,0.8314724185008285,1.3985541613692468e-09,0,0.0014454787097678233,0.006833483899878415,5.741084532928653e-05,3.3201166852632884
0.0560625,112,physics,1,16384,507323.66758637404,124257.99110495528,1543.9564491165602,633125.6151404459,10178.36627543158,0.004112600699473844,10.597658020162363,545.1754618600731,0.8343175491448631,1.3845422586200576e-09,0,0.0014019940837354727,0.006848316047977174,5.741084532928653e-05,3.3201166852632884
0.056125,112,physics,1,16384,505331.37241027085,121668.48032930895,1537.5294513149877,628537.3821908947,10178.36627543158,0.004112600699473844,10.501763315349963,547.021052826445,0.8378362029631271,1.3705303558708663e-09,0,0.0013492448053890075,0.006852366601528446,5.741084532928653e-05,3.3201166852632884
0.0561875,112,physics,1,16384,502372.88009832444,119183.66724641448,1524.8852223632484,623081.4325671023,10178.36627543158,0.004112600699473844,10.414169871081178,548.5014608784556,0.8419412949295244,1.2431522478095787e-09,0,0.0012985778370770032,0.006841638191653661,5.741084532928653e-05,3.3201166852632884
0.05625,112,physics,1,16384,498803.8820000729,116799.49085491292,1511.2477125407322,617114.6205675267,10178.36627543158,0.004112600699473844,10.311843251224383,549.6127571537498,0.8451758255385483,1.2191865850219618e-09,0,0.0012691116694383668,0.006821337364058086,5.741084532928653e-05,3.3201166852632884
0.0563125,112,physics,1,16384,494658.9875868146,114508.61901249451,1503.5104207935897,610671.1170201027,10178.36627543158,0.004112600699473844,10.207970496195742,550.4088366113544,0.8475802845986031,1.1944281119724651e-09,0,0.0012057005564510637,0.006830644176983186,5.741084532928653e-05,3.3201166852632884
0.056375,112,physics,1,16384,489993.4325104562,112301.0990809544,1503.6320166711284,603798.1636080818,10178.36627543158,0.004112600699473844,10.094443705208459,550.8949470292877,0.850497346125402,1.059744875186999e-09,0,0.0011948877559401945,0.006848722683076424,5.741084532928653e-05,3.3201166852632884
0.0564375,112,physics,1,16384,484855.4876376949,110163.99904789681,1507.1035937858505,596526.5902793776,10178.36627543158,0.004112600699473844,9.968014226738296,551.1075627638281,0.8540432993794587,9.232896391875214e-10,0,0.0010793290940478968,0.006876776739653762,5.741084532928653e-05,3.3201166852632884
0.0565,112,physics,1,16384,479238.93757118523,108085.40514438562,1507.5261501029347,588831.8688656738,10178.36627543158,0.004112600699473844,9.822752950506324,551.0858882614264,0.8565287523090823,9.260670008615074e-10,0,0.001082226491523165,0.006904834548460315,5.741084532928653e-05,3.3201166852632884
0.0565,113,refine,1,16384,479238.93757118523,108085.40514438562,1507.5261501029347,588831.8688656738,10178.36627543158,0.004112600699473844,9.822752950506324,551.0858882614264,0.8565287523090823,9.260670008615074e-10,0,0.001082226491523165,0.006904834548460315,5.741084532928653e-05,3.3201166852632884
0.0565625,113,physics,1,16384,473258.2876864434,106053.75913184621,1502.8776137492905,580814.9244320389,10178.36627543158,0.004112600699473844,9.656862734561766,550.8729021471986,0.8586767575360738,8.465628198450947e-10,0,0.0009890061202712731,0.006929793087473493,5.741084532928653e-05,3.3201166852632884
0.056625,113,physics,1,16384,466832.7035470994,104059.50172558607,1497.2765810012456,572389.4818536867,10178.36627543158,0.004112600699473844,9.465581514547274,550.5113340240258,0.8617464091518083,7.669402612986327e-10,0,0.0008956647296273502,0.006947958198190584,5.741084532928653e-05,3.3201166852632884
0.0566875,113,physics,1,16384,459957.2211197788,102093.01230742972,1496.9017309436126,563547.1351581521,10178.36627543158,0.004112600699473844,9.244583978608429,550.00298597435,0.8653395036418019,7.149268121953219e-10,0,0.0008345695347369905,0.006954800163926037,5.741084532928653e-05,3.3201166852632884
0.05675,113,physics,1,16384,452001.5551120808,100149.5699333516,1503.4747140227137,553654.5997594552,10178.36627543158,0.004112600699473844,9.189497925859529,549.3976883608343,0.8674129706032597,6.902658167273871e-10,0,0.0008054320555637077,0.006946087252826108,5.741084532928653e-05,3.3201166852632884
0.0568125,113,physics,1,16384,443699.6584545893,98232.17718042094,1511.754366600664,543443.5900016109,10178.36627543158,0.004112600699473844,9.256331958796352,548.7235677244337,0.8703417485905188,6.108172578844815e-10,0,0.0007123996390355178,0.006918481741754502,5.741084532928653e-05,3.3201166852632884
0.056875,113,physics,1,16384,435592.956549933,96337.21873765696,1512.3415173675942,533442.5168049576,10178.36627543158,0.004112600699473844,9.308483550083816,548.0022049928723,0.8732140998415101,4.77755085492855e-10,0,0.0005569886166869689,0.006869957831870254,5.741084532928653e-05,3.3201166852632884
0.0569375,113,physics,1,16384,427696.7713407058,94466.26825519527,1496.6402301205285,523659.6798260216,10178.36627543158,0.004112600699473844,9.3541527718678,547.2642847134779,0.8744629401973533,4.279343823743259e-10,0,0.0004987080753896463,0.00683706438876757,5.741084532928653e-05,3.3201166852632884
0.057,113,physics,1,16384,420035.4466130651,92628.43554530229,1463.3312734588612,514127.2134318262,10178.36627543158,0.004112600699473844,9.39388270207009,546.5048779564324,0.8761423810264092,4.057093550002675e-10,0,0.0004726239291821021,0.006872091132918626,5.741084532928653e-05,3.3201166852632884
0.057,114,refine,1,16384,420035.4466130651,92628.43554530229,1463.3312734588612,514127.2134318262,10178.36627543158,0.004112600699473844,9.39388270207009,546.5048779564324,0.8761423810264092,4.057093550002675e-10,0,0.0004726239291821021,0.006872091132918626,5.741084532928653e-05,3.3201166852632884
0.0570625,114,physics,1,16384,412600.9827188294,90840.87921200716,1419.1531459037706,504861.01507674035,10178.36627543158,0.004112600699473844,9.42844100028976,545.7594260023649,0.8779827214697342,2.195301440632758e-10,0,0.000255646934677606,0.0069326483811071055,5.741084532928653e-05,3.3201166852632884
0.057125,114,physics,1,16384,405353.4114105403,89128.56067207272,1374.0665377180667,495856.0386203311,10178.36627543158,0.004112600699473844,9.459150700497485,545.0246764422845,0.8776754697724723,2.807466203958066e-10,0,0.0003268206653698367,0.006998243655317323,5.741084532928653e-05,3.3201166852632884
0.0571875,114,physics,1,16384,398208.79553350166,87522.39221829978,1334.5472770718302,487065.73502887326,10178.36627543158,0.004112600699473844,9.485360141070693,544.3340463017171,0.877054636984157,1.5113835183377946e-10,0,0.0001758906527973498,0.007064968001013721,5.741084532928653e-05,3.3201166852632884
0.05725,114,physics,1,16384,391007.26362949505,86056.46359059555,1301.3179005982818,478365.04512068885,10178.36627543158,0.004112600699473844,9.5128311388674,543.7003878021349,0.8767868464787602,1.8653659172864072e-10,0,0.0002170197925413462,0.007129858848356098,5.741084532928653e-05,3.3201166852632884
0.0573125,114,physics,1,16384,383688.2509064429,84762.67862066615,1271.6555831855676,469722.5851102946,10178.36627543158,0.004112600699473844,9.537839060916133,543.1372556744665,0.8760787860350185,8.671041662465443e-11,0,0.00010085999112274212,0.0071889163331204245,5.741084532928653e-05,3.3201166852632884
0.057375,114,physics,1,16384,376160.215719815,83668.20648908068,1245.240490860655,461073.6626997563,10178.36627543158,0.004112600699473844,9.556436746955107,542.617989165105,0.8737998912203352,9.642567300181956e-11,0,0.00011213612276091223,0.007238029086053887,5.741084532928653e-05,3.3201166852632884
0.0574375,114,physics,1,16384,368310.46551289293,82798.29647934402,1227.7151888936774,452336.4771811306,10178.36627543158,0.004112600699473844,9.56923455040185,542.1655450555622,0.8727508823884357,5.31009125559297e-11,0,6.174389994521195e-05,0.007272969361663513,5.741084532928653e-05,3.3201166852632884
0.0575,114,physics,1,16384,360065.79631482775,82178.06734411215,1228.5763543917744,443472.44001333165,10178.36627543158,0.004112600699473844,9.57235309420367,541.7586037795446,0.8731282634928048,-1.7642554084333914e-11,1,-2.051129570712251e-05,0.007322896956423525,5.741084532928653e-05,3.3201166852632884
0.0575,115,refine,1,16384,360065.79631482775,82178.06734411215,1228.5763543917744,443472.44001333165,10178.36627543158,0.004112600699473844,9.57235309420367,541.7586037795446,0.8731282634928048,-1.7642554084333914e-11,1,-2.051129570712251e-05,0.007322896956423525,5.741084532928653e-05,3.3201166852632884
0.0575625,115,physics,1,16384,351305.9409158327,81832.82550142909,1255.8220173070808,434394.5884345689,10178.36627543158,0.004112600699473844,9.567671687599859,541.405235759932,0.8748751285971135,-3.1617264362175616e-11,1,-3.675408036952105e-05,0.007402870873132575,5.741084532928653e-05,3.3201166852632884
0.057625,115,physics,1,16384,341831.31375458906,81784.69413184993,1312.0990669692465,424928.1069534082,10178.36627543158,0.004112600699473844,9.556267495067482,541.0919108813692,0.8766882081276337,-7.174261185129602e-11,1,-8.339678974716125e-05,0.007489415858984229,5.741084532928653e-05,3.3201166852632884
0.0576875,115,physics,1,16384,331545.6250973599,82044.15528645531,1394.292818785052,414984.07320260024,10178.36627543158,0.004112600699473844,9.53840360457629,540.8230699539085,0.8788657777094221,-8.384407057527838e-11,1,-9.745686503509944e-05,0.00766989728416139,5.741084532928653e-05,3.3201166852632884
0.05775,115,physics,1,16384,320420.7099712349,82606.3224363664,1496.6809211976838,404523.713328799,10178.36627543158,0.004112600699473844,9.549721908227866,540.5619989745676,0.8823983384941075,-9.556100355466712e-11,1,-0.00011106961658178338,0.007875477043138209,5.741084532928653e-05,3.3201166852632884
0.0578125,115,physics,1,16384,308468.78886687587,83452.55050154007,1615.9740918413838,393537.3134602573,10178.36627543158,0.004112600699473844,9.786495612154852,540.345534745863,0.8852640960350687,-1.8745677232703732e-10,1,-0.00021788493633817884,0.008109719071536844,5.741084532928653e-05,3.3201166852632884
0.057875,115,physics,1,16384,295741.25740459096,84551.86752610885,1753.7711940771787,382046.896124777,10178.36627543158,0.004112600699473844,10.042509416979524,540.1642252522469,0.8852146087007206,-1.701050966751535e-10,1,-0.0001977240987817056,0.008375729592296072,5.741084532928653e-05,3.3201166852632884
0.0579375,115,physics,1,16384,282283.56089710916,85861.3805887926,1914.980535676907,370059.9220215787,10178.36627543158,0.004112600699473844,10.432477353904604,539.9855337782136,0.8860782493644743,-9.645997889330748e-11,1,-0.00011212673888055921,0.008677139731529403,5.741084532928653e-05,3.3201166852632884
0.058,115,physics,1,16384,268187.1771014255,87326.73417539422,2103.543599108215,357617.45487592794,10178.36627543158,0.004112600699473844,10.884796726073583,539.8495605510624,0.8870967841909166,-5.036043804194323e-11,1,-5.854158751560602e-05,0.009017525940398851,5.741084532928653e-05,3.3201166852632884
0.058,116,refine,1,16384,268187.1771014255,87326.73417539422,2103.543599108215,357617.45487592794,10178.36627543158,0.004112600699473844,10.884796726073583,539.8495605510624,0.8870967841909166,-5.036043804194323e-11,1,-5.854158751560602e-05,0.009017525940398851,5.741084532928653e-05,3.3201166852632884
0.0580625,116,physics,1,16384,253569.94820868032,88884.85667438772,2319.521081852303,344774.32596492034,10178.36627543158,0.004112600699473844,11.346338945801246,539.7159138310063,0.8875372106978666,-8.478517887766513e-11,1,-9.856448372389238e-05,0.00939980864036061,5.741084532928653e-05,3.3201166852632884
0.058125,116,physics,1,16384,238586.69610545074,90466.97290719833,2559.143066747465,331612.81207939656,10178.36627543158,0.004112600699473844,11.80391539242841,539.6022934208489,0.8893432245495044,-1.179923103667055e-10,1,-0.00013717729182205674,0.00982690441773149,5.741084532928653e-05,3.3201166852632884
0.0581875,116,physics,1,16384,223422.40406163762,91999.66209472893,2817.2781492887034,318239.3443056553,10178.36627543158,0.004112600699473844,12.230915306449097,539.4901613723936,0.8924963466757527,-1.240694769144613e-10,1,-0.0001442490863017744,0.010300551034781925,5.741084532928653e-05,3.3201166852632884
0.05825,116,physics,1,16384,208266.6829096528,93410.23327087978,3089.807847058565,304766.7240275911,10178.36627543158,0.004112600699473844,12.618056234796557,539.3787790081723,0.8968786709932196,-1.283796402517898e-10,1,-0.00014926763833862777,0.010820925874041147,5.741084532928653e-05,3.3201166852632884
0.0583125,116,physics,1,16384,193300.7654634114,94638.57436037692,3374.5044043123703,291313.8442281007,10178.36627543158,0.004112600699473844,12.966258459920192,539.2426332568073,0.9023617555185947,-1.5736117964238136e-10,1,-0.00018297903572194515,0.011386363391809212,5.741084532928653e-05,3.3201166852632884
0.058375,116,physics,1,16384,178662.30950324403,95639.31557366949,3668.5514903189023,277970.1765672324,10178.36627543158,0.004112600699473844,13.260398740514772,539.0997725508607,0.9087971524830623,-1.3290260558741215e-10,1,-0.00015455884498582348,0.011995916102100646,5.741084532928653e-05,3.3201166852632884
0.0584375,116,physics,1,16384,164487.10295633337,96364.7412101017,3962.5617428284827,264814.4059092635,10178.36627543158,0.004112600699473844,13.511639061850556,538.9511948953497,0.9160090309125074,-1.0912434844635627e-10,1,-0.00012691024829876178,0.012649224352483722,5.741084532928653e-05,3.3201166852632884
0.0585,116,physics,1,16384,150883.7344573617,96757.22612211228,4241.079086069305,251882.03966554327,10178.36627543158,0.004112600699473844,13.674812561947645,538.799038641202,0.915084502599242,-8.398159945242422e-11,1,-9.767341753870146e-05,0.013342177681474275,5.741084532928653e-05,3.3201166852632884
0.0585,117,refine,1,16384,150883.7344573617,96757.22612211228,4241.079086069305,251882.03966554327,10178.36627543158,0.004112600699473844,13.674812561947645,538.799038641202,0.915084502599242,-8.398159945242422e-11,1,-9.767341753870146e-05,0.013342177681474275,5.741084532928653e-05,3.3201166852632884
0.0585625,117,physics,1,16384,138003.71552105172,96757.80801639493,4484.920727238857,239246.4442646855,10178.36627543158,0.004112600699473844,13.729474551608712,538.6236442888194,0.9095796835481483,-1.125343984664804e-10,1,-0.00013088730338199053,0.014067623120135276,5.741084532928653e-05,3.3201166852632884
0.058625000000000003,117,physics,1,16384,126006.64163540606,96311.26437326422,4676.897550889188,226994.80355955946,10178.36627543158,0.004112600699473844,13.678588715469221,538.4084668351269,0.9025219098039607,-6.215800096856411e-11,1,-7.22975117377442e-05,0.01481810865056893,5.741084532928653e-05,3.3201166852632884
0.058687500000000004,117,physics,1,16384,115024.49207788424,95372.16651718561,4805.70001551199,215202.35861058184,10178.36627543158,0.004112600699473844,13.496503612867832,538.1687612531977,0.8965589086257344,-3.489897260068336e-11,1,-4.0596602813330864e-05,0.015584752092605653,5.741084532928653e-05,3.3201166852632884
0.058750000000000004,117,physics,1,16384,105155.21656077367,93906.85171607551,4867.152510481457,203929.22078733062,10178.36627543158,0.004112600699473844,13.228329336950873,537.9190404200438,0.89049250464246,-3.5305869339193784e-11,1,-4.1066012679374074e-05,0.01635681690760207,5.741084532928653e-05,3.3201166852632884
0.058812500000000004,117,physics,1,16384,96471.51630086848,91885.16751086261,4860.9523266447695,193217.63613837585,10178.36627543158,0.004112600699473844,12.86371366738683,537.6279737061994,0.8692766963140837,4.654288066063789e-11,0,5.414420955458847e-05,0.017123459259977297,5.741084532928653e-05,3.3201166852632884
0.058875000000000004,117,physics,1,16384,89025.78620708588,89287.32336897744,4790.159462975778,183103.2690390391,10178.36627543158,0.004112600699473844,12.373437325919936,537.3184597852768,0.8446555036581082,-7.787243072609936e-12,1,-9.05803503495276e-06,0.01787525424354362,5.741084532928653e-05,3.3201166852632884
0.058937500000000004,117,physics,1,16384,82834.23674682376,86117.16655645988,4662.932001978614,173614.33530526227,10178.36627543158,0.004112600699473844,11.793350122936882,536.9892993739603,0.821018163614891,1.2874362687042068e-10,0,0.00014978102611761833,0.018641427763971305,5.741084532928653e-05,3.3201166852632884
0.059000000000000004,117,physics,1,16384,77888.07875170621,82410.41143335763,4488.986428625261,164787.47661368913,10178.36627543158,0.004112600699473844,11.460962554104285,536.6209619125927,0.798652029371827,7.475106644780473e-11,0,8.695074319553272e-05,0.019454349283454846,5.741084532928653e-05,3.3201166852632884
0.059000000000000004,118,refine,1,16384,77888.07875170621,82410.41143335763,4488.986428625261,164787.47661368913,10178.36627543158,0.004112600699473844,11.460962554104285,536.6209619125927,0.798652029371827,7.475106644780473e-11,0,8.695074319553272e-05,0.019454349283454846,5.741084532928653e-05,3.3201166852632884
0.059062500000000004,118,physics,1,16384,74143.1831746489,78220.40947113285,4274.850583624218,156638.44322940597,10178.36627543158,0.004112600699473844,11.652772200023588,568.2171556675638,0.7778490615249283,7.792191891731013e-11,0,9.065336786433475e-05,0.020236044024676336,5.741084532928653e-05,3.3201166852632884
0.059125000000000004,118,physics,1,16384,71446.87683790138,73617.1493704495,4025.9706856262123,149089.99689397708,10178.36627543158,0.004112600699473844,11.73831501399609,613.8076200696456,0.7692938288690124,2.1336815647643805e-10,0,0.0002481924562647143,0.02098113040291037,5.741084532928653e-05,3.3201166852632884
0.059187500000000004,118,physics,1,16384,69516.53372170437,68687.47896695265,3748.0599750576184,141952.07266371464,10178.36627543158,0.004112600699473844,11.726472983881028,655.0503604524674,0.7637398891142761,-7.983469441087137e-11,1,-9.287222206677208e-05,0.02180339920203742,5.741084532928653e-05,3.3201166852632884
0.059250000000000004,118,physics,1,16384,68327.45697845776,63539.928951892325,3448.2211549759686,135315.60708532605,10178.36627543158,0.004112600699473844,11.620210071345763,692.9283345516551,0.7656171428487349,3.2651242820591583e-10,0,0.0003798550447058909,0.022574630497606614,5.741084532928653e-05,3.3201166852632884
0.059312500000000004,118,physics,1,16384,67820.97648761867,58301.892071934664,3134.851759030959,129257.7203185843,10178.36627543158,0.004112600699473844,11.432007504015012,726.6314485035756,0.7671925098632166,8.76058670051802e-11,0,0.00010190582015787687,0.02328362224818387,5.741084532928653e-05,3.3201166852632884
0.059375000000000004,118,physics,1,16384,67864.64492727644,53108.36953252602,2816.435187396998,123789.44964719946,10178.36627543158,0.004112600699473844,11.16827349327769,755.5632850028447,0.7684522660813369,9.024914149336143e-11,0,0.0001049839322852348,0.023919811399053022,5.741084532928653e-05,3.3201166852632884
0.059437500000000004,118,physics,1,16384,68360.54871249758,48088.74351361228,2500.9254385997256,118950.21766470958,10178.36627543158,0.004112600699473844,10.821244990956563,779.322095727902,0.76671800437512,4.4142672850356886e-10,0,0.0005134616562193657,0.02447437320379467,5.741084532928653e-05,3.3201166852632884
0.059500000000000004,118,physics,1,16384,69185.07689725068,43363.460017653495,2196.1041502473863,114744.64106515155,10178.36627543158,0.004112600699473844,10.390455420154149,797.5409742263929,0.7652370147864286,1.57667767730702e-11,0,1.8339374265610408e-05,0.024939506352675347,5.741084532928653e-05,3.3201166852632884
