t,macro,phase,capacity_blocked,samples,elastic_energy,kinetic_energy,affine_kinetic_energy,total_energy,mass,grown_rest_area,max_speed,max_volumetric_pressure,min_elastic_det,min_triangle_area,inverted_triangles,min_triangle_quality,max_edge,min_weight,max_hardening
0.0,0,initial,0,10,0.0,0.0,0.0,0.0,50.0,2.0202495988996816e-05,0.0,-0.0,1.0,2.0202199486618594e-06,0,0.8548107181185775,0.002621869394860768,0.49999263882637024,1.0
0.0,0,refine,0,10,0.0,0.0,0.0,0.0,50.0,2.0202495988996816e-05,0.0,-0.0,1.0,2.0202199486618594e-06,0,0.8548107181185775,0.002621869394860768,0.49999263882637024,1.0
6.25e-05,0,physics,0,10,1.4256311472278673,0.006560600253289841,0.0724253196344184,1.5046170671155756,50.37622834895034,2.0354511023209146e-05,0.021661657769284557,19.661212483086143,0.992921958443481,2.0209298314810566e-06,0,0.8547016783745257,0.0026226480196576978,0.49999263882637024,1.0000033974705236
0.000125,0,physics,0,10,4.301949346473224,0.10466588578340547,1.1514324213552114,5.55804765361184,50.75528784045645,2.050766998034401e-05,0.086479274679771,33.07943662157062,0.9880913815219844,2.0260880830846864e-06,0,0.854034115073618,0.002628148522821701,0.49999263882637024,1.0000053644324183
0.0001875,0,physics,0,10,5.889945721739046,0.4399257552995212,4.794715751776971,11.124587228815539,51.13719423514795,2.0661979228482566e-05,0.17757681012152574,36.22803863215525,0.9869578641144103,2.0390541908277267e-06,0,0.8523853998145731,0.0026418499958962578,0.49999263882637024,1.000008404290229
0.00025,0,physics,0,10,4.845229673551157,1.0305115640633893,11.047208451142943,16.92294968875749,51.52197699308062,2.081745067095796e-05,0.2726292734460091,28.224855173187304,0.9898390012637914,2.0603311909894758e-06,0,0.8494775985936414,0.0026650374797200674,0.49999263882637024,1.0000069737677553
0.0003125,0,physics,0,10,2.3985313875101513,1.6756772333414975,17.548328607846297,21.622537228697947,51.909659522492205,2.0974093765866778e-05,0.34881901912102603,11.507714602057924,0.9958571990380297,2.088343569184305e-06,0,0.8452467217722773,0.0026969215647533735,0.49999263882637024,1.00000679495259
0.000375,0,physics,0,10,0.9582759853401397,2.065796529483274,21.03712161396225,24.06119412878566,52.30025105882406,2.1131912244788374e-05,0.38771450709030336,-8.81105037979134,1.0031719860774493,2.119498113017926e-06,0,0.8398436466189573,0.0027344554332031667,0.49999263882637024,1.0000114441572807
0.0004375,0,physics,0,10,1.6619948913372464,2.009242511908037,19.897243853408668,23.56848125665395,52.6937888292522,2.1290921149360234e-05,0.37999768266164363,-26.35870349452315,1.0094891366516074,2.148815731572995e-06,0,0.8336928925372223,0.002773240311551726,0.49999263882637024,1.0000098348147495
0.0005,0,physics,0,10,3.4152449000345624,1.5762833267149714,15.293899261121792,20.285427487871324,53.090288555535224,2.145112683195763e-05,0.3288153153856934,-35.479494649364874,1.0127726409130127,2.171992532495896e-06,0,0.8273386047650388,0.0028086411585560465,0.49999263882637024,1.000010550077777
0.0005,1,refine,0,10,3.4152449000345624,1.5762833267149714,15.293899261121792,20.285427487871324,53.090288555535224,2.145112683195763e-05,0.3288153153856934,-35.479494649364874,1.0127726409130127,2.171992532495896e-06,0,0.8273386047650388,0.0028086411585560465,0.49999263882637024,1.000010550077777
0.0005625000000000001,1,physics,0,10,4.356892571777731,1.018591291218863,9.85546733227429,15.230951195270885,53.489774085878416,2.161253892844606e-05,0.24974638020763104,-33.18015720553777,1.0119449206713695,2.18656922612581e-06,0,0.821414133278557,0.00283712745053434,0.49999263882637024,1.0000091195522336
0.000625,1,physics,0,10,3.946362803736968,0.5526909541766356,5.4535921521306605,9.952645910044264,53.89227458654918,2.1775169223453478e-05,0.16601050913876159,-20.23264964586013,1.0072838059701634,2.1927956517231463e-06,0,0.8164800885516352,0.002857117610229679,0.49999263882637024,1.0000107288936138
0.0006875,1,physics,0,10,3.2258275784265606,0.2434877432234438,2.454833535546674,5.924148857196679,54.29777780580365,2.193901276666374e-05,0.10026185203756305,-0.8917751575338311,1.0003210412381573,2.194098955854431e-06,0,0.8128471227033529,0.0028695107154735606,0.49999263882637024,1.0000107288936138
0.00075,1,physics,0,10,3.193930698796568,0.08181149453277414,0.7849322303436648,4.060674423673007,54.706337698281395,2.2104091358444658e-05,0.06771191893157236,18.64302533704042,0.993288436471571,2.194893706786162e-06,0,0.8106292971029316,0.0028772457059008387,0.49999263882637024,1.0000094771834276
0.0008125000000000001,1,physics,0,10,3.5394906765096787,0.09871779951915224,0.936288034351443,4.574496510380274,55.11798837585215,2.227041878169449e-05,0.07563596104263344,32.276675798511164,0.9883802055582416,2.200533243623681e-06,0,0.8096429852506393,0.002884137819798215,0.49999263882637024,1.0000071525829526
0.000875,1,physics,0,10,3.283039445738658,0.3456029394123127,3.4569323373775696,7.08557472252854,55.53272515760441,2.2437993145091274e-05,0.11787751525434609,35.88325164846209,0.9870818261325975,2.2140599913456063e-06,0,0.8094078956709446,0.002893817217576748,0.49999263882637024,1.0000075102134431
0.0009375,1,physics,0,10,2.3544987867584513,0.7760308267663031,7.669341861111171,10.799871474635925,55.95059308564583,2.2606832647895047e-05,0.17748298733525955,28.411016921837945,0.9897719205155326,2.2367489442842738e-06,0,0.8093897150838177,0.0029088005538167334,0.49999263882637024,1.0000101924461993
0.001,1,physics,0,10,1.979883898805907,1.204507605352919,11.495849576466256,14.680241080625082,56.371596412312755,2.2776939008261894e-05,0.23691200676761895,12.148020451953327,0.9956266547685647,2.2670648895939406e-06,0,0.808900145746668,0.0029298571088794906,0.49999263882637024,1.0000066161374566
0.001,2,refine,0,10,1.979883898805907,1.204507605352919,11.495849576466256,14.680241080625082,56.371596412312755,2.2776939008261894e-05,0.23691200676761895,12.148020451953327,0.9956266547685647,2.2670648895939406e-06,0,0.808900145746668,0.0029298571088794906,0.49999263882637024,1.0000066161374566
0.0010625,2,physics,0,10,3.2021553217398084,1.4343223262731173,13.042570917199555,17.679048565212483,56.79577891086862,2.294832991277546e-05,0.2815088265487038,-7.8757236134529975,1.0028352959899511,2.300729072146626e-06,0,0.8074710464804962,0.0029561677024086087,0.49999263882637024,1.00000679495259
0.0011250000000000001,2,physics,0,10,5.229911878805497,1.4388737579524935,12.4057032476832,19.07448888444119,57.22314779505634,2.312100827614791e-05,0.3028510644971642,-25.318581429696422,1.009114806663455,2.332616752198649e-06,0,0.8046394929879939,0.0029857650970467596,0.49999263882637024,1.0000064373223552
0.0011875,2,physics,0,10,5.873770005169159,1.3782201486801868,11.530881570207622,18.782871724056967,57.65373351526455,2.3294986401856443e-05,0.3007290070433467,-34.542216945986716,1.012435309280387,2.357827227683628e-06,0,0.8003571110488769,0.003016128556224894,0.49999263882637024,1.0000044703583502
0.00125,2,physics,0,10,3.9969895107272313,1.401613750733771,11.986843183761842,17.385446445222843,58.08755219790476,2.3470270805776265e-05,0.2823348153041224,-32.54723871240608,1.011717085552966,2.3739110002196635e-06,0,0.794683517162785,0.003045180847773747,0.49999263882637024,1.0000048279878815
0.0013125,2,physics,0,10,1.1684083344653364,1.4676935582610517,13.139068625029086,15.775170517755473,58.52464617003813,2.3646878590153057e-05,0.25845912545778843,-20.07456158732011,1.0072269042001853,2.381101126047723e-06,0,0.7880554426947873,0.003071799935711708,0.49999263882637024,1.0000080466594188
0.001375,2,physics,0,10,0.2744894309721685,1.415336735770292,12.971752131745806,14.661578298488266,58.96502111192897,2.382481205009715e-05,0.23880702059762876,-1.280819332732649,1.0004611000717247,2.382920596843974e-06,0,0.7810555062543522,0.003096018205242139,0.49999263882637024,1.0000089407366846
0.0014375,2,physics,0,10,2.455667035847813,1.1931355977006928,10.650113222987475,14.29891585653598,59.408714500499705,2.4004086328156018e-05,0.22929750125709902,17.794047423994257,0.9935940581630198,2.3844395045102824e-06,0,0.7744423572057882,0.0031188857629496783,0.49999263882637024,1.0000062585072858
0.0015,2,physics,0,10,5.788292056316198,0.9572751675424686,7.800014798082148,14.545582021940815,59.85574491406604,2.4184708930896684e-05,0.23144678325189585,31.243095169170772,0.9887522926610628,2.39075303554159e-06,0,0.768818344740822,0.0031416771560084603,0.49999263882637024,1.000005006802695
0.0015,3,refine,0,10,5.788292056316198,0.9572751675424686,7.800014798082148,14.545582021940815,59.85574491406604,2.4184708930896684e-05,0.23144678325189585,31.243095169170772,0.9887522926610628,2.39075303554159e-06,0,0.768818344740822,0.0031416771560084603,0.49999263882637024,1.000005006802695
0.0015625,3,physics,0,10,7.1388831359995075,0.9256140950374614,7.006837100935492,15.07133433197246,60.306139637590604,2.4366690882806114e-05,0.24175226563153693,35.03139233037581,0.987388423638744,2.4054311662524718e-06,0,0.7645963215138937,0.003165362229740482,0.49999263882637024,1.0000042915436325
0.0016250000000000001,3,physics,0,10,5.239155336523692,1.148823336511585,9.114055346782992,15.502034019818268,60.759918668140074,2.4550040263697436e-05,0.25208295820927656,28.042833974679677,0.9899043306481918,2.429668760406399e-06,0,0.7619208012459396,0.003190245680177124,0.49999263882637024,1.000002145769514
0.0016875,3,physics,0,10,1.9273709555287184,1.4279839264616432,12.11063432603856,15.465989208028923,61.21711179850404,2.4734769111344915e-05,0.2530348426373238,12.356557156273269,0.9955515121533041,2.461877400605773e-06,0,0.7606586650368437,0.0032156019839041333,0.49999263882637024,1.000002861027042
0.00175,3,physics,0,10,0.35620751930716016,1.4688638382598502,12.830876395882232,14.655947753449242,61.6777357980975,2.492088420142936e-05,0.23858487808292772,-7.298278297631242,1.0026274497202712,2.4981017414660317e-06,0,0.7603636822762738,0.0032400664133991723,0.49999263882637024,1.0000035762850814
0.0018125,3,physics,0,10,1.8900380815893494,1.1532235945666127,9.96247051766827,13.005732193824233,62.14184053771052,2.510840568423949e-05,0.2095684526772388,-24.795042181580545,1.00892645141598,2.5324464765219554e-06,0,0.7604147008584787,0.0032622129076420323,0.49999263882637024,1.000002503398214
0.001875,3,physics,0,10,4.811117637406987,0.6738036497521449,5.423193667559538,10.90811495471867,62.60944316806734,2.5297340489524042e-05,0.17480922464552706,-34.48645311472054,1.0124154294846668,2.5605386237970147e-06,0,0.7600920724069928,0.003281090967988806,0.49999263882637024,1.000001788140942
0.0019375,3,physics,0,10,6.2402949398387815,0.3737319705357517,2.6231583122677957,9.237185222642328,63.0805548576328,2.5487693129900364e-05,0.1492929687760565,-33.11834270199739,1.0119228890544423,2.578504188832652e-06,0,0.7588246610969069,0.003297030278816951,0.49999263882637024,1.0000014305124978
0.002,3,physics,0,10,5.178624397914103,0.44404804447317187,3.3861907336887493,9.008863176076025,63.55521655317429,2.5679480149906504e-05,0.1480312863059219,-21.041739575216642,1.0075752294278397,2.586757071654233e-06,0,0.7561175521490123,0.003311627035278575,0.49999263882637024,1.000001788140942
0.002,4,refine,0,10,5.178624397914103,0.44404804447317187,3.3861907336887493,9.008863176076025,63.55521655317429,2.5679480149906504e-05,0.1480312863059219,-21.041739575216642,1.0075752294278397,2.586757071654233e-06,0,0.7561175521490123,0.003311627035278575,0.49999263882637024,1.000001788140942
0.0020625,4,physics,0,10,3.2556164506239957,0.8131952109214547,6.771118135624184,10.839929797169635,64.03344533778964,2.587270845196677e-05,0.17710690736580198,-2.126796839503105,1.00076566548198,2.588656949242816e-06,0,0.7518489011433863,0.003327627533515903,0.49999263882637024,1.000002503398214
0.002125,4,physics,0,10,2.552756463335416,1.3203440195448906,10.718273261596051,14.591373744476357,64.5152776898834,2.606739277517763e-05,0.23264423123150776,17.628826970420967,0.9936534815713133,2.589637581706937e-06,0,0.7461679367606356,0.0033479404919959633,0.49999263882637024,1.0000064373223552
0.0021875,4,physics,0,10,3.3128265776215464,1.9051133209847655,14.202572109787567,19.420512008393878,65.00073184252435,2.6263540486609006e-05,0.30431487032551346,32.103044478484115,0.9884426601299358,2.595449387854388e-06,0,0.7395244933046562,0.0033749736760812247,0.49999263882637024,1.0000035762850814
0.0022500000000000003,4,physics,0,10,4.111973239568785,2.5666672132841692,17.42819359054236,24.106834043395317,65.48984186388518,2.6461165351503394e-05,0.3758288982188473,36.89539633091483,0.9867173438082011,2.6104344841293425e-06,0,0.7324704798376764,0.0034094673949368304,0.49999263882637024,1.0000037550996712
0.0023125,4,physics,0,10,3.9095358531842037,3.1782459530181106,20.309179573173562,27.396961379375877,65.9826253716979,2.6660274488304e-05,0.42760164456991395,30.51866401037312,0.9890129980533255,2.63619123419545e-06,0,0.7256976072021619,0.0034502773207385237,0.49999263882637024,1.0000048279878815
0.002375,4,physics,0,10,3.337668065623251,3.43627190827302,21.481952366435902,28.255892340332174,66.47911924467552,2.6860882797851832e-05,0.4420821636668761,14.780735944226425,0.9946787961421039,2.6711739842255615e-06,0,0.7197848862345397,0.003494374597240442,0.49999263882637024,1.0000035762850814
0.0024375,4,physics,0,10,3.734279453307464,3.072957335654189,19.290013618977827,26.09725040793948,66.97935087170397,2.7063001346624074e-05,0.40958410468531925,-5.679926555269396,1.0020448269431586,2.711013538103656e-06,0,0.7151311352912416,0.003537319867041381,0.49999263882637024,1.0000046491730998
0.0025,4,physics,0,10,5.156323264717351,2.1484692387065274,13.748584527205752,21.05337703062963,67.4833480777216,2.7266641377284812e-05,0.33301245978539173,-24.646091382660526,1.0088728467483081,2.7500029702309765e-06,0,0.7119412544532354,0.0035743721729250824,0.49999263882637024,1.0000032186559977
0.0025,5,refine,0,10,5.156323264717351,2.1484692387065274,13.748584527205752,21.05337703062963,67.4833480777216,2.7266641377284812e-05,0.33301245978539173,-24.646091382660526,1.0088728467483081,2.7500029702309765e-06,0,0.7119412544532354,0.0035743721729250824,0.49999263882637024,1.0000032186559977
0.0025625,5,physics,0,10,5.93570163685864,1.0861724914988486,7.150776987525233,14.172651115882722,67.99113064125251,2.74718108813451e-05,0.2292364908473245,-36.182102410313334,1.0130259155619163,2.7821407346806377e-06,0,0.7100731171410678,0.0036019996748928324,0.49999263882637024,1.0000030398415038
0.002625,5,physics,0,10,4.61415896142464,0.3443486142855872,2.3264804288785124,7.284988004588739,68.50273006047753,2.767852258564243e-05,0.12537755032860806,-36.56916156976109,1.0131652795295298,2.803405223517075e-06,0,0.7092174137751036,0.0036190260605675375,0.49999263882637024,1.0000051856175407
0.0026875000000000002,5,physics,0,10,2.0477726695442393,0.051833852781286806,0.3272810362890444,2.4268875586145704,69.01819223256521,2.7886795034924007e-05,0.050639957065909964,-25.637582725944895,1.0092298037465826,2.8134328946549667e-06,0,0.7088201114489721,0.0036270189351942043,0.49999263882637024,1.0000014305124978
0.00275,5,physics,0,10,0.9056452858051375,0.0205246573027338,0.15288641935335628,1.0790563624612275,69.53752881868945,2.8096632940886284e-05,0.02779955487873752,-6.802576344645291,1.002449003680268,2.815445691695119e-06,0,0.7082882636591528,0.0036303153331372065,0.49999263882637024,1.0
0.0028125,5,physics,0,10,2.8189709130155793,0.10344832675589763,0.7469751752620242,3.6693944150335014,70.0607710129682,2.8308048907510082e-05,0.0640193132494357,14.150420540508211,0.9949056919273042,2.8154568667559934e-06,0,0.7071364324138455,0.0036346065775378776,0.49999263882637024,1.0000003576279326
0.002875,5,physics,0,10,6.370112687503386,0.4534038046310954,2.7501845775245215,9.573701069659004,70.5879510646988,2.8521055965121402e-05,0.15111977109554864,30.97019777936615,0.988850373924962,2.819377634466492e-06,0,0.7048426861172686,0.003645516686722691,0.49999263882637024,0.9999985694895486
0.0029375,5,physics,0,10,8.253939861534924,1.3757428480045322,7.820357416265333,17.45004012580479,71.11909790669901,2.873566580402295e-05,0.27015936277420827,38.78738644021281,0.9860360714637536,2.832616791348385e-06,0,0.7013457926313456,0.0036671737070147568,0.49999263882637024,0.9999996423721953
0.003,5,physics,0,10,6.506735406241466,2.9234406438324076,16.175135575949025,25.605311626022896,71.65423704879458,2.8951888731457765e-05,0.3941632397869856,35.384381143292124,0.9872611535531073,2.857480716045301e-06,0,0.696554595461749,0.0037013606499553585,0.49999263882637024,1.0000014305124978
0.003,6,refine,0,10,6.506735406241466,2.9234406438324076,16.175135575949025,25.605311626022896,71.65423704879458,2.8951888731457765e-05,0.3941632397869856,35.384381143292124,0.9872611535531073,2.857480716045301e-06,0,0.696554595461749,0.0037013606499553585,0.49999263882637024,1.0000014305124978
0.0030625,6,physics,0,10,2.5745305499965805,4.635507954472926,25.05211257588896,32.262151080358464,72.1934102104911,2.9169741604188718e-05,0.49439431752784935,21.717836008679292,0.9921812742576456,2.8932247637669666e-06,0,0.6906906383180449,0.003746889274352765,0.49999263882637024,1.000002861027042
0.003125,6,physics,0,10,0.09491848606605478,5.706852474724244,30.007204418346674,35.808975379136974,72.73663050187947,2.9389229719347032e-05,0.5463951964719437,1.6907119010136826,0.9993913178120624,2.9363912315005787e-06,0,0.684206388229234,0.0037999301887911767,0.49999263882637024,1.000001788140942
0.0031875000000000002,6,physics,0,10,1.4189454135832438,5.530897125420265,28.228911288943934,35.178753827947446,73.28395176650164,2.9610374832411477e-05,0.5361103260080013,-18.848834942248725,1.0067858450960516,2.9802765713071743e-06,0,0.6775053138536444,0.003854720966164235,0.49999263882637024,1.0000053644324183
0.0032500000000000003,6,physics,0,10,5.2439844279519425,4.194306752047644,20.873417686197186,30.311708866196774,73.83538656753555,2.9833182019533083e-05,0.4648846059899329,-33.7134140963819,1.0121373108762433,3.0187751480781365e-06,0,0.671104642059924,0.0039049824513358055,0.49999263882637024,1.0000064373223552
0.0033125,6,physics,0,10,7.905731467109321,2.4372893053587164,12.07238836140534,22.415409133873375,74.39096328549552,3.0057662747856385e-05,0.35081938959139924,-38.36217473129041,1.0138109163231686,3.0464383797834663e-06,0,0.665516427386129,0.003945445716820486,0.49999263882637024,1.0000064373223552
0.003375,6,physics,0,10,7.105030863725971,1.0583190055518146,5.5221146300704325,13.685464499348218,74.95071830165004,3.0283831717230028e-05,0.22432328599674378,-31.424570151375327,1.011313257932473,3.061858166120147e-06,0,0.6611009304573406,0.003973406669933583,0.49999263882637024,1.0000064373223552
0.0034375,6,physics,0,10,4.0745382437683295,0.34642264614891666,2.0966674729396853,6.517628362856932,75.51469381519716,3.0511705978236584e-05,0.11869471546973322,-15.173802679752947,1.0054627780003684,3.0669359212254247e-06,0,0.6579769883586891,0.003989559385536821,0.49999263882637024,1.0000089407366846
0.0035,6,physics,0,10,1.9402959844300938,0.09556416229663883,0.6237909563981041,2.659651103124837,76.08290871720709,3.074129316381144e-05,0.05930855041635276,5.288404944091894,0.9980961013665893,3.0673097075606384e-06,0,0.6561139252078366,0.003997563741905188,0.49999263882637024,1.0000125170537404
0.0035,7,refine,0,10,1.9402959844300938,0.09556416229663883,0.6237909563981041,2.659651103124837,76.08290871720709,3.074129316381144e-05,0.05930855041635276,5.288404944091894,0.9980961013665893,3.0673097075606384e-06,0,0.6561139252078366,0.003997563741905188,0.49999263882637024,1.0000125170537404
0.0035625,7,physics,0,10,2.3813623515868376,0.06818713126619225,0.32537010557089846,2.7749195884239284,76.65540006638307,3.097260824752066e-05,0.05796675246657239,23.791333514141467,0.9914348197517481,3.0698848547672254e-06,0,0.6552278801760995,0.004002881220255554,0.49999263882637024,1.0000098348147495
0.003625,7,physics,0,10,4.307116670047361,0.31470179230943124,1.8836216024784604,6.505440064835253,77.23221414427915,3.1205669929422514e-05,0.11220216371863563,35.008200271878245,0.9873966738017191,3.08039066609922e-06,0,0.6548308810986314,0.004011347549223304,0.49999263882637024,1.0000114441572807
0.0036875000000000002,7,physics,0,10,5.567681347514579,1.0426541943018945,6.161983128287019,12.772318670103493,77.81335968555399,3.1440481738755085e-05,0.20410168516041968,35.889222738249885,0.987079380780328,3.1025557092334574e-06,0,0.6543967345688336,0.004027547402228715,0.49999263882637024,1.0000089407366846
0.00375,7,physics,0,10,5.386917775481239,2.2681301195826085,12.41763369982659,20.072681594890437,78.39887839914695,3.167706052801197e-05,0.3098141491400441,26.399019526110575,0.9904959655030322,3.136495639211038e-06,0,0.6533309197840752,0.004053940795118376,0.49999263882637024,1.0000085831056822
0.0038125,7,physics,0,10,4.8224605521862625,3.6564840098850455,18.2658061160282,26.74475067809951,78.98879724893828,3.191541719194681e-05,0.40494579179424517,9.478445815134362,0.9965876020826343,3.179272528797125e-06,0,0.6511673449992568,0.0040905134475324395,0.49999263882637024,1.0000078678440616
0.003875,7,physics,0,10,5.026469969331143,4.711815530613014,21.563750871397577,31.302036371341735,79.58315787986594,3.215556855719347e-05,0.4696550235430932,-9.777775090765187,1.0035201626869474,3.225490889491309e-06,0,0.6476542648864565,0.004135069089965658,0.49999263882637024,1.00000679495259
0.0039375,7,physics,0,10,5.5919179232649,5.117850520095528,22.145953426343045,32.85572186970347,80.1819971856848,3.239752953067069e-05,0.49303517611938474,-25.530351603651127,1.0091913703237765,3.2680522688011112e-06,0,0.6426346021481129,0.004183849673675053,0.49999263882637024,1.0000076890287364
0.004,7,physics,0,10,5.116075934824803,4.897337070064875,21.419372451987556,31.432785456877234,80.78534619559795,3.264131264972543e-05,0.4753952080023842,-33.02144183082518,1.0118883185187388,3.3016881566538793e-06,0,0.6363718057805858,0.004232530397831511,0.49999263882637024,1.0000076890287364
0.004,8,refine,0,10,5.116075934824803,4.897337070064875,21.419372451987556,31.432785456877234,80.78534619559795,3.264131264972543e-05,0.4753952080023842,-33.02144183082518,1.0118883185187388,3.3016881566538793e-06,0,0.6363718057805858,0.004232530397831511,0.49999263882637024,1.0000076890287364
0.0040625,8,physics,0,10,3.3332975199444372,4.27415640855635,20.32001624321943,27.927470171720216,81.39321632261937,3.288692252578504e-05,0.427390269905132,-30.12550567596167,1.010845717294983,3.3230090252800463e-06,0,0.6292657937442593,0.004277454928743854,0.49999263882637024,1.0000053644324183
0.004125,8,physics,0,10,1.9927522241867042,3.452429588610203,18.2047136041011,23.64989541689801,82.00566068392246,3.3134380620839213e-05,0.3658435103946743,-18.02339196898054,1.0064887459785954,3.333411359385254e-06,0,0.6220188607234852,0.004316495586312657,0.49999263882637024,1.0000032186559977
0.0041875,8,physics,0,10,3.069835800897631,2.5694993885204584,14.137249741451738,19.776584930869827,82.62272740660092,3.3383706380636305e-05,0.3079794462082585,-0.728028679455892,1.0002621033535097,3.3376342565283345e-06,0,0.6153382007197626,0.0043493750162048725,0.49999263882637024,1.00000679495259
0.00425,8,physics,0,10,6.2678724358669875,1.797458709266274,8.970905668062281,17.036236813195544,83.24443681789744,3.36349080183971e-05,0.26667202664732126,16.34214659808965,0.9941165221387291,3.341947553803237e-06,0,0.6098094136095669,0.004377424905037536,0.49999263882637024,1.0000060796922483
0.0043125,8,physics,0,10,8.809490926144523,1.3758475797466159,5.515078311527113,15.700416817418251,83.87081969930843,3.388799797138272e-05,0.24818687093980232,28.057459818017136,0.9898988015077863,3.3525677034518223e-06,0,0.6058237856214665,0.00440271366892603,0.49999263882637024,1.000003933914293
0.004375,8,physics,0,10,8.01210872818009,1.4705546512311454,6.217471506102419,15.700134885513656,84.50191726065644,3.414299289041868e-05,0.2512789105234333,31.05074738582757,0.9888210992928914,3.3739640681318414e-06,0,0.6034986175491135,0.004427511573813921,0.49999263882637024,1.0000032186559977
0.0044375000000000005,8,physics,0,10,4.132022092581466,1.986214386305662,10.580234727152622,16.69847120603975,85.13776174181974,3.439990580202523e-05,0.2677650683590731,24.534019068737994,0.9911674025172992,3.407501280250356e-06,0,0.6026545406111844,0.0044533356031252564,0.49999263882637024,1.000001788140942
0.0045000000000000005,8,physics,0,10,0.5438844229236767,2.548912389044199,15.033144405806723,18.1259412177746,85.77839532699636,3.465875375072418e-05,0.28644298804463025,10.51139023344614,0.9962157533567594,3.4505111159432983e-06,0,0.6027276204981146,0.004480916482566138,0.49999263882637024,1.0000014305124978
0.0045000000000000005,9,refine,0,10,0.5438844229236767,2.548912389044199,15.033144405806723,18.1259412177746,85.77839532699636,3.465875375072418e-05,0.28644298804463025,10.51139023344614,0.9962157533567594,3.4505111159432983e-06,0,0.6027276204981146,0.004480916482566138,0.49999263882637024,1.0000014305124978
0.0045625,9,physics,0,10,0.7417546544859519,2.752183116426518,15.813855944558618,19.30779371547109,86.42384932594865,3.491954938722245e-05,0.2984367168670619,-6.732044732116494,1.0024236288448098,3.4976474769798943e-06,0,0.6030182824027654,0.004509932246132621,0.49999263882637024,1.0000003576279326
0.004625,9,physics,0,10,4.826105057911491,2.503803413106723,12.442648257218776,19.772556728236992,87.07415378746346,3.5182304852730024e-05,0.30099297467577923,-21.808876496149566,1.0078514903638136,3.542974826853397e-06,0,0.6028653809639926,0.0045396854590203945,0.49999263882637024,1.0000014305124978
0.0046875,9,physics,0,10,9.107387855020074,2.136950930780227,8.357954523363123,19.60229330916342,87.72935553066807,3.544703906451153e-05,0.29855507177537804,-29.852671455249812,1.0107475267204544,3.5794799870814157e-06,0,0.6015102855800107,0.004569404603810053,0.49999263882637024,1.000000715255993
0.00475,9,physics,0,10,9.637247080296774,2.1195848167070865,7.748773643894404,19.505605540898266,88.38947627435115,3.571376079804173e-05,0.30048639738969496,-28.166471265450127,1.0101404736183668,3.6038270980753825e-06,0,0.5985886646891562,0.004599020779007226,0.49999263882637024,0.9999985694895486
0.0048125,9,physics,0,10,6.162232014136774,2.6388005059577546,11.625429033961597,20.426461554056125,89.0545710685879,3.598249229629918e-05,0.3159652520175056,-17.20666938906842,1.0061947288517237,3.61646493551859e-06,0,0.5939697965477957,0.004629392994712731,0.49999263882637024,0.9999985694895486
0.004875,9,physics,0,10,2.224247050559704,3.5104147330697217,17.18267985581336,22.91734163944279,89.72467371532882,3.625324721695913e-05,0.3492127945941644,-0.42403174297613966,1.000152660053315,3.6210672469394476e-06,0,0.5879562881009475,0.004662114178691483,0.49999263882637024,1.0
0.0049375,9,physics,0,10,1.401347939465179,4.459915765948509,20.894701682260962,26.75596538767465,90.39982097826908,3.6526040414389814e-05,0.3978831363907768,16.91540769851002,0.9939101025939892,3.624970910109936e-06,0,0.5810823047905564,0.004698900854981452,0.49999263882637024,0.9999996423721953
0.005,9,physics,0,10,3.9010103638011886,5.3689300783442855,21.772482252677644,31.042422694823117,91.08004585191007,3.680088522001675e-05,0.4533600659236732,29.478689436071896,0.9893870227929716,3.6349467915641728e-06,0,0.5740150037858298,0.004740995745509735,0.49999263882637024,0.9999996423721953
0.005,10,refine,0,10,3.9010103638011886,5.3689300783442855,21.772482252677644,31.042422694823117,91.08004585191007,3.680088522001675e-05,0.4533600659236732,29.478689436071896,0.9893870227929716,3.6349467915641728e-06,0,0.5740150037858298,0.004740995745509735,0.49999263882637024,0.9999996423721953
0.0050625,10,physics,0,10,6.895754632583367,6.2015825180501825,21.49984261025172,34.59717976088527,91.7653895117219,3.707779827078541e-05,0.5020156622451597,33.42329589288264,0.9879668388926169,3.656201792878735e-06,0,0.5674787264846289,0.004788329355858961,0.49999263882637024,0.9999985694895486
0.005125,10,physics,0,10,7.707787107809279,6.776046646219264,21.851482433920566,36.335316187949104,92.45588820805898,3.735679421364857e-05,0.5282004830918906,27.421730760779564,0.9901275131812659,3.690698299863013e-06,0,0.5619857295662053,0.004839301166026107,0.49999263882637024,0.9999960661011826
0.0051875,10,physics,0,10,6.3152974430570445,6.729843981030596,22.444348365015088,35.48948978910273,93.15158314019746,3.763788969517043e-05,0.5189018084523664,12.988808137083863,0.9953237046414372,3.7369484662264106e-06,0,0.5579453391206638,0.004890906835225368,0.49999263882637024,0.9999949932223728
0.00525,10,physics,0,10,4.836102135499601,5.791003235974634,21.12460600139827,31.751711372872506,93.85250932402462,3.792109886351741e-05,0.46860666859149547,-5.879727784569019,1.0021168518920935,3.7898393063784422e-06,0,0.5553101965386126,0.00493917769134171,0.49999263882637024,0.9999960661011826
0.0053125,10,physics,0,10,4.8870392614685025,4.109334492431268,16.45561734093949,25.45199109483926,94.55871083375926,3.8206439526874145e-05,0.38284395679428607,-23.719065988802544,1.008539462309133,3.841663302139863e-06,0,0.5538758112034117,0.004980347906983195,0.49999263882637024,0.9999957084747848
0.0053750000000000004,10,physics,0,10,5.812319466392366,2.2776379061861127,9.631541601578682,17.72149897415716,95.27023312466504,3.8493930051436255e-05,0.2786832018073846,-35.12038535481609,1.0126442204724837,3.885436505868257e-06,0,0.5532364087170356,0.005011899270174061,0.49999263882637024,0.9999957084747848
0.0054375000000000005,10,physics,0,10,5.755882462423286,0.941454191461585,3.7274702006032157,10.424806854488088,95.98710542219263,3.87835822457447e-05,0.18139715491134742,-36.410124049007095,1.013108568159001,3.91607488303691e-06,0,0.5528474189440984,0.0050334330428805025,0.49999263882637024,0.9999957084747848
0.0055,10,physics,0,10,4.269787426110089,0.3548160572431777,1.0561472437241133,5.68075072707738,96.7093759666799,3.90754156013042e-05,0.11799616203469929,-26.91403511163729,1.0096897144921655,3.931737371232204e-06,0,0.5521797054402504,0.005047229555537032,0.49999263882637024,0.9999985694895486
0.0055,11,refine,0,10,4.269787426110089,0.3548160572431777,1.0561472437241133,5.68075072707738,96.7093759666799,3.90754156013042e-05,0.11799616203469929,-26.91403511163729,1.0096897144921655,3.931737371232204e-06,0,0.5521797054402504,0.005047229555537032,0.49999263882637024,0.9999985694895486
0.0055625,11,physics,0,10,3.200070865277349,0.3628484220331003,1.544898398298277,5.107817685608726,97.43707586879698,3.936944268837847e-05,0.10926448848363886,-9.209269307957387,1.0033155646048029,3.936072182852962e-06,0,0.5507842926186481,0.005057666024816639,0.49999263882637024,0.9999978542350902
0.005625,11,physics,0,10,4.56949415078093,0.8323173433769929,3.8182494564220097,9.220060950579933,98.17025668972941,3.966568434026041e-05,0.16094977323690904,11.674332586927513,0.9957969411562856,3.935544160782453e-06,0,0.5484066508665745,0.005070493468376569,0.49999263882637024,0.9999960661011826
0.0056875,11,physics,0,10,7.875092337121167,2.007772851315613,7.422849781186402,17.305714969623182,98.90895201013537,3.996415412521222e-05,0.26467362269885764,29.84423070280414,0.9892553007690419,3.939026111510196e-06,0,0.5450608499872893,0.005091236547033724,0.49999263882637024,0.9999949932223728
0.00575,11,physics,0,10,10.07679823275235,4.323307223776244,13.346544082260314,27.74664953878891,99.6532034810605,4.02648688723356e-05,0.4010738616915584,40.25140201548748,0.9855084225175951,3.952667595896743e-06,0,0.5407760029399752,0.005124006576093928,0.49999263882637024,0.9999949932223728
0.0058125,11,physics,0,10,8.558490461037575,7.785566792861936,22.12644005974588,38.470497313645396,100.40304080773869,4.056784058402795e-05,0.5423440234399065,39.98620043651079,0.9856038918571288,3.981182114642934e-06,0,0.5358565517447463,0.005170485451495127,0.49999263882637024,0.9999949932223728
0.005875,11,physics,0,10,4.067813896719467,11.515074187435065,31.72564877811972,47.30853686227425,101.15853604693399,4.087309837481895e-05,0.6579550728666959,28.978551882466306,0.9895669340782828,4.024848477612861e-06,0,0.5305569843098089,0.005229275886031202,0.49999263882637024,0.9999917745928498
0.0059375,11,physics,0,10,0.5009007147801693,13.970867251002277,37.80926564081736,52.281033606599806,101.9197154312063,4.118065284397232e-05,0.7210778927204041,10.024810873708057,0.9963907931655583,4.0804945147243685e-06,0,0.5252295593760054,0.005296299666580274,0.49999263882637024,0.9999853373648827
0.006,11,physics,0,10,1.3818020169094982,13.865107022275264,36.727520177395775,51.97442921658054,102.68660737138714,4.149051547088225e-05,0.7150340793064791,-11.853792252067969,1.0042676948672815,4.140681218345325e-06,0,0.520174355205919,0.005365390086351498,0.49999263882637024,0.9999864102333329
0.006,12,refine,0,10,1.3818020169094982,13.865107022275264,36.727520177395775,51.97442921658054,102.68660737138714,4.149051547088225e-05,0.7150340793064791,-11.853792252067969,1.0042676948672815,4.140681218345325e-06,0,0.520174355205919,0.005365390086351498,0.49999263882637024,0.9999864102333329
0.0060625,12,physics,0,10,6.275235576599563,11.13097560031233,28.63797555799942,46.04418673491132,103.45929925141971,4.1802721563023996e-05,0.638612392675552,-30.65882782477001,1.0110380424881062,4.1967988249069836e-06,0,0.5155253753472703,0.005429744072041859,0.49999263882637024,0.9999889135975264
0.006125,12,physics,0,10,10.862659348202332,7.081443136912144,17.677050296985488,35.62115278209997,104.23779199859126,4.2117271495067954e-05,0.5080824472402801,-41.11030118853226,1.0148008781802853,4.241497013168778e-06,0,0.5114396870553353,0.005483578875851839,0.49999263882637024,0.9999864102333329
0.0061875,12,physics,0,10,10.991644047287954,3.485100980759146,8.738046651243245,23.214791679290343,105.02214390008658,4.243418881794635e-05,0.35409117162506965,-40.26410897536313,1.0144962715643544,4.2697596818186395e-06,0,0.5079897542275817,0.005523349873123489,0.49999263882637024,0.9999874831029342
0.00625,12,physics,0,10,6.721591447230711,1.3398756533334983,3.9013185639317314,11.962785664495941,105.81238999731511,4.2753487690137916e-05,0.21345766235607563,-28.473022790733392,1.0102511497012148,4.282639462616092e-06,0,0.5052357871467582,0.005548966042361058,0.49999263882637024,0.9999878407263904
0.0063125,12,physics,0,10,2.1339527804599547,0.4802963350065493,1.9449962358092763,4.559245351275781,106.60858612817326,4.307519067294028e-05,0.11857546868831977,-9.234594459040473,1.0033247274675032,4.284197412829367e-06,0,0.5031663336889424,0.005563474474903899,0.49999263882637024,0.9999864102333329
0.0063750000000000005,12,physics,0,10,1.2187933650324438,0.26109651914789095,0.9946866001535929,2.4745764843339275,107.41078685008779,4.3399319810277235e-05,0.08847161213277807,11.99609932768581,0.9956810505484551,4.283081047162793e-06,0,0.5016516631570442,0.005572446512030521,0.49999263882637024,0.9999896288455898
0.0064375000000000005,12,physics,0,10,4.230966656140278,0.45870779293294073,1.101553911454548,5.791228360527767,108.21900792385537,4.3725881470297536e-05,0.12686987179156484,29.47390501852422,0.9893885175933564,4.287399539393277e-06,0,0.5005768673797312,0.0055822355812570525,0.49999263882637024,0.9999924898429596
0.006500000000000001,12,physics,0,10,7.997614692206515,1.4759149066499444,4.0242041383605205,13.49773373721698,109.03331724033191,4.405490308429592e-05,0.22251921604864777,38.72903108122951,0.9860564168953464,4.304084662010155e-06,0,0.49967872724379475,0.005598800294420272,0.49999263882637024,0.9999942779704725
0.006500000000000001,13,refine,0,10,7.997614692206515,1.4759149066499444,4.0242041383605205,13.49773373721698,109.03331724033191,4.405490308429592e-05,0.22251921604864777,38.72903108122951,0.9860564168953464,4.304084662010155e-06,0,0.49967872724379475,0.005598800294420272,0.49999263882637024,0.9999942779704725
0.0065625,13,physics,0,10,9.348260780270719,3.7815197780960217,10.760785401193594,23.890565959560334,109.85373611787853,4.4386393265954556e-05,0.3519957666152013,37.64617167638537,0.9864462779293194,4.336734122034609e-06,0,0.49865336724693504,0.005626249453982297,0.49999263882637024,0.9999964237277084
0.006625,13,physics,0,10,7.9816279282894325,7.225896873513754,19.685026480618568,34.892551282421756,110.6803462423097,4.4720385020420194e-05,0.48702360244989706,26.87240096533595,0.9903251191252788,4.38384310363915e-06,0,0.4971582177560001,0.005666246569351776,0.49999263882637024,0.9999939203447141
0.0066875,13,physics,0,10,6.1152243498992025,10.878949080225558,27.35306854117247,44.34724197129723,111.51319255826833,4.505689650757229e-05,0.6008585211164224,9.588151677774057,0.9965479604767212,4.441220649908928e-06,0,0.49483668041255785,0.005717767837690256,0.49999263882637024,0.9999942779704725
0.00675,13,physics,0,10,5.679460527067837,13.52159240503949,31.220852004493512,50.42190493660084,112.35228961602274,4.5395933606445504e-05,0.6731193396933064,-9.30739328839951,1.0033509695584966,4.500886378266954e-06,0,0.49156234152255657,0.005777590209834687,0.49999263882637024,0.9999942779704725
0.0068125,13,physics,0,10,6.2809479898869744,14.363502187764022,31.456340501793104,52.1007906794441,113.19769374327325,4.5737519076242675e-05,0.69401513659197,-24.532708805900572,1.0088325774627511,4.554833937575608e-06,0,0.48723188422281744,0.005841109748563616,0.49999263882637024,0.9999960661011826
0.006875,13,physics,0,10,6.118303565693617,13.43668670384154,30.00876958687556,49.56375985641071,114.0494704098082,4.6081679370026525e-05,0.6655032328756073,-31.94472522531214,1.0115011334293622,4.5962688517420256e-06,0,0.4819870650385544,0.005903523442716994,0.49999263882637024,0.9999964237277084
0.0069375,13,physics,0,10,4.671134703450826,11.35837572937754,27.99792039637102,44.02743082919939,114.90765188593596,4.642842752661255e-05,0.6004430321537666,-29.816678920829464,1.0107349411144722,4.622193033654297e-06,0,0.4762192213021024,0.0059609639830203,0.49999263882637024,0.9999982118622555
0.007,13,physics,0,10,3.7202798463570677,8.855676162972667,24.627307282413668,37.203263291743404,115.77229399023139,4.677778609949144e-05,0.5179447907337688,-19.29532405141725,1.0069469178600596,4.635287117693562e-06,0,0.47038112257479575,0.006011122994465968,0.49999263882637024,1.000001788140942
0.007,14,refine,0,10,3.7202798463570677,8.855676162972667,24.627307282413668,37.203263291743404,115.77229399023139,4.677778609949144e-05,0.5179447907337688,-19.29532405141725,1.0069469178600596,4.635287117693562e-06,0,0.47038112257479575,0.006011122994465968,0.49999263882637024,1.000001788140942
0.0070625,14,physics,0,10,5.2897629006461475,6.481050775907121,18.893397952314153,30.66421162886742,116.6434430532527,4.712977380852151e-05,0.4375774209605542,-3.933289954203765,1.0014161044043277,4.640798952237894e-06,0,0.4650548575286658,0.00605353970977627,0.49999263882637024,1.0000057220622693
0.007125,14,physics,0,10,8.896519339778031,4.620039297709096,11.968137592359593,25.48469622984672,117.52113905908666,4.748440680926987e-05,0.37447104527414155,11.53822055120632,0.9958458929799924,4.646617535186694e-06,0,0.46069903300021364,0.006089422418407106,0.49999263882637024,1.0000069737677553
0.0071875,14,physics,0,10,11.415608298710664,3.5580605381896797,7.243587750698601,22.217256587598946,118.40545273776381,4.784171368019967e-05,0.33669921709185335,22.65613185484654,0.991843083697892,4.6598212968262925e-06,0,0.45764157468559963,0.006120925929548602,0.49999263882637024,1.0000100136304584
0.00725,14,physics,0,10,9.979891387162112,3.4142039939386426,7.600275594485381,20.994370975586136,119.29641780689548,4.820170804490902e-05,0.3247366141669306,26.416422061948207,0.9904892615764691,4.685339234811187e-06,0,0.45597722385391165,0.006150323058359712,0.49999263882637024,1.0000103712619721
0.0073125,14,physics,0,10,5.100212916310584,4.003906644255319,12.481929349761877,21.58604891032778,120.19408960930298,4.856441226466052e-05,0.33261672993817243,22.01581695396271,0.9920736312689798,4.725226848023569e-06,0,0.45550013517284565,0.006179666919151461,0.49999263882637024,1.0000100136304584
0.0073750000000000005,14,physics,0,10,0.7867272187535834,4.843387603491376,17.785637506101832,23.41575232834679,121.0985255251711,4.892984952391308e-05,0.3511071508618338,11.005582121842247,0.9960376461083916,4.776770168746219e-06,0,0.45579773107858496,0.006210200063438051,0.49999263882637024,1.000013411135003
0.0074375000000000005,14,physics,0,10,1.144095740808942,5.418623888857082,19.128100829749325,25.69082045941535,122.00972182083193,4.929801831407858e-05,0.371982725148534,-3.131745376659633,1.0011275267206394,4.834040929324597e-06,0,0.45631972478346045,0.006242563805341418,0.49999263882637024,1.0000162722004144
0.0075,14,physics,0,10,6.352566642044951,5.576012253289355,15.813698631142024,27.74227752647633,122.92778245954415,4.966896064150341e-05,0.39138223788804666,-15.911509476558644,1.0057286248395652,4.890945479729687e-06,0,0.4563203202344128,0.006278766854063568,0.49999263882637024,1.00001984854369
0.0075,15,refine,0,10,6.352566642044951,5.576012253289355,15.813698631142024,27.74227752647633,122.92778245954415,4.966896064150341e-05,0.39138223788804666,-15.911509476558644,1.0057286248395652,4.890945479729687e-06,0,0.4563203202344128,0.006278766854063568,0.49999263882637024,1.00001984854369
0.0075625,15,physics,0,10,12.06570850906432,5.674910426508686,11.69469742764009,29.435316363213097,123.85277749219952,5.0042704810244645e-05,0.41082304014236204,-23.17187259498486,1.0083425722524852,4.940569025002622e-06,0,0.45525227950398917,0.0063190882015069245,0.49999263882637024,1.0000209214491667
0.007625,15,physics,0,10,13.319868080538143,6.289425621191749,11.701998513538962,31.311292215268857,124.78471361296901,5.041925352508154e-05,0.4355253758709441,-22.446321150902293,1.0080813229722085,4.976513224619337e-06,0,0.4527852007963841,0.006361577046877364,0.49999263882637024,1.0000230672635733
0.0076875,15,physics,0,10,9.279988915572604,7.724857102073548,17.21961411358885,34.224460131235006,125.72368011352414,5.079864286430693e-05,0.47112062285571293,-13.800826836769584,1.004968685019108,4.99848753454657e-06,0,0.4488357697883662,0.006406973774629737,0.49999263882637024,1.0000237825360654
0.00775,15,physics,0,10,3.906136349514017,9.831530276568527,24.947330016739297,38.684996642821844,126.6697180346597,5.1180889410450516e-05,0.5201214306294573,0.13914637419717946,0.9999499035968412,5.010977766506388e-06,0,0.44369638289016694,0.006456565829423936,0.49999263882637024,1.0000259283566113
0.0078125,15,physics,0,10,1.9028486528191684,12.239964841757784,30.256448472221916,44.39926196679887,127.62288277759728,5.156601554837152e-05,0.5799169664655622,15.085043947706826,0.9945689918524633,5.0214592768327225e-06,0,0.4378355878822449,0.006511679714797556,0.49999263882637024,1.0000275377250425
0.007875,15,physics,0,10,4.329777313743815,14.628173677669569,31.36357186634184,50.32152285775523,128.58323422739997,5.195404547462484e-05,0.6422705060671656,26.435429946165687,0.990482591733253,5.038237691046282e-06,0,0.4318565051700903,0.0065729586146268245,0.49999263882637024,1.0000293259152258
0.0079375,15,physics,0,10,8.194801552430437,16.68926570076973,30.18885243980035,55.072919693000514,129.5507290971533,5.234496169913607e-05,0.6944147865122345,30.631605737077344,0.9889718568307545,5.068332706414938e-06,0,0.42633029704685743,0.0066400266649133104,0.49999263882637024,1.0000316505672444
0.008,15,physics,0,10,9.878179655461814,17.937144371340008,29.563653227040856,57.37897725384268,130.52546434098906,5.2738803396214574e-05,0.7218273794828767,26.08259257506914,0.9906096286255377,5.115006716405188e-06,0,0.421690113480092,0.0067111106082495126,0.49999263882637024,1.0000343328647499
0.008,16,refine,0,10,9.878179655461814,17.937144371340008,29.563653227040856,57.37897725384268,130.52546434098906,5.2738803396214574e-05,0.7218273794828767,26.08259257506914,0.9906096286255377,5.115006716405188e-06,0,0.421690113480092,0.0067111106082495126,0.49999263882637024,1.0000343328647499
0.0080625,16,physics,0,10,8.61884509803002,17.726586528925516,29.98076055470464,56.326192181660176,131.50762674723146,5.313564603766767e-05,0.7121490800258464,13.61149765383382,0.9950995348824827,5.1769951605606875e-06,0,0.4181730673429928,0.0067829376152280015,0.49999263882637024,1.0000388033765804
0.008125,16,physics,0,10,6.750863944737756,15.634628345772054,29.108784085422712,51.49427637593252,132.49719200650085,5.353547980129246e-05,0.6593711022529265,-3.7234073605570903,1.0013405134192894,5.248805087898486e-06,0,0.4157772193806578,0.006851336977608632,0.49999263882637024,1.0000384457348985
0.0081875,16,physics,0,10,6.776931834230381,11.927215776562363,24.408740292760147,43.11288790355289,133.49418738542988,5.393831570416973e-05,0.5670698703007188,-21.31948763311445,1.0076754904129162,5.3215975466258635e-06,0,0.41429596144419206,0.006912191469383228,0.49999263882637024,1.0000396974813446
0.00825,16,physics,0,10,8.45881172598545,7.645989990598149,16.174176217286263,32.27897793386987,134.49868584252337,5.4344183225177415e-05,0.44954420760529235,-34.19661176097427,1.012311519906091,5.38622110113352e-06,0,0.413408032382791,0.006962359823946455,0.49999263882637024,1.0000430950867392
0.0083125,16,physics,0,10,9.112771819966976,4.085675918202737,7.834171241086599,21.032618979256313,135.5107820274403,5.4753120607502734e-05,0.32995884891633065,-38.41873460575826,1.0138315556684465,5.434636094037156e-06,0,0.41269698473182587,0.007000465599726098,0.49999263882637024,1.0000438103735563
0.008375,16,physics,0,10,6.9263620748191626,2.019449265178349,3.07188137979643,12.017692719793942,136.53049558097428,5.5165135787006637e-05,0.23544174479845442,-32.35435950599208,1.0116482400862286,5.464281531253332e-06,0,0.41177151194386785,0.007027897202055575,0.49999263882637024,1.0000454197707653
0.0084375,16,physics,0,10,3.5683402620571645,1.3863240244836461,2.7412843778274123,7.695948664368223,137.55784321877604,5.5580235517646624e-05,0.189900143929684,-17.260481477282397,1.0062140911171948,5.475683135358617e-06,0,0.4103972964026386,0.0070484351551108,0.49999263882637024,1.0000486385729537
0.0085,16,physics,0,10,2.8493132029044834,1.7839400299186496,4.8556673203061465,9.48892055312928,138.59293290117037,5.59984634207832e-05,0.20626002269714583,3.08389333809861,0.998889741620251,5.4768656720938225e-06,0,0.4084390904502501,0.007067797033314601,0.49999263882637024,1.0000522150319806
0.0085,17,refine,0,14,2.8493132029044834,1.7839400299186496,4.8556673203061465,9.48892055312928,138.59293290117037,5.5998463420783195e-05,0.20626002269714583,3.08389333809861,0.998889741620251,2.738419880188305e-06,0,0.3089528340050434,0.0063236479330885794,0.24999631941318512,1.0000522150319806
0.0085625,17,physics,0,14,6.723634460953895,3.2896346869943445,7.292994366672273,17.30626351462051,139.63581060154414,5.641983807195951e-05,0.35261392340253445,23.65249113804902,0.991484670765978,2.7384352581094618e-06,0,0.3071901198732315,0.0063429260332630326,0.24999631941318512,1.0000520362087255
0.008625,17,physics,0,14,12.665122968003066,6.5971212099429,10.735570218148771,29.99781439609474,140.68652453812643,5.6844378953747254e-05,0.5132698495041067,39.098608069480235,0.9859238013806921,2.7431366618202434e-06,0,0.30507498583810355,0.0063716282762305895,0.24999631941318512,1.0000543609135362
0.0086875,17,physics,0,14,15.648019569786477,12.427700846711863,17.24249024483659,45.31821066133493,141.74514544930895,5.7272114647987945e-05,0.7100810941032261,45.60807498325444,0.9835802709252287,2.7567687848062422e-06,0,0.3027553448244884,0.006413215238536696,0.24999631941318512,1.0000559703277245
0.00875,17,physics,0,14,12.735358852649217,20.438374802496707,27.579844119625307,60.75357777477123,142.81174867637827,5.770307559632243e-05,0.9081396048140248,41.54509284979743,0.9850430123790682,2.7814844862916748e-06,0,0.3003789502096914,0.0064689278955843395,0.24999631941318512,1.0000593679884056
0.008812500000000001,17,physics,0,14,5.971226495223843,28.764682978370946,39.00335448856542,73.73926396216021,143.8863597432898,5.8137272111702714e-05,1.071665035889459,27.8217018097561,0.9899836787009827,2.816550161099942e-06,0,0.2979156809398572,0.0065373432216592154,0.24999631941318512,1.0000625868354884
0.008875000000000001,17,physics,0,14,0.8211668476555789,34.63939739754491,46.46929491987261,81.9298591650731,144.96906923880937,5.8574740796512415e-05,1.170716269098491,7.696714994549707,0.9972290458514178,2.858500232960638e-06,0,0.2953855482983703,0.006614965715344798,0.24999631941318512,1.000062229185301
0.008937500000000001,17,physics,0,14,1.4039243226526013,35.84166529556906,46.36797063526819,83.61356025348985,146.05992289837246,5.901550013015054e-05,1.187300488373351,-13.938143628157864,1.0050179685831797,2.902359472756192e-06,0,0.2927913945555055,0.006696318474852694,0.24999631941318512,1.0000672362995653
0.009000000000000001,17,physics,0,14,6.835693823594316,32.023092612884795,39.416896718687546,78.27568315516666,147.15899858379998,5.945958157267962e-05,1.1197440265251337,-31.745914142654538,1.0114290154738048,2.9425398864191257e-06,0,0.2900927380025618,0.0067752316750187185,0.24999631941318512,1.0000681304297505
0.009000000000000001,18,refine,0,14,6.835693823594316,32.023092612884795,39.416896718687546,78.27568315516666,147.15899858379998,5.945958157267962e-05,1.1197440265251337,-31.745914142654538,1.0114290154738048,2.9425398864191257e-06,0,0.2900927380025618,0.0067752316750187185,0.24999631941318512,1.0000681304297505
0.0090625,18,physics,0,14,12.202678368036532,24.901503734545834,29.89652453912383,67.00070664170619,148.2663406221808,5.9907003034456354e-05,0.9836467834509754,-41.34072537674854,1.0148832945211785,2.974716483805651e-06,0,0.2873254946430698,0.006846390015634313,0.24999631941318512,1.0000675939515435
0.009125,18,physics,0,14,13.280691802973154,17.131885753928238,21.910230457587335,52.32280801448873,149.38199399254043,6.0357782689252364e-05,0.8084810511758455,-40.54448758116728,1.014596652376028,2.9967545902565007e-06,0,0.28452150681193966,0.006906045087996186,0.24999631941318512,1.0000697398660987
0.0091875,18,physics,0,14,10.269394183306353,10.775300193391644,16.408151746615516,37.45284612331351,150.50604038272616,6.081195354303585e-05,0.6302196348124715,-30.009824391086294,1.0108039772453947,3.008160254225344e-06,0,0.28182986130553245,0.006952987146471326,0.24999631941318512,1.0000709916517156
0.00925,18,physics,0,14,6.8825036796512205,6.5572861575545085,11.833444496702574,25.273234333908306,151.6385691013831,6.12695516809577e-05,0.48237061492114175,-12.950601730807527,1.0046624017013481,3.0130688823959405e-06,0,0.2794407580422222,0.006988640960408241,0.24999631941318512,1.0000702763454568
0.0093125,18,physics,0,14,6.168249266153417,4.248709322074387,7.241521788094102,17.658480376321904,152.77961768667512,6.173059227030998e-05,0.38860228821014237,5.939234310155888,0.9978618052991239,3.0150266869810615e-06,0,0.2775089415132103,0.007016213774820047,0.24999631941318512,1.0000731375735614
0.009375,18,physics,0,14,7.653321602832581,3.487375761799372,4.1899800222650265,15.33067738689698,153.929254897198,6.219510309299779e-05,0.35926800133584724,21.86469437000102,0.9921284538582995,3.0205075649547514e-06,0,0.2761339482358597,0.007040378054728238,0.24999631941318512,1.0000713493050368
0.0094375,18,physics,0,14,8.529224934537128,4.2096671718973795,5.327332583034693,18.066224689469202,155.08753350404083,6.266310547117549e-05,0.39169826625199095,31.122845733063325,0.9887953868558929,3.0328303495252835e-06,0,0.2753337402598236,0.007065541130948444,0.24999631941318512,1.0000731375735614
0.0095,18,physics,0,14,7.204261393990473,6.46999125186178,11.265009770127463,24.939262415979716,156.2545275116621,6.313462930633847e-05,0.4723417098823238,31.94270155742493,0.9885002326329242,3.0548126694895923e-06,0,0.2750073980936092,0.007095483180770926,0.24999631941318512,1.0000738528818665
0.0095,19,refine,0,14,7.204261393990473,6.46999125186178,11.265009770127463,24.939262415979716,156.2545275116621,6.313462930633847e-05,0.4723417098823238,31.94270155742493,0.9885002326329242,3.0548126694895923e-06,0,0.2750073980936092,0.007095483180770926,0.24999631941318512,1.0000738528818665
0.0095625,19,physics,0,14,5.334402144320905,10.037258609232897,19.118452135121675,34.490112888675476,157.43031446436225,6.36097059302553e-05,0.5810900944513167,24.804591126179748,0.9910700693563881,3.0853824597443244e-06,0,0.27490631613813954,0.007132677711502646,0.24999631941318512,1.0000767141202036
0.009625,19,physics,0,14,6.124249581507796,14.27300883719676,24.529282491714255,44.92654091041881,158.6149396515153,6.40883536420938e-05,0.6969020472506308,12.242898302550532,0.9955924179011356,3.1222069978298363e-06,0,0.27477358965096527,0.007177857777951955,0.24999631941318512,1.0000802906796364
0.0096875,19,physics,0,14,10.50206540046794,18.442889087805735,25.558201477143534,54.50315596541721,159.80847641624212,6.457060207613604e-05,0.8025684734845349,-1.837834618224934,1.0006616450708659,3.1617035922693006e-06,0,0.2742318982211123,0.007230561699780114,0.24999631941318512,1.0000849402260217
0.00975,19,physics,0,14,15.256340235225682,22.141816487019863,24.649776790609515,62.04793351285506,161.0109909355856,6.5056477971211e-05,0.8877490833327176,-13.246574689594468,1.0047689340246888,3.1986181827647876e-06,0,0.2730114236720398,0.007289299573019491,0.24999631941318512,1.000087086177798
0.0098125,19,physics,0,14,15.64253910535649,25.377470334770805,26.305129320423323,67.32513876055062,162.22256857690917,6.554601581999494e-05,0.9497167234656361,-18.72090304224003,1.0067397733547043,3.228820714795686e-06,0,0.2709726211419491,0.007352432548150364,0.24999631941318512,1.0000901262840298
0.009875,19,physics,0,14,10.27163526268488,28.24414961170489,32.39591013575514,70.91169501014491,163.4432941282054,6.603924988106953e-05,0.9916922540922385,-16.925214593686484,1.0060933082378538,3.2508711207412906e-06,0,0.2681251475351679,0.007418246131944827,0.24999631941318512,1.0000922722469343
0.0099375,19,physics,0,14,3.1022345075507696,30.605979752048093,39.888779897426645,73.5969941570255,164.67317438761134,6.653618290122143e-05,1.0194311694801352,-8.838440265658896,1.0031819557029502,3.2657403359337397e-06,0,0.26464564228048837,0.0074858567076721266,0.24999631941318512,1.0000947758761425
0.01,19,physics,0,14,0.0856061163240356,32.154998251934344,43.51736920075063,75.75797356900901,165.91230541061734,6.70368536916638e-05,1.0375432059574077,2.633240684587801,0.9990520025022909,3.276568863341821e-06,0,0.26087002554456507,0.007554598975080174,0.24999631941318512,1.0000951335379695
0.01,20,refine,0,18,0.0856061163240356,32.154998251934344,43.51736920075063,75.75797356900901,165.91230541061728,6.703685369166379e-05,1.0375432059574077,2.633240684587801,0.9990520025022909,1.6456818388022024e-06,0,0.31859610553889156,0.006742559965982321,0.12499859184026718,1.0000951335379695
0.0100625,20,physics,0,18,3.693630177388299,32.734157516143696,39.88804712015301,76.315834813685,167.1607564186664,6.754129022131525e-05,1.032234980413267,13.987804795293874,0.9949642281923922,1.6514027652014822e-06,0,0.3144202021166426,0.00679981960593156,0.12499859184026718,1.0000958488620075
0.010125,20,physics,0,18,10.710508338379409,32.472421028599435,33.39849384857006,76.58142321554891,168.41860794418318,6.804952502929535e-05,1.0328800038673107,21.151234653141422,0.9923853104385455,1.6593826170918657e-06,0,0.31069611808809994,0.006858255612596587,0.12499859184026718,1.0000965641865571
0.0101875,20,physics,0,18,15.332679408064735,31.434726097867113,28.243905015055,75.01131052098685,169.68591515107826,6.856158040457784e-05,1.0176849475858247,21.667073030300624,0.992199594276656,1.6715868618177867e-06,0,0.3077078087150728,0.006917585059805812,0.12499859184026718,1.0000976371743409
0.01025,20,physics,0,18,14.316917809231056,29.50261517509052,27.37772617089779,71.19725915521937,170.9627607260156,6.907748975670266e-05,0.9797662032910396,14.953660066973228,0.9946164937005914,1.6880847715228236e-06,0,0.3055909644020473,0.006976752704802747,0.12499859184026718,1.000097100680305
0.0103125,20,physics,0,18,9.545884047327927,26.405021143801054,29.036894012811274,64.98779920394026,172.2492154938406,6.959728170244284e-05,0.9147736580998146,2.4815389150557237,0.9991066143606793,1.7083549810337196e-06,0,0.30431531199574324,0.00703400597649891,0.12499859184026718,1.0001001408169796
0.010375,20,physics,0,18,5.852001170186305,22.054132299053215,28.59076957032987,56.49690303956939,173.54535538957433,7.012098692333764e-05,0.8238016720808321,-12.493467330778497,1.0044977415321403,1.7305277344448217e-06,0,0.3036410658214213,0.007087359793660635,0.12499859184026718,1.0001031809628955
0.0104375,20,physics,0,18,6.24671748886184,16.910847810078792,23.10955967705541,46.26712497599604,174.85125958153202,7.064863740733844e-05,0.7152789609996814,-25.793379392004088,1.0092857826223693,1.751626673929254e-06,0,0.3033064320655065,0.007134905251458301,0.12499859184026718,1.0001044327903708
0.0105,20,physics,0,18,9.142558393578977,12.000989197605046,14.398561525035024,35.54210911621905,176.16695605703777,7.118024446272131e-05,0.604991097087321,-33.381156706939095,1.012017431300994,1.7697261931459717e-06,0,0.3029505306422831,0.007175418025137822,0.12499859184026718,1.0001083671154933
0.0105,21,refine,0,18,9.142558393578977,12.000989197605046,14.398561525035024,35.54210911621905,176.16695605703777,7.118024446272131e-05,0.604991097087321,-33.381156706939095,1.012017431300994,1.7697261931459717e-06,0,0.3029505306422831,0.007175418025137822,0.12499859184026718,1.0001083671154933
0.0105625,21,physics,0,18,10.39613047232905,8.44899613471307,7.502165429137065,26.347292036179184,177.4925596548276,7.17158544900683e-05,0.5137065054134603,-32.55108228865807,1.0117185404945055,1.782675095096665e-06,0,0.3023131413006053,0.007209064364770643,0.12499859184026718,1.0001130167924106
0.010625,21,physics,0,18,8.111726950157822,6.890626148872546,6.078983496637789,21.08133659566816,178.8281492132419,7.22554993440045e-05,0.4625792653377263,-22.815091270902712,1.0082135209785723,1.7899201276705397e-06,0,0.3012244870257303,0.007237431899732243,0.12499859184026718,1.0001183818311
0.0106875,21,physics,0,18,4.982389991080961,7.36198760682574,9.343305976435506,21.687683574342206,180.17379144518532,7.279920597987372e-05,0.4674833161883167,-6.176543602420698,1.0022235692154058,1.7927288200603197e-06,0,0.2995828019877857,0.007263379437693885,0.12499859184026718,1.0001221373753066
0.010750000000000001,21,physics,0,18,5.452922038777133,9.807940626013755,13.629375881431379,28.890238546222268,181.52956231669054,7.334700509174544e-05,0.5345594856878901,13.449934875761796,0.9951579870804483,1.7936115512817707e-06,0,0.29746420572128834,0.0072909904703925815,0.12499859184026718,1.000122673882773
0.010812500000000001,21,physics,0,18,10.7205991935517,14.614615037119263,16.633667437256676,41.96888166792764,182.8955282540465,7.389892351915621e-05,0.6585494173298918,31.31273489736973,0.9887273267460094,1.795570336859951e-06,0,0.2951580585555035,0.007324310068762072,0.12499859184026718,1.0001244622430734
0.010875000000000001,21,physics,0,18,16.94083245096343,22.458161724734776,19.698783986874826,59.097778162573036,184.27178106983956,7.445499835897428e-05,0.8234945001769818,43.08764568847702,0.9844883643414735,1.8010741151819332e-06,0,0.29271825145287717,0.007366812234181636,0.12499859184026718,1.0001273236262052
0.010937500000000001,21,physics,0,18,18.55479018014426,33.44813360271919,25.885561010647695,77.88848479351114,185.65838636892562,7.501525611883642e-05,1.00545623732573,46.03042851342975,0.9834289686939305,1.812661414746229e-06,0,0.2904135411080162,0.007420475633800104,0.12499859184026718,1.000128754320841
0.011,21,physics,0,18,13.508014585888516,46.271261157870285,36.00535493225639,95.78463067601518,187.055422495911,7.557972845387448e-05,1.1767865724743636,39.30448677096193,0.9858503341593958,1.8307880544909962e-06,0,0.28824596817996073,0.007485537934833287,0.12499859184026718,1.000129290831857
0.011,22,refine,0,22,13.508014585888516,46.27126115787028,36.005354932256395,95.78463067601518,187.05542249591102,7.557972845387447e-05,1.1767865724743636,39.30448677096193,0.9858503341593958,1.822033842913127e-06,0,0.3074873492816977,0.0059854834580900206,0.12499815970659256,1.000129290831857
0.0110625,22,physics,0,22,5.621962945596563,58.01120048407374,45.704911400985154,109.33807483065546,188.46298021029355,7.614845203545634e-05,1.2959376372975475,24.627372825529132,0.9911341521241603,1.8456573371850023e-06,0,0.30525498652787725,0.006047006297978688,0.12499815970659256,1.0001319733912546
0.011125,22,physics,0,22,0.8456472222750131,65.8669152281886,51.70964486428377,118.4222073147474,189.88111030505306,7.672144738648142e-05,1.3740769223200515,4.973533902192708,0.9982095338782665,1.8726400092816675e-06,0,0.3030697142220647,0.006113752113727131,0.12499815970659256,1.0001332252547692
0.0111875,22,physics,0,22,2.6852715559701243,67.51124005376536,50.2796358257863,120.47614743552178,191.30991156493252,7.729875442091722e-05,1.3866859633556705,-15.132336010831231,1.0054475971289405,1.9002608553364544e-06,0,0.3008658071114149,0.006182586638048614,0.12499815970659256,1.0001346559578472
0.01125,22,physics,0,22,8.839053380616992,62.900938769603144,43.420300895460144,115.16029304568028,192.74948648754045,7.788041455291415e-05,1.3351814927447672,-31.016885711671325,1.0111660089736532,1.925102921518373e-06,0,0.2984187755573115,0.0062503786150104905,0.12499815970659256,1.0001382327244968
0.0113125,22,physics,0,22,13.556582079126109,54.026322049995116,36.12180804452818,103.70471217364941,194.19988699765253,7.84664487626737e-05,1.2324792764256876,-39.05912276669866,1.0140612439664123,1.945067753084117e-06,0,0.29560275011719095,0.0063141472180393765,0.12499815970659256,1.0001394845958462
0.011375,22,physics,0,22,13.260268376816303,43.686322076787846,31.71145798594598,88.65804843955013,195.6611997100155,7.905689204687739e-05,1.0998270494230207,-37.7145491699443,1.0135771454451203,1.9586621107237083e-06,0,0.29248545498997675,0.006371978537102481,0.12499815970659256,1.0001459228161087
0.0114375,22,physics,0,22,9.72660615820046,34.124527039977565,29.186676598923043,73.03780979710106,197.13350564916712,7.965177714348307e-05,0.9615464566535276,-27.910659059156956,1.0100476737635353,1.966359315375143e-06,0,0.28918033170681845,0.006422984478368564,0.12499815970659256,1.0001500361451965
0.0115,22,physics,0,22,7.666404216003042,26.476476918970288,25.24577141187706,59.388652546850395,198.6168857680137,8.025113676150621e-05,0.8394920437194557,-12.605482768509265,1.0045378756119188,1.9702377631602985e-06,0,0.28603086320911664,0.006467550945656065,0.12499815970659256,1.0001539706497187
0.0115,23,refine,0,22,7.666404216003042,26.476476918970288,25.24577141187706,59.388652546850395,198.6168857680137,8.025113676150621e-05,0.8394920437194557,-12.605482768509265,1.0045378756119188,1.9702377631602985e-06,0,0.28603086320911664,0.006467550945656065,0.12499815970659256,1.0001539706497187
0.0115625,23,physics,0,22,9.49576996421599,21.086983628268445,18.685462841468915,49.268216433953356,200.11141916653364,8.085500286128656e-05,0.7489469273409125,3.8299666106080346,0.9986212435777724,1.973029750246269e-06,0,0.2832037372490135,0.006506726267691425,0.12499815970659256,1.0001555802242117
0.011625,23,physics,0,22,12.859192047452868,18.035766775817702,12.394286806438265,43.28924562970884,201.61722173205098,8.146342226708827e-05,0.6969459581848845,17.23878649472682,0.9937941933294144,1.97823648306894e-06,0,0.2809694520024787,0.006542415820756104,0.12499815970659256,1.0001575474854432
0.0116875,23,physics,0,22,13.250224483084525,17.30966766713603,10.853117091849413,41.41300924206997,203.1343443680225,8.207641554644889e-05,0.6825981080941828,24.57349686191874,0.9911537689160732,1.9880832660135175e-06,0,0.27946760115427527,0.006576592820898767,0.12499815970659256,1.0001589782233145
0.01175,23,physics,0,22,8.905171530138752,18.625456362124407,15.632141436573692,43.16276932883685,204.66290444028598,8.269403012102574e-05,0.6988313382472693,24.540877584772684,0.9911655336696655,2.0030099019407994e-06,0,0.27865000617699465,0.006610803760680462,0.12499815970659256,1.000162376233962
0.0118125,23,physics,0,22,3.1051674216081717,21.282428035077423,23.29561878484377,47.68321424152937,206.2029477501673,8.331628449684095e-05,0.7352515481957518,17.842962321217286,0.9935767104471434,2.0228224251184193e-06,0,0.2784340446252266,0.006646420509062225,0.12499815970659256,1.000165774256154
0.011875,23,physics,0,22,1.5004573528332537,24.36814070984854,27.952471341565104,53.8210694042469,207.75456709385384,8.394321616818648e-05,0.7815983933961195,6.926772472879155,0.997506438602909,2.04587220054009e-06,0,0.2784636933595464,0.006684094452701596,0.12499815970659256,1.0001673838496428
0.0119375,23,physics,0,22,6.694052896724408,27.279690252608134,26.45755812189162,60.43130127122416,209.31785666532815,8.457486319413345e-05,0.8308233920127569,-4.611986825397016,1.0016602594432304,2.0695350144706047e-06,0,0.2783786255100644,0.006724149274033517,0.12499815970659256,1.000168993445722
0.012,23,physics,0,22,15.216407958893278,30.149584179456,21.514123959080905,66.88011609743018,210.8929250703535,8.521126945683177e-05,0.8807889782762871,-13.034828655971152,1.0046923814087114,2.0912480547252694e-06,0,0.2778109395244593,0.0067666716989263805,0.12499815970659256,1.0001702453555745
0.012,24,refine,0,22,15.216407958893278,30.149584179456,21.514123959080905,66.88011609743018,210.8929250703535,8.521126945683177e-05,0.8807889782762871,-13.034828655971152,1.0046923814087114,2.0912480547252694e-06,0,0.2778109395244593,0.0067666716989263805,0.12499815970659256,1.0001702453555745
0.0120625,24,physics,0,22,20.265096346567574,33.738140887952085,19.406086969982187,73.40932420450184,212.47987756041204,8.585247748313452e-05,0.9339900224764769,-15.508161698226814,1.0055826946297317,2.108565855252209e-06,0,0.2765098054410453,0.0068117471986486175,0.12499815970659256,1.0001750741653985
0.012125,24,physics,0,22,17.9797866853624,38.83255628351624,24.157434450900578,80.96977741977922,214.07874459884223,8.649849958175103e-05,0.995390518208842,-10.995017790313732,1.003958022385351,2.121197184123957e-06,0,0.2743366701159664,0.006859588546708152,0.12499815970659256,1.0001788299224907
0.0121875,24,physics,0,22,11.045622530769332,45.70931531737795,33.76217793830781,90.5171157864551,215.68964882995706,8.714938530710617e-05,1.0692284506881418,-0.6943541056454783,1.0002499548289123,2.129105041603905e-06,0,0.27142650902426513,0.006910852731706636,0.12499815970659256,1.0001815126147626
0.01225,24,physics,0,22,5.883737395427724,54.11056530728093,42.25440747052267,102.24871017323133,217.31273972562832,8.78051950532977e-05,1.156143107193607,12.52021108750375,0.9954929045407638,2.1346816438949658e-06,0,0.26803263251029835,0.006966195432726284,0.12499815970659256,1.0001804395369904
0.0123125,24,physics,0,22,6.381875388899734,63.53775577364062,45.39969340668512,115.31932456922547,218.94804237320807,8.846593895686824e-05,1.2515824754768814,24.770991185400582,0.9910827812185335,2.1410579442715537e-06,0,0.26444276739748923,0.007026132296778314,0.12499815970659256,1.0001793664603693
0.012375,24,physics,0,22,10.529111215845122,73.34390603975704,44.26465325581417,128.13767051141633,220.59556603685326,8.913162076099966e-05,1.3458748731486423,32.373991114132984,0.9883458258402734,2.1511528132123178e-06,0,0.2609949819782032,0.007090839457100346,0.12499815970659256,1.0001816914611699
0.0124375,24,physics,0,22,12.977901837724431,82.47969923451134,43.43495650347165,138.89255757570743,222.25552236559372,8.980232598246549e-05,1.4257517952100802,32.795894103527765,0.9881939615709054,2.167062556068798e-06,0,0.2579903676012989,0.007159938265179006,0.12499815970659256,1.000184016467375
0.0125,24,physics,0,22,10.63406542780698,89.2764344559679,46.005886690722356,145.91638657449724,223.92794402183867,9.047806781850949e-05,1.4769752923169277,25.25626297738995,0.9909081387685097,2.189251341988554e-06,0,0.25553640799729854,0.007232291261618244,0.12499815970659256,1.0001858049373644
0.0125,25,refine,0,24,10.634065427806984,89.27643445596792,46.00588669072235,145.91638657449727,223.92794402183864,9.047806781850949e-05,1.4769752923169277,25.25626297738995,0.9909081387685097,2.189251341988554e-06,0,0.25553640799729854,0.006290125654082508,0.12499815970659256,1.0001858049373644
0.0125625,25,physics,0,24,5.80546758709832,91.47613453075576,49.717160405171654,146.99876252302573,225.61296408796818,9.115890004105671e-05,1.4783073160866083,11.142237158278142,0.9959889710649552,2.217206100496584e-06,0,0.2536797047358513,0.006353160278238383,0.12499815970659256,1.000187951105573
0.012625,25,physics,0,24,3.9313678648657,88.25357325110178,50.72571273242252,142.91065384839,227.310654366531,9.184485166192113e-05,1.4424686668453874,-6.8336894421571985,1.0024600164657926,2.2478194434683023e-06,0,0.252231393936371,0.0064155792591208,0.12499815970659256,1.0001895607347517
0.0126875,25,physics,0,24,8.17211386121992,79.30461254319647,44.948106206463606,132.42483261088,229.0211199189443,9.253596513116003e-05,1.3608539670251047,-24.572875541170063,1.00884584132789,2.2788263347450766e-06,0,0.2510367177660068,0.006475365536978054,0.12499815970659256,1.0001936742433104
0.012750000000000001,25,physics,0,24,15.68436711188783,66.45985983775333,34.13670199212482,116.28092894176598,230.74447785093167,9.323228776533155e-05,1.2426298538405283,-37.823250035051906,1.0136157101987018,2.307001873091966e-06,0,0.2497802585885805,0.006530733459141483,0.12499815970659256,1.000196714673553
0.012812500000000001,25,physics,0,24,19.812505234691045,52.72597701294995,24.09996973560384,96.63845198324482,232.48079517133925,9.393384663935469e-05,1.1045208932850643,-42.914116932893336,1.0154481704940581,2.328695110520584e-06,0,0.2483201350269909,0.006580343550955474,0.12499815970659256,1.0001988608651715
0.012875000000000001,25,physics,0,24,16.434976792992973,40.88681063532569,19.46448852998029,76.78627595829894,234.23016782513758,9.464068051978704e-05,0.9676786637487769,-38.32324759742571,1.0137955131185143,2.3430197089169273e-06,0,0.24654530054520127,0.006623786360354104,0.12499815970659256,1.000202259011319
0.012937500000000001,25,physics,0,24,8.177230216522284,32.39409682580798,19.637565917922334,60.2088929602526,235.99270924381122,9.535283523861093e-05,0.8531667510303148,-25.520309804319627,1.009186731632637,2.3503716413131315e-06,0,0.2445025834986756,0.006661700408358473,0.12499815970659256,1.0002056571690117
0.013000000000000001,25,physics,0,24,2.0500506990404577,27.352689021712898,20.113749063103228,49.51648878385659,237.76850646464158,9.607034596323287e-05,0.7774531260252522,-7.582788476192266,1.0027296266670909,2.353299066726319e-06,0,0.2423124798363514,0.0066956259838323595,0.12499815970659256,1.000206551422955
0.013000000000000001,26,refine,0,24,2.0500506990404577,27.352689021712898,20.113749063103228,49.51648878385659,237.76850646464158,9.607034596323287e-05,0.7774531260252522,-7.582788476192266,1.0027296266670909,2.353299066726319e-06,0,0.2423124798363514,0.0066956259838323595,0.12499815970659256,1.000206551422955
0.0130625,26,physics,0,24,2.841519420952479,25.382720295958382,17.63888710717167,45.86312682408253,239.55764593743072,9.679324762368845e-05,0.7494512944283352,11.221773702589868,0.9959604287386122,2.355387639596526e-06,0,0.24020488137509508,0.0067275372106028785,0.12499815970659256,1.0002086976356808
0.013125,26,physics,0,24,8.898149391243994,26.40301481428324,13.771784638987885,49.07294884451511,241.36026953605204,9.75215975441049e-05,0.7696183443713118,26.6666480412548,0.9904006572792674,2.3594591542774883e-06,0,0.23838606624101058,0.0067595974231849905,0.12499815970659256,1.0002095918923424
0.0131875,26,physics,0,24,14.161705716904665,30.661038529136373,13.297173115073011,58.11991736111405,243.17645946216246,9.825542893805497e-05,0.8308559888219055,35.539226739528004,0.9872067568462237,2.3693377162459215e-06,0,0.2369872968662848,0.0067937540556625665,0.12499815970659256,1.0002115592598122
0.01325,26,physics,0,24,14.14730767904381,38.15549063018458,19.22348089852769,71.52627920775609,245.0062714628763,9.899476433015576e-05,0.9206473097685594,36.37153346552406,0.9869072008452812,2.3859798474745705e-06,0,0.23606548762067234,0.00683154523618993,0.12499815970659256,1.0002128112229443
0.0133125,26,physics,0,24,10.115232222024407,48.10235733936342,29.298525334566968,87.51611489595479,246.8498963601229,9.97396808219925e-05,1.024053237240977,29.55617576108689,0.9893605681865686,2.4091605350662365e-06,0,0.23548734593594037,0.00687362435754736,0.12499815970659256,1.00021513630149
0.013375,26,physics,0,24,7.6179446421296255,58.9893364794649,37.48898339256482,104.09626451415934,248.70738979753133,0.00010049020089636907,1.1269339530103102,17.849512858215206,0.9935746602421351,2.437755965090107e-06,0,0.2350912591090218,0.006920293052562262,0.12499815970659256,1.0002178190911433
0.0134375,26,physics,0,24,10.764340895936567,69.25874823446574,39.317216098005645,119.34030522840796,250.5788474647526,0.00010124636321668135,1.2187147852785911,4.3671598441795165,0.9984279419306377,2.46788012248089e-06,0,0.23457736369676072,0.006971049038212428,0.12499815970659256,1.0002174613854404
0.0135,26,physics,0,24,17.658119340399796,78.10975099096237,36.171320648130035,131.9391909794922,252.4644101154066,0.00010200822465441815,1.2941506305637265,-7.276815810921417,1.0026194457170088,2.4970016632153155e-06,0,0.2337117568889365,0.007025239702109251,0.12499815970659256,1.0002194287683892
0.0135,27,refine,0,24,17.658119340399796,78.10975099096237,36.171320648130035,131.9391909794922,252.4644101154066,0.00010200822465441815,1.2941506305637265,-7.276815810921417,1.0026194457170088,2.4970016632153155e-06,0,0.2337117568889365,0.007025239702109251,0.12499815970659256,1.0002194287683892
0.0135625,27,physics,0,24,21.761490821104793,85.75072500415388,34.19515276478829,141.70736859004694,254.36414541702217,0.0001027758125506391,1.3535780921113667,-13.845335144439865,1.004983900883396,2.521943669009374e-06,0,0.2322918244443861,0.007082051298494125,0.12499815970659256,1.0002242578156701
0.013625,27,physics,0,24,18.307330339083713,92.89455405367029,38.37837043740889,149.58025483016291,256.27819205819605,0.00010354918294246045,1.4014673979459877,-13.641963459837324,1.0049106730465789,2.5407760251283658e-06,0,0.23020170688302433,0.007140762906315942,0.12499815970659256,1.0002283714669284
0.0136875,27,physics,0,24,9.379089915263958,100.022727761205,47.54219816138369,156.94401583785265,258.2066382871435,0.0001043283714865666,1.4437772154046686,-7.014323819326874,1.002524930818459,2.5536140615400903e-06,0,0.22752152636353534,0.007201133525349659,0.12499815970659256,1.0002339159801759
0.01375,27,physics,0,24,2.240957517796295,107.10607335367801,55.36678908250917,164.7138199539835,260.14958747101434,0.0001051134199484461,1.485115901572875,3.7825502081290026,0.9986384068318519,2.5632594145008654e-06,0,0.22449399191900335,0.007263135655975633,0.12499815970659256,1.0002357045393926
0.0138125,27,physics,0,24,2.501706199282223,113.84978890854802,56.46499668133298,172.81649178916322,262.1071640429643,0.0001059043786053056,1.526662087643302,15.301794195563597,0.9944918741570041,2.5716521587781956e-06,0,0.2213771820782188,0.007326929753323366,0.12499815970659256,1.0002357045393926
0.013875,27,physics,0,24,8.989241343454681,119.94046429966744,51.39555667603764,180.32526231915978,264.0794601035821,0.00010670128467038059,1.5654786375073397,23.908590465768768,0.9913937138662184,2.5832314101137425e-06,0,0.21840937785203104,0.007392560656845808,0.12499815970659256,1.0002374931018077
0.0139375,27,physics,0,24,15.195288285930506,124.92387820579427,45.84495003051019,185.96411652223497,266.0666057687597,0.00010750419071698663,1.595097139025951,26.747682647556655,0.9903717295563411,2.600064973989902e-06,0,0.21588964386410792,0.007459908440229712,0.12499815970659256,1.0002391028107154
0.014,27,physics,0,24,15.561970991868929,127.90211670751341,45.05479237168426,188.51888007106658,268.0687067404223,0.00010831313945397824,1.6072099773641826,22.45907416306408,0.9919154763869389,2.6235757601966763e-06,0,0.21393021001190077,0.007528425725085209,0.12499815970659256,1.000241785664652
0.014,28,refine,0,26,15.561970991868927,127.90211670751341,45.05479237168426,188.51888007106658,268.06870674042233,0.00010831313945397824,1.6072099773641826,22.45907416306408,0.9919154763869389,2.6235757601966763e-06,0,0.21393021001190077,0.006887968404296095,0.12499815970659256,1.000241785664652
0.0140625,28,physics,0,26,10.580924407710045,127.33496459681889,48.61878954454074,186.53467854906967,270.08586744398485,0.00010912817307443597,1.5898287807187512,11.55408594906802,0.9958409135703569,2.6541192408302537e-06,0,0.21248898220108686,0.006951260642457389,0.12499815970659256,1.0002475091104341
0.014125,28,physics,0,26,6.123040202411648,122.40512923140082,51.606621215378695,180.1347906491912,272.11818554116525,0.00010994933103856908,1.5468729159385206,-3.816777372878674,1.0013739076753543,2.6886787232172082e-06,0,0.21148010435774825,0.007013541998743649,0.12499815970659256,1.000250013128262
0.0141875,28,physics,0,26,7.604701548607819,112.57666773340135,48.24633948192831,168.4277087639375,274.16579838931034,0.0001107766688456025,1.473852734908741,-19.858515408748154,1.0071486820516744,2.7239078139729153e-06,0,0.21065998861065743,0.007073707818002757,0.12499815970659256,1.0002518017162627
0.01425,28,physics,0,26,14.373746718909127,99.0717188099802,38.38448304756662,151.82994857645593,276.22885138187615,0.00011161024524175043,1.3768114257123318,-32.480597814503824,1.0116923461526661,2.7572039513756867e-06,0,0.20986736758422597,0.007130655565298718,0.12499815970659256,1.0002577040793565
0.0143125,28,physics,0,26,19.93446602201097,84.42916677839595,27.710708980821344,132.07434178122827,278.3074074971758,0.00011245008567339531,1.267469630024627,-38.540436641314244,1.0138737310544048,2.7851398840539336e-06,0,0.20884825527610476,0.00718354882194497,0.12499815970659256,1.000258419519674
0.014375,28,physics,0,26,18.24143620384727,71.39967910115729,22.52063438573368,112.16174969073825,280.4016216723391,0.000113296252742872,1.1612283037886926,-35.659948055469364,1.0128361420780616,2.80359538429309e-06,0,0.207515793071707,0.007232147686689775,0.12499815970659256,1.000263069894211
0.0144375,28,physics,0,26,9.944984936008836,61.7709701153218,23.844422920315473,95.56037797164612,282.5115891934791,0.00011414878495052688,1.0738105037439045,-24.78222757050317,1.0089205746069922,2.8146010908614033e-06,0,0.2058464093841637,0.007276780999882264,0.12499815970659256,1.0002696877721742
0.0145,28,physics,0,26,2.080089964256022,56.04401399230457,26.923723416709212,85.04782737326981,284.6374166776423,0.00011500772537496892,1.0177402402673654,-8.490387911715251,1.0030561926074768,2.8200108683762424e-06,0,0.2039282105343127,0.0073183417317921285,0.12499815970659256,1.0002700454965547
0.0145,29,refine,0,36,2.080089964256022,56.04401399230457,26.923723416709212,85.04782737326981,284.63741667764225,0.00011500772537496892,1.0177402402673654,-8.490387911715251,1.0030561926074768,1.4105275596421048e-06,0,0.15639621997708922,0.0064382118458005426,0.06249907985329628,1.0002700454965547
0.0145625,29,physics,0,36,1.3935613574004957,53.804295128076056,26.176174074186328,81.37403055966288,286.7780626233085,0.00011587265319759174,1.0941629698346094,9.783723898026661,0.9964782580424979,1.411301209230942e-06,0,0.15490976734044254,0.006472396212366195,0.06249907985329628,1.000272370708146
0.014625,29,physics,0,36,8.074000886617434,55.59837181976617,21.98854086631653,85.66091357270014,288.9346305579663,0.00011674401429858943,1.1210992532117947,25.516410486389905,0.9908151516203655,1.4134001062870991e-06,0,0.15357237800269102,0.006506330359566661,0.06249907985329628,1.0002746959251427
0.014687500000000001,29,physics,0,36,15.767139427625464,61.359252203082335,19.028012407033888,96.15440403774168,291.10717479934846,0.00011762183062503737,1.1829788558468382,35.60023382936095,0.987185435124779,1.4184627978863792e-06,0,0.15247367702592426,0.006541395837562345,0.06249907985329628,1.0002755902408114
0.014750000000000001,29,physics,0,36,17.823348682170984,71.02712913094355,22.46249490114568,111.31297271426021,293.29580313922764,0.00011850614573019258,1.2699347011597528,38.14568111708114,0.9862692171063111,1.42762691268672e-06,0,0.15170655646337444,0.0065786964613812,0.06249907985329628,1.0002770211475445
0.014812500000000001,29,physics,0,36,13.484512228450127,83.72295357754187,32.17595598055917,129.38342178655117,295.5006109288599,0.0001193969981407226,1.3689871750449583,33.06240069019332,0.9880989765413335,1.4399382006757835e-06,0,0.15118890713168684,0.006619066133096117,0.06249907985329628,1.0002764845572798
0.014875000000000001,29,physics,0,36,8.433596033761377,97.70646485932046,42.284039869148316,148.42410076223015,297.72161485296186,0.00012029439459808565,1.4675462011671723,22.610475825866384,0.9918619009056043,1.4556001737275905e-06,0,0.1509107360092974,0.006662636649716262,0.06249907985329628,1.0002757691040411
0.014937500000000001,29,physics,0,36,9.185405128333684,111.06249815523013,46.21959871885942,166.46750200242323,299.9589090502656,0.00012119837313902891,1.5560803154750984,9.356285693345813,0.9966324351348788,1.4732352511259707e-06,0,0.15067039728590453,0.00670934500788047,0.06249907985329628,1.0002739804731835
0.015,29,physics,0,36,16.43948758490372,122.66718209205422,42.90179020602474,182.0084598829827,302.21259444852353,0.0001221089745434026,1.6299017153986572,-2.7734087154821188,1.0009983480507267,1.4903424627732399e-06,0,0.1502373459239058,0.006758687021353425,0.06249907985329628,1.0002768422840909
0.015,30,refine,0,40,16.439487584903723,122.66718209205425,42.901790206024735,182.00845988298272,302.21259444852353,0.0001221089745434026,1.6299017153986572,-2.7734087154821188,1.0009983480507267,7.511842814444948e-07,0,0.18725091205874597,0.006756451026138109,0.031249647960066795,1.0002768422840909
0.0150625,30,physics,0,40,23.930384719356134,132.47659944427934,37.914699952598454,194.32168411623394,304.48666715078167,0.00012302781343632372,1.6864380242706432,-10.605423419488565,1.003817630208753,7.590171628990555e-07,0,0.1864025568218036,0.00680920746835948,0.031249647960066795,1.0002793463753514
0.015125,30,physics,0,40,24.248423523376864,142.03632549724813,38.751280072677666,205.03602909330266,306.77788190361537,0.00012395357857340476,1.7373424045879295,-12.132459643664841,1.0043673145110377,7.652228051213682e-07,0,0.1850460881641976,0.006863219392913559,0.031249647960066795,1.00028381798248
0.0151875,30,physics,0,40,16.37037678956107,152.13841447732437,47.00390268530738,215.51269395219282,309.0863257055887,0.00012488630510640856,1.7865385857546474,-6.987803125489557,1.002515375226549,7.695508248417577e-07,0,0.18321448642045327,0.006918543831069011,0.031249647960066795,1.0002893628030811
0.01525,30,physics,0,40,6.8881383090016985,163.1780216401732,57.14446037248477,227.2106203216597,311.41214272665417,0.0001258260512871928,1.839338739211521,3.225497448513527,0.9988389319979468,7.726259152462943e-07,0,0.18109608723129308,0.0069753098489411525,0.031249647960066795,1.0002909725954643
0.0153125,30,physics,0,40,3.7022767253951017,175.0090628401748,61.80535152639973,240.51669109196965,313.75546897001954,0.0001267728720678427,1.8978295468004613,15.434137899982241,0.9944442686985615,7.748882229208212e-07,0,0.1787827624713407,0.007033703582942797,0.031249647960066795,1.0002909725954643
0.015375,30,physics,0,40,8.539401659765623,187.3067755416031,58.79383866503072,254.64001586639944,316.116418463005,0.00012772681352108783,1.9596893516833762,26.030946326048827,0.9906297959868169,7.778833115423816e-07,0,0.1765501078966995,0.007094058458070767,0.031249647960066795,1.0002931189893385
0.0154375,30,physics,0,40,15.625678954083288,199.5747264239839,52.89623598523718,268.09664136330434,318.4951163479652,0.00012868792621068654,2.01856216728771,31.820651631392085,0.9885457124544116,7.819972882572307e-07,0,0.17455459450873897,0.007156494876005201,0.031249647960066795,1.0002984849941738
0.0155,30,physics,0,40,17.45844213317141,210.77768618372048,51.02806825736833,279.2641965742602,320.891728036053,0.00012965627697100193,2.065538235904383,30.79132203234883,0.9889162458973207,7.883437200817408e-07,0,0.17287769638617975,0.0072206842616336815,0.031249647960066795,1.0002966963226971
0.0155,31,refine,0,44,17.45844213317141,210.77768618372045,51.02806825736834,279.2641965742602,320.89172803605305,0.00012965627697100193,2.065538235904383,30.79132203234883,0.9889162458973207,7.883437200817408e-07,0,0.17287769638617975,0.007082323019480209,0.031249647960066795,1.0002966963226971
0.0155625,31,physics,0,44,11.983284148145525,218.87305428305325,55.325795523309466,286.18213395450823,323.3063710796479,0.00013063191329906341,2.0861771044928803,22.585096155008983,0.991870210039234,7.966012649518467e-07,0,0.17164615620027274,0.0071406971433656576,0.031249647960066795,1.0002963385887855
0.015625,31,physics,0,44,4.539275832761705,222.08523164466828,61.82700570464347,288.4515131820735,325.73916441584856,0.00013161488325139632,2.0854219092762305,8.71084560179713,0.9968644230404043,8.066606924650451e-07,0,0.17074067207933205,0.00720098617529536,0.031249647960066795,1.000300631404168
0.0156875,31,physics,0,44,2.8737387982033846,218.5498083724692,62.986025327715424,284.409572498388,328.19025896568735,0.00013260524780763161,2.052385328271261,-7.932027646296628,1.0028552200300995,8.174974990282626e-07,0,0.16998587186427225,0.007262032429215427,0.031249647960066795,1.0003058185806681
0.01575,31,physics,0,44,9.544471441907362,208.17218462653506,55.80947729053467,273.5261333589771,330.6598387097999,0.0001336030813051303,1.9895554138801426,-23.565976557159956,1.0084828247162703,8.285134627250563e-07,0,0.1692301520268871,0.0073219785708583,0.031249647960066795,1.0003065340553998
0.0158125,31,physics,0,44,19.010484430823972,192.87950565592422,44.67964416672779,256.56963425347595,333.14799532814874,0.00013460842078717397,1.9047307854622413,-33.91015201871352,1.0122048063761886,8.37752299975847e-07,0,0.16829263330012642,0.007379146284176893,0.031249647960066795,1.000310290306137
0.015875,31,physics,0,44,22.64607620863798,175.85749305211192,37.41205208048436,235.91562134123424,335.6548965946714,0.00013562133404280855,1.8099477985422021,-36.61380587087158,1.0131778805258524,8.451819653032544e-07,0,0.16721420703369333,0.00743222763310027,0.031249647960066795,1.0003135099608524
0.0159375,31,physics,0,44,17.145619091905825,160.11906089921266,37.78831664302905,215.05299663414752,338.1806302400641,0.0001366418565196149,1.7189693313166985,-31.055942522192577,1.0111785161041011,8.500812658240868e-07,0,0.16576805233570482,0.007480879840502985,0.031249647960066795,1.0003194126880792
0.016,31,physics,0,44,7.849173313859766,147.47627987611196,42.07134324161556,197.3967964315873,340.7253975644936,0.00013767006955290914,1.6441074367100776,-18.64148071477774,1.0067099371243031,8.53093626851376e-07,0,0.1640458660949466,0.007525634150115547,0.031249647960066795,1.0003228112437978
0.016,32,refine,0,48,7.849173313859765,147.47627987611193,42.07134324161555,197.39679643158726,340.7253975644936,0.00013767006955290914,1.6441074367100776,-18.64148071477774,1.0067099371243031,8.53093626851376e-07,0,0.1640458660949466,0.006790115917016358,0.031249647960066795,1.0003228112437978
0.0160625,32,physics,0,48,3.457659735890978,138.31281170132783,42.95966951936988,184.73014095658868,343.2892910058093,0.00013870601049219698,1.5907601749004554,-2.9183430874753458,1.001050445530968,8.550632841775033e-07,0,0.16221853614925366,0.0068345770872624825,0.031249647960066795,1.0003247788339653
0.016125,32,physics,0,48,7.610752423323696,133.37393751214051,37.62456081954626,178.60925075501046,345.8724791493237,0.0001397497474543604,1.5667678937140257,12.454041891535436,0.9955172391411686,8.56889577960374e-07,0,0.16046770304587696,0.006877566338276341,0.031249647960066795,1.0003279985353144
0.0161875,32,physics,0,48,15.571312030831194,132.46221181232468,30.032787028587613,178.0663108717435,348.4751026917123,0.00014080133728787983,1.568479405603765,23.904900382780706,0.9913955637704962,8.594845102294357e-07,0,0.15898428892307817,0.006919884335932651,0.031249647960066795,1.00032728304523
0.01625,32,physics,0,48,19.031496639202096,135.49474995600434,27.507549816795326,182.03379641200175,351.09730872532526,0.0001418608394254075,1.5892641435006698,29.01072657568745,0.9895577649055376,8.643688644838223e-07,0,0.15787991624237305,0.006962232275875674,0.031249647960066795,1.000326030938814
0.0163125,32,physics,0,48,14.142276506198534,141.68256193523004,33.43754788684821,189.26238632827676,353.73927002987784,0.00014292832367857362,1.6206848982532118,26.985579691831642,0.9902867285610014,8.712177419489813e-07,0,0.1572209635362939,0.007005218735513695,0.031249647960066795,1.0003285351532134
0.016375,32,physics,0,48,5.303260452252191,149.42017317621327,43.64178109478017,198.36521472324563,356.4010735733388,0.00014400382518677885,1.6545271114809348,18.809134059346373,0.9932297686851423,8.802500093274547e-07,0,0.15690553860683987,0.007049173278653786,0.031249647960066795,1.0003299661356848
0.0164375,32,physics,0,48,1.234114246503884,156.85239444871422,49.75999299221284,207.84650168743093,359.08293327594066,0.00014508743038447607,1.6847858750396791,7.199836509179471,0.9974086844726919,8.9051325957712e-07,0,0.1566707819643516,0.007094143533246818,0.031249647960066795,1.0003313971202032
0.0165,32,physics,0,48,6.734341161156164,162.8691417071185,46.840222184876986,216.44370505315163,361.7849597521853,0.0001461791839654458,1.7092182505253501,-4.593188313058283,1.001653145129136,9.010664934194777e-07,0,0.156470434755978,0.007139982745877224,0.031249647960066795,1.0003322914865669
0.0165,33,refine,0,48,6.734341161156164,162.8691417071185,46.840222184876986,216.44370505315163,361.7849597521853,0.0001461791839654458,1.7092182505253501,-4.593188313058283,1.001653145129136,9.010664934194777e-07,0,0.156470434755978,0.007139982745877224,0.031249647960066795,1.0003322914865669
0.0165625,33,physics,0,48,17.778583182891143,167.8185523886691,38.190667661196926,223.78780323275717,364.50732915496735,0.0001472791571042511,1.7298837921020844,-13.134384610232633,1.004727205051368,9.105466780567894e-07,0,0.1561106048394914,0.007187235794016926,0.031249647960066795,1.0003360478340257
0.016625,33,physics,0,48,25.016923824016693,173.31135108449925,32.57407210243475,230.90234701095068,367.25018632111323,0.00014838740832219993,1.7524978634244472,-15.753273435532202,1.0056697700466246,9.181298672444881e-07,0,0.15538290482227365,0.007235265614415845,0.031249647960066795,1.0003383731990452
0.0166875,33,physics,0,48,22.761890324927435,181.2088847900215,35.996907736572915,239.96768285152186,370.0136727977748,0.00014950399481140783,1.7844295015886413,-11.428528469276511,1.0041132418844687,9.234924682743903e-07,0,0.15422379794697474,0.007283809184257033,0.031249647960066795,1.000340161945046
0.01675,33,physics,0,48,14.561514935278417,192.67182706194552,46.05194530110079,253.2852872983247,372.7979389623521,0.00015062897733185106,1.8320815248634081,-0.8345552461809705,1.0003003941739679,9.268512091153977e-07,0,0.1527476531325353,0.007333433516376795,0.031249647960066795,1.0003378365758686
0.0168125,33,physics,0,48,9.568931256588133,208.02669796576174,54.51685771294915,272.11248693529905,375.6031870533979,0.0001517624375980008,1.8987887873223877,13.4619853395246,0.9951544192227361,9.293405272003943e-07,0,0.15111357370822762,0.0073845990095187195,0.031249647960066795,1.0003419506942455
0.016875,33,physics,0,48,13.407539328490653,227.2345363585007,55.49725669772074,296.1393323847121,378.4295161201419,0.0001529044156306902,1.9833120186014934,27.843582930850616,0.9899778496771391,9.319824529896444e-07,0,0.14940079899506514,0.007438190954608924,0.031249647960066795,1.0003457070779758
0.0169375,33,physics,0,48,22.707671808464315,250.16112898846544,50.951256625162515,323.82005742209225,381.2771906077694,0.00015405501827897534,2.080056166812402,38.795530405791624,0.9860357841071397,9.351377032729154e-07,0,0.1477408626872704,0.007494557208447207,0.031249647960066795,1.0003421295693415
0.017,33,physics,0,48,28.42523208863999,276.2190062071258,48.422218861710896,353.0664571574767,384.1462340107302,0.0001552142550357867,2.180199034117866,43.63941236896679,0.9842922637878933,9.405157710418159e-07,0,0.1463771586753664,0.007554007023792072,0.031249647960066795,1.0003462437053743
0.017,34,refine,0,56,28.425232088639987,276.2190062071258,48.42221886171089,353.06645715747663,384.14623401073015,0.00015521425503578671,2.180199034117866,43.63941236896679,0.9842922637878933,9.310218693769907e-07,0,0.15248364393985,0.0074767222357735,0.03124953992664814,1.0003462437053743
0.0170625,34,physics,0,56,24.55077552739152,303.00923815096826,53.11198051442871,380.6719941927885,387.0368662160162,0.00015638221474644575,2.264560847535315,41.16586852971231,0.9851827012563823,9.392700093258096e-07,0,0.15137549115960902,0.007537212749186219,0.03124953992664814,1.000349105723029
0.017125,34,physics,0,56,13.618799933838392,329.2517442802751,63.894896524402725,406.7654407385162,389.9492468000882,0.00015755896188780858,2.3413933888195486,31.803695646374848,0.9885524976600848,9.491814907391927e-07,0,0.1505371099585711,0.007600083369857476,0.03124953992664814,1.0003537565191818
0.0171875,34,physics,0,56,4.789263268002047,350.8847905763136,72.46437799492949,428.1384318392452,392.88354308201747,0.00015874456406513254,2.3959906519895204,17.62775745145941,0.9936550183008955,9.610655702374526e-07,0,0.14993231826168457,0.007664546783319304,0.03124953992664814,1.000357512947244
0.01725,34,physics,0,56,5.34663791594663,365.4417328433765,72.16150880343389,442.949879562757,395.8399354870595,0.00015993909417922768,2.425021350946108,1.8819125899698737,0.9993226214577875,9.732690031682967e-07,0,0.14932389569765536,0.007729521033708742,0.03124953992664814,1.0003589439711684
0.0173125,34,physics,0,56,13.70713070538459,372.4655085118659,64.15498653658055,450.32762575383106,398.8185582403405,0.00016114260646374548,2.430102907141349,-11.777831852686738,1.0042393333745037,9.852119706721405e-07,0,0.14859384431141429,0.007793971005466317,0.03124953992664814,1.0003607327539528
0.017375,34,physics,0,56,20.762539001319062,373.6377874969595,56.65845552005849,451.05878201833707,401.81958548883983,0.00016235517128275899,2.4173298610130947,-20.233661603430757,1.0072829134626773,9.959312272656e-07,0,0.14760299605842012,0.00785721621210329,0.03124953992664814,1.0003643103291173
0.0174375,34,physics,0,56,18.77449030251083,371.70051287124477,57.120985046129746,447.5959882198854,404.8432092673937,0.00016357686622792827,2.3955310781446464,-21.59080172716465,1.0077712016084546,1.0037255613326577e-06,0,0.14626096328996394,0.007918817677384556,0.03124953992664814,1.0003659202421156
0.0175,34,physics,0,56,9.178422427805891,369.0350427823698,64.90307439168315,443.1165396018589,407.8896525827722,0.00016480778140512094,2.3737656913895293,-16.064981556779756,1.0057822559058578,1.0093151292522855e-06,0,0.1446088945353021,0.00797910564288143,0.03124953992664814,1.0003691400758847
0.0175,35,refine,0,60,9.178422427805891,369.0350427823698,64.90307439168313,443.1165396018589,407.88965258277227,0.00016480778140512094,2.3737656913895293,-16.064981556779756,1.0057822559058578,1.0093151292522855e-06,0,0.1446088945353021,0.006584042258209469,0.03124953992664814,1.0003691400758847
0.0175625,35,physics,0,60,1.2310274445753178,366.78311010680676,71.71417662629915,439.7283141776812,410.9589653695868,0.0001660479369904128,2.3538377349309014,-5.697152531491361,1.0020505700671445,1.0133358046005016e-06,0,0.14279005968210828,0.006638898804491037,0.03124953992664814,1.0003709288769012
0.017625000000000002,35,physics,0,60,2.909735587423922,365.96196488172393,70.50742733509453,439.3791278042424,414.0513405579377,0.00016729741093719539,2.3504452082695346,6.3607642180823385,0.9977105805668811,1.016543004439541e-06,0,0.1409660436999596,0.0066932489356716285,0.03124953992664814,1.0003741487267914
0.017687500000000002,35,physics,0,60,13.04810935680319,366.7050622309921,61.45770801100707,441.21087959880236,417.16700801861253,0.00016855629612474188,2.3549989831898768,17.278945390519855,0.9937807018666884,1.0207704761455701e-06,0,0.1392589425129116,0.0067472416460632985,0.03124953992664814,1.0003728965617138
0.017750000000000002,35,physics,0,60,22.527005834979104,368.99737990095065,52.50129748120717,444.02568321713693,420.3061134054744,0.00016982465140448393,2.362956924958869,23.127211427191693,0.9916757475958703,1.0262582055275988e-06,0,0.13781380281214342,0.0068010584293756535,0.03124953992664814,1.0003723599200174
0.017812500000000002,35,physics,0,60,22.84439233433106,372.0950855760602,51.52521048393661,446.46468839432794,423.46879951574795,0.00017110253447362895,2.367848985750057,22.313362592912423,0.9919686688001256,1.03420153685363e-06,0,0.13676321564926108,0.006854757453880686,0.03124953992664814,1.0003773685870452
0.017875000000000002,35,physics,0,60,13.996283277073168,374.28934997413677,58.91265509378965,447.1982883449996,426.65530734225865,0.00017239004270530858,2.363236389881344,15.048654512157205,0.994583497569605,1.0447903289190204e-06,0,0.13601608263753892,0.006908428744921429,0.03124953992664814,1.0003787996393736
0.017937500000000002,35,physics,0,60,4.518902341223848,373.37697712542484,66.99253416802765,444.88841363467634,429.86582184412987,0.00017368725083224176,2.344581866245069,3.2013401201400162,0.9988477302116051,1.0571095891975797e-06,0,0.13552791273916967,0.006961894117897063,0.03124953992664814,1.0003804095756899
0.018000000000000002,35,physics,0,60,3.5670544214650945,367.7735575691878,67.01155493296964,438.3521669236226,433.100408297806,0.0001749941852293707,2.310755550898387,-10.136161801415506,1.0036483403688559,1.06966200164038e-06,0,0.13507259385549153,0.007015030380181227,0.03124953992664814,1.000382019514597
0.018000000000000002,36,refine,0,62,3.5670544214650945,367.7735575691878,67.01155493296964,438.3521669236226,433.10040829780604,0.0001749941852293707,2.310755550898387,-10.136161801415506,1.0036483403688559,1.06966200164038e-06,0,0.13507259385549153,0.007015030380181227,0.03124953992664814,1.000382019514597
0.0180625,36,physics,0,62,12.111381837766459,357.2546489265643,57.37820770459054,426.74423846892125,436.3593535588172,0.00017631096180064938,2.264055338570805,-21.415536818044366,1.007708133473634,1.08200486792498e-06,0,0.13463801690398733,0.0070673944766597475,0.03124953992664814,1.0003839872212243
0.018125,36,physics,0,62,21.719766970160507,344.72425889742397,45.5875077483718,412.0315336159563,439.6428655411433,0.00017763766455370457,2.212235617546956,-27.40144562252002,1.009862659670666,1.0930596516800517e-06,0,0.13402021249800397,0.0071189519977389705,0.03124953992664814,1.0003875648795535
0.0181875,36,physics,0,62,22.62361079326212,332.86059360784077,41.117816161664805,396.6020205627677,442.9510924265047,0.00017897435336134855,2.165043979399995,-26.282782539719243,1.009459956029267,1.101372562928304e-06,0,0.13313499750396757,0.007169524813761452,0.03124953992664814,1.0003888170629913
0.01825,36,physics,0,62,13.482348958246988,324.2843802597106,46.425088006710645,384.1918172246682,446.2840928461012,0.0001803210519135127,2.131547199379028,-18.115214764565,1.0065193436446025,1.1066573328832867e-06,0,0.1319753814078631,0.0072190824974440815,0.03124953992664814,1.0003915003184936
0.0183125,36,physics,0,62,2.8961221404975106,320.34210649101016,54.7517311240788,377.9899597555865,449.6420305947413,0.00018167782639147642,2.118378535932248,-4.746858673064675,1.0017083069667037,1.1095104106573225e-06,0,0.13059032241932028,0.00726774429203435,0.03124953992664814,1.0003963301965337
0.018375,36,physics,0,62,1.0186451461564605,321.41740525931516,57.074526188678234,379.5105765941499,453.02508243089915,0.00018304474821448697,2.1280648672146443,10.362624904615886,0.9962706975851472,1.1113224118730607e-06,0,0.12919738275476986,0.007315840587521049,0.03124953992664814,1.0003990134721876
0.0184375,36,physics,0,62,9.739902289331424,327.64259545430684,51.07496535345049,388.45746309708875,456.43332673284687,0.00018442184905127876,2.158635502949519,23.64540704949495,0.9914893809000892,1.1133296240473105e-06,0,0.1278295231141943,0.00736378668944027,0.03124953992664814,1.0004009812122414
0.0185,36,physics,0,62,21.026132414235672,339.0791792793977,43.2879805601537,403.3932922537871,459.8669028977148,0.00018580918522525112,2.2044069546465774,32.12735687558126,0.9884365482447416,1.117197189870466e-06,0,0.12667703485029178,0.007411912304040328,0.03124953992664814,1.0004020545266292
0.0185,37,refine,0,62,21.026132414235672,339.0791792793977,43.2879805601537,403.3932922537871,459.8669028977148,0.00018580918522525112,2.2044069546465774,32.12735687558126,0.9884365482447416,1.117197189870466e-06,0,0.12667703485029178,0.007411912304040328,0.03124953992664814,1.0004020545266292
0.0185625,37,physics,0,62,24.644404179638922,355.232615092921,42.64417596207226,422.52119523463216,463.3272872268482,0.0001872073532358451,2.2575801466540977,33.8706532703395,0.9878090959533854,1.124106395522516e-06,0,0.12578986926838157,0.00746066442343548,0.03124953992664814,1.000404558931346
0.018625,37,physics,0,62,17.748046311495642,374.51271273334584,51.74112301591921,444.0018820607607,466.8137302548999,0.00018861605026164655,2.310047647158452,29.367189219939235,0.9894310837512593,1.1339754504291486e-06,0,0.12523880518131256,0.007510402475017666,0.03124953992664814,1.0004022334124725
0.0186875,37,physics,0,62,7.59479485685392,394.363927698106,63.975826452698435,465.93454900765835,470.3264141494942,0.00019003534990746947,2.355136743424738,20.48088500580426,0.9926286188659054,1.1458539983522085e-06,0,0.12488481087108882,0.007561186018276198,0.03124953992664814,1.0004056322495722
0.01875,37,physics,0,62,4.865637903736461,412.24280880481575,69.29848639308979,486.406933101642,473.8655461025473,0.0001914653358891911,2.3891920407719223,8.9581468130075,0.9967757682932112,1.158278646329336e-06,0,0.12462917243506376,0.00761310321525143,0.03124953992664814,1.0004076000026447
0.0188125,37,physics,0,62,13.493125923025321,426.9362165183389,63.576636838442624,504.00597927980687,477.43126777534656,0.000192906065445043,2.4124836773030984,-2.198847417323575,1.0007914101381676,1.1712283853881902e-06,0,0.12433879163914249,0.007666092025566597,0.03124953992664814,1.0004108199705666
0.018875,37,physics,0,62,26.51384886129766,439.2835486852771,52.85120374801455,518.6486012945893,481.0238535715243,0.00019435764944779105,2.4292190234419984,-9.8623357142884,1.003549649899361,1.1836122322250714e-06,0,0.12390494880783713,0.0077200332583002695,0.03124953992664814,1.0004129666216057
0.0189375,37,physics,0,62,32.466894250724344,451.6494162861588,47.950244536738055,532.0665550736212,484.6434932815446,0.00019582016458225685,2.446372806142778,-11.664094006836722,1.0041981151127546,1.1932645698209394e-06,0,0.12317131677679018,0.007774748727918468,0.03124953992664814,1.0004147555009901
0.019,37,physics,0,62,26.574172264999362,466.5199339189901,54.204808699496674,547.2989148834861,488.29024773224427,0.00019729363542551897,2.471595548050276,-6.821579261170945,1.0024551946638809,1.1997558182486048e-06,0,0.12212785914232194,0.007830208644417936,0.03124953992664814,1.0004154710536397
0.019,38,refine,0,64,26.57417226499937,466.51993391899,54.20480869949668,547.2989148834861,488.2902477322443,0.000197293635425519,2.471595548050276,-6.821579261170945,1.0024551946638809,1.1997558182486048e-06,0,0.12212785914232194,0.006845687267497633,0.03124953992664814,1.0004154710536397
0.0190625,38,physics,0,64,15.538279128282674,485.1444546641029,66.34985497705918,567.0325887694448,491.9644417590069,0.00019877819322728813,2.510379382464079,3.6483852432207695,0.9986868931662555,1.204338582638797e-06,0,0.12085215120488067,0.006890919377633432,0.03124953992664814,1.000415649941882
0.019125,38,physics,0,64,10.908672872209877,508.50844189605607,73.91494554561721,593.3320603138832,495.6664015769576,0.00020027396979475947,2.5658223654315364,17.142283348489176,0.9938302465789218,1.208195936186486e-06,0,0.11949107935154725,0.006936806494874755,0.03124953992664814,1.000417796603285
0.0191875,38,physics,0,64,17.770160399542643,536.4037258376648,71.38014886584736,625.5540351030547,499.396184185072,0.00020178098815836444,2.6359320196910163,30.306389776369148,0.9890923174926173,1.212129582484069e-06,0,0.11813503439538939,0.006984364998312304,0.03124953992664814,1.0004186910468957
0.01925,38,physics,0,64,29.91468710329944,568.6934285765382,63.36044617734351,661.9685618571812,503.15406725680407,0.00020329936051204,2.715136557293052,39.903015161233725,0.9856384383351455,1.2167210918789816e-06,0,0.11687142025188833,0.007034362831146438,0.03124953992664814,1.0004228054978053
0.0193125,38,physics,0,64,35.85008024722578,604.6089075063072,59.87069028155594,700.329678035089,506.9402142431414,0.0002048291528981445,2.7955044185114715,43.59721091157106,0.9843089158229354,1.2243305143044815e-06,0,0.11588285041568866,0.0070868280420714825,0.03124953992664814,1.000422984387359
0.019375,38,physics,0,64,29.62630382627149,642.1347549057139,66.61140951134966,738.372468243335,510.75485054077734,0.00020637045638819378,2.868519344220364,40.4670850670337,0.9854355245507453,1.2352238876189846e-06,0,0.11513004337563655,0.00714189954908672,0.03124953992664814,1.0004249521745625
0.0194375,38,physics,0,64,16.454545082327947,678.0203535183513,79.36562464960821,773.8405232502874,514.5982119586283,0.00020792336626076165,2.92694826794895,31.2076137907093,0.9887681414775288,1.2482817481895827e-06,0,0.1145893438928681,0.007198646322714419,0.03124953992664814,1.0004262044047982
0.0195,38,physics,0,64,8.04172663577348,708.7642750940995,87.66850079867925,804.4745025285522,518.4705223755496,0.00020948797297408152,2.966452548227043,17.984788179983596,0.993527138549329,1.26327182847774e-06,0,0.11419578486940547,0.0072563473924821265,0.03124953992664814,1.0004272777462475
0.0195,39,refine,0,68,8.04172663577348,708.7642750940995,87.66850079867926,804.4745025285522,518.4705223755496,0.00020948797297408152,2.966452548227043,17.984788179983596,0.993527138549329,1.26327182847774e-06,0,0.11419578486940547,0.007204637455585062,0.03124953992664814,1.0004272777462475
0.0195625,39,physics,0,68,11.652400628445267,731.9108296154305,84.41102936365985,827.9742596075357,522.3719103276421,0.00021106432846315477,2.9820832991496484,3.906344085929808,0.998594078189388,1.2785810312720965e-06,0,0.11380856144170565,0.007262739941280158,0.03124953992664814,1.0004308555593961
0.019625,39,physics,0,68,23.000558016313153,748.1895706763172,73.52907436332019,844.7192030559505,526.3026914057475,0.00021265256024243556,2.9884522434546335,-7.609667034448084,1.0027387576882778,1.2931807251703737e-06,0,0.11327890307647204,0.007320461987903415,0.03124953992664814,1.0004324655794874
0.0196875,39,physics,0,68,30.09520021652202,759.8273573535605,65.7390097303033,855.6615673003859,530.2630394067978,0.00021425273853456045,2.9865200561015075,-13.821557605189968,1.004974446772273,1.3062253270135228e-06,0,0.11251771466647026,0.007377544014117552,0.03124953992664814,1.000435148952064
0.01975,39,physics,0,68,24.92592133471655,770.0388510552922,69.05137981830308,864.0161522083118,534.2531531458774,0.00021586494367074825,2.9848976233646747,-13.411835334258932,1.0048269580854006,1.315770754573009e-06,0,0.11151958208046878,0.007434036307990551,0.03124953992664814,1.000438726793362
0.0198125,39,physics,0,68,11.551033770443729,781.2753735297905,80.6593071600148,873.485714460249,538.2733065044998,0.0002174892863128025,2.9911612309279514,-6.838566242947198,1.0024612104043082,1.322444981965986e-06,0,0.11025606248908361,0.007490302167982804,0.03124953992664814,1.0004399790408394
0.019875,39,physics,0,68,2.2218609800329885,794.7221200902466,89.70456276585857,886.6485438361381,542.3237924340131,0.00021912588482769186,3.009794597824137,4.021600275867979,0.9985526121724244,1.3279416766209793e-06,0,0.1089095681071407,0.0075468289366796846,0.03124953992664814,1.0004428413266733
0.0199375,39,physics,0,68,5.408138361203847,810.7763004720314,87.91732177264895,904.1017606058842,546.4047609107615,0.0002207747998133465,3.0411137560340498,15.944070695052236,0.994261660555995,1.3333497594913996e-06,0,0.10758398450295165,0.007604156003425409,0.03124953992664814,1.0004453458334954
0.02,39,physics,0,68,17.69060180282871,829.5253877339702,77.53292437679436,924.7489139135932,550.5163357076934,0.00022243608128021578,3.08138256523006,25.41092502571528,0.9908544843510149,1.3388661361801726e-06,0,0.1063119512893687,0.007662755417180655,0.03124953992664814,1.0004491026054847
0.02,40,refine,0,80,17.69060180282871,829.5253877339701,77.53292437679436,924.7489139135931,550.5163357076934,0.00022243608128021575,3.08138256523006,25.41092502571528,0.9908544843510149,6.694276226681947e-07,0,0.0817741788827923,0.007042838801203902,0.01562476996332407,1.0004491026054847
0.0200625,40,physics,0,80,27.18828011073839,849.7086804420398,68.59743537196303,945.4943959247412,554.6588729579639,0.00022410987312387282,3.2571495875744785,29.974145461254373,0.989212699207824,6.732989827895598e-07,0,0.08098226424777602,0.0070985656107137845,0.01562476996332407,1.0004494603940288
0.020125,40,physics,0,80,24.66240254201534,871.5061911210336,70.63069495678002,966.799288619829,558.8325671119399,0.00022579625391197256,3.3008195357711583,27.839871228969443,0.9899808412275959,6.788628468257227e-07,0,0.0803587768811221,0.007154949935584558,0.01562476996332407,1.0004501759715012
0.0201875,40,physics,0,80,12.22985138647978,891.3467222322414,81.80756999695541,985.3841436156766,563.0377267423609,0.00022749534832330567,3.329310833887461,19.65980744070677,0.992924364877996,6.86256004911456e-07,0,0.07989100479176554,0.007211751763947602,0.01562476996332407,1.0004508915494854
0.02025,40,physics,0,80,1.4875280492614602,905.9131824053652,91.78635794486527,999.1870683994919,567.274461454806,0.00022920720064399788,3.337930309290648,7.226773698358787,0.997399055468169,6.944831518751468e-07,0,0.07960110854902476,0.007268972386285169,0.01562476996332407,1.0004512493386695
0.0203125,40,physics,0,80,2.7313806407725525,912.9415773952832,90.75937758357396,1006.4323356196296,571.5431365048614,0.0002309319584555392,3.325977489872391,-6.582467960584969,1.0023690533746867,7.029793387403067e-07,0,0.07934787347457921,0.007326373635311588,0.01562476996332407,1.0004539327616282
0.020375,40,physics,0,80,14.979375334420821,912.5725298061848,78.90467609206641,1006.4565812326721,575.8439117561301,0.00023266968635080558,3.2975158646156237,-18.383888280831556,1.006616405949915,7.112518947138832e-07,0,0.07900040567158996,0.007383683669205453,0.01562476996332407,1.0004585840451399
0.0204375,40,physics,0,80,26.49710211334777,907.4807164406442,66.62394009815418,1000.6017586521461,580.1770374104797,0.00023442048542384166,3.260726690601882,-24.722390514527888,1.0088972091550135,7.185595105596576e-07,0,0.07854566888523866,0.0074406949261879105,0.01562476996332407,1.0004648454224774
0.0205,40,physics,0,80,26.025880712676845,901.5370075874357,64.75400513522624,992.3168934353389,584.5427587131693,0.00023618445476597476,3.225973150676495,-23.777218958582324,1.0085570288669048,7.239837671590977e-07,0,0.07794490342783618,0.0074972581553767285,0.01562476996332407,1.0004687811654325
0.0205,41,refine,0,96,26.025880712676848,901.5370075874356,64.75400513522624,992.3168934353387,584.5427587131694,0.00023618445476597473,3.225973150676495,-23.777218958582324,1.0085570288669048,7.239837671590977e-07,0,0.07794490342783618,0.006777557278142669,0.01562476996332407,1.0004687811654325
0.0205625,41,physics,0,96,13.960604672576514,896.7006416040492,73.7747135531508,984.4359598297766,588.9413392375011,0.00023796170087397636,3.1964444046355847,-15.989816511674189,1.0057544351754648,7.274902387166541e-07,0,0.07720134336189576,0.006816745541909372,0.01562476996332407,1.0004687811654325
0.020625,41,physics,0,96,2.119917795489306,897.4000967806761,84.26995712873405,983.7899717048995,593.3730084596157,0.00023975231646766282,3.19326332018277,-3.387790795267547,1.0012191186776844,7.299627995394079e-07,0,0.07631155078741282,0.006859954567319049,0.01562476996332407,1.000470749042716
0.0206875,41,physics,0,96,2.1077878157938246,902.9599446164282,85.24259405166782,990.3103264838899,597.8378257502875,0.00024155632553579055,3.2101961491276545,10.809916532934958,0.9961099905647093,7.322218991134835e-07,0,0.07539594648298675,0.006904030156445291,0.01562476996332407,1.0004746848088955
0.02075,41,physics,0,96,14.136303610785319,913.6457289291062,75.65726303864253,1003.4392955785341,602.3360770861099,0.00024337384362717912,3.2438526656929243,22.619049384142336,0.9918604293334914,7.343644146118322e-07,0,0.0745365824607042,0.006950086332433927,0.01562476996332407,1.0004723591270088
0.0208125,41,physics,0,96,26.969234999952132,929.393875840625,65.0432171900629,1021.4063280306401,606.8679490981585,0.0002452049461500996,3.287161319411423,29.566594963165365,0.9893596072040839,7.377025958987814e-07,0,0.07384680911307435,0.00699860002926002,0.01562476996332407,1.0004718224319566
0.020875,41,physics,0,96,28.602162996668355,949.2010770558687,64.28829319906377,1042.0915332516008,611.4335476978529,0.00024704967589805253,3.3311522748741575,30.16025371957746,0.9891459852516573,7.429868951192016e-07,0,0.07329154869073887,0.007049616251701384,0.01562476996332407,1.0004750426065885
0.0209375,41,physics,0,96,17.495723016090388,970.667108219151,75.20241825999707,1063.3652494952385,616.0330768447168,0.0002489081152808672,3.367103974529219,24.186333632282732,0.9912958900410302,7.499906153896058e-07,0,0.07291362668897866,0.007102690037157904,0.01562476996332407,1.0004755793033682
0.021,41,physics,0,96,4.143669362585025,990.4494165745983,88.45707297569254,1083.0501589128758,620.6665530805317,0.00025078027098224883,3.3885848835983654,13.22201998460517,0.9952417016112619,7.581888610275205e-07,0,0.07271838041744037,0.0071568924785160816,0.01562476996332407,1.0004795150885493
0.021,42,refine,0,108,4.143669362585025,990.4494165745983,88.45707297569255,1083.050158912876,620.6665530805318,0.0002507802709822489,3.3885848835983654,13.22201998460517,0.9952417016112619,3.8433237214974307e-07,0,0.09106510057284314,0.0071568924785160816,0.007812411990016699,1.0004795150885493
0.0210625,42,physics,0,108,1.4717560574663928,1005.0209063043533,91.81830567893934,1098.310968040759,625.3369240207026,0.00025266733398596723,3.3904626443459964,0.730862219612301,0.9997369677357407,3.884496750927728e-07,0,0.09088262131658806,0.007211316081567297,0.007812411990016699,1.0004832719888475
0.021125,42,physics,0,108,12.54623509956383,1015.024000585987,81.9913684208098,1109.5616041063606,630.0424496048065,0.0002545686012207466,3.379812188918357,-10.342201087206165,1.0037220807403875,3.926106888485487e-07,0,0.09070202204452557,0.007264610919409931,0.007812411990016699,1.0004854187953518
0.0211875,42,physics,0,108,27.28875205669519,1021.6850094433219,67.67926259975506,1116.653024099772,634.7834172880009,0.00025648418883282033,3.361601071329394,-17.24933679135337,1.0062076540787706,3.9626244063839506e-07,0,0.0903665169385034,0.007316329091823679,0.007812411990016699,1.000487386705361
0.02125,42,physics,0,108,31.93623809063011,1028.6557462509118,61.943231765679506,1122.5352161072212,639.5600602663947,0.0002584141910450576,3.345005003105382,-18.010660904848105,1.006481621530763,3.9927863770827767e-07,0,0.0898274665810477,0.007366204748393034,0.007812411990016699,1.0004882812111902
0.0213125,42,physics,0,108,22.577711249748223,1039.4095979230851,69.6256268193056,1131.612935992139,644.372586159418,0.0002603586917460722,3.3396537283743744,-12.257108204248144,1.0044110442816632,4.015267656143347e-07,0,0.0890619033066126,0.007414755636799076,0.007812411990016699,1.000493290458613
0.021375,42,physics,0,108,9.182523614640722,1055.9731306527224,82.77461080001963,1147.9302650673828,649.2214405409853,0.00026231787096996876,3.352824396976475,-1.216903502704826,1.0004379348038424,4.0310656146402877e-07,0,0.08810908612178708,0.00746275510106963,0.007812411990016699,1.0004961528969722
0.0214375,42,physics,0,108,5.851302705288469,1079.0610666882162,88.65776389567391,1173.5701332891786,654.1067339399236,0.00026429177337591094,3.3874591185005927,12.515446227897085,0.9954959754839803,4.0444542293016623e-07,0,0.08707945462647436,0.0075114788585634515,0.007812411990016699,1.0004954372866146
0.021500000000000002,42,physics,0,108,17.105467189925243,1108.8974164039967,82.26625569344696,1208.269139287369,659.028769718424,0.00026628052153736763,3.441554403632401,25.700911306323345,0.9907508115338792,4.057664000356452e-07,0,0.08606645406766535,0.007562011289177203,0.007812411990016699,1.0004979419251057
0.021500000000000002,43,refine,0,116,17.105467189925246,1108.8974164039964,82.26625569344698,1208.2691392873687,659.0287697184239,0.00026628052153736774,3.441554403632401,25.700911306323345,0.9907508115338792,4.057664000356452e-07,0,0.08606645406766535,0.007562011289177203,0.007812411990016699,1.0004979419251057
0.021562500000000002,43,physics,0,116,33.673215412014365,1145.1656894333187,70.9075319049978,1249.7464367503308,663.9878545838138,0.00026828423937941,3.5060609338458555,35.29846818527972,0.9872968634878447,4.0751229235525047e-07,0,0.08519918138598254,0.007614879368467037,0.007812411990016699,1.0004972263134684
0.021625000000000002,43,physics,0,116,41.312864504249674,1187.7922034283226,67.30255259021634,1296.4076205227886,668.9842293549667,0.0002703030242048847,3.578050280109594,39.25168953862469,0.985874206930336,4.100435191389807e-07,0,0.0845371427566138,0.007670530719505509,0.007812411990016699,1.0004991942467023
0.021687500000000002,43,physics,0,116,34.158453472387244,1234.2054481102898,76.94524880086797,1345.309150383545,674.0182046005223,0.0002723370014990252,3.6451064894798777,36.872855193314905,0.9867303642846286,4.133366608982675e-07,0,0.0840882473427872,0.007728686768384956,0.007812411990016699,1.0005013410873722
0.021750000000000002,43,physics,0,116,20.217133627632606,1280.7772907647065,92.89069246969679,1393.885116862036,679.0900548773641,0.00027438628219651886,3.6996885338566114,29.020463600020815,0.989556271596806,4.174399315104438e-07,0,0.08383477900705523,0.007788538529794974,0.007812411990016699,1.0005002676664614
0.021812500000000002,43,physics,0,116,14.089800435944609,1323.774761123686,101.6964649984126,1439.5610265580433,684.2000629938133,0.0002764509805660447,3.7375660355359517,17.89453250361138,0.9935602279792074,4.2191048166273504e-07,0,0.08366720796194985,0.007848964074816634,0.007812411990016699,1.0005040246446875
0.021875000000000002,43,physics,0,116,23.24450221261248,1361.2002095468008,95.90455500225,1480.3492667616633,689.348554132826,0.0002785312279977502,3.7589533913342734,6.540242896532239,0.997646336760645,4.2644411024639345e-07,0,0.08349510110738363,0.007908918809491815,0.007812411990016699,1.0005081394465511
0.021937500000000002,43,physics,0,116,40.518664498605396,1393.96241435363,81.46596579614723,1515.9470446483826,694.5357783047964,0.0002806271255083152,3.768560257213633,-1.9026302191158682,1.0006847050274488,4.3072285116352283e-07,0,0.08323906203170851,0.007967632320143235,0.007812411990016699,1.000509391780912
0.022,43,physics,0,116,50.580410560740226,1425.3857816151792,72.54874615147487,1548.5149383273942,699.7620188678626,0.0002827387875885725,3.77449353430289,-5.00320030611027,1.0018005566991797,4.342781618760231e-07,0,0.08279038928515971,0.008024733156877711,0.007812411990016699,1.0005111808327183
0.022,44,refine,0,118,50.580410560740226,1425.385781615179,72.54874615147487,1548.514938327394,699.7620188678625,0.00028273878758857253,3.77449353430289,-5.00320030611027,1.0018005566991797,4.342781618760231e-07,0,0.08279038928515971,0.007329799447008048,0.007812411990016699,1.0005111808327183
0.0220625,44,physics,0,118,44.813342697498456,1459.2358186949014,77.98455782715261,1582.0337192195525,705.0276151717112,0.00028486635135273574,3.7859645899414263,-1.7712435570555625,1.0006374339283304,4.370942052744905e-07,0,0.08212554808589151,0.0073818286181317515,0.007812411990016699,1.0005133276991085
0.022125,44,physics,0,118,29.971658635745694,1498.36239158889,93.04658355356061,1621.3806337781962,710.332841027795,0.00028700992743430076,3.8123856445239777,7.075990524093911,0.9974535078090508,4.39085509285065e-07,0,0.08127277849061605,0.00743343533632202,0.007812411990016699,1.0005158323823864
0.0221875,44,physics,0,118,21.603888851762974,1543.7705940882743,103.76206666768425,1669.1365496077215,715.6779434387179,0.00028916961563464936,3.8563942735008463,19.326673919444254,0.9930447657832316,4.40704909010492e-07,0,0.08030179857434863,0.007485078125573458,0.007812411990016699,1.0005185159785706
0.02225,44,physics,0,118,28.88608242324963,1595.725914708097,100.977333692154,1725.5893308235006,721.0632939245627,0.0002913455660664416,3.9179622145360757,31.90643856736321,0.9885175756760524,4.4234763585393466e-07,0,0.07932453500688484,0.007537275911684555,0.007812411990016699,1.0005197683259197
0.0223125,44,physics,0,118,45.87240412587432,1654.2228731879688,88.92285221953853,1789.0181295333816,726.4891371235352,0.0002935378775757247,3.9925528598139994,41.700836928017196,0.9849927552800339,4.44275917388382e-07,0,0.07844051153410737,0.0075905689797409635,0.007812411990016699,1.0005249566387802
0.022375,44,physics,0,118,57.265662305582495,1718.5969333011583,80.9417576660545,1856.8043532727952,731.9558025270718,0.00029574668329348706,4.07255169155366,46.329994206955476,0.98332676333689,4.46839244716557e-07,0,0.07771909667440549,0.007645295276513834,0.007812411990016699,1.000526387902235
0.0224375,44,physics,0,118,52.77803693807566,1786.6977701131457,86.70210030124208,1926.1779073524635,737.4636220730008,0.0002979721173391818,4.1490987746906125,44.6811518635963,0.9839202320441485,4.504015045370127e-07,0,0.07719291676611245,0.007701646633336713,0.007812411990016699,1.0005313973404504
0.0225,44,physics,0,118,36.74814008090542,1854.6935257564805,102.90118545270425,1994.3428512900903,743.0128845936922,0.0003002142964155047,4.214120985942122,37.17329269842864,0.9866221724352796,4.5477793531034665e-07,0,0.07685991365974762,0.007759510112402676,0.007812411990016699,1.0005310395226032
0.0225,45,refine,0,134,36.74814008090543,1854.6935257564805,102.90118545270425,1994.3428512900903,743.0128845936922,0.0003002142964155047,4.214120985942122,37.17329269842864,0.9866221724352796,4.5477793531034665e-07,0,0.07685991365974762,0.007365584385291443,0.007812411990016699,1.0005310395226032
0.0225625,45,physics,0,134,24.346624190724363,1916.619467285592,115.8809278658596,2056.8470193421763,748.6039181185703,0.0003024733530627182,4.260330311452176,25.66990283187655,0.9907619922712315,4.598289606860821e-07,0,0.07665440416638183,0.0074195800420915285,0.007812411990016699,1.0005319340674612
0.022625,45,physics,0,134,27.42357301574515,1972.3887505343114,114.5435153876665,2114.355838937723,754.2370074083392,0.00030474940233836227,4.28988530538536,12.973363100627145,0.9953311916319749,4.650169600495245e-07,0,0.07645789732480382,0.007474361454233839,0.007812411990016699,1.000534796616381
0.0226875,45,physics,0,134,43.11050909592289,2020.4288432116102,100.69605288491427,2164.2354051924476,759.9124528593925,0.00030704256561757545,4.304357229252365,2.2886630939196513,0.9991763673477787,4.700618294606334e-07,0,0.07620951723243502,0.007529347148358658,0.007812411990016699,1.0005381959038602
0.02275,45,physics,0,134,56.050800756533846,2063.7589033979184,88.14123484960757,2207.95093900406,765.6305671868336,0.0003093529692528701,4.31144865235398,-3.658230444880542,1.0013165000655753,4.7445185913375067e-07,0,0.07580896258672185,0.0075838447140300505,0.007812411990016699,1.0005437421345411
0.0228125,45,physics,0,134,53.14262708255859,2106.756303256735,89.59932092936975,2249.4982512686634,771.3915451794263,0.00031168069194863066,4.319542562012188,-3.378110407857482,1.0012156842541318,4.778802473737191e-07,0,0.0752105700079254,0.007637576695035298,0.007812411990016699,1.0005457101592696
0.022875,45,physics,0,134,36.56713625909982,2153.0041327895383,104.30251855404447,2293.8737876026826,777.1953058367035,0.00031402570097662473,4.336964654221133,2.9610204166974756,0.9989344168501233,4.805498567961311e-07,0,0.07443329590660236,0.0076905229088137786,0.007812411990016699,1.0005467836289348
0.0229375,45,physics,0,134,21.83501893539236,2204.311775456255,118.74626909818534,2344.8930634898325,783.0419331279786,0.0003163880302646465,4.3692059355047785,13.56202542450977,0.995119464591125,4.825088772975049e-07,0,0.07352563273654175,0.007743127397269823,0.007812411990016699,1.0005519720818863
0.023,45,physics,0,134,22.66787936881365,2261.238323881599,119.89694118230017,2403.803144432713,788.9314959464575,0.00031876770764899026,4.4175479017586055,25.560555808985427,0.990801575670878,4.844807381942935e-07,0,0.07260400267621542,0.007795846080013337,0.007812411990016699,1.000554655775005
0.023,46,refine,0,158,22.667879368813647,2261.238323881599,119.89694118230014,2403.803144432713,788.9314959464575,0.00031876770764899026,4.4175479017586055,25.560555808985427,0.990801575670878,4.804508968447864e-07,0,0.07504482566790861,0.006628250823703394,0.007812384981662035,1.000554655775005
0.0230625,46,physics,0,158,37.87261120988042,2322.3068486873663,107.49331344381338,2467.67277334106,794.8680382428058,0.00032116636708759975,4.472917831587151,35.75756839368315,0.9871320668808211,4.817973184856323e-07,0,0.07420107588846869,0.006674227375793604,0.007812384981662035,1.0005582340436934
0.023125,46,physics,0,158,52.54614651215654,2390.305059318459,94.81150007713434,2537.66270590775,800.8492803853628,0.00032358308749548396,4.54209601106278,41.51853616470346,0.9850588637342537,4.843642251728396e-07,0,0.07347854566159116,0.00672134491176953,0.007812384981662035,1.000561096667858
0.0231875,46,physics,0,158,52.238482544903285,2461.883694455532,94.9944343334754,2609.116611333911,806.8754788971617,0.000326017972520754,4.610232228535035,41.30264316809151,0.9851370135553597,4.879793564782623e-07,0,0.07289989389071878,0.0067698124913724116,0.007812384981662035,1.0005653906194614
0.02325,46,physics,0,158,36.40203185298012,2533.419714491349,109.34767857728164,2679.169424921611,812.9471005690355,0.00032847121077020846,4.669062055003277,35.030310515080515,0.987394185754304,4.930287289539587e-07,0,0.07246140016458967,0.006819667724487316,0.007812384981662035,1.0005673586867714
0.0233125,46,physics,0,158,19.080709354048253,2600.1702452229165,125.59996986766532,2744.8509244446304,819.0643167008233,0.0003309428714575335,4.71246594657722,24.11354405219932,0.9913226393017627,4.991322164471514e-07,0,0.0721360040019469,0.006870742375672923,0.007812384981662035,1.0005704002529558
0.023375,46,physics,0,158,16.043877970937267,2658.2098658264076,129.09692690852194,2803.350670705867,825.227665538402,0.0003334331720609325,4.737992726955258,11.141896460286329,0.9959905522424509,5.054974856477665e-07,0,0.07184691361529204,0.0069225771343421815,0.007812384981662035,1.0005752309947227
0.0234375,46,physics,0,158,29.77924235140977,2706.4974102262063,116.729481858278,2853.006134435894,831.4373374273734,0.0003359421894895308,4.7476429938381655,-0.7125809691940541,1.000256424080003,5.118753207966623e-07,0,0.0715492376903735,0.0069747113611691655,0.007812384981662035,1.0005779147502267
0.0235,46,physics,0,158,46.60425659075271,2747.6025031718104,100.41368674966606,2894.620446512229,837.693700238887,0.0003384700723816368,4.747472672986091,-8.490518438820475,1.003055328168787,5.173021122573117e-07,0,0.07115439317980991,0.0070266842869935505,0.007812384981662035,1.0005831033646122
0.0235,47,refine,0,158,46.60425659075271,2747.6025031718104,100.41368674966606,2894.620446512229,837.693700238887,0.0003384700723816368,4.747472672986091,-8.490518438820475,1.003055328168787,5.173021122573117e-07,0,0.07115439317980991,0.0070266842869935505,0.007812384981662035,1.0005831033646122
0.0235625,47,physics,0,158,49.556876716702256,2786.331475217325,96.03397716887972,2931.922329102907,843.9971307265096,0.0003410169729644987,4.745948525677421,-10.255836568508684,1.0036905678405539,5.216054645984514e-07,0,0.07063440946985979,0.007078130479736628,0.007812384981662035,1.0005873974106583
0.023625,47,physics,0,158,35.07487155765509,2827.2748840259055,108.05637456932881,2970.4061301528895,850.3480806499911,0.0003435830737716075,4.751592691110629,-5.631283025407091,1.0020264170714914,5.246278220738531e-07,0,0.06997836371272025,0.007128873988532773,0.007812384981662035,1.0005877552486606
0.0236875,47,physics,0,158,16.71625903224521,2873.1959091788176,125.10331545950007,3015.015483670563,856.7468406466817,0.00034616849223496096,4.770683659552383,4.0649791054916005,0.9985372218058801,5.264090106038565e-07,0,0.0692244001142349,0.007179187336285708,0.007812384981662035,1.0005922282344872
0.02375,47,physics,0,158,11.961887685553481,2925.159319206001,131.0918321914865,3068.2130390830407,863.1935568375316,0.00034877328739471754,4.805628845204035,16.222469422176957,0.9941623687477017,5.278627916993628e-07,0,0.06844481994679143,0.00722938193478871,0.007812384981662035,1.0005952698762712
0.0238125,47,physics,0,158,25.302958776443923,2983.4922222104174,120.81921573740246,3129.6143967242638,869.689021857283,0.00035139777951488107,4.854554433183678,27.660034067947922,0.990046583630775,5.292888900498834e-07,0,0.06767541489205738,0.007279843952589068,0.007812384981662035,1.0005943752747866
0.023875,47,physics,0,158,44.085849765438056,3048.0747792301067,104.79821377132588,3196.9588427668705,876.2332750985199,0.00035404198451202207,4.912036256294967,35.4552728858979,0.987241528066194,5.316612714523218e-07,0,0.0669957205765952,0.0073311073291557486,0.007812384981662035,1.0005999218168837
0.0239375,47,physics,0,158,50.56540409843744,3117.641897028648,99.13999839633094,3267.3472995234165,882.8267629808835,0.00035670608276196073,4.970579782368587,37.65041358553439,0.986451659402995,5.351920613350104e-07,0,0.06643925222583844,0.0073833120247401435,0.007812384981662035,1.0006026056386135
0.024,47,physics,0,158,38.4607268890319,3189.0366032442644,110.3307268017316,3337.8280569350277,889.4698117943648,0.0003593902061021416,5.022367669519956,33.683114248511394,0.9878793119777675,5.400896796459167e-07,0,0.06601081433326746,0.007436689658726521,0.007812384981662035,1.0006040370131462
0.024,48,refine,0,164,38.4607268890319,3189.0366032442644,110.33072680173164,3337.8280569350277,889.4698117943649,0.0003593902061021416,5.022367669519956,33.683114248511394,0.9878793119777675,5.400896796459167e-07,0,0.06601081433326746,0.007179616011366813,0.007812384981662035,1.0006040370131462
0.0240625,48,physics,0,164,18.920126709321334,3256.604006554543,128.90848561655744,3404.4326188804216,896.1629221463829,0.00036209455680295247,5.061245895252933,24.536341546598493,0.991170744869026,5.4618519662597e-07,0,0.065707802361916,0.007233670552130859,0.007812384981662035,1.000607078690827
0.024125,48,physics,0,164,10.391645492977045,3317.599156913192,137.99071540798505,3465.9815178141544,902.9062971000615,0.0003648192169120318,5.0834849962271305,12.431787182563735,0.9955265016518517,5.530356670391254e-07,0,0.06545861223348973,0.007288414055813787,0.007812384981662035,1.0006101203777538
0.0241875,48,physics,0,164,21.337367768816115,3369.0184815082644,128.97039863991827,3519.3262479169985,909.7004434114785,0.00036756439118413274,5.089732373592388,0.4204218342442113,0.9998487135928996,5.599602967976125e-07,0,0.06521311391801028,0.007343494508338958,0.007812384981662035,1.0006136988447996
0.02425,48,physics,0,164,41.702000421786586,3412.615835459958,110.17045568283937,3564.488291564584,916.5458095228939,0.0003703302608123139,5.084765419063474,-8.399969399078936,1.0030226742108845,5.662196809197435e-07,0,0.06491076633424081,0.007398562316102302,0.007812384981662035,1.0006128042268383
0.0243125,48,physics,0,164,52.09460506435679,3453.187829511223,99.37334236973383,3604.655776945314,923.4425682670991,0.0003731168956296512,5.07633106624881,-11.693926970557904,1.004207979600395,5.712951516301248e-07,0,0.06449167966841324,0.007453216880560238,0.007812384981662035,1.0006181719466034
0.024375,48,physics,0,164,42.63614474588668,3496.0958308566933,106.77710983407897,3645.509085436659,930.3913059430167,0.0003759245325301771,5.073446646166526,-8.551821885453581,1.0030772986288266,5.749534075505375e-07,0,0.06395063239714247,0.00750744247383942,0.007812384981662035,1.0006226450684037
0.0244375,48,physics,0,164,22.895004691363262,3545.037442304979,125.02734450079518,3692.9597914971373,937.3921205811604,0.00037875321112311303,5.0837169691437145,0.24158839225249673,0.9999130667075472,5.773252720331357e-07,0,0.06330845973765455,0.0075611394407754245,0.007812384981662035,1.0006249710996424
0.0245,48,physics,0,164,12.635957133082986,3601.6284351931145,136.48200665293598,3750.7463989791336,944.4449738998344,0.00038160291594074223,5.110455733278499,12.443139800621992,0.995522449312252,5.787050234573596e-07,0,0.0626147402261996,0.00761474760919078,0.007812384981662035,1.0006264025061693
0.0245,49,refine,0,174,12.635957133082988,3601.628435193114,136.48200665293598,3750.746398979133,944.4449738998343,0.0003816029159407422,5.110455733278499,12.443139800621992,0.995522449312252,5.787050234573596e-07,0,0.0626147402261996,0.006552058906523573,0.007812384981662035,1.0006264025061693
0.0245625,49,physics,0,174,22.636372648319693,3665.565794862195,130.40295197794867,3818.6051194884635,951.5517578813253,0.00038447441143835663,5.1532795353250735,24.98772427050247,0.9910084043298444,5.801155857909637e-07,0,0.06192932446942632,0.006599480461044815,0.007812384981662035,1.0006271182102005
0.024625,49,physics,0,174,44.450781510882074,3738.605682027798,113.26671388145004,3896.3231774201304,958.7119143047264,0.00038736747206684325,5.208182927101086,34.78540292118278,0.9874823929528495,5.818635138155059e-07,0,0.061316396781398746,0.006647712676059837,0.007812384981662035,1.0006296231783411
0.0246875,49,physics,0,174,58.584379134554446,3819.160013264027,102.33328178354049,3980.077674182122,965.9259875191378,0.00039028231777041235,5.268249151679888,39.530497212899625,0.9857748675165614,5.848612119052629e-07,0,0.0608237318694344,0.00669688174529964,0.007812384981662035,1.0006326649337998
0.02475,49,physics,0,174,52.74252406117262,3904.6357439265003,109.32571986734186,4066.703987855015,973.1945160277783,0.0003932191661312462,5.325454495278284,38.144199516156895,0.986273766472296,5.893196881601169e-07,0,0.060447224175571974,0.006747050489773306,0.007812384981662035,1.0006328438608794
0.0248125,49,physics,0,174,33.32631095782938,3990.456602862547,129.20359092791534,4152.986504748292,980.5173019156653,0.00039617793718181213,5.372599013326417,31.08418402065465,0.9888143250688407,5.951200758858019e-07,0,0.06018533193299893,0.0067980353983164744,0.007812384981662035,1.0006353488433537
0.024875,49,physics,0,174,19.76613408621421,4071.4466575670085,144.39856546461283,4235.611357117836,987.8956662724821,0.0003991591647082907,5.405019665852713,20.209437404284355,0.9927276109921451,6.024386802749864e-07,0,0.05997321799805383,0.006849567316776889,0.007812384981662035,1.0006353488433537
0.0249375,49,physics,0,174,26.490531381757414,4144.272447481982,140.97576987556,4311.7387487393,995.3293397689558,0.00040216273988821056,5.421844851750193,8.360971942227028,0.996991303356487,6.098264702103515e-07,0,0.059760178966474696,0.006901339382030151,0.007812384981662035,1.0006401798986917
0.025,49,physics,0,174,48.927256806134736,4209.433161807418,122.08018546802668,4380.44060408158,1002.818965770196,0.00040518892267319285,5.426515392049408,-1.2953290196712917,1.0004661224519427,6.168983492926834e-07,0,0.05953114097831996,0.00695307905595784,0.007812384981662035,1.0006430427573056
0.025,50,refine,0,178,48.927256806134736,4209.4331618074175,122.08018546802667,4380.440604081579,1002.818965770196,0.0004051889226731928,5.426515392049408,-1.2953290196712917,1.0004661224519427,6.137616850310219e-07,0,0.05953114097831996,0.00695307905595784,0.007812384981662035,1.0006430427573056
0.0250625,50,physics,0,178,67.26594274778425,4271.037760781553,105.5512607831509,4443.854964312487,1010.3649800085595,0.00040823788912086134,5.426159162090343,-6.107973188775348,1.002197940260356,6.194099970713296e-07,0,0.0592153115390231,0.007004567279341628,0.007812384981662035,1.0006442952605248
0.025125,50,physics,0,178,65.46373748887949,4335.202142819541,107.08795452228435,4507.753834830705,1017.9678062571995,0.0004113098104567247,5.429553078776884,-4.634787653332379,1.0016678112349293,6.236991989538861e-07,0,0.05878417885207451,0.007055685098958987,0.007812384981662035,1.0006446531188753
0.0251875,50,physics,0,178,47.16715008204502,4406.365456667168,125.01776135942092,4578.550368108633,1025.62779670092,0.0004144048289810245,5.444772586637876,2.9075500710699744,0.998953729771071,6.266887524475352e-07,0,0.05825144670418542,0.007106609802912547,0.007812384981662035,1.0006460845535574
0.02525,50,physics,0,178,32.34198873570859,4486.825363254998,142.0294292596294,4661.196781250335,1033.3453371464861,0.00041752310057895336,5.476745570391408,14.710183628705613,0.9947066107920773,6.287150995376578e-07,0,0.05764509027614781,0.007157584397954657,0.007812384981662035,1.0006500210094917
0.0253125,50,physics,0,178,37.84156806140567,4577.326568147465,142.16595625373495,4757.334092462605,1041.1209895121883,0.00042066485229355166,5.526039644169097,27.905981640952575,0.9899581390693557,6.301099269023776e-07,0,0.05702701765529567,0.007208880710852008,0.007812384981662035,1.0006487684991057
0.025375,50,physics,0,178,61.24705494400579,4678.0910734467625,126.19569114202099,4865.5338195327895,1048.9552043740375,0.00042383026618002,5.5889520917916595,39.33082437226961,0.9858469910012134,6.322290726501469e-07,0,0.05644936584362615,0.007260898759832055,0.007812384981662035,1.0006466213420913
0.025437500000000002,50,physics,0,178,83.35110962775747,4788.71343731973,110.6604285621776,4982.724975509665,1056.848374331822,0.0004270195008682717,5.658696887233224,46.352143439477665,0.9833204118712342,6.35380732916246e-07,0,0.05595514449869986,0.007313879968211563,0.007812384981662035,1.0006410745411287
0.025500000000000002,50,physics,0,178,86.25918192761716,4907.132851749202,112.0608727631973,5105.452906440016,1064.800914140634,0.0004302327239400685,5.727177668712897,47.448952992434094,0.9829258250586403,6.399425735992281e-07,0,0.055584527024283216,0.007367946503671618,0.007812384981662035,1.0006439374023022
0.025500000000000002,51,refine,0,192,86.25918192761716,4907.132851749202,112.06087276319728,5105.452906440016,1064.800914140634,0.0004302327239400685,5.727177668712897,47.448952992434094,0.9829258250586403,6.399425735992281e-07,0,0.055584527024283216,0.007367946503671618,0.007812384981662035,1.0006439374023022
0.025562500000000002,51,physics,0,192,70.07032982023864,5027.988617037247,130.93882412279328,5228.99777098028,1072.8133010984616,0.0004334701282476242,5.7785770216913015,42.55920506117559,0.9846854379626088,6.458714363333228e-07,0,0.05531023228132257,0.007422862189873571,0.007812384981662035,1.000645726694695
0.025625000000000002,51,physics,0,192,52.915786617212845,5147.693575212674,151.6891488516435,5352.29851068153,1080.8859647127406,0.0004367318873333835,5.8264320928005615,33.08825192443547,0.9880935105127631,6.53084516244462e-07,0,0.05512130125470054,0.007478531737707741,0.007812384981662035,1.0006468002716664
0.025687500000000002,51,physics,0,192,54.42540731463926,5260.626090042882,155.59765434150722,5470.649151699029,1089.0192627972442,0.00044001814577197324,5.858836516938891,21.600225680849782,0.9922273941572259,6.604105138308119e-07,0,0.054932844879071005,0.0075347150974839384,0.007812384981662035,1.0006505578001372
0.025750000000000002,51,physics,0,192,76.9968872930381,5365.731551693389,139.37038081814995,5582.098819804577,1097.2138804889132,0.00044332918039291893,5.878120570878165,11.20920871297777,0.995966483337879,6.679255211139441e-07,0,0.054744933812097614,0.007591226201617167,0.007812384981662035,1.0006505578001372
0.025812500000000002,51,physics,0,192,102.84601250627654,5466.34184749731,118.61064734142275,5687.798507345009,1105.4701900232333,0.0004466651415979387,5.890592946546065,4.805995880989395,0.9982706116587361,6.744360803168087e-07,0,0.054482568095884205,0.007647580349752985,0.007812384981662035,1.0006509156607275
0.025875000000000002,51,physics,0,192,110.75539599134964,5568.432002440046,113.35780940595951,5792.545207837355,1113.7884217452238,0.0004500261224579193,5.904993068049793,4.282208674355685,0.9984590963497586,6.796419125265626e-07,0,0.05412394568310011,0.0077038638169517806,0.007812384981662035,1.0006555678600468
0.025937500000000002,51,physics,0,192,96.89108713444537,5677.5265643324565,128.82591598860785,5903.243567455509,1122.168328311707,0.0004534120230338693,5.928042408757014,9.99922128360187,0.9964019014027947,6.832722583283159e-07,0,0.05365271614838456,0.007759955257866732,0.007812384981662035,1.0006584307626862
0.026000000000000002,51,physics,0,192,78.8194808433961,5796.832167933564,150.32617661894642,6025.977825395907,1130.6096325615094,0.0004568227313388379,5.96497032428559,20.670235179394222,0.9925620903156963,6.860176462453185e-07,0,0.053105758374188676,0.00781609490432038,0.007812384981662035,1.0006646933907657
0.026000000000000002,52,refine,0,214,78.8194808433961,5796.832167933564,150.32617661894642,6025.977825395907,1130.6096325615094,0.00045682273133883786,5.96497032428559,20.670235179394222,0.9925620903156963,3.442530775998875e-07,0,0.040867005950569225,0.007155960561097757,0.0039061924908310175,1.0006646933907657
0.0260625,52,physics,0,214,78.4691138822318,5926.398828494846,157.54756409512095,6162.415506472199,1139.1172204150928,0.0004602602215285984,6.010880387035158,33.73578399617331,0.987860673804314,3.449778489539313e-07,0,0.04043070015234199,0.0072073590723086105,0.0039061924908310175,1.0006657669880863
0.026125,52,physics,0,214,100.90589981116003,6068.891601801746,144.84039511516943,6314.637896728076,1147.6887653265542,0.00046372355356246397,6.078527395736864,46.084311920385886,0.9834173115966056,3.456954082992068e-07,0,0.03999801949061945,0.007259253231710255,0.0039061924908310175,1.0006679141861827
0.0261875,52,physics,0,214,129.69695445148588,6222.994425177134,125.624502902737,6478.315882531357,1156.3248610217274,0.0004672129673353101,6.155306390616968,54.85008714927999,0.9802631538014626,3.4706906504311556e-07,0,0.039631559757712466,0.007311584919503148,0.0039061924908310175,1.0006686299199055
0.02625,52,physics,0,214,142.50484931183328,6387.1579706666225,120.0687490036883,6649.7315689821435,1165.0259403833456,0.0004707286377533704,6.234005406608957,58.0986714531139,0.9790942336265149,3.4909409052374956e-07,0,0.03933332252692122,0.007364274982176521,0.0039061924908310175,1.0006720296620795
0.0263125,52,physics,0,214,131.87934866373445,6557.457988296939,135.76873971418138,6825.106076674855,1173.7924624769494,0.0004742707503020392,6.307069953553987,55.25061398688458,0.9801191271966132,3.520303408777184e-07,0,0.039122501865433416,0.00741726379972684,0.0039061924908310175,1.0006727453987458
0.026375,52,physics,0,214,112.32778847233246,6727.964853771429,160.2578894749625,7000.5505317187235,1182.6250033460387,0.00047783953773164727,6.368306946466012,47.21485896057062,0.9830106758365249,3.5575899381967696e-07,0,0.038964329786511154,0.007470551125189557,0.0039061924908310175,1.0006765030246432
0.0264375,52,physics,0,214,107.14147620735412,6892.8969067619055,172.10078266583014,7172.13916563509,1191.5238756456645,0.0004814351263704425,6.414492082087354,36.17549242290428,0.9869830226476746,3.6009904924583283e-07,0,0.03883055898356154,0.007524254463494332,0.0039061924908310175,1.0006759662200797
0.0265,52,physics,0,214,126.54412103604909,7049.5579375730185,160.88658257706,7336.988641186127,1200.4897222283978,0.0004850577759629546,6.446269546317432,25.099478981787573,0.9909685037636997,3.644686366044425e-07,0,0.03869547726884539,0.0075784346414062365,0.0039061924908310175,1.000680797471518
0.0265,53,refine,0,240,126.54412103604908,7049.557937573019,160.88658257706004,7336.988641186128,1200.4897222283976,0.0004850577759629546,6.446269546317432,25.099478981787573,0.9909685037636997,3.644686366044425e-07,0,0.03869547726884539,0.007117217813500063,0.0039061924908310175,1.000680797471518
0.0265625,53,physics,0,240,157.3641238639965,7198.6602655845745,137.39285317888636,7493.417242627457,1209.523154012118,0.0004887077333505037,6.591734581595756,16.992053456184276,0.9938857773041756,3.685669298647558e-07,0,0.038526183212542094,0.00716914310555344,0.0039061924908310175,1.0006831236379368
0.026625,53,physics,0,240,175.10859083683968,7348.777304362169,124.79295084989742,7648.678846048906,1218.6245307388294,0.0004923851438868181,6.611322951168475,14.188885172454274,0.9948944513522907,3.7188368651186407e-07,0,0.038280865413122894,0.007221492309371195,0.0039061924908310175,1.0006863444926746
0.0266875,53,physics,0,240,167.71262157874514,7505.081457814751,135.30086352635016,7808.094942919846,1227.7944018653507,0.0004960902295798809,6.637113227182801,17.61229921831013,0.9936626168210462,3.7433359878491464e-07,0,0.03795732216145679,0.007274323058608573,0.0039061924908310175,1.0006897442950333
0.02675,53,physics,0,240,147.62944504243762,7671.951180229894,159.27282438420437,7978.853449656536,1237.033248938641,0.0004998231849987025,6.676800222588413,26.54035030805904,0.9904500805552463,3.760903872773725e-07,0,0.037572380745942255,0.0073276083693872935,0.0039061924908310175,1.000692249419952
0.0268125,53,physics,0,240,139.80303295376737,7851.229190417065,174.34229940594088,8165.374522776774,1246.3416186032618,0.000503584231014974,6.733838928995356,38.81679838968864,0.9860327325538502,3.7703956401458077e-07,0,0.037169022568491604,0.007381206636746652,0.0039061924908310175,1.0006954703040625
0.026875,53,physics,0,240,157.47753026154976,8043.428440175494,167.19711397161274,8368.103084408656,1255.720094736998,0.0005073736035444676,6.807221266969138,51.464285341117325,0.9814819026291219,3.778702168943937e-07,0,0.03676912577000865,0.007435042193263044,0.0039061924908310175,1.0006983333208637
0.0269375,53,physics,0,240,189.66021610616332,8248.576327744771,146.19790438550174,8584.434448236438,1265.1689985974695,0.0005111914323912988,6.892381333351156,61.474153902511304,0.9778802398053943,3.7928206708670576e-07,0,0.036394684666616266,0.007489357702549206,0.0039061924908310175,1.0007017331639543
0.027,53,physics,0,240,211.68882169405333,8465.580203878644,133.20120296123156,8810.47022853393,1274.688306243711,0.0005150377078821226,6.980936585996203,66.55071630716984,0.9760536660130635,3.8130045609818813e-07,0,0.03609052686230752,0.00754395751703544,0.0039061924908310175,1.000701196345856
0.027,54,refine,0,280,211.68882169405333,8465.580203878646,133.20120296123156,8810.470228533932,1274.6883062437112,0.0005150377078821225,6.980936585996203,66.55071630716984,0.9760536660130635,1.9305646237199867e-07,0,0.04525883683033935,0.007322214089338023,0.0019531029975041747,1.000701196345856
0.0270625,54,physics,0,280,208.35171078272384,8688.412884940455,142.68627424512988,9039.45086996831,1284.2800484935624,0.0005189132505687243,7.060878204299951,65.6560056847579,0.9763757536088292,1.9457136346545675e-07,0,0.044950002062977716,0.00737596516684267,0.0019531029975041747,1.000702985740636
0.027125,54,physics,0,280,187.9397905559451,8916.449574564313,168.3537771576443,9272.743142277903,1293.9439456143173,0.0005228179474251263,7.134177689163928,59.12173390939342,0.9787269055681681,1.964633877804546e-07,0,0.044739364755324244,0.007430605661938059,0.0019531029975041747,1.0007020910428461
0.0271875,54,physics,0,280,175.0082609062094,9140.382472206615,187.92643592169603,9503.31716903452,1303.680579417045,0.0005267520335320445,7.191716801658185,48.6973968854383,0.9824778188890523,1.9868309308890257e-07,0,0.04462602620202723,0.00748602416118781,0.0019531029975041747,1.000702985740636
0.02725,54,physics,0,280,187.56590005059155,9355.795632585468,184.09732925099408,9727.458861887053,1313.490379327916,0.0005307156823990884,7.233656981448477,37.136847905944705,0.9866375104182473,2.0105002906944965e-07,0,0.044523977537436484,0.007542042380685933,0.0019531029975041747,1.0007049540785895
0.0273125,54,physics,0,280,219.61598813181445,9563.12804770989,161.10035229347193,9943.844388135176,1323.3741480620533,0.0005347092183632395,7.264158757371125,27.506027683867273,0.9901028520824866,2.030553654108757e-07,0,0.04440634467129129,0.007598296168084325,0.0019531029975041747,1.0007056698388053
0.027375,54,physics,0,280,246.12714470914761,9767.618025931775,141.44174765734118,10155.186918298265,1333.3322041104054,0.0005387327701107396,7.290212984920011,22.429652658708346,0.991929437564901,2.0480749540752162e-07,0,0.044193959568077625,0.007654662665271155,0.0019531029975041747,1.0007101433517525
0.0274375,54,physics,0,280,247.00367364731784,9976.485128640368,144.65115946170647,10368.139961749392,1343.365186258383,0.0005427865957427829,7.3199882151859095,23.361783547210656,0.9915940368438091,2.0611576800888537e-07,0,0.043887792620490036,0.007710851608457316,0.0019531029975041747,1.0007151537099952
0.0275,54,physics,0,280,226.96950263758256,10195.497020996492,168.3214955972963,10590.788019231371,1353.4737694098199,0.0005468709679542093,7.360723441203737,30.173864573187544,0.9891432304563196,2.071174769469051e-07,0,0.043477131298046534,0.007766925532151272,0.0019531029975041747,1.000713722176509
0.0275,55,refine,0,312,226.9695026375826,10195.497020996492,168.3214955972963,10590.788019231371,1353.47376940982,0.0005468709679542092,7.360723441203737,30.173864573187544,0.9891432304563196,2.071174769469051e-07,0,0.043477131298046534,0.0071859560202708036,0.0019531029975041747,1.000713722176509
0.0275625,55,physics,0,312,211.2325081192386,10425.482157504339,190.40134153591654,10827.116007159495,1363.6584199309536,0.0005509860751802593,7.415744848508577,41.19925307651951,0.9851762761332115,2.0761482844022797e-07,0,0.04300321243100511,0.007232373346619358,0.0019531029975041747,1.0007180167831113
0.027625,55,physics,0,312,220.94069255263383,10671.37665634081,190.84745436036405,11083.164803253809,1373.9196303028366,0.0005551321164078632,7.486981639559851,53.697272622405514,0.9806795148709819,2.0809985912251234e-07,0,0.04248194280904442,0.007276329642307161,0.0019531029975041747,1.000719627265339
0.0276875,55,physics,0,312,253.01503187691313,10931.34087590403,170.65282696347953,11355.008734744424,1384.2580277861805,0.0005593093450816608,7.570730689617553,64.62125738910274,0.9767490688881415,2.0878325468487438e-07,0,0.041993518199500215,0.0073164878223947625,0.0019531029975041747,1.0007219535220209
0.02775,55,physics,0,312,283.2734887538594,11204.747101030229,150.75995140703134,11638.78054119112,1394.6743035377021,0.0005635180404634681,7.660298855527292,71.37733897135364,0.974318111384147,2.097809774781468e-07,0,0.04158554511949304,0.00735098668837092,0.0019531029975041747,1.0007208798644187
0.0278125,55,physics,0,312,289.1598316204205,11488.881362715361,152.09996642695472,11930.141160762736,1405.1688695446194,0.0005677583690166877,7.747412940808178,72.44698571934128,0.9739328159186432,2.1131261007667506e-07,0,0.041273383299996004,0.007377395251896747,0.0019531029975041747,1.0007215956360254
0.027875,55,physics,0,312,270.7359413324973,11778.156732976182,175.8304518018962,12224.723126110575,1415.7425991837529,0.0005720306836291538,7.824202280307539,67.68908138041795,0.9756448511775986,2.1331183219785993e-07,0,0.04105140598334605,0.007408203447358059,0.0019531029975041747,1.0007257113326995
0.0279375,55,physics,0,312,250.88350262652133,12065.277464230112,201.79646598435016,12517.957432840984,1426.3956980008907,0.0005763350673516254,7.885235546875621,58.38192095339511,0.9789937237511283,2.1560066709724887e-07,0,0.040907279189878167,0.007464293443462215,0.0019531029975041747,1.0007257113326995
0.028,55,physics,0,312,254.35476089400993,12344.270407112184,206.86791583935687,12805.493083845551,1437.128869160245,0.0005806718042975463,7.931043388759275,46.94568312028634,0.9831086449348037,2.1824358498179203e-07,0,0.04081182994630515,0.0075206675974364735,0.0019531029975041747,1.0007260692201667
0.028,56,refine,0,322,254.35476089400993,12344.270407112184,206.86791583935687,12805.493083845551,1437.128869160245,0.0005806718042975462,7.931043388759275,46.94568312028634,0.9831086449348037,2.1824358498179203e-07,0,0.04081182994630515,0.0075206675974364735,0.0019531029975041747,1.0007260692201667
0.0280625,56,physics,0,322,284.2357257726988,12612.852339065954,186.8922747623433,13083.980339600996,1447.9428742528903,0.0005850412021877289,7.963853295065644,36.44152883527439,0.9868891754758621,2.2065067639687228e-07,0,0.040717116681847285,0.007576578584788505,0.0019531029975041747,1.000729111268806
0.028125,56,physics,0,322,318.23822019765254,12876.833955616492,161.4087555369639,13356.480931351109,1458.838355926399,0.000589443520683873,7.990511135978437,29.66084805285901,0.9893287162108719,2.2281076539343314e-07,0,0.04053370508572029,0.007631501062182363,0.0019531029975041747,1.0007357322301629
0.0281875,56,physics,0,322,329.68646896801874,13143.005143422204,155.4357239781081,13628.12733636833,1469.815693070349,0.0005938789128762829,8.01943685715691,28.464750372631993,0.9897590663326963,2.2444290692646944e-07,0,0.04028878920936304,0.007685292334194664,0.0019531029975041747,1.0007385953621546
0.02825,56,physics,0,322,313.62238982317604,13418.542825276421,175.42785530231006,13907.593070401908,1480.875718844172,0.0005983477154029596,8.058442451368565,33.30471738064283,0.9880177924203407,2.2554357936854799e-07,0,0.03994908437983131,0.00773819870259755,0.0019531029975041747,1.0007425321820185
0.0283125,56,physics,0,322,291.98114867389154,13707.65231440062,202.90070053880095,14202.534163613313,1492.0189895904246,0.0006028501530540686,8.112587698824186,43.04167932342621,0.9845146788631902,2.2622312645381742e-07,0,0.03956247956353671,0.007790738648103138,0.0019531029975041747,1.000745753227972
0.028375,56,physics,0,322,292.33228005491696,14011.88340921776,212.46526222094298,14516.680951493621,1503.2460785493995,0.0006073864574473039,8.18295844793145,55.27031126618909,0.9801152078701934,2.2676879929406413e-07,0,0.039083322872151945,0.007843752671667648,0.0019531029975041747,1.0007491532321702
0.0284375,56,physics,0,322,321.33095056677774,14331.626483712871,196.32221893054447,14849.279653210195,1514.5576929411277,0.0006119569143348625,8.266888899153317,67.01140978250896,0.9758911237502508,2.2730056947750607e-07,0,0.03862044398934349,0.00789792916854471,0.0019531029975041747,1.0007525532479198
0.0285,56,physics,0,322,358.6013718770868,14666.586300118492,171.46756738997823,15196.655239385556,1525.9541476209774,0.0006165616509340311,8.358766019028433,75.45839754984755,0.9728521378100322,2.283335565067545e-07,0,0.038246699960480565,0.007953863249849242,0.0019531029975041747,1.0007539848369544
0.0285,57,refine,0,370,358.6013718770869,14666.58630011849,171.46756738997823,15196.655239385555,1525.9541476209777,0.000616561650934031,8.358766019028433,75.45839754984755,0.9728521378100322,2.283335565067545e-07,0,0.038246699960480565,0.007565589855672004,0.0019531029975041747,1.0007539848369544
0.0285625,57,physics,0,370,376.17200220147527,15011.787728341627,163.09902198488044,15551.058752527984,1537.436612174311,0.0006212011398156808,8.593487439381535,78.52237818401237,0.9717498521147314,2.2978851443866696e-07,0,0.03793301382264499,0.007618570342142518,0.0019531029975041747,1.0007554164280368
0.028625,57,physics,0,370,364.31552989820796,15368.205088619794,181.81618722442474,15914.336805742427,1549.0054722884308,0.0006258755368167356,8.683833516079886,75.7010513569683,0.9727648522344495,2.3169130969336075e-07,0,0.03770515774315046,0.007666545570494333,0.0019531029975041747,1.0007572059197698
0.0286875,57,physics,0,370,340.91677183262414,15725.419483760435,212.0829042369384,16278.419159829999,1560.661318790959,0.000630585080661049,8.758090865932179,67.76732251185561,0.9756192323762972,2.3396427906163819e-07,0,0.037546708736750256,0.007705468007282333,0.0019531029975041747,1.000759174364372
0.02875,57,physics,0,370,335.22886590634533,16076.070351809718,227.13906217464884,16638.438279890714,1572.4048785917187,0.0006353300650564762,8.813839845401521,56.76106069096869,0.9795791021612,2.3663199755219474e-07,0,0.037458443967978476,0.0077458364997795345,0.0019531029975041747,1.0007598901633692
0.0288125,57,physics,0,370,360.48608881537405,16416.6534810223,213.61401659670034,16990.753586434374,1584.2367168943001,0.0006401107183734827,8.853544768726069,45.52347829020216,0.9836221029474589,2.39247333055914e-07,0,0.037368391237641116,0.0078050966869513076,0.0019531029975041747,1.0007632902155972
0.028875,57,physics,0,370,400.67236733460356,16749.702909310636,184.8446191078498,17335.21989575309,1596.1570370055774,0.0006449271227581943,8.882470060283406,37.002205813931894,0.9866878186114665,2.415952469192461e-07,0,0.03724410242325922,0.00786323435155688,0.0019531029975041747,1.0007634691660345
0.0289375,57,physics,0,370,425.1521974137208,17082.648279538305,168.8904271397459,17676.69090409177,1608.1662518508292,0.0006497794450530364,8.90947458438251,33.49948164115113,0.9879479861679309,2.435160570968267e-07,0,0.037051738106353926,0.007920045737716168,0.0019531029975041747,1.0007679429373655
0.029,57,physics,0,370,418.327641855798,17423.86414481129,181.71992594616583,18023.911712613255,1620.2641007461746,0.0006546675799287078,8.943937917560438,36.01566184039395,0.9870427841999527,2.4492380035212607e-07,0,0.0367704205740366,0.00797600536870898,0.0019531029975041747,1.000772595680765
0.029,58,refine,0,412,418.327641855798,17423.86414481129,181.71992594616583,18023.911712613255,1620.2641007461746,0.0006546675799287078,8.943937917560438,36.01566184039395,0.9870427841999527,2.4492380035212607e-07,0,0.03734724774373926,0.00712402830679498,0.0019530962454155087,1.000772595680765
0.0290625,58,physics,0,412,395.26197056303516,17777.669408694022,211.5219449743114,18384.45332423137,1632.4560075659742,0.0006595937189012115,8.992301900731192,43.98370435080183,0.9841761862214459,2.4588859659502294e-07,0,0.036950185102745996,0.007172960733876661,0.0019530962454155087,1.0007749220605764
0.029125,58,physics,0,412,387.15199852381124,18149.85155960612,230.5723492725231,18767.575907402454,1644.739889563421,0.0006645570204368656,9.061118340719181,55.430287232735694,0.9800582126096317,2.4646446306064675e-07,0,0.036502023891100334,0.007222029647735453,0.0019530962454155087,1.0007717009207389
0.0291875,58,physics,0,412,411.18762497771996,18539.470021558183,221.63295777986275,19172.290604315767,1657.1161786380112,0.0006695576590446264,9.145343091111958,67.51945026223981,0.9757090960980885,2.4703619772026254e-07,0,0.03605736999449533,0.007271545316464438,0.0019530962454155087,1.0007729535849992
0.02925,58,physics,0,412,454.31430901930554,18946.551106593113,194.67894118358686,19595.544356796003,1669.5856301868546,0.0006745959399426357,9.23973851573111,77.31607623922687,0.9721847907267436,2.477546416912447e-07,0,0.03564072113812567,0.007321770255541754,0.0019530962454155087,1.0007751010130936
0.029312500000000002,58,physics,0,412,485.7973806036505,19369.79684081936,177.04297258841035,20032.63719401142,1682.1488742965057,0.0006796721177173154,9.336705495660722,82.52220218907469,0.9703119372219098,2.4893221528543595e-07,0,0.035294965638195216,0.007373088069419888,0.0019530962454155087,1.0007742062508276
0.029375000000000002,58,physics,0,412,485.925546470239,19805.074326912025,187.61502745867102,20478.614900840937,1694.806551843892,0.0006847864513149363,9.428140148472403,81.98728323657988,0.9705045054372609,2.507458045641898e-07,0,0.035039919985646484,0.0074253513608305635,0.0019530962454155087,1.0007761747288688
0.029437500000000002,58,physics,0,412,464.4059480280413,20245.117455826366,218.94636577381297,20928.46976962822,1707.5596583013003,0.0006899393429559966,9.506896342062264,75.97382150648187,0.9726678998341025,2.530396230326913e-07,0,0.034853320854028605,0.007478478261409792,0.0019530962454155087,1.000779395883106
0.029500000000000002,58,physics,0,412,451.75542764038966,20681.558124878495,243.60225856719114,21376.915811086077,1720.4085564905874,0.0006951309392386379,9.568652411595208,66.08771064374879,0.9762245041088675,2.555176621399366e-07,0,0.034688250802138186,0.007532322042654808,0.0019530962454155087,1.0007765326343832
0.029500000000000002,59,refine,0,418,451.7554276403897,20681.558124878495,243.60225856719114,21376.915811086077,1720.4085564905874,0.0006951309392386378,9.568652411595208,66.08771064374879,0.9762245041088675,2.555176621399366e-07,0,0.034688250802138186,0.007517375273118956,0.0019530962454155087,1.0007765326343832
0.029562500000000002,59,physics,0,418,471.1067555031028,21108.161844116683,239.4245118423057,21818.693111462093,1733.3544001322557,0.0007003617063235364,9.613206047498036,54.95875679698012,0.9802282762518483,2.580049098810379e-07,0,0.03452554677187212,0.007571526156038874,0.0019530962454155087,1.0007763536816099
0.029625000000000002,59,physics,0,418,515.8478799358487,21526.821392795842,210.85571325696412,22253.524985988657,1746.3972669566629,0.0007056316756176375,9.645809241129443,45.46438291461331,0.9836439280563416,2.6052084134420247e-07,0,0.034362804938289214,0.00762572702258758,0.0019530962454155087,1.000780648556998
0.029687500000000002,59,physics,0,418,555.118636601685,21943.453993047373,185.54295176713862,22684.115581416198,1759.5381102501012,0.000710941232296191,9.675036780252192,40.214906219825124,0.9855324495787571,2.62810450735174e-07,0,0.034169416312444724,0.0076798302967566795,0.0019530962454155087,1.000783869725635
0.029750000000000002,59,physics,0,418,563.2357627695269,22367.29852197778,188.27052003276043,23118.80480478007,1772.7764486303404,0.0007162901818567449,9.709351196811797,40.73245614569373,0.9853462736528867,2.6454856794089173e-07,0,0.033903069049334204,0.007733628999859103,0.0019530962454155087,1.0007858382226837
0.029812500000000002,59,physics,0,418,545.052336567958,22805.858551296766,216.9245589464059,23567.83544681113,1786.1124225943613,0.0007216785810670922,9.756357438811689,47.042620525718156,0.9830763265896516,2.65797169163307e-07,0,0.03357673508082792,0.007787088632602729,0.0019530962454155087,1.0007881646332786
0.029875000000000002,59,physics,0,418,531.5088954045422,23262.939992350235,244.55629188902498,24039.005179643802,1799.5459428297681,0.0007271063938405666,9.820358165167523,57.65126445928895,0.979259839068776,2.6638434746928386e-07,0,0.03317047643913433,0.007840376991972662,0.0019530962454155087,1.0007892383630694
0.029937500000000002,59,physics,0,418,549.6844077050209,23739.705254519282,245.61483254374744,24535.00449476805,1813.0770142494498,0.0007325736221622196,9.900991909292962,69.97276415069862,0.9748271902294571,2.6696397981140747e-07,0,0.0327684870344524,0.007893850066808764,0.0019530962454155087,1.0007958597222355
0.03,59,physics,0,418,596.9362841758691,24236.292627883675,220.42187472082992,25053.650786780374,1826.704712043238,0.000738079892362577,9.993328078447465,81.05416497913454,0.9708406809115352,2.675354089376471e-07,0,0.03237095939037511,0.00794784656492686,0.0019530962454155087,1.0007971124167354
0.03,60,refine,0,430,596.9362841758691,24236.292627883675,220.4218747208299,25053.650786780374,1826.704712043238,0.0007380798923625769,9.993328078447465,81.05416497913454,0.9708406809115352,2.675354089376471e-07,0,0.03237095939037511,0.007358669872585499,0.0019530962454155087,1.0007971124167354
0.0300625,60,physics,0,430,643.7922923491467,24752.303988917087,194.58031891210229,25590.676600178336,1840.4500650475002,0.0007436337011412951,10.091043551293469,88.30636606664741,0.9682318304572614,2.6869725555656e-07,0,0.03204823895098013,0.007407579658340854,0.0019530962454155087,1.0007999757243375
0.030125,60,physics,0,430,661.5020069880937,25285.408405290647,194.7117832120764,26141.622195490814,1854.2990004718345,0.0007492293623885341,10.186910091168208,90.14328047241781,0.9675710246443924,2.70369799437731e-07,0,0.03178987706667309,0.0074578188073754605,0.0019530962454155087,1.000803196955182
0.0301875,60,physics,0,430,648.899523954476,25828.196047588783,223.3531641399282,26700.448735683185,1868.2521311449404,0.0007548671237176807,10.273498780457187,86.30510861368889,0.9689519205874596,2.7265798507869514e-07,0,0.031602947519402604,0.007509409316897717,0.0019530962454155087,1.0008051654902466
0.03025,60,physics,0,430,633.7462335054772,26371.750114888775,256.07667457185676,27261.57302296611,1882.3102006955237,0.0007605472855918535,10.345804661947565,77.9034745819149,0.971974475768816,2.753058794269234e-07,0,0.03145796965056722,0.007562133414714312,0.0019530962454155087,1.0008114290366663
0.0303125,60,physics,0,430,647.3564254023831,26908.634246875954,263.6556581714677,27819.646330449807,1896.474102569185,0.0007662702090076763,10.402025377711912,67.18178326261403,0.975829997039717,2.7841669858474953e-07,0,0.03136216259762159,0.007615432037764385,0.0019530962454155087,1.0008125027914172
0.030375,60,physics,0,430,694.9517920987623,27436.91500928789,239.61880580823902,28371.485607194896,1910.7444553638438,0.0007720361439095889,10.444462629362068,57.02119184672597,0.9794853131518814,2.813751116548245e-07,0,0.03124753943864464,0.007669031135056028,0.0019530962454155087,1.0008166188619678
0.0304375,60,physics,0,430,749.8289352345671,27961.688472828468,207.20738459233667,28918.724792655372,1925.1221915441233,0.0007778454670598464,10.481073977769148,50.20711254981362,0.9819369629481921,2.840978652329798e-07,0,0.031103569051816698,0.007722274300573853,0.0019530962454155087,1.0008227035190074
0.0305,60,physics,0,430,778.3843127351604,28492.46512598187,197.8658117573324,29468.715250474364,1939.6069760307053,0.0007836980430696781,10.51894072096616,48.709804726183634,0.982475842555494,2.8621108061344124e-07,0,0.030893228067640513,0.007774916348788603,0.0019530962454155087,1.0008235983246334
0.0305,61,refine,0,476,778.3843127351605,28492.465125981867,197.86581175733244,29468.71525047436,1939.6069760307053,0.0007836980430696781,10.51894072096616,48.709804726183634,0.982475842555494,2.8621108061344124e-07,0,0.030893228067640513,0.006874223134955902,0.0019530962454155087,1.0008235983246334
0.0305625,61,physics,0,476,772.9854405790941,29035.46559398385,220.9512861052329,30029.402320668174,1954.2024325864138,0.000789595336120162,10.566939539475754,53.09584898787155,0.980899017784575,2.877183851168754e-07,0,0.030616171678341474,0.006915426790470526,0.0019530962454155087,1.0008253879382851
0.030625,61,physics,0,476,759.7095468356569,29602.35748358265,254.71527314537303,30616.78230356368,1968.9077282922294,0.0007955370096704359,10.630927099995302,62.47070475359063,0.9775264695240868,2.886738270646563e-07,0,0.030285960731269965,0.00695514524615768,0.0019530962454155087,1.000826998593308
0.0306875,61,physics,0,476,773.1922792049481,30192.12429737454,267.4940817063719,31232.81065828586,1983.7231958977786,0.0008015231981679594,10.712214652455485,74.60103084898458,0.9731626824347196,2.8926625006420187e-07,0,0.029921368161274376,0.006994057453535023,0.0019530962454155087,1.0008282513267843
0.03075,61,physics,0,476,823.3405531019234,30805.281908168843,248.319298311456,31876.941759582223,1998.6501759179582,0.0008075544432476689,10.807557182322887,86.61802946566759,0.9688396098569262,2.8984330313619493e-07,0,0.02956061110873098,0.00703355469263827,0.0019530962454155087,1.0008352308705721
0.0308125,61,physics,0,476,886.1873233176818,31441.604065908454,217.11903854103434,32544.91042776717,2013.6894182001772,0.0008136310478853493,10.91035912622325,95.74506930186084,0.9655563028112198,2.9069410167892313e-07,0,0.029232019498843662,0.007074083727165857,0.0019530962454155087,1.0008395259986342
0.030875,61,physics,0,476,926.6715239346325,32098.915489375533,205.60694701902747,33231.19396032919,2028.8419210610098,0.0008197534154507327,11.011854511347577,99.98191256806507,0.9640322082306624,2.920939516926064e-07,0,0.028961899878226307,0.007116748076685093,0.0019530962454155087,1.000842568392164
0.0309375,61,physics,0,476,931.2539376096972,32771.48433440909,227.43967656885619,33930.17794858765,2044.1085076288052,0.0008259218785287628,11.104201881753882,98.55074697888114,0.9645452722347753,2.9416114077918115e-07,0,0.02875891912308904,0.007161443688193703,0.0019530962454155087,1.0008490111384036
0.031,61,physics,0,476,920.6800735108936,33450.3417422973,265.0272599841033,34636.049075792296,2059.4898118396513,0.0008321366932612653,11.182614539442872,92.03331379536975,0.9668900742270641,2.968964274430167e-07,0,0.02862122010212583,0.007208231422854536,0.0019530962454155087,1.0008472214825104
0.031,62,refine,0,480,920.6800735108936,33450.3417422973,265.0272599841033,34636.049075792296,2059.4898118396513,0.0008321366932612653,11.182614539442872,92.03331379536975,0.9668900742270641,2.968964274430167e-07,0,0.02862122010212583,0.007047828741035466,0.0019530962454155087,1.0008472214825104
0.0310625,62,physics,0,480,931.2213459829076,34126.108466436104,285.12999476164043,35342.459807180654,2074.986935276179,0.0008383983047426132,11.244887526263627,82.36161157950414,0.9703695997922869,2.9974384929687414e-07,0,0.0284939830489567,0.007099744983762912,0.0019530962454155087,1.0008461476905104
0.031125,62,physics,0,480,980.8152653800754,34795.11396683025,269.8457196979524,36045.77495190828,2090.600726131217,0.0008447070556850505,11.292877547493378,72.08598021233976,0.9740664891332742,3.026128609917577e-07,0,0.02836754705737279,0.007152049491466409,0.0019530962454155087,1.0008481163100569
0.0311875,62,physics,0,480,1051.3781033818693,35459.86887181847,234.0201532534208,36745.26712845376,2106.3313324430437,0.0008510630059034323,11.332562432779058,64.08514837189023,0.9769449640144593,3.0551166751990856e-07,0,0.028241238907042495,0.007204740971482029,0.0019530962454155087,1.0008515166620306
0.03125,62,physics,0,480,1105.2536486690833,36129.44806623711,212.0818212699997,37446.7835361762,2122.1785053664335,0.0008574660548518642,11.370147801529647,60.69076599868072,0.9781659365468167,3.078489427821297e-07,0,0.028062372218553934,0.007257699377122292,0.0019530962454155087,1.0008538432253007
0.0313125,62,physics,0,480,1121.5304136122545,36814.345551288774,225.23525737293176,38161.11122227396,2138.1418893359078,0.0008639160588641429,11.413832845016548,63.061839153144284,0.977313235769782,3.095169045508324e-07,0,0.027823148511081627,0.007310953248781353,0.0019530962454155087,1.0008572435967313
0.031375,62,physics,0,480,1116.8019282860737,37522.00111805936,260.9701372660186,38899.773183611454,2154.2210628941552,0.0008704128476504746,11.470710953634397,70.84507501819184,0.9745129466543692,3.1050164839285793e-07,0,0.02752468189371315,0.007364471566295739,0.0019530962454155087,1.0008592122381033
0.0314375,62,physics,0,480,1129.288591042567,38255.57687299945,285.362905762273,39670.228369804296,2170.415754647921,0.0008769563115544358,11.543778513456244,82.30307366983423,0.9703909505808223,3.110810036233147e-07,0,0.02719481571169825,0.0074182552551015,0.0019530962454155087,1.0008669078733472
0.0315,62,physics,0,480,1181.9509610749851,39015.76509764651,276.01349455492146,40473.72955327642,2186.7244146312723,0.0008835458243124149,11.631409549408762,94.77883653607742,0.9659032162246027,3.1165711966707487e-07,0,0.026868002585326182,0.007472364413468055,0.0019530962454155087,1.000871561076852
0.0315,63,refine,0,540,1181.9509610749851,39015.76509764651,276.01349455492146,40473.72955327642,2186.724414631272,0.0008835458243124149,11.631409549408762,94.77883653607742,0.9659032162246027,3.1165711966707487e-07,0,0.026868002585326182,0.0074477533677476,0.0019530962454155087,1.000871561076852
0.0315625,63,physics,0,540,1260.9737687592465,39801.764331353785,243.24098754277674,41305.97908765581,2203.178951542622,0.0008901942786314603,11.72614253587994,105.42548861360584,0.9620730722063103,3.122170939562355e-07,0,0.026545031694798455,0.007501742575401286,0.0019530962454155087,1.0008717400466496
0.031625,63,physics,0,540,1328.9131328600197,40616.8301068968,220.35361251643462,42166.09685227325,2219.7572711483303,0.0008968927473382313,11.829311095332248,111.9125835292667,0.9597392755552004,3.1338163264393897e-07,0,0.026276239142494832,0.007556061354133848,0.0019530962454155087,1.0008729928361286
0.0316875,63,physics,0,540,1359.8652419334894,41453.49906962587,231.70930518210002,43045.07361674146,2236.4604466231776,0.0009036416640489118,11.92903557955809,112.9559522193695,0.9593639293268151,3.1515164256035204e-07,0,0.02606102034515954,0.0076106213941433114,0.0019530962454155087,1.00087621430199
0.03175,63,physics,0,540,1363.4996147137633,42303.34311725134,270.00956460026214,43936.85229656536,2253.289270015601,0.0009104413487906097,12.018933969064133,108.60345633137041,0.9609298230014619,3.176514447034157e-07,0,0.025906456323243073,0.0076654531735706405,0.0019530962454155087,1.0008812254917174
0.0318125,63,physics,0,540,1376.5701062439252,43156.37416137202,302.14817492098325,44835.09244253693,2270.2447126076677,0.0009172921940097658,12.095641408836391,100.21766228483625,0.9639466253104187,3.2068283317698816e-07,0,0.02579464382644707,0.007720616974948255,0.0019530962454155087,1.0008856997894613
0.031875,63,physics,0,540,1429.0161459291412,44005.52582166031,299.5480378346955,45734.09000542415,2287.326870125624,0.0009241942383845622,12.15934071460077,90.16808179087964,0.9675620791878777,3.2373874603308623e-07,0,0.025683468577635996,0.007776110103616966,0.0019530962454155087,1.0008880264321927
0.0319375,63,physics,0,540,1515.2713023062693,44850.85174125342,265.3608442467855,46631.48388780648,2304.5349826054926,0.0009311471748516141,12.212196295836122,81.29057595789085,0.9707558671367265,3.2682026329666753e-07,0,0.025572641081169117,0.007832020816693416,0.0019530962454155087,1.000887847459483
0.032,63,physics,0,540,1598.635492324414,45700.025681352716,232.40187637432842,47531.06305005146,2321.8687460316078,0.0009381508805734151,12.260326460218964,76.17058083731065,0.9725978444165442,3.294988246693722e-07,0,0.025429997439883927,0.007888376657459461,0.0019530962454155087,1.0008905320534907
0.032,64,refine,0,586,1598.6354923244141,45700.02568135272,232.40187637432842,47531.06305005147,2321.8687460316078,0.0009381508805734151,12.260326460218964,76.17058083731065,0.9725978444165442,1.6474824171552893e-07,0,0.019572468309861892,0.007280643486911156,0.0009765481227077544,1.0008905320534907
0.0320625,64,physics,0,586,1646.1566353066844,46563.19730927929,232.27166208512958,48441.6256066711,2339.3403303171694,0.0009452102728024227,12.308673533279189,76.46331538170436,0.9724925585681932,1.6571897454298318e-07,0,0.019418813610604952,0.007331961461978522,0.0009765481227077544,1.0008966171598999
0.032125,64,physics,0,586,1661.012992186882,47453.74685878771,265.14885355257,49379.90870452716,2356.9432512293524,0.0009523227315848815,12.370533798292119,82.40414682505582,0.9703554476278802,1.6632961585827386e-07,0,0.01922429720074958,0.007383537005755519,0.0009765481227077544,1.0008991228027035
0.0321875,64,physics,0,586,1679.7595534277698,48374.55902792094,299.56406429954706,50353.882645648264,2374.6787561110887,0.0009594887609096017,12.448177324166757,92.78119877460614,0.9666224772396331,1.6661232660197814e-07,0,0.01899450310330667,0.007435323028441497,0.0009765481227077544,1.0009034182049608
0.03225,64,physics,0,586,1736.9888286071853,49327.1352804703,303.3262284836401,51367.450337561124,2392.547468689041,0.0009667086127932928,12.541592791026684,105.26420165365312,0.9621318876115726,1.6688443071899452e-07,0,0.018766305939055296,0.007487637651311475,0.0009765481227077544,1.0009068187448211
0.0323125,64,physics,0,586,1832.4252322190819,50311.783211092035,274.3511068002116,52418.55955011133,2410.5507807718745,0.0009739828495961332,12.645896227389766,117.0432039955834,0.9578945584243438,1.6715458972527144e-07,0,0.018541211897888907,0.0075402618074323895,0.0009765481227077544,1.0009102192962347
0.032375,64,physics,0,586,1931.5561023360472,51327.90437783678,242.34918932519483,53501.80966949802,2428.68969476032,0.000981311876338058,12.755028744757443,125.54380678767203,0.9548365203048641,1.6747821440787905e-07,0,0.018324597093665622,0.007593376578473237,0.0009765481227077544,1.0009141567912523
0.0324375,64,physics,0,586,1998.1351905730444,52372.19606030999,240.53429346284588,54610.86554434587,2446.96504989388,0.0009886960321137208,12.862104831523565,129.03905142812192,0.9535792308440316,1.681795698260655e-07,0,0.018151939180305478,0.007646897764105016,0.0009765481227077544,1.0009202420412926
0.0325,64,physics,0,586,2027.8905571874443,53437.14684798151,274.300388187816,55739.33779335677,2465.377028464246,0.0009961353905780655,12.961390883504485,127.04255479300869,0.9542975281287882,1.692670510422545e-07,0,0.018021804821959416,0.007700813292208807,0.0009765481227077544,1.0009225687643206
0.0325,65,refine,0,632,2027.8905571874443,53437.14684798151,274.300388187816,55739.33779335677,2465.377028464246,0.0009961353905780653,12.961390883504485,127.04255479300869,0.9542975281287882,1.692670510422545e-07,0,0.018021804821959416,0.007211472121713604,0.0009765481227077544,1.0009225687643206
0.0325625,65,physics,0,632,2052.8147788633414,54510.68658581584,315.3197811306917,56878.821145809874,2483.9285214062256,0.0010036311198130684,13.039114628452952,120.36863271185304,0.9566985538552857,1.707100167891438e-07,0,0.017929679891620805,0.007262671889358704,0.0009765481227077544,1.0009261483487708
0.032625,65,physics,0,632,2111.8414848461507,55587.20949757176,327.674869883277,58026.72585230119,2502.6193789889353,0.0010111831593199792,13.111393587107646,111.02665354172271,0.9600592829490273,1.723286118249236e-07,0,0.017854162579981042,0.0073140814491151895,0.0009765481227077544,1.000930085906452
0.0326875,65,physics,0,632,2214.3702083195876,56662.10186734702,300.6025611488906,59177.074636815494,2521.451053722926,0.0010187920959855682,13.170066912060467,101.69705456179081,0.9634155708133184,1.739535893108268e-07,0,0.017779394641991943,0.007365854469884956,0.0009765481227077544,1.0009313387689627
0.03275,65,physics,0,632,2330.360920994182,57741.0659285779,260.14963444263753,60331.57648401471,2540.424482479466,0.0010264583083525968,13.221094379384533,95.1058055028014,0.9657868919151028,1.75432572468992e-07,0,0.017687996580947152,0.0074181030664475685,0.0009765481227077544,1.0009322336717161
0.0328125,65,physics,0,632,2418.4418221657093,58835.56260641686,244.94381807303475,61498.94824665561,2559.540657698924,0.0010341821974165159,13.272950365104412,93.32595448494142,0.9664272908251448,1.765692676514162e-07,0,0.01756282237077845,0.0074707033800127986,0.0009765481227077544,1.0009325916330416
0.032875,65,physics,0,632,2466.0831571480157,59957.11721140297,269.3425745865693,62692.54294313755,2578.800609714106,0.0010419641794832141,13.33452488341581,97.19387721144889,0.9650360159270288,1.7729944268296565e-07,0,0.01739780358203059,0.007523896176331467,0.0009765481227077544,1.00093867699516
0.0329375,65,physics,0,632,2502.1971254930313,61112.865603586375,309.78248784881714,63924.845216928225,2598.2057505375224,0.0010498048250762316,13.41247092639896,106.08739330117947,0.961836834814878,1.7756668846402593e-07,0,0.017190115363848502,0.007577441981131791,0.0009765481227077544,1.000938855976959
0.033,65,physics,0,632,2569.2315905906703,62305.436273054955,327.9513614420388,65202.61922508766,2617.7565649656963,0.0010577043300775656,13.507007473326656,118.09700942593341,0.9575166370753546,1.7771157523327485e-07,0,0.01697298502203862,0.007631513945673971,0.0009765481227077544,1.0009426146021279
0.033,66,refine,0,712,2569.2315905906707,62305.43627305496,327.9513614420388,65202.61922508767,2617.7565649656963,0.0010577043300775656,13.507007473326656,118.09700942593341,0.9575166370753546,8.885454061413618e-08,0,0.022056180568684268,0.0076002386753153085,0.0004882757493760437,1.0009426146021279
0.0330625,66,physics,0,712,2682.581314797215,63531.352288787566,307.73868340773834,66521.67228699251,2637.454420267436,0.0010656632469320687,13.612758349778282,130.47606067849364,0.9530635623616207,8.894308667350972e-08,0,0.02179216811858601,0.0076542435680383575,0.0004882757493760437,1.000946552224586
0.033125,66,physics,0,712,2816.262352455452,64798.19716343942,270.6132554498685,67885.07277134474,2657.2986576146113,0.0010736813094402863,13.728479044758402,140.59350212089558,0.9494242372830135,8.906484438853105e-08,0,0.021529455290065197,0.007709220498189364,0.0004882757493760437,1.00095138478241
0.0331875,66,physics,0,712,2927.7373500075973,66099.65271057481,254.64000991371745,69282.03007049613,2677.2878323867435,0.0010817579339034281,13.844084619210506,146.37008992077207,0.9473463075351755,8.920557448277575e-08,0,0.021269720209293186,0.00776526099776265,0.0004882757493760437,1.000954606500588
0.03325,66,physics,0,712,2997.57062422044,67429.38812287357,278.7236506027418,70705.68239769676,2697.4208713546905,0.0010898926866833455,13.95157548065503,146.80184360513627,0.9471910967139895,8.952859609223659e-08,0,0.02105619016940746,0.007822287352865104,0.0004882757493760437,1.0009578282291358
0.0333125,66,physics,0,712,3047.566218622732,68776.98476089202,324.3289511543093,72148.87993066906,2717.6962615115744,0.0010980849564497294,14.043901657038253,142.18604964519056,0.948851559817221,9.01273420339521e-08,0,0.020916242047668506,0.00788017862342333,0.0004882757493760437,1.000961407939684
0.033375,66,physics,0,712,3121.1183381741457,70131.35036251489,351.77632606385214,73604.24502675288,2738.112229448978,0.0011063340266570492,14.116414325402584,134.05132635890962,0.951777958862149,9.073585793828447e-08,0,0.02077633171173991,0.007938729227920426,0.0004882757493760437,1.000962839827488
0.0334375,66,physics,0,712,3242.8475459536203,71486.02874214096,336.8674678326623,75065.74375592725,2758.6651183843805,0.001114638419782619,14.169703819103317,124.81515983403746,0.9550990070980584,9.134534728616475e-08,0,0.02063750023499795,0.007997625146190545,0.0004882757493760437,1.0009665985427187
0.0335,66,physics,0,712,3394.7550961234965,72843.10822438226,294.2034870549091,76532.06680756067,2779.3503533336825,0.0011229962873044773,14.210211848303956,117.23102765246468,0.9578274200712638,9.195483663404505e-08,0,0.020500511612125266,0.00805658325420067,0.0004882757493760437,1.0009694623352252
0.0335,67,refine,0,794,3394.7550961234965,72843.10822438226,294.2034870549091,76532.06680756067,2779.3503533336825,0.0011229962873044773,14.210211848303956,117.23102765246468,0.9578274200712638,9.195483663404505e-08,0,0.020500511612125266,0.007370839383665862,0.0004882757493760437,1.0009694623352252
0.0335625,67,physics,0,794,3532.0472499651764,74218.72454849078,264.2598833577027,78015.03168181366,2800.264369070518,0.0011314465936852198,14.250314253180958,113.62524653511666,0.9591247211881545,9.257202293611047e-08,0,0.020364472656930213,0.007421444539576337,0.0004882757493760437,1.0009723261359251
0.033625,67,physics,0,794,3627.2106942504383,75626.90937980314,275.374814150931,79529.4948882045,2821.3358559065914,0.0011399605262509768,14.316571869827216,115.39405188901172,0.958488548923481,9.306590165181212e-08,0,0.020201426277694452,0.007472227744188712,0.0004882757493760437,1.0009762638752657
0.0336875,67,physics,0,794,3696.123056504178,77073.11590369898,316.15449286805074,81085.39345307121,2842.563616823173,0.001148537601346426,14.402873935034082,122.49749471914838,0.9559333468147238,9.31774994938906e-08,0,0.019958793504034605,0.007523307070659811,0.0004882757493760437,1.000979127695425
0.03375,67,physics,0,794,3783.2923277579716,78561.30883758966,347.55698738138517,82692.15815272901,2863.9459673130873,0.0011571771383465767,14.506749177817275,133.52541613358935,0.9519666712019093,9.328997485624776e-08,0,0.019718538936119544,0.007574505250167909,0.0004882757493760437,1.0009843183903475
0.0338125,67,physics,0,794,3919.1001441263625,80092.1101437789,340.60731845608836,84351.81760636136,2885.4816104229626,0.0011658786132175214,14.623410339430682,146.0977426483119,0.9474440910280758,9.339793649587596e-08,0,0.019480448789257518,0.0076260603142650485,0.0004882757493760437,1.0009907620490774
0.033875,67,physics,0,794,4091.1423292463696,81665.17964461648,303.9561629273354,86060.27813679019,2907.1685237616025,0.0011746412088122584,14.745966976657554,157.48753223485048,0.9433470923112884,9.350194574153643e-08,0,0.01924475202814553,0.007677915278392409,0.0004882757493760437,1.0009923729702412
0.0339375,67,physics,0,794,4256.45848960166,83278.73875428044,275.22882820355136,87810.42607208564,2929.003686619736,0.001183463704613447,14.865147864826458,165.34141871499807,0.9405227112088085,9.360547892356407e-08,0,0.019011492370554793,0.00773012860586832,0.0004882757493760437,1.0009984586958118
0.034,67,physics,0,794,4381.777850486942,84927.58595835319,285.30968617773897,89594.67349501788,2950.9833882530666,0.0011923446012951499,14.969964148062484,168.1849255043945,0.9394997359966849,9.370378073469961e-08,0,0.018780138231306847,0.007782701028295829,0.0004882757493760437,1.0010013225794712
0.034,68,refine,0,852,4381.777850486942,84927.58595835319,285.30968617773897,89594.67349501788,2950.9833882530666,0.0011923446012951499,14.969964148062484,168.1849255043945,0.9394997359966849,9.370378073469961e-08,0,0.018780138231306847,0.007497949384717524,0.0004882757493760437,1.0010013225794712
0.0340625,68,physics,0,852,4474.253465849946,86608.89069232452,329.2296826145797,91412.37384078905,2973.188971846591,0.001201316765564777,15.059847115694684,165.71148707469362,0.9403896846431605,9.406802270461883e-08,0,0.018603062237106904,0.007551949327993751,0.0004882757493760437,1.0010015015724718
0.034125,68,physics,0,852,4575.394382099374,88309.751687804,369.9946858581531,93255.14075576153,2995.561660106013,0.0012103564484612552,15.147044346153145,159.0013301724698,0.9428035368762919,9.469596662370355e-08,0,0.01847942411801626,0.007606554572229342,0.0004882757493760437,1.0010054394265862
0.0341875,68,physics,0,852,4722.851215355434,90019.00688401371,371.78794453002365,95113.64604389916,3018.1016841998267,0.0012194637433881952,15.230241721851462,150.12019850515796,0.9459980726277226,9.533200184819173e-08,0,0.01835620998048883,0.007661629228431469,0.0004882757493760437,1.0010068713773776
0.03425,68,physics,0,852,4914.817137012495,91735.65599330797,334.1369223500536,96984.61005267051,3040.807623653819,0.0012286380764031037,15.307491640538883,141.73108196625088,0.9490156989393193,9.596908867592912e-08,0,0.01823452457783565,0.007717049518211689,0.0004882757493760437,1.0010106302579513
0.0343125,68,physics,0,852,5110.811811517691,93467.84333313163,293.07309249829115,98871.72823714762,3063.677089277333,0.0012378784821536859,15.383291324443185,136.37842398163713,0.950941274865091,9.660820055046301e-08,0,0.018113722548944465,0.0077728073521605,0.0004882757493760437,1.0010109882473135
0.034375,68,physics,0,852,5270.125121466708,95228.59200305134,287.4618101259434,100786.17893464399,3086.7081217447176,0.0012471841689745678,15.461776636117117,135.87944998538225,0.9511209780397928,9.691414692980531e-08,0,0.01793002757078847,0.007828843547210178,0.0004882757493760437,1.0010190430418104
0.0344375,68,physics,0,852,5391.34162893682,97029.19745566866,322.0317331179489,102742.57081772343,3109.897210793304,0.001256553718544398,15.546770686131966,140.81032811346574,0.9493474883059396,9.700928149669601e-08,0,0.017711108903054856,0.007885040608144642,0.0004882757493760437,1.0010265609084845
0.0345,68,physics,0,852,5514.127256632091,98875.37328317863,363.24736616858684,104752.7479059793,3133.240527664051,0.0012659855838533904,15.638002942333598,150.34131035008767,0.9459191528504383,9.761680175301986e-08,0,0.017588686955066806,0.007941592634904286,0.0004882757493760437,1.001030677859398
0.0345,69,refine,0,928,5514.127256632091,98875.37328317862,363.24736616858684,104752.7479059793,3133.240527664051,0.0012659855838533904,15.638002942333598,150.34131035008767,0.9459191528504383,9.761680175301986e-08,0,0.017588686955066806,0.007451299453865603,0.0004882757493760437,1.001030677859398
0.0345625,69,physics,0,928,5681.023275137062,100775.54437592498,372.07380717941726,106828.64145824146,3156.817518606831,0.0012755118651524692,15.733321815984455,162.45043060109313,0.9415633170916722,9.812984202994811e-08,0,0.017447398441415032,0.007504335256150365,0.0004882757493760437,1.001032646841907
0.034625,69,physics,0,928,5897.318525312427,102729.0662315408,342.0173598260038,108968.40211667922,3180.5720114466067,0.00128510986607879,15.85070618655426,174.5452707910698,0.9372127173168393,9.864106331747284e-08,0,0.017307974293055573,0.007557908492030044,0.0004882757493760437,1.0010385538126723
0.0346875,69,physics,0,928,6126.131476634044,104732.44516834381,304.17452152000396,111162.75116649785,3204.504394043951,0.0012947797433473856,15.979680650680814,184.0924965395012,0.933778491775264,9.91569848451944e-08,0,0.01716950751491727,0.007611904945423449,0.0004882757493760437,1.0010399858108343
0.03475,69,physics,0,928,6323.614300132793,106782.21931838014,298.21638322117224,113404.0500017341,3228.613082295732,0.001304520856901511,16.10709747221801,189.23126813749448,0.9319303204961212,1.0010120199410706e-07,0,0.017104731302575615,0.007666382423117224,0.0004882757493760437,1.0010417758114174
0.0348125,69,physics,0,928,6479.652602795026,108870.12374574965,334.6658924750749,115684.44224101976,3252.895180532805,0.0013143320367462793,16.225377406365425,189.19943076825558,0.9319418216139568,1.0119230431371316e-07,0,0.017064937241647076,0.007721220011553463,0.0004882757493760437,1.0010417758114174
0.034875,69,physics,0,928,6627.523976345412,110983.96051366834,384.18967756958324,117995.67416758333,3277.348092382389,0.001324212233817474,16.328774552448078,184.47423885207135,0.933641872021274,1.0229198466049637e-07,0,0.017025355918913722,0.0077763556051255135,0.0004882757493760437,1.0010469668312092
0.0349375,69,physics,0,928,6813.547550763135,113112.08237808598,403.8802297466111,120329.51015859573,3301.9684459400873,0.0013341600856973926,16.41424863905368,176.68786055574333,0.9364430777075671,1.0383807058644852e-07,0,0.017056835838083564,0.007831725480507935,0.0004882757493760437,1.0010510838660467
0.035,69,physics,0,928,7053.7613141262755,115249.32261059797,377.0330865890535,122680.1170113133,3326.750488645189,0.0013441732680643374,16.481929339255757,168.24822645498654,0.9394789455440258,1.0554328788714433e-07,0,0.01711097220824631,0.007887333795867165,0.0004882757493760437,1.0010534108932274
0.035,70,refine,0,1036,7053.7613141262755,115249.32261059797,377.0330865890535,122680.1170113133,3326.7504886451893,0.0013441732680643374,16.481929339255757,168.24822645498654,0.9394789455440258,1.0554328788714433e-07,0,0.01711097220824631,0.007522989910448779,0.0004882757493760437,1.0010534108932274
0.0350625,70,physics,0,1036,7317.688589994223,117408.69119685989,329.54361037917636,125055.92339723329,3351.78345395499,0.0013542878356896122,16.5390950842408,161.75654895088712,0.9418142416356359,1.0696816765687359e-07,0,0.017117413525157343,0.007573885804748433,0.0004882757493760437,1.0010544849075966
0.035125,70,physics,0,1036,7557.771320770004,119603.73658358507,306.39797936438794,127467.90588371945,3377.004921468482,0.0013644785676151668,16.61051840606441,159.36277661404458,0.9426754330778894,1.0811461415016781e-07,0,0.017076217318882665,0.007625186593561872,0.0004882757493760437,1.0010557379258174
0.035187500000000003,70,physics,0,1036,7754.360242562252,121843.95240281841,328.49767762659053,129926.81032300726,3402.4145267155045,0.0013747453165768614,16.700817162592077,162.18400726314331,0.9416607614476908,1.0926920701592727e-07,0,0.01703489129886948,0.007676715461167966,0.0004882757493760437,1.0010548429126425
0.035250000000000004,70,physics,0,1036,7935.439313281558,124137.8836113988,373.81550570248146,132447.13843038285,3428.0097676575356,0.0013850870716262292,16.80693771363398,169.98892325719729,0.9388535817212851,1.099839757046084e-07,0,0.016924431615688153,0.007728551458783716,0.0004882757493760437,1.001054126902679
0.035312500000000004,70,physics,0,1036,8149.778251016993,126488.27115740081,399.0251355421731,135037.07454395999,3453.7874818801183,0.0013955025549899614,16.925919552191587,181.27832423286694,0.9347925627813345,1.1055262305603723e-07,0,0.01679195392406099,0.0077807252469098065,0.0004882757493760437,1.0010534108932274
0.035375000000000004,70,physics,0,1036,8420.434739960208,128894.80963776185,381.3857548059191,137696.630132528,3479.7443005331047,0.0014059904054844236,17.051154428222077,193.6773622332645,0.9303328042574021,1.1112239484134533e-07,0,0.016660491412466408,0.00783327574493155,0.0004882757493760437,1.001058601973354
0.035437500000000004,70,physics,0,1036,8723.419768043206,131356.11168862064,340.11150268393095,140419.64295934778,3505.875005967087,0.0014165485149187878,17.17359060850447,204.6045806669549,0.9264023336632021,1.1169701608082487e-07,0,0.01652986874868088,0.00788604848351084,0.0004882757493760437,1.0010620030404467
0.035500000000000004,70,physics,0,1036,9010.852217536809,133868.85364713654,317.7819015918294,143197.48776626517,3532.173600068761,0.0014271744597558512,17.286052717645557,211.88721201019555,0.9237830484735579,1.1227097651556032e-07,0,0.01640072328761105,0.007939010815296002,0.0004882757493760437,1.0010628980600231
0.035500000000000004,71,refine,0,1084,9010.852217536809,133868.85364713654,317.7819015918294,143197.48776626517,3532.173600068761,0.0014271744597558512,17.286052717645557,211.88721201019555,0.9237830484735579,1.1227097651556032e-07,0,0.01640072328761105,0.007409625487593686,0.0004882740613538772,1.0010628980600231
0.035562500000000004,71,physics,0,1084,9255.390463807737,136442.29546123568,340.2376434445607,146037.92356848798,3558.7525953862337,0.0014379137006817026,17.390633425659185,214.25537391420013,0.9229300367120294,1.1285155743223644e-07,0,0.016271958773349804,0.007461304668609968,0.0004882740613538772,1.0010646881015766
0.035625000000000004,71,physics,0,1084,9475.897986968623,139056.86859696876,391.7408771475225,148924.50746108493,3585.5307311097026,0.0014487334042726212,17.49411262887567,211.6955610008269,0.9238507200270595,1.1397694699155655e-07,0,0.01622220831935728,0.007513323534820687,0.0004882740613538772,1.0010628980600231
0.035687500000000004,71,physics,0,1084,9720.288307388559,141698.64200835314,428.5107075066511,151847.44102324834,3612.5060340851433,0.001459632773275881,17.592545028860343,205.2903099414297,0.9261552364092347,1.1519278331206806e-07,0,0.016183086472992263,0.007565490655398941,0.0004882740613538772,1.0010645090972772
0.035750000000000004,71,physics,0,1084,10021.41675791351,144359.17505269402,418.88630443620684,154799.47811504372,3639.6750508828245,0.0014706104123334723,17.683046782879277,197.12897364666182,0.9290909421882547,1.1641868269407508e-07,0,0.016143945937386498,0.0076179180590192595,0.0004882740613538772,1.001066836155666
0.035812500000000004,71,physics,0,1084,10365.839569352775,147039.4918916381,373.1049715296489,157778.43643252054,3667.0339768997437,0.0014816647841958558,17.76741601544252,189.7463401058723,0.9317465049965981,1.1765072116531891e-07,0,0.016105308030986046,0.007670362846829935,0.0004882740613538772,1.0010691632194642
0.035875000000000004,71,physics,0,1084,10705.885975306841,149749.86571249337,334.4057026853534,160790.15739048558,3694.5780993888225,0.001492793984677949,17.847555606307758,185.52765174678424,0.9332640177400952,1.1890003293046885e-07,0,0.016065661321545282,0.007723154427833465,0.0004882740613538772,1.0010745333873363
0.035937500000000004,71,physics,0,1084,11005.093828539459,152503.8774545748,338.49983748674686,163847.471120601,3722.299850896311,0.0015039949561506674,17.92500006918644,186.07138070996137,0.9330686130152777,1.195925136698862e-07,0,0.015951432349589612,0.007775979326036148,0.0004882740613538772,1.0010777555018873
0.036000000000000004,71,physics,0,1084,11273.811289984882,155311.4253883866,380.0570898617763,166965.29376823324,3750.190130587017,0.0015152640214222768,18.00649464927712,191.77301751613805,0.931020310011864,1.2020541895196873e-07,0,0.015827668092094942,0.00782925292159587,0.0004882740613538772,1.0010854528175168
0.036000000000000004,72,refine,0,1112,11273.81128998488,155311.4253883866,380.0570898617763,166965.29376823324,3750.190130587017,0.0015152640214222768,18.00649464927712,191.77301751613805,0.931020310011864,1.2020541895196873e-07,0,0.015827668092094942,0.0076000543882155415,0.0004882740613538772,1.0010854528175168
0.0360625,72,physics,0,1112,11559.053688672497,158202.3328515297,418.5238567613491,170179.91039696353,3778.4088787368946,0.0015266658043485192,18.10733348493685,201.70261192547983,0.9274472051244825,1.2041754526848083e-07,0,0.015651434237220922,0.007649709121656942,0.0004882740613538772,1.0010902860459514
0.036125,72,physics,0,1112,11900.64778513459,161161.51446204624,417.7036594178618,173479.8659065987,3806.8357252262053,0.001538151669392114,18.23199833394371,213.8495061151179,0.9230786417401123,1.2037632668437934e-07,0,0.015445901702001462,0.007699336480406566,0.0004882740613538772,1.0010902860459514
0.0361875,72,physics,0,1112,12292.517834616652,164186.54228698043,380.52392913138647,176859.58405072847,3835.4665745959564,0.0015497199617831815,18.368430684762576,225.70437259875067,0.9188156682011923,1.203268578109373e-07,0,0.015242655493250839,0.007749020515984326,0.0004882740613538772,1.0010929711829424
0.03625,72,physics,0,1112,12689.870936196667,167275.39304065524,345.67535595410834,180310.939332806,3864.297544421501,0.0015613691128283508,18.505078310858732,235.03242362985145,0.9154583038759865,1.2027298446071194e-07,0,0.01504120397946851,0.007798804217482845,0.0004882740613538772,1.0010954773172986
0.0363125,72,physics,0,1112,13051.293249810115,170422.6236065024,350.7581344670879,183824.6749907796,3893.323143127252,0.001573096903656944,18.630998947452206,240.12023165764327,0.9136338293907065,1.2029469687036006e-07,0,0.014852429657806993,0.007848780153990884,0.0004882740613538772,1.0011024587246582
0.036375,72,physics,0,1112,13377.22704984087,173617.28923031228,396.5940005412602,187391.1102806944,3922.5353059232843,0.0015849000756912339,18.736200850680465,240.34027117798112,0.9135548713187263,1.2089724776842548e-07,0,0.014737626758211745,0.007899180618927255,0.0004882740613538772,1.0011063969759293
0.0364375,72,physics,0,1112,13709.797347608615,176844.4659747489,445.6377211408625,190999.90104349836,3951.922596607965,0.0015967740081348626,18.82151690469842,236.23679896913,0.9150310586401106,1.21501692262882e-07,0,0.014623596841982195,0.007950051908037358,0.0004882740613538772,1.0011103352426933
0.0365,72,physics,0,1112,14094.475098031326,180091.28938848746,455.6547456011906,194641.41923212,3981.4747204856635,0.0016087145414168803,18.89521097489746,229.47350387335868,0.9174638521414245,1.2210811561885754e-07,0,0.014510732723298428,0.008001151104667554,0.0004882740613538772,1.001113736485548
0.0365,73,refine,0,1190,14094.475098031327,180091.28938848746,455.65474560119065,194641.41923212,3981.474720485664,0.0016087145414168803,18.89521097489746,229.47350387335868,0.9174638521414245,1.2210811561885754e-07,0,0.014510732723298428,0.007581078445923271,0.0004882740613538772,1.001113736485548
0.0365625,73,physics,0,1190,14535.472922724399,183395.14181118883,419.09603345070184,198349.71076736395,4011.4339075052108,0.0016208195485287935,18.967424851493327,222.21632579891147,0.920074157516532,1.2271388172280258e-07,0,0.01439921435908559,0.007633870626282581,0.0004882740613538772,1.0011151685912598
0.036625,73,physics,0,1190,14995.071120586506,186739.95346389653,370.87634456827516,202105.9009290513,4041.6182929838856,0.0016330155470600514,19.052704297768468,216.97938614282702,0.921958176809113,1.2331760146366832e-07,0,0.014289105938768703,0.007686879879519993,0.0004882740613538772,1.0011164216854382
0.0366875,73,physics,0,1190,15426.118553296505,190137.4334500436,355.42024295590227,205918.97224629603,4072.0298981337573,0.0016453033536812285,19.150896196878374,215.77452165713058,0.9223917571633626,1.238324323082906e-07,0,0.014170444221261326,0.00774004923234406,0.0004882740613538772,1.0011205390059248
0.03675,73,physics,0,1190,15818.676771878912,193602.1838235785,385.5551674358883,209806.4157628933,4102.670425780628,0.001657683656418954,19.261765820633748,219.54487353170555,0.9210358474187655,1.247611409738169e-07,0,0.014099845857713674,0.0077934450779333095,0.0004882740613538772,1.0011235822536895
0.0368125,73,physics,0,1190,16209.936456076035,197142.61689128852,431.0558599110788,213783.60920727564,4133.541546778295,0.0016701571303815712,19.381790957884245,227.94408155052912,0.9180141625020645,1.2606828381223054e-07,0,0.014071247265551404,0.007847072998436027,0.0004882740613538772,1.0011246563433447
0.036875,73,physics,0,1190,16648.80135106968,200760.96107037473,448.7189309522703,217858.4813523967,4164.644762435812,0.001682724382172881,19.51941458702567,239.44191233780612,0.913878503180027,1.2667486704032156e-07,0,0.013964935682977056,0.00790124339949099,0.0004882740613538772,1.0011264464953307
0.0369375,73,physics,0,1190,17149.46103587858,204456.97004706901,423.58674842380697,222030.0178313714,4195.979663579607,0.0016953852464663356,19.674347895681215,251.75339665927189,0.9094492421322604,1.2728487508439917e-07,0,0.01385972222342258,0.007955844096047241,0.0004882740613538772,1.0011302058249207
0.037,73,physics,0,1190,17678.889731680116,208228.61341136473,383.0116116333988,226290.51475467824,4227.541438192446,0.0017081377789667518,19.830866713845193,262.44346869410026,0.905604244772939,1.2789556791403814e-07,0,0.013755244139962243,0.00801087877423562,0.0004882740613538772,1.0011366504227752
0.037,74,refine,0,1280,17678.889731680116,208228.61341136473,383.01161163339884,226290.51475467824,4227.541438192446,0.0017081377789667518,19.830866713845193,262.44346869410026,0.905604244772939,1.2789556791403814e-07,0,0.013755244139962243,0.0076149008200058505,0.0004882740613538772,1.0011366504227752
0.0370625,74,physics,0,1280,18130.691020917246,212072.77088186613,370.025275388816,230573.4871781722,4258.84664945811,0.00172078664706448,20.109493396673678,266.93770430269745,0.9039906251773618,1.2850566832867095e-07,0,0.013651705403702849,0.007663138089014057,0.0004882740613538772,1.0011387986312792
0.037125,74,physics,0,1280,18515.069127028575,215983.20101096714,402.9162074937102,234901.18634548943,4290.145969101781,0.0017334331346518773,20.24558653303612,266.97176961792445,0.9039948016940367,1.29566927853375e-07,0,0.013597003108216689,0.007711849699670846,0.0004882740613538772,1.001143990154194
0.0371875,74,physics,0,1280,18972.17791913866,219948.9475317928,456.4980076515712,239377.62345858302,4322.416442368594,0.0017464720167865088,20.35923958209004,265.31829083468403,0.9045725885913417,1.309051782527604e-07,0,0.013571333669690013,0.007760879104612136,0.0004882740613538772,1.0011490026846221
0.03725,74,physics,0,1280,19469.519368554127,223958.86456422973,485.76585244722156,243914.14978523107,4354.939692928872,0.0017596130335663118,20.465555286378603,260.3782333537805,0.9063474753928085,1.3225442785369518e-07,0,0.013545867177005302,0.007810213769294542,0.0004882740613538772,1.0011516879791036
0.0373125,74,physics,0,1280,20030.70881884583,228006.49129150703,466.5671736861226,248503.76728403897,4387.704782375597,0.0017728517653287815,20.570600553899464,253.98902679858256,0.9086438143348357,1.336136001839351e-07,0,0.013520541345665153,0.007859821415983211,0.0004882740613538772,1.0011543732807877
0.037375,74,physics,0,1280,20632.767418744108,232095.2255138444,418.13264405334536,253146.12557664185,4420.707808058975,0.0017861866352085792,20.672266788127818,248.47195986090836,0.9106269020477306,1.3498303630399262e-07,0,0.013494734668409733,0.007909756600485549,0.0004882740613538772,1.0011601019484528
0.0374375,74,physics,0,1280,21226.697947954828,236237.1084387814,385.6154478975939,257849.4218346338,4453.9431002723,0.0017996153523611607,20.772089451492036,245.97000492458102,0.9115249642270159,1.3626570716240852e-07,0,0.013460002349207965,0.007959977054982123,0.0004882740613538772,1.0011654726041597
0.0375,74,physics,0,1280,21784.112981239236,240446.17003053808,397.8527026985512,262628.1357144759,4487.403594534303,0.0018131350623834318,20.867767810543054,247.8939489523442,0.9108316651038754,1.3690182854020347e-07,0,0.013361026263026104,0.008010448048088597,0.0004882740613538772,1.0011717384055643
0.0375,75,refine,0,1336,21784.112981239232,240446.17003053805,397.8527026985512,262628.1357144758,4487.403594534304,0.001813135062383432,20.867767810543054,247.8939489523442,0.9108316651038754,1.3690182854020347e-07,0,0.013361026263026104,0.0074098548216256065,0.0004882740613538772,1.0011717384055643
0.0375625,75,physics,0,1336,22324.558883584185,244748.45887086203,440.9613001570558,267513.97905460326,4521.169106050029,0.0018267780146026275,20.965073704590214,254.4995800796835,0.9084563187748214,1.375408764658916e-07,0,0.013262628546302621,0.007461027621979106,0.0004882740613538772,1.0011772881481278
0.037625,75,physics,0,1336,22897.743537637944,249141.8906278947,472.7593407526706,272512.3935062853,4555.188287822834,0.0018405234622688453,21.081864573980447,264.874350941822,0.9047246928833252,1.375170484152477e-07,0,0.013101438299909902,0.007512496614854765,0.0004882740613538772,1.0011830169469134
0.0376875,75,physics,0,1336,23202.310042103414,253617.0678763865,463.96677273596765,277283.3446912259,4586.713871478873,0.00185326137180128,21.22126263421441,266.9754658253189,0.9039914982477291,1.3739277449076329e-07,0,0.01293267624038123,0.007564352510288823,0.0004882740613538772,1.001188387725546
0.03775,75,physics,0,1336,23210.055800211143,258142.5403554911,427.2820861208911,281779.8782418232,4615.571359620214,0.0018649212375477062,21.367002138997734,266.95289582902905,0.9039921300092247,1.3742574545005915e-07,0,0.012781623526992456,0.007616833981282637,0.0004882740613538772,1.0011964439475163
0.0378125,75,physics,0,1336,23118.550683429334,262698.53053959436,401.0374800952507,286218.11870311893,4643.742546011143,0.001876303803132551,21.505751512939007,266.9682167977984,0.9039897952628461,1.3863740555564171e-07,0,0.012741553295213055,0.007669822082907449,0.0004882740613538772,1.001198950340906
0.037875,75,physics,0,1336,23247.791289648587,267308.98886626813,411.2836032043768,290968.06375912105,4674.2709350623445,0.0018886387962682334,21.62339418351985,266.9786557313075,0.9039900852471839,1.3985372682157062e-07,0,0.012701958128633131,0.007723169087243029,0.0004882740613538772,1.0012037841173052
0.0379375,75,physics,0,1336,23705.0455815599,271986.0742138814,450.1928027702115,296141.3125982115,4708.03757603232,0.001902282204838417,21.712229503265174,266.9913459738604,0.9039909655484067,1.4107702206445094e-07,0,0.012662024515412257,0.007776785327226436,0.0004882740613538772,1.0012098711281905
0.038,75,physics,0,1336,24314.501926623845,276712.03251774795,485.06581947444886,301511.6002638463,4743.1697547511385,0.0019164773588297693,21.782674829653963,266.41887888096943,0.9041913276684234,1.423049891258189e-07,0,0.01262242010418376,0.007830701116129796,0.0004882740613538772,1.0012145259261906
0.038,76,refine,0,1490,24314.50192662384,276712.0325177479,485.06581947444886,301511.6002638462,4743.1697547511385,0.0019164773588297693,21.782674829653963,266.41887888096943,0.9041913276684234,1.423049891258189e-07,0,0.01262242010418376,0.007487510800940174,0.0004882740613538772,1.0012145259261906
0.0380625,76,physics,0,1490,24990.063971787604,281519.93505336903,487.2048304900608,306997.20385564666,4778.859493108095,0.001930897794749261,21.862275206555488,263.4917619168987,0.9052483244902518,1.4393071268159487e-07,0,0.012618975475117167,0.007536266380762441,0.0004882740613538772,1.0012195388097773
0.038125,76,physics,0,1490,25715.023574805527,286387.16204214166,456.99356526958985,312559.17918221676,4814.817607734991,0.0019454266680790874,21.956862882780033,259.4451783660241,0.9067035932965279,1.4595443786902257e-07,0,0.012651062298808427,0.007585111823242228,0.0004882740613538772,1.001229385618465
0.0381875,76,physics,0,1490,26457.79442885833,291316.87935093,422.8431064932944,318197.5168862816,4851.046422289277,0.001960064917692856,22.057506474060368,256.1664398001118,0.9078829725895649,1.4799180547697683e-07,0,0.012682783874519916,0.007634135690363933,0.0004882740613538772,1.0012336824380597
0.03825,76,physics,0,1490,27186.680355832472,296323.152058226,415.323148361898,323925.1555624203,4887.547797421536,0.001974813295386285,22.16321312492582,255.46438209991558,0.9081357763349075,1.4903356948536852e-07,0,0.012628631424106425,0.007683249263457688,0.0004882740613538772,1.001238516382145
0.0383125,76,physics,0,1490,27900.422051049252,301419.0747354849,439.0660573684737,329758.5628439026,4924.323843123946,0.0019896726537015443,22.279411693139604,258.5154521579117,0.9070389033031019,1.4946864901332893e-07,0,0.0125240614400467,0.007732601181160541,0.0004882740613538772,1.0012428132409246
0.038375,76,physics,0,1490,28629.372157886817,306612.6067663847,469.65771937082604,335711.6366436423,4961.375095203184,0.002004643209131278,22.422255579182707,265.52959180568456,0.9045169889178163,1.4989918106778077e-07,0,0.012420653645958747,0.007782131959400186,0.0004882740613538772,1.0012469310812253
0.0384375,76,physics,0,1490,29029.289715408337,311893.03794893937,478.08606721708406,341400.4137315648,4995.627949096639,0.0020184830719870523,22.588195918161876,266.9821460127948,0.9039905380576359,1.503251656487236e-07,0,0.01231838878566251,0.007831662979542575,0.0004882740613538772,1.0012548087359463
0.0385,76,physics,0,1490,28621.856468836653,317147.9616291702,460.94149949826976,346230.75959750515,5023.051716615123,0.002029563643036105,22.75788417028779,266.97705240533463,0.9039948075243984,1.5074660275615762e-07,0,0.012217248025792264,0.007881432809772807,0.0004882740613538772,1.0012585685475495
0.0385,77,refine,0,1598,28621.856468836653,317147.9616291702,460.94149949826976,346230.75959750515,5023.051716615123,0.002029563643036105,22.75788417028779,266.97705240533463,0.9039948075243984,1.5074660275615762e-07,0,0.012217248025792264,0.00741894335668855,0.0004882740613538772,1.0012585685475495
0.0385625,77,physics,0,1598,28160.901453830007,322420.55565356853,440.0011790726358,351021.4582864712,5050.050846301425,0.0020404726392052332,22.919797274200516,266.99245316162643,0.9039898941406783,1.5152694921027895e-07,0,0.012146344331100713,0.007467960800275903,0.0004882740613538772,1.00126143317539
0.038625,77,physics,0,1598,27911.727321524177,327761.8553224404,436.3494976039722,356109.9321415685,5079.098527958301,0.00205220935263412,23.06330837023893,266.9754400471643,0.903990256049961,1.521510437640929e-07,0,0.012063862386262229,0.0075173665718338166,0.0004882740613538772,1.0012651930118686
0.0386875,77,physics,0,1598,28047.64673307719,333210.1728180941,453.3475802113177,361711.16713138256,5111.791069414194,0.0020654187713719206,23.190563813808048,266.979313509809,0.9039942279769468,1.5277286458115224e-07,0,0.011982270827647747,0.00756697465054751,0.0004882740613538772,1.001268057658662
0.03875,77,physics,0,1598,28525.68401098525,338744.5347536254,476.25847815438874,367746.477242765,5147.643673960618,0.0020799050133525595,23.31287958283738,267.002073954841,0.9039908915456317,1.5465807656767062e-07,0,0.01199975219880452,0.007616893022534812,0.0004882740613538772,1.0012725336856843
0.0388125,77,physics,0,1598,29264.27713081262,344348.51256485004,486.63515107883376,374099.4248467415,5185.763751840124,0.0020953074277575475,23.433165091662673,266.9911238711936,0.9039915477573871,1.565546572379617e-07,0,0.012017043375249326,0.007667046014093269,0.0004882740613538772,1.0012741450603104
0.038875,77,physics,0,1598,30108.78399316855,350014.82191813533,478.3450061549329,380601.9509174588,5224.73133466362,0.0021110522764700556,23.54656720489744,266.45865865792774,0.9041594772168446,1.5833806088494366e-07,0,0.012034147440864996,0.007717476086848596,0.0004882740613538772,1.001277009732716
0.0389375,77,physics,0,1598,30983.37914555029,355743.393676258,461.3139637288651,387188.08678553713,5263.9728996060585,0.0021269078276357533,23.646212636936873,264.7356409253677,0.9047796933324004,1.6005721903411548e-07,0,0.012051067413289408,0.0077682379949946465,0.0004882740613538772,1.0012793372850801
0.039,77,physics,0,1598,31869.99643717233,361538.0251618107,451.5037670962058,393859.52536607924,5303.4593567384145,0.002142862327471109,23.73266182478055,263.2321523653722,0.9053210278733086,1.6178569950397998e-07,0,0.01206780624568295,0.007819087755172654,0.0004882740613538772,1.001281843885985
0.039,78,refine,0,1742,31869.996437172333,361538.0251618107,451.5037670962058,393859.52536607924,5303.4593567384145,0.002142862327471109,23.73266182478055,263.2321523653722,0.9053210278733086,8.106189852696843e-08,0,0.009277264324258499,0.007571734184810793,0.0002441370306769386,1.001281843885985
0.0390625,78,physics,0,1742,32762.197252396305,367453.6214674006,456.279119268102,400672.097839065,5343.364754979471,0.002158986100427875,23.830600658139375,263.5347771367844,0.9052126209020326,8.135434370615246e-08,0,0.009277911710959782,0.007622606242399069,0.0002441370306769386,1.001285782842942
0.039125,78,physics,0,1742,33670.71474767376,373475.75146640907,468.93743290138485,407615.40364698425,5383.570341440284,0.0021752311644107434,23.964357516202625,266.7607565131092,0.9040525507443942,8.156428066286016e-08,0,0.00927854930318568,0.007674045832755161,0.0002441370306769386,1.0012890056374324
0.0391875,78,physics,0,1742,34400.66708909166,379602.4694923568,475.9780789587868,414479.1146604073,5422.379123955441,0.0021909118498631354,24.114355659096265,266.9647638989641,0.9040010516103667,8.177194388281357e-08,0,0.009279177300340719,0.007725884223780158,0.0002441370306769386,1.001292049397309
0.03925,78,physics,0,1742,34115.186121495506,385647.14371429954,472.243657131304,420234.57349292637,5452.886473104683,0.0022032383418289607,24.264464676823707,266.9909808439685,0.9039905365089145,8.19704979448943e-08,0,0.009280027852360824,0.007778199431076955,0.0002441370306769386,1.0012968836231892
0.0393125,78,physics,0,1742,33460.72627353412,391642.19441927434,467.2094564582554,425570.13014926674,5480.3927286729,0.0022143522421742344,24.404127907791253,266.9933291071164,0.9039910391629724,8.267204520961959e-08,0,0.009281487063871103,0.007830939346169435,0.0002441370306769386,1.0012961674401046
0.039375,78,physics,0,1742,32887.72181266495,397715.71030559996,468.76275261058777,431072.1948708755,5508.716890285309,0.00222579661738623,24.5451092993017,266.99019936984723,0.903990459950262,8.309883980928132e-08,0,0.009235140677456517,0.007883880278634745,0.0002441370306769386,1.001297420760839
0.0394375,78,physics,0,1742,32612.96437615207,403921.3010397381,475.99586378565823,437010.2612796759,5539.717553935164,0.002238322433029551,24.687561593962172,267.00304553766773,0.9039902003638017,8.307877408242343e-08,0,0.009141713313856896,0.007936784971712565,0.0002441370306769386,1.0012999274070138
0.0395,78,physics,0,1742,32709.90729656682,410239.42027846357,481.76669703150685,443431.0942720619,5573.994392656205,0.0022521719869463396,24.822875287830485,266.99890149763826,0.903992366082759,8.30493505077357e-08,0,0.009049338307435676,0.007989536705266358,0.0002441370306769386,1.0013058359549687
0.0395,79,refine,0,1884,32709.907296566817,410239.4202784635,481.76669703150685,443431.09427206183,5573.994392656205,0.0022521719869463396,24.822875287830485,266.99890149763826,0.903992366082759,8.30493505077357e-08,0,0.009049338307435676,0.007614267378666275,0.0002441370306769386,1.0013058359549687
0.0395625,79,physics,0,1884,33150.94330750571,416655.2969729464,480.7450944280773,450286.98537488014,5611.3455608498425,0.002267263723444128,24.93555913580985,267.0118357591354,0.9039945419951699,8.300776954683901e-08,0,0.008905036547605622,0.007639912715717874,0.0002441370306769386,1.0013047616709292
0.039625,79,physics,0,1884,33893.2384645687,423164.47689000994,475.78610912262707,457533.50146370125,5651.401840639874,0.0022834484600691347,25.041987329265805,267.0234152461055,0.9039922309786322,8.296164111243347e-08,0,0.008744515628828848,0.007683504881562747,0.0002441370306769386,1.0013110283440754
0.0396875,79,physics,0,1884,34835.27548995393,429760.4761340611,474.0607227178933,465069.81234673294,5693.327306224286,0.0023003884410700334,25.150967176036147,266.9605304892713,0.9039916331892774,8.291565478657494e-08,0,0.00858577551887262,0.00773707539294019,0.0002441370306769386,1.001313714073144
0.03975,79,physics,0,1884,35853.1892394671,436445.0438923372,479.15394722362095,472777.3870790279,5736.056833408623,0.0023176533030981206,25.275146769494057,266.87177076417476,0.9040228850315081,8.286712471772276e-08,0,0.008429044430977556,0.007791186275197325,0.0002441370306769386,1.0013185484036213
0.0398125,79,physics,0,1884,36907.70717777312,443221.84741594,486.5276425883182,480616.08223630144,5779.190257459299,0.0023350813596234067,25.41217959558394,266.97888242919083,0.9039908704580337,8.300793119531128e-08,0,0.008415623106366414,0.007845569477452682,0.0002441370306769386,1.001321055102687
0.039875,79,physics,0,1884,37979.26194425321,450093.2976717558,488.3397217141418,488560.89933772315,5822.474144111025,0.0023525702105496975,25.552911839612026,266.95435196283,0.9039997262698543,8.369595327906141e-08,0,0.008422480289687938,0.007900130728997817,0.0002441370306769386,1.0013251732647754
0.0399375,79,physics,0,1884,39013.30714245114,457057.7417951982,481.78865641802133,496552.8375940674,5865.423870780271,0.0023699240441585785,25.684145195170437,267.02769871108234,0.9039922359565935,8.456113853583248e-08,0,0.008429288007237199,0.007954838911703638,0.0002441370306769386,1.001328038083174
0.04,79,physics,0,1884,39179.92777363988,463891.54934134707,472.55701286091954,503544.0341278479,5901.3103788060425,0.002384423984843083,25.807146905354692,267.0184573408664,0.9039910631780049,8.542792073740197e-08,0,0.008436046743836335,0.008009840355766618,0.0002441370306769386,1.0013301867023516
0.04,80,refine,0,2060,39179.92777363988,463891.5493413471,472.5570128609195,503544.0341278479,5901.3103788060425,0.0023844239848430826,25.807146905354692,267.0184573408664,0.9039910631780049,8.542792073740197e-08,0,0.008436046743836335,0.007567565588888367,0.0002441370306769386,1.0013301867023516
0.0400625,80,physics,0,2060,38791.07602163209,470701.46308087383,472.258885871698,509964.79798837757,5933.03270631126,0.002397241388721086,26.051535092982732,267.0051235404515,0.9039900353210704,8.605939783024037e-08,0,0.008420149776114548,0.007617127147373896,0.0002441370306769386,1.0013319772218547
0.040125,80,physics,0,2060,38221.65462325445,477586.6347031877,484.55168933852565,516292.84101578064,5963.504845363676,0.0024095536540492237,26.19714476377461,267.01425013233114,0.9039902965360057,8.598126655101626e-08,0,0.00833673902455202,0.007666774398606914,0.0002441370306769386,1.0013411089211242
0.0401875,80,physics,0,2060,37694.676180511306,484595.2045707661,499.97800491636883,522789.8587561938,5994.479906656418,0.0024220691250629407,26.335662983149454,267.0159573437832,0.9039906024747804,8.590987832235444e-08,0,0.00825481855904017,0.007716568243875105,0.0002441370306769386,1.0013468386573023
0.04025,80,physics,0,2060,37375.150910742515,491733.72638859006,505.32578849265417,529614.2030878252,6027.2178885286885,0.0024352969039912638,26.463169113549732,266.9947789590111,0.903990491548114,8.583555555219386e-08,0,0.008173791429880619,0.0077666276881550225,0.0002441370306769386,1.0013525684262663
0.0403125,80,physics,0,2060,37358.697827868804,498983.65644341207,495.77086865503793,536838.1251399359,6062.501818253119,0.0024495533729442867,26.586113033358163,267.01313935529663,0.903990655283337,8.620438940454278e-08,0,0.008093542076396941,0.007817055006951778,0.0002441370306769386,1.001354896154273
0.040375,80,physics,0,2060,37666.22845903301,506335.4892917454,480.1794082123518,544481.8971589907,6100.621366414593,0.002464955573301163,26.714460102642263,267.00784367729244,0.9039899815669369,8.663649353479749e-08,0,0.00801405943135353,0.007867844106116885,0.0002441370306769386,1.001363311831443
0.0404375,80,physics,0,2060,38303.044649662115,513788.4677504089,473.44555791106507,552564.9579579821,6141.764382987976,0.002481579405829743,26.84483433495063,267.0005985310542,0.9039915250872689,8.654902217131165e-08,0,0.007935318561264837,0.007918830847930543,0.0002441370306769386,1.0013679673428153
0.0405,80,physics,0,2060,39201.75671084877,521332.7306074364,483.07531388618287,561017.5626321713,6185.38812603778,0.002499205575698127,26.966526957386154,267.03272323049777,0.9039924107206282,8.79326460534457e-08,0,0.007991972986539158,0.007969919782455159,0.0002441370306769386,1.0013711904018294
0.0405,81,refine,0,2224,39201.75671084877,521332.7306074364,483.0753138861828,561017.5626321713,6185.388126037781,0.002499205575698127,26.966526957386154,267.03272323049777,0.9039924107206282,4.390517105434819e-08,0,0.010304025140731341,0.007618789316526685,0.00012206893734401092,1.0013711904018294
0.0405625,81,physics,0,2224,40302.45331269558,529015.0149899847,501.5711026311035,569819.0394053113,6230.999641623715,0.0025176349049040236,27.093290431572537,267.00481480586075,0.9039900219818363,4.470139103318622e-08,0,0.010237673698165028,0.007670327703932987,0.00012206893734401092,1.0013774574907204
0.040625,81,physics,0,2224,41504.95817429119,536814.8343506278,513.0347135818349,578832.8272385008,6277.4782751333205,0.0025364145930393714,27.239138683510557,266.9879846492665,0.9039938746350537,4.550541987669025e-08,0,0.010190330913290404,0.007722861562314416,0.00012206893734401092,1.0013803224587055
0.0406875,81,physics,0,2224,42658.24161964329,544701.8245912055,507.50676070680856,587867.5729715555,6323.478759095691,0.002555001084889582,27.404872095440915,267.02897680587455,0.9039902705215391,4.631759864537346e-08,0,0.010128255084483895,0.007776040003304085,0.00012206893734401092,1.00138229212895
0.04075,81,physics,0,2224,43325.00424144825,552505.0892042015,490.83238867280903,596320.9258343226,6365.49585287664,0.00257197808826003,27.579519675308696,267.01047849615435,0.903990425609343,4.702771505549212e-08,0,0.010052164483389461,0.007829704952821228,0.00012206893734401092,1.001387305852509
0.0408125,81,physics,0,2224,43539.638445373115,560263.938729445,480.1227650131066,604283.6999398313,6403.992933722826,0.0025875328306859246,27.751003090280058,267.0094262581071,0.9039898532807946,4.707810319359855e-08,0,0.00997964502203522,0.007883866205331817,0.00012206893734401092,1.0013910661616519
0.040875,81,physics,0,2224,43409.944579565585,568065.6822166711,487.1706728652756,611962.7974691018,6439.985153321363,0.0026020754841223235,27.91539319406498,267.0275284767174,0.9039899337159975,4.692804367323333e-08,0,0.00993897624410263,0.007938524751283878,0.00012206893734401092,1.0013941102317765
0.0409375,81,physics,0,2224,43053.741948078794,575956.1872899575,507.4542001290949,619517.3834381654,6474.391593954894,0.002615977403688141,28.06979327427424,267.0283417599548,0.9039901301071261,4.675890608041289e-08,0,0.009886828531938015,0.007993836114220856,0.00012206893734401092,1.0013946474215825
0.041,81,physics,0,2224,42607.5491433695,583945.2777381672,524.2801020031058,627077.1069835399,6508.146033354277,0.002629615882202639,28.21015059195916,267.03061801771065,0.9039903237780921,4.6587040003487425e-08,0,0.009866737298599375,0.008050089115899717,0.00012206893734401092,1.0013996612070022
0.041,82,refine,0,2380,42607.549143369506,583945.2777381672,524.2801020031056,627077.1069835399,6508.146033354277,0.002629615882202639,28.21015059195916,267.03061801771065,0.9039903237780921,4.6587040003487425e-08,0,0.010294643165920051,0.007637797006270869,0.00012206893734401092,1.0013996612070022
0.0410625,82,physics,0,2380,42235.86166742485,592054.598760641,523.9780044898446,634814.4384325556,6542.524488761384,0.0026435064943302407,28.333201375709937,267.05683021129016,0.9039902462771081,4.6536392517282366e-08,0,0.010199275056571975,0.007679672930506005,0.00012206893734401092,1.0014034215625407
0.041125,82,physics,0,2380,42056.16278169274,600276.4874886347,507.99089449929147,642840.6411648266,6578.482564840953,0.0026580353520622197,28.45295748112761,267.0301527348956,0.9039899034044003,4.6815181065085126e-08,0,0.01017672013533644,0.0077211326860880435,0.00012206893734401092,1.0014061075394276
0.0411875,82,physics,0,2380,42160.76703249315,608616.294943666,491.28770726259734,651268.3496834217,6616.954996040045,0.002673580134779035,28.572613006534418,267.0514843136022,0.903990237379264,4.755449012350254e-08,0,0.010163147324745879,0.007773633764676084,0.00012206893734401092,1.0014080772603904
0.04125,82,physics,0,2380,42577.72515876758,617070.6608671166,488.77533081848753,660137.1613567027,6658.336771517761,0.0026903004378197202,28.6963139895489,267.0416173815814,0.9039906191307681,4.826852872952255e-08,0,0.010061822276956628,0.007827026347484249,0.00012206893734401092,1.0014111213822259
0.0413125,82,physics,0,2380,43308.30089555787,625635.9176148316,502.43264561294745,669446.6511560024,6702.645210846176,0.0027082032591582168,28.825374122343206,267.03269851639345,0.9039900941273254,4.898711480905153e-08,0,0.010013723090997694,0.007880643524167397,0.00012206893734401092,1.0014173887210251
0.041375,82,physics,0,2380,44244.54312253122,634271.5659923028,520.1546122671023,679036.2637271013,6748.817696185088,0.002726859248143106,28.951436685513766,267.02803286912257,0.9039910748562279,4.971024836208928e-08,0,0.009983374523189337,0.007934915705716306,0.00012206893734401092,1.0014209700750927
0.0414375,82,physics,0,2380,45319.59327597162,642947.1389186654,527.2767723632155,688794.0089670002,6796.104777186169,0.0027459655894194494,29.06782221860501,267.03202696277293,0.9039902346845047,5.014727122443224e-08,0,0.009953239409351913,0.007990147381910322,0.00012206893734401092,1.0014198956675275
0.0415,82,physics,0,2380,46321.95497583932,651584.6365096852,519.4991487691278,698426.0906342936,6842.659543710448,0.00276477603909587,29.16955933404701,267.04320082804435,0.9039904127918782,5.010003434335896e-08,0,0.009923315676037022,0.008045929852499235,0.00012206893734401092,1.0014234770305606
0.0415,83,refine,0,2560,46321.95497583932,651584.6365096852,519.4991487691278,698426.0906342936,6842.659543710448,0.00276477603909587,29.16955933404701,267.04320082804435,0.9039904127918782,5.010003434335896e-08,0,0.009923315676037022,0.007586621340041585,0.00012206893734401092,1.0014234770305606
0.0415625,83,physics,0,2560,47114.41808287728,660347.0837398525,505.5808549974089,707967.0826777272,6887.839430530166,0.0027830309687388553,29.28096253499477,267.036579191852,0.9039900115761924,5.005097847288186e-08,0,0.009893601272805221,0.0076421011447919095,0.00012206893734401092,1.0014241933047043
0.041625,83,physics,0,2560,47622.34720494968,669137.2717011091,499.2700216755188,717258.8889277343,6930.865110171715,0.002800415491144022,29.41405116683307,267.0301601337076,0.9039910484418847,4.9872063812017626e-08,0,0.009910495721049609,0.007697919322380373,0.00012206893734401092,1.001426521199209
0.0416875,83,physics,0,2560,47811.85254986924,678005.8384880611,506.28062005029426,726323.9716579806,6971.556740255516,0.0028168569410089183,29.552429172752785,267.03640441929366,0.9039905549559497,4.969329303605721e-08,0,0.009870593940399627,0.0077541383583065,0.00012206893734401092,1.0014322514241216
0.04175,83,physics,0,2560,47737.02259329131,686963.9721715415,520.7945622120101,735221.7893270449,7010.309510344348,0.002832514994643599,29.696391906384793,267.02093533676674,0.9039901481147489,5.043669126791896e-08,0,0.009799463688599474,0.0078108045128943765,0.00012206893734401092,1.0014374444687704
0.0418125,83,physics,0,2560,47463.37071357793,695996.47277584,530.847294830822,743990.6907842488,7047.521758824742,0.0028475506006413022,29.84349475428863,267.0576601749613,0.9039898759600414,5.1182029281449197e-08,0,0.009691757574031566,0.007867849616531367,0.00012206893734401092,1.0014444282609296
0.041875,83,physics,0,2560,47102.676369471796,705098.9798588342,529.4658202160265,752731.122048522,7083.994712859259,0.0028622874947710026,29.985920144447512,267.0397188380901,0.9039902035655493,5.131095193178215e-08,0,0.009628622203408614,0.007925388182589482,0.00012206893734401092,1.0014489050763917
0.0419375,83,physics,0,2560,46811.87084669563,714266.9894295445,519.9977914491978,761598.8580676893,7121.010597483449,0.0028772437599605145,30.113027765110523,267.03137376945654,0.9039899973026263,5.112237388971146e-08,0,0.009500129956298543,0.007983447524332353,0.00012206893734401092,1.001449442295592
0.042,83,physics,0,2560,46675.84003238235,723497.344270777,512.0708864081244,770685.2551895675,7159.349973925981,0.002892734781910789,30.221839206005264,267.05899149219744,0.903989966911406,5.090468846447034e-08,0,0.009369371500984224,0.008042063754724882,0.00012206893734401092,1.0014540982074
0.042,84,refine,0,2696,46675.84003238236,723497.3442707768,512.0708864081244,770685.2551895673,7159.3499739259805,0.002892734781910789,30.221839206005264,267.05899149219744,0.903989966911406,5.090468846447034e-08,0,0.009369371500984224,0.00758004873672929,0.00012206893734401092,1.0014540982074
0.0420625,84,physics,0,2696,46796.46389024722,732954.3765675614,512.410189228732,780263.2506470374,7200.32871043214,0.002909292237085123,30.341863538080794,267.02741047849713,0.9039904258025276,5.070150166375248e-08,0,0.009253848317625483,0.00763508064774176,0.00012206893734401092,1.00146036581517
0.042125,84,physics,0,2696,47216.609327717735,742531.7206679995,519.5756579855143,790267.9056537027,7244.05580124713,0.002926960164600999,30.499826627984028,267.0435054982217,0.9039906415767313,5.049490425790292e-08,0,0.00912802522112371,0.007690392030977903,0.00012206893734401092,1.0014623356428562
0.0421875,84,physics,0,2696,47875.96715343144,752194.4425379043,527.1867898147868,800597.5964811504,7289.97437338451,0.002945513559973371,30.67423535345647,267.0412045734231,0.9039910451989637,5.052119433912592e-08,0,0.009048368872768662,0.0077461178526222725,0.00012206893734401092,1.0014641263986606
0.04225,84,physics,0,2696,48759.02639327908,761933.9765275873,530.7903336567879,811223.7932545232,7337.886193685002,0.0029648723271120227,30.857691500661947,267.06806334215025,0.9039907460767347,5.125751556533942e-08,0,0.008946861113458365,0.007802209475468512,0.00012206893734401092,1.00147093129992
0.0423125,84,physics,0,2696,49694.434131209,771701.73037521,530.7906708121047,821926.9551772312,7386.30859412582,0.002984437394118447,31.04750233836428,267.0543579193676,0.9039900398514917,5.199770214403534e-08,0,0.008870119883491257,0.007858796569127689,0.00012206893734401092,1.0014723639166032
0.042375,84,physics,0,2696,50626.061842348754,781524.7723605832,530.3523888839654,832681.1865918159,7434.75535232705,0.0030040123028783807,31.236925140114305,267.05886228404916,0.9039900695690637,5.2710474207628884e-08,0,0.008779709242344362,0.007916007082766768,0.00012206893734401092,1.001475945467278
0.0424375,84,physics,0,2696,51418.10295655731,791393.532346465,531.3089121171208,843342.9442151395,7482.099177935414,0.0030231415718131637,31.40414724916708,267.0429838804979,0.9039899531320713,5.3347845252460455e-08,0,0.008686711249793302,0.007973837633171242,0.00012206893734401092,1.0014786316386894
0.0425,84,physics,0,2696,51995.17660295726,801300.3752984963,532.6468637362404,853828.1987651899,7527.721707827284,0.0030415753513494195,31.53197922092188,267.0531293550491,0.9039900009563494,5.3159338264663427e-08,0,0.008589116722120371,0.008031990379163327,0.00012206893734401092,1.0014845412411562
0.0425,85,refine,0,2868,51995.17660295726,801300.3752984963,532.6468637362404,853828.1987651899,7527.721707827283,0.0030415753513494195,31.53197922092188,267.0531293550491,0.9039900009563494,5.3159338264663427e-08,0,0.00898481972236643,0.0075554633016121754,0.00012206893734401092,1.0014845412411562
0.0425625,85,physics,0,2868,52271.29543637331,811402.8908778336,533.2974713980694,864207.4837856049,7571.291372698262,0.0030591796709344126,31.64427373145722,267.02637185344264,0.9039903653529472,5.284732296217948e-08,0,0.008921109240364704,0.007597638230538773,0.00012206893734401092,1.0014904508784945
0.042625,85,physics,0,2868,52258.15323601987,821569.4517072861,533.7210900353576,874361.3260333413,7612.651804123898,0.003075891349918712,31.78005370084003,267.05828569207694,0.9039901237821615,5.250870671602586e-08,0,0.008854840647856554,0.0076399330246339865,0.00012206893734401092,1.0014965396322255
0.0426875,85,physics,0,2868,52023.703413002884,831812.8329596017,535.6205150540476,884372.1568876586,7652.347320794698,0.0030919303202247466,31.920106134472594,267.064778285708,0.9039917825544665,5.3157842572204466e-08,0,0.008764048288162265,0.007689454669141785,0.00012206893734401092,1.0014999421871984
0.04275,85,physics,0,2868,51694.335381073004,842123.4773245158,539.5662371127487,894357.3789427015,7691.378909737677,0.0031077010305832404,32.056071720428015,267.05297673884803,0.9039903121342306,5.393078517101913e-08,0,0.008713142817097399,0.007746108578884013,0.00012206893734401092,1.001502449340365
0.0428125,85,physics,0,2868,51373.25320754413,852506.2377540185,543.4043424805614,904422.8953040432,7730.55237534701,0.0031235290661948013,32.200992084917715,267.0597880987918,0.9039903514515288,5.4061442433805964e-08,0,0.008605654844768712,0.007803296580617648,0.00012206893734401092,1.0015035238365007
0.042875,85,physics,0,2868,51200.22830981153,862952.017867231,543.5366057833492,914695.782782826,7770.991185208377,0.003139868364050411,32.36258077144971,267.0495752508589,0.9039906147110821,5.3945740319249995e-08,0,0.00855703771139794,0.007860663478579399,0.00012206893734401092,1.001508896334471
0.0429375,85,physics,0,2868,51283.799663579455,873457.0169277975,539.3298746535119,925280.1464660304,7813.611285533273,0.0031570890121456387,32.51618103092769,267.0562890896544,0.9039898885819903,5.3599279681293496e-08,0,0.008524693008869303,0.007918153056905377,0.00012206893734401092,1.001514089776571
0.043000000000000003,85,physics,0,2868,51634.047386898776,883994.1134404847,534.5423786934396,936162.703206077,7858.5443215181795,0.003175244201710111,32.63989791588387,267.0519828836327,0.9039910107135883,5.324918106452966e-08,0,0.008390106920776984,0.007975766477423644,0.00012206893734401092,1.0015183878179859
0.043000000000000003,86,refine,0,3018,51634.047386898776,883994.1134404847,534.5423786934396,936162.703206077,7858.5443215181795,0.0031752442017101115,32.63989791588387,267.0519828836327,0.9039910107135883,5.324918106452966e-08,0,0.008390106920776984,0.007617076664661892,0.00012206893734401092,1.0015183878179859
0.043062500000000004,86,physics,0,3018,52257.50465103519,894764.6090277779,535.172424965572,947557.2861037786,7906.281906683849,0.0031945325691529955,32.76078444349625,267.069464725429,0.903990010261343,5.33935065050174e-08,0,0.008341679089502379,0.007671550190062251,0.00012206893734401092,1.0015180296471635
0.043125000000000004,86,physics,0,3018,53080.60552515024,905645.8972592785,543.2007783255518,959269.7035627542,7955.90770766101,0.00321458387004516,32.91835858698248,267.0384086205439,0.9039909212801438,5.403771297096681e-08,0,0.008316259791772362,0.007726084801390597,0.00012206893734401092,1.0015228649640737
0.043187500000000004,86,physics,0,3018,54079.98679296384,916665.7698088584,553.7494880469396,971299.5060898692,8007.141728594327,0.003235284972084986,33.07335525407008,267.07195447505194,0.9039905322173326,5.468836850042177e-08,0,0.008259609609679017,0.007780828547327698,0.00012206893734401092,1.0015298493519356
0.043250000000000004,86,physics,0,3018,55084.13635306764,927804.6030017815,558.9041431818653,983447.643498031,8058.454641522938,0.0032560179504298077,33.212751068221266,267.06178224118224,0.9039901454546914,5.534444103005852e-08,0,0.008242109941308584,0.007835811219558876,0.00012206893734401092,1.00153450563757
0.043312500000000004,86,physics,0,3018,55980.26449380787,939013.1485507158,554.531415129647,995547.9444596533,8108.872772495532,0.0032763893921975568,33.347600688897344,267.06672899077165,0.9039899598200052,5.544586567651769e-08,0,0.008175405827459455,0.007891152016941893,0.00012206893734401092,1.0015404155697423
0.043375000000000004,86,physics,0,3018,56623.42718014214,950267.1723010218,544.864739653877,1007435.4642208178,8157.235183555296,0.003295930220495835,33.49057927120785,267.06669586066585,0.9039899614126541,5.50929035725289e-08,0,0.008113627879245126,0.007946821127058627,0.00012206893734401092,1.0015431019140764
0.043437500000000004,86,physics,0,3018,56965.876911893865,961524.8921712071,539.07589339435,1019029.8449764953,8203.224366926124,0.0033145121463328845,33.60230154884262,267.0505484741093,0.9039908978172237,5.524541091261891e-08,0,0.008075895098980697,0.00800287806134348,0.00012206893734401092,1.0015482955335533
0.043500000000000004,86,physics,0,3018,56959.079970948456,972758.0286561328,543.697603332499,1030260.8062304136,8246.47363540907,0.003331987009774354,33.67387980110553,267.0607822156741,0.903990210659986,5.590892993012626e-08,0,0.008014952465723434,0.008059173960161866,0.00012206893734401092,1.0015552800987622
0.043500000000000004,87,refine,0,3142,56959.07997094846,972758.0286561328,543.697603332499,1030260.8062304137,8246.47363540907,0.003331987009774354,33.67387980110553,267.0607822156741,0.903990210659986,5.2061599475905555e-08,0,0.009021355597394752,0.0075335925166365395,0.00012206893734401092,1.0015552800987622
0.043562500000000004,87,physics,0,3142,56710.78286128696,984217.8705218721,556.0767221619033,1041484.730105321,8288.276605549625,0.0033488774964843685,33.762210564242345,267.07275296589665,0.903990127011499,5.2321766474960816e-08,0,0.00893218934373414,0.007561575794199802,0.00012206893734401092,1.0015576082979891
0.043625000000000004,87,physics,0,3142,56312.485125102,995719.5338507098,566.2472409846499,1052598.2662167964,8328.911639303584,0.0033652960785892335,33.893644338962694,267.07766518014404,0.9039906453572255,5.238156575160246e-08,0,0.008840636161209265,0.0075895638600720185,0.00012206893734401092,1.0015656674909517
0.043687500000000004,87,physics,0,3142,55933.94380037476,1007274.9088205528,565.3545194336486,1063774.2071403612,8369.696823015627,0.003381775328772016,34.03139306911891,267.06781217613764,0.9039902498167671,5.2305480835457254e-08,0,0.008784586623170117,0.0076175568909356405,0.00012206893734401092,1.0015676375257614
0.043750000000000004,87,physics,0,3142,55702.070083193175,1018897.5617790781,554.8230071360981,1075154.4548694075,8411.712345350406,0.0033987516971760705,34.1859835661747,267.09233871428165,0.9039900273993707,5.2569943065350265e-08,0,0.008683682827032522,0.007652776337086878,0.00012206893734401092,1.0015710403222873
0.043812500000000004,87,physics,0,3142,55715.58337366252,1030589.1285506473,544.7739013543629,1086849.4858256641,8455.88620401236,0.0034166001412032146,34.353586527016695,267.06434835951643,0.9039915740057782,5.2931980576431736e-08,0,0.00858673779291772,0.007692516812138113,0.00012206893734401092,1.0015753386081079
0.043875000000000004,87,physics,0,3142,56040.84822553668,1042368.061750148,544.9562709706981,1098953.8662466554,8502.857699520291,0.0034355789701774517,34.510888455180435,267.0763717857386,0.9039901856449384,5.27409724782047e-08,0,0.008490544429563915,0.007732528835400903,0.00012206893734401092,1.0015785623345788
0.043937500000000004,87,physics,0,3142,56699.54969817105,1054263.3157702025,556.1719451171732,1111519.0374134907,8552.788950856848,0.003455753688258228,34.62442027626856,267.0570930398591,0.903990137078235,5.309713912993179e-08,0,0.008431734047720112,0.007772484171434629,0.00012206893734401092,1.0015794578159953
0.044,87,physics,0,3142,57649.91996130576,1066260.3317191415,569.5943757367457,1124479.846056184,8605.202141198579,0.003476931233599405,34.707864878138,267.07118806925786,0.9039901125055851,5.324154273012036e-08,0,0.008377106587253123,0.0078122642829295125,0.00012206893734401092,1.0015803532982126
0.044,88,refine,0,3352,57649.919961305764,1066260.3317191415,569.5943757367457,1124479.846056184,8605.202141198579,0.0034769312335994045,34.707864878138,267.07118806925786,0.9039901125055851,5.324154273012036e-08,0,0.008377106587253123,0.007612929065057005,0.0001220685153384693,1.0015803532982126
0.0440625,88,physics,0,3352,58760.82070735534,1078643.8028591091,574.9493149180503,1137979.5728813827,8659.429198420712,0.0034988416717069534,34.79467348577139,267.07743847151573,0.903990018569257,5.360560528799857e-08,0,0.0082484172652706,0.007668606103443451,0.0001220685153384693,1.0015830397496681
0.044125,88,physics,0,3352,59888.483316078666,1091149.6132294245,568.68482041081,1151606.7813659138,8713.780880630147,0.003520802464534319,34.89332378492327,267.0896218245996,0.9039901091064138,5.38241629044479e-08,0,0.00817211241047897,0.007724581919251375,0.0001220685153384693,1.0015846516240001
0.0441875,88,physics,0,3352,60886.20840966723,1103734.4211712207,557.1599744615269,1165177.7895553494,8767.099063402833,0.0035423456719954954,34.99582569273426,267.09415930548954,0.9039906522901029,5.404229419525558e-08,0,0.008093782057207852,0.007781199492304548,0.0001220685153384693,1.0015889499682342
0.04425,88,physics,0,3352,61565.69923956349,1116346.0428526667,550.8177795444227,1178462.5598717746,8817.923576060455,0.003562881312243491,35.12889515261385,267.05415503778846,0.9039902951174849,5.42386082713619e-08,0,0.008013768140201445,0.007838220444157905,0.0001220685153384693,1.0015923528371686
0.0443125,88,physics,0,3352,61900.80215229076,1128926.5686206825,555.591777871364,1191382.9625508445,8866.069363652057,0.0035823346138415795,35.27284741794907,267.0627322903893,0.9039899189582493,5.448583273448552e-08,0,0.007914479240254287,0.0078956746127375,0.0001220685153384693,1.0015989795098503
0.044375,88,physics,0,3352,61854.30321001723,1141454.220620837,567.4332292581571,1203875.9570601124,8911.17231403512,0.003600558457306552,35.38667599388191,267.07517121915316,0.9039904414912974,5.467158281646795e-08,0,0.007833603458445897,0.007953562548460968,0.0001220685153384693,1.0016032779155732
0.0444375,88,physics,0,3352,61518.51533290607,1153898.9460938831,576.8614522986757,1215994.3228790879,8953.864341611647,0.003617808167600808,35.48121445923686,267.1001329243405,0.9039905147468767,5.475510000962923e-08,0,0.007738806087298143,0.008011525151654007,0.0001220685153384693,1.001603457016212
0.0445,88,physics,0,3352,61056.23794666078,1166285.2905961843,577.0611130112095,1227918.5896558564,8995.391666993444,0.0036345872800663346,35.568630190814304,267.09400598678513,0.9039908204497678,5.469421715531555e-08,0,0.007630619792945803,0.008069875067224407,0.0001220685153384693,1.0016111583739755
0.0445,89,refine,0,3590,61056.237946660774,1166285.2905961848,577.0611130112096,1227918.5896558568,8995.391666993444,0.0036345872800663346,35.568630190814304,267.09400598678513,0.9039908204497678,5.469421715531555e-08,0,0.007630619792945803,0.007603034186259739,0.0001220685153384693,1.0016111583739755
0.0445625,89,physics,0,3590,60597.53149504597,1179054.3824455861,569.121980130577,1240221.0359207627,9037.52381855301,0.00365161077249861,35.655951452124285,267.0739557284212,0.9039903149653706,5.4753282796582465e-08,0,0.007557672174687046,0.007638231562157673,0.0001220685153384693,1.0016161732434228
0.044625,89,physics,0,3590,60316.25058496314,1191947.4804408909,561.0826239902854,1252824.8136498444,9081.249932714763,0.0036692783053949444,35.75593304739927,267.07452765800707,0.9039898807657016,5.487319043595558e-08,0,0.00748512603938359,0.007673764462131626,0.0001220685153384693,1.0016253075344326
0.0446875,89,physics,0,3590,60362.70402802731,1205040.1266141708,560.0719991166304,1265962.9026413148,9127.9344112005,0.0036881411651599047,35.90190163535201,267.08294897002696,0.9039900830889883,5.506607436700516e-08,0,0.007427652906745742,0.007709459591460466,0.0001220685153384693,1.0016303224747218
0.04475,89,physics,0,3590,60785.19853209445,1218344.8692723096,567.4983032074139,1279697.5661076114,9178.013142862561,0.003708375472651332,36.076707384572344,267.0960781861974,0.9039906709898368,5.517582479797056e-08,0,0.007370749986100431,0.007745380401979104,0.0001220685153384693,1.00163533744012
0.0448125,89,physics,0,3590,61585.33465825849,1231859.0574717715,577.6191329554215,1294022.0112629854,9231.441632810936,0.0037299632497124484,36.233541879206214,267.10472640161987,0.9039899443619137,5.5368879259276456e-08,0,0.007288183868359915,0.007781464722610403,0.0001220685153384693,1.0016412479672883
0.044875,89,physics,0,3590,62681.96562007677,1245547.4578306288,583.6172623772404,1308813.0407130828,9287.42945584144,0.0037525851251013764,36.38447465424198,267.07846423511916,0.9039901424031479,5.568877448070003e-08,0,0.00723459932025518,0.007817524585562577,0.0001220685153384693,1.001643576366355
0.0449375,89,physics,0,3590,63926.958130150124,1259344.1101285694,583.0160710188279,1323854.0843297383,9344.637606825476,0.0037757000739041336,36.543177070770945,267.098876903992,0.9039904167016422,5.588231211106632e-08,0,0.007174953679419496,0.0078559088442801,0.0001220685153384693,1.0016518153603589
0.045,89,physics,0,3590,65162.167234309076,1273178.6019953494,578.3143700578244,1338919.0835997162,9401.720601818073,0.0037987644534390953,36.68726013203699,267.1063287080732,0.9039902323699432,5.6200816445084555e-08,0,0.007114048606310681,0.007913042909295146,0.0001220685153384693,1.0016555766627615
0.045,90,refine,0,3858,65162.16723430907,1273178.6019953494,578.3143700578242,1338919.0835997162,9401.720601818073,0.0037987644534390953,36.68726013203699,267.1063287080732,0.9039902323699432,4.7985018625240614e-08,0,0.005617988910308248,0.007608589449701162,6.103446867200546e-05,1.0016555766627615
0.0450625,90,physics,0,3858,66193.26405164863,1287205.1693098783,574.4443112754085,1353972.8776728022,9457.451970482833,0.0038212827084636546,36.80193009647608,267.07839669847823,0.9039899865520935,4.81947752817291e-08,0,0.005588050476048762,0.007656735904456529,6.103446867200546e-05,1.0016566513231848
0.045125,90,physics,0,3858,66888.11864159163,1301254.6515873452,575.1955960592138,1368717.9658249961,9510.577243948312,0.0038427479709308206,36.94095892828571,267.09529074067865,0.9039909393105002,4.85904201319443e-08,0,0.005571107674760179,0.007711825427426986,6.103446867200546e-05,1.001660412643747
0.0451875,90,physics,0,3858,67157.24323820884,1315279.1113359379,579.9129325444283,1383016.2675066912,9560.371031332379,0.0038628671467123643,37.10699668202465,267.0972572147907,0.9039905294854528,4.879920600942001e-08,0,0.005523825807938366,0.007767454500372275,6.103446867200546e-05,1.0016600544221326
0.04525,90,physics,0,3858,67033.94454222197,1329273.0434707366,585.747049077675,1396892.7350620362,9607.068674933944,0.0038817353258439125,37.268845205028356,267.09329098118786,0.9039901059709824,4.8927470963633335e-08,0,0.005503562494295804,0.007823637950986994,6.103446867200546e-05,1.0016632784212745
0.0453125,90,physics,0,3858,66583.0621826672,1343218.1486520579,590.2593512988622,1410391.470186024,9651.12804022817,0.0038995375088344995,37.417757138696594,267.08501750610964,0.9039906406650047,4.9309719640788765e-08,0,0.005520758312891726,0.007880122874288433,6.103446867200546e-05,1.001666144207001
0.045375,90,physics,0,3858,66059.40286433607,1357203.0604810808,592.5225017238511,1423854.9858471407,9694.583494230566,0.003917095681514276,37.559181056539984,267.0933734920982,0.9039900484165283,4.954660681733016e-08,0,0.0055045501044663735,0.007936744373749917,6.103446867200546e-05,1.0016708011262936
0.0454375,90,physics,0,3858,65607.70405810553,1371245.0739799093,592.0193932623479,1437444.7974312773,9738.597407566991,0.003934879499641704,37.68238412464874,267.1218098490466,0.9039900103686225,4.98176699892383e-08,0,0.005500250683142841,0.00799374013596584,6.103446867200546e-05,1.00167599540797
0.0455,90,physics,0,3858,65391.4797833646,1385390.2374807983,589.0949696959597,1451370.8122338587,9784.545535194628,0.003953444836899981,37.75169394598316,267.09564226212046,0.9039899893960367,5.005541736657902e-08,0,0.00547523669257016,0.008051214776649749,6.103446867200546e-05,1.0016790403442342
0.0455,91,refine,1,4096,65391.479783364586,1385390.2374807983,589.0949696959597,1451370.8122338587,9784.545535194626,0.003953444836899981,37.75169394598316,267.09564226212046,0.9039899893960367,5.005541736657902e-08,0,0.00547523669257016,0.007953537595408122,6.103446867200546e-05,1.0016790403442342
0.0455625,91,physics,1,4096,60367.44555680774,1390425.2488684468,579.7698109943742,1451372.464236249,9784.545535194626,0.003953444836899981,37.76238479787698,260.8200418646849,0.9062215443034295,5.067223063370814e-08,0,0.005532808438485931,0.008010441768816356,6.103446867200546e-05,1.0016833390935416
0.045625,91,physics,1,4096,55590.05294196741,1395221.2495150021,567.6687621722808,1451378.971219142,9784.545535194626,0.003953444836899981,37.730242571707215,253.30891420953736,0.9089479563443812,5.11093032340427e-08,0,0.005545677239270485,0.0080677091116041,6.103446867200546e-05,1.0016872796299463
0.0456875,91,physics,1,4096,51044.868495536546,1399773.4858672353,565.2504764363578,1451383.6048392083,9784.545535194626,0.003953444836899981,37.62956121462662,244.5966706917113,0.9120802536061943,5.1516081400748756e-08,0,0.005554569882334259,0.008125577346528728,6.103446867200546e-05,1.0016924739970738
0.04575,91,physics,1,4096,46715.61395335662,1404086.7178599832,583.7881810515516,1451386.1199943915,9784.545535194626,0.003953444836899981,37.4883689205902,235.2700562001761,0.9154331992348149,5.201163122414697e-08,0,0.005562918163198399,0.008183869803830967,6.103446867200546e-05,1.0016974892736523
0.0458125,91,physics,1,4096,42602.20585315717,1408167.2262515787,618.5826804520318,1451388.0147851878,9784.545535194626,0.003953444836899981,37.36032604535073,226.0957198653718,0.9187312524515219,5.215209153419664e-08,0,0.005536222812746864,0.008242110310365966,6.103446867200546e-05,1.001700355157257
0.045875,91,physics,1,4096,38718.188903197806,1412023.1628461326,649.9821885901156,1451391.3339379206,9784.545535194626,0.003953444836899981,37.221479724794435,217.7950624581502,0.9217149438574488,5.212021658707037e-08,0,0.00550967158877673,0.008300297406331167,6.103446867200546e-05,1.0017025045753414
0.0459375,91,physics,1,4096,35078.15981146885,1415659.661234686,657.3795896868616,1451395.2006358416,9784.545535194626,0.003953444836899981,37.0999189593636,210.85323416849454,0.9242100587674141,5.236525546514769e-08,0,0.005525311187195887,0.008358847081418644,6.103446867200546e-05,1.0017057287111157
0.046,91,physics,1,4096,31684.6586141032,1419078.3982368968,635.4083179481953,1451398.4651689483,9784.545535194626,0.003953444836899981,36.9778882072184,205.39495192904232,0.9261721642795099,5.242101508429184e-08,0,0.005497955098518472,0.008417759364241778,6.103446867200546e-05,1.001703400167571
0.046,92,refine,1,4096,31684.6586141032,1419078.3982368968,635.4083179481953,1451398.4651689483,9784.545535194626,0.003953444836899981,36.9778882072184,205.39495192904232,0.9261721642795099,5.242101508429184e-08,0,0.005497955098518472,0.008417759364241778,6.103446867200546e-05,1.001703400167571
0.0460625,92,physics,1,4096,28524.48816000727,1422279.241278117,598.184605550389,1451401.9140436747,9784.545535194626,0.003953444836899981,36.84856369707351,201.1548250958195,0.9276964174621973,5.2667161298813933e-08,0,0.005504638264273998,0.008476912574856773,6.103446867200546e-05,1.0017041166419314
0.046125,92,physics,1,4096,25582.194580219795,1425259.0991519883,564.5601601341592,1451405.8538923422,9784.545535194626,0.003953444836899981,36.71260686017445,197.5448699480371,0.9289942044200731,5.293252014482167e-08,0,0.00547198395826944,0.00853606623340917,6.103446867200546e-05,1.001706624306228
0.0461875,92,physics,1,4096,22855.57390067108,1428011.5317821235,542.8308406323465,1451409.9365234268,9784.545535194626,0.003953444836899981,36.571024780982874,193.80383765388984,0.9303392598245198,5.332349761744126e-08,0,0.005442228945190568,0.008595278486410663,6.103446867200546e-05,1.0017112814137197
0.04625,92,physics,1,4096,20356.007901056102,1430530.266444616,528.6140931280693,1451414.8884388003,9784.545535194626,0.003953444836899981,36.410497622281056,189.19673724188794,0.9319955738371771,5.378613288087317e-08,0,0.0054509096489029326,0.0086547294061767,6.103446867200546e-05,1.0017123561339079
0.0463125,92,physics,1,4096,18096.05960235692,1432811.1264658894,514.2083079800667,1451421.3943762265,9784.545535194626,0.003953444836899981,36.23888914569828,183.18481952315932,0.9341567540677224,5.417375548155695e-08,0,0.005445300650030701,0.008714418617431535,6.103446867200546e-05,1.0017139682163523
0.046375,92,physics,1,4096,16076.421977014246,1434851.3920452618,499.85024624019854,1451427.6642685162,9784.545535194626,0.003953444836899981,36.06631197839745,175.56819426303733,0.9368946250594449,5.464954710987522e-08,0,0.005439024828894865,0.008774110410549386,6.103446867200546e-05,1.0017179088732493
0.0464375,92,physics,1,4096,14283.42332811427,1436653.2609492007,496.0793346685633,1451432.7636119835,9784.545535194626,0.003953444836899981,35.88056067024119,166.52165824937768,0.9401463213288038,5.515900980412874e-08,0,0.005444240852488389,0.008833869543863015,6.103446867200546e-05,1.00171952096463
0.0465,92,physics,1,4096,12701.449407566064,1438223.659248663,512.9202228332199,1451438.0288790625,9784.545535194626,0.003953444836899981,35.68735525394964,156.5638039717311,0.9437255106114684,5.5272967980357575e-08,0,0.005425832965940595,0.008893693228461206,6.103446867200546e-05,1.0017218495456486
0.0465,93,refine,1,4096,12701.449407566064,1438223.659248663,512.9202228332199,1451438.0288790625,9784.545535194626,0.003953444836899981,35.68735525394964,156.5638039717311,0.9437255106114684,5.5272967980357575e-08,0,0.005425832965940595,0.008893693228461206,6.103446867200546e-05,1.0017218495456486
0.0465625,93,physics,1,4096,11328.046490742152,1439569.9265386593,545.6793046302517,1451443.6523340316,9784.545535194626,0.003953444836899981,35.495249468086875,146.42425055939958,0.9473701513538078,5.524405932710862e-08,0,0.005389740778176311,0.008953645656242072,6.103446867200546e-05,1.001726327601283
0.046625,93,physics,1,4096,10174.050727824166,1440699.9507508092,575.7878510936152,1451449.789329727,9784.545535194626,0.003953444836899981,35.30500012469521,136.87231299604042,0.9507957382045823,5.523663304529688e-08,0,0.005365212580095517,0.009013602463346076,6.103446867200546e-05,1.0017266858465987
0.0466875,93,physics,1,4096,9250.664585025786,1441620.9319300302,584.7878143207603,1451456.3843293767,9784.545535194626,0.003953444836899981,35.11245462387509,128.6217659922676,0.9537523415028244,5.5584120417506704e-08,0,0.005327571410136071,0.00907374365686717,6.103446867200546e-05,1.001729193567395
0.04675,93,physics,1,4096,8557.404716462755,1442337.4508442457,568.1277168585566,1451462.9832775672,9784.545535194626,0.003953444836899981,34.92662658977097,121.89649874624294,0.9561705160364874,5.5483833527603004e-08,0,0.005302723166781531,0.009133889382110382,6.103446867200546e-05,1.0017345672759554
0.0468125,93,physics,1,4096,8080.875048832085,1442850.5615976697,536.9771121810268,1451468.4137586828,9784.545535194626,0.003953444836899981,34.756428599069665,116.57979411422512,0.958082266843007,5.558939264460597e-08,0,0.005266778545932481,0.009194033393195085,6.103446867200546e-05,1.0017370750164822
0.046875,93,physics,1,4096,7806.760793863864,1443159.3278681298,507.27611619167124,1451473.3647781853,9784.545535194626,0.003953444836899981,34.582916295502585,112.51592313749596,0.959543468363909,5.571236272317031e-08,0,0.005235993220025701,0.00925399387245338,6.103446867200546e-05,1.0017397618882986
0.0469375,93,physics,1,4096,7732.488276080395,1443260.0135281442,486.31054448418683,1451478.812348709,9784.545535194626,0.003953444836899981,34.40730324776656,108.85719953604493,0.9608590299793953,5.598549090990448e-08,0,0.005221024477847054,0.009314307838328236,6.103446867200546e-05,1.0017429861439915
0.047,93,physics,1,4096,7867.4802303172155,1443147.555118374,469.79212270147013,1451484.8274713927,9784.545535194626,0.003953444836899981,34.22092842802006,104.65729451330189,0.962369151724157,5.637306288441837e-08,0,0.005210920272089151,0.009374916555202633,6.103446867200546e-05,1.0017458521577638
0.047,94,refine,1,4096,7867.4802303172155,1443147.555118374,469.79212270147013,1451484.8274713927,9784.545535194626,0.003953444836899981,34.22092842802006,104.65729451330189,0.962369151724157,5.637306288441837e-08,0,0.005210920272089151,0.009374916555202633,6.103446867200546e-05,1.0017458521577638
0.0470625,94,physics,1,4096,8221.313237270942,1442819.0322589688,451.3004742168241,1451491.6459704568,9784.545535194626,0.003953444836899981,34.02708952354049,99.25242331753061,0.9643125795189608,5.664691848927816e-08,0,0.005194841526344662,0.009435527187144212,6.103446867200546e-05,1.0017474642941142
0.047125,94,physics,1,4096,8789.213256996773,1440629.3058705973,563.8019203401903,1449982.3210479342,9784.545535194626,0.003953444836899981,33.999228058379124,92.26118911504796,0.9668263393980642,5.693535942707936e-08,0,0.005199265288004541,0.009495892966881149,6.103446867200546e-05,1.0017476434205357
0.0471875,94,physics,1,4096,9710.376100885911,1434688.0070712906,1435.8660663982685,1445834.2492385749,9784.545535194626,0.003953444836899981,34.396169199130064,271.5019385745735,0.9023983581501863,5.7069474812543346e-08,0,0.005188014885433259,0.009556446157057046,6.103446867200546e-05,1.0017521215914782
0.04725,94,physics,1,4096,11459.737037463252,1427677.6461972054,2584.227261928604,1441721.6104965974,9784.545535194626,0.003953444836899981,34.70334448754851,619.4857117421816,0.7773030649405306,5.718394957554556e-08,0,0.005178608138281966,0.009617601318290862,6.103446867200546e-05,1.0017542711206413
0.0473125,94,physics,1,4096,14113.298945828501,1419586.6935929207,3683.9801254369913,1437383.9726641863,9784.545535194626,0.003953444836899981,34.879196055306444,1009.5072155546119,0.7444695225322772,5.717222639756163e-08,0,0.005166381969800265,0.00967858548467735,6.103446867200546e-05,1.4225047092523786
0.047375,94,physics,1,4096,17584.77488689134,1410023.63955731,4696.863233476408,1432305.2776776776,9784.545535194626,0.003953444836899981,34.962608364604385,1512.722312466542,0.7483654304465018,5.7171531064881185e-08,0,0.005147053504694586,0.009739148593874859,6.103446867200546e-05,2.1847790545322368
0.0474375,94,physics,1,4096,21782.129908715506,1399451.4195942748,5547.524462264052,1426781.0739652545,9784.545535194626,0.003953444836899981,34.93989981751451,2058.770622392,0.753806944587174,5.684814652351376e-08,0,0.00510253905047397,0.009799598923355059,6.103446867200546e-05,3.0864359814914035
0.0475,94,physics,1,4096,26244.07156455402,1387499.3413237059,6017.019274029966,1419760.4321622897,9784.545535194626,0.003953444836899981,34.77954460841031,2111.9920136495493,0.7587734714485713,5.683231951714159e-08,0,0.005047624440941257,0.009860998325811908,6.103446867200546e-05,3.3201166852632884
0.0475,95,refine,1,4096,26244.07156455402,1387499.3413237059,6017.019274029966,1419760.4321622897,9784.545535194626,0.003953444836899981,34.77954460841031,2111.9920136495493,0.7587734714485713,5.683231951714159e-08,0,0.005047624440941257,0.009860998325811908,6.103446867200546e-05,3.3201166852632884
0.0475625,95,physics,1,4096,31012.677158550297,1373987.2880505365,6229.100019182999,1411229.06522827,9784.545535194626,0.003953444836899981,34.61508769962026,2031.5969306204036,0.7627972980679822,5.667873015369191e-08,0,0.0049597072257088134,0.009922153190679114,6.103446867200546e-05,3.3201166852632884
0.047625,95,physics,1,4096,35634.25295680863,1359655.1825239128,6276.212277595701,1401565.647758317,9784.545535194626,0.003953444836899981,34.33015472819666,1985.7554988218437,0.7630796136241538,5.635883626453618e-08,0,0.004848102454929512,0.009982346563776065,6.103446867200546e-05,3.3201166852632884
0.0476875,95,physics,1,4096,40411.34971317395,1344931.0507109696,6186.746123272185,1391529.1465474158,9784.545535194626,0.003953444836899981,34.0743128513009,1983.8048248201146,0.7579980002034961,5.608891040509442e-08,0,0.004697817884803572,0.010041573244221955,6.103446867200546e-05,3.3201166852632884
0.04775,95,physics,1,4096,45318.93522376857,1329670.4094608785,6030.498215443673,1381019.8429000906,9784.545535194626,0.003953444836899981,33.8668506676428,2010.0476048628539,0.7540333101581187,5.5815587263197124e-08,0,0.004396108527268418,0.010101924669104194,6.103446867200546e-05,3.3201166852632884
0.0478125,95,physics,1,4096,50397.88893374119,1313724.2495428124,5874.281436238026,1369996.4199127916,9784.545535194626,0.003953444836899981,33.75948884673468,2043.2870477105125,0.7486225739942175,5.3909070985014276e-08,0,0.003858547146615476,0.010162389324110836,6.103446867200546e-05,3.3201166852632884
0.047875,95,physics,1,4096,55901.010910513956,1297429.5432908442,5720.318114897151,1359050.8723162555,9784.545535194626,0.003953444836899981,33.596427743129624,2109.2083896272065,0.7445572342116625,4.3368721502901e-08,0,0.003167689907789956,0.01022081548637793,6.103446867200546e-05,3.3201166852632884
0.0479375,95,physics,1,4096,61616.75322345048,1280759.043669874,5574.775453390287,1347950.5723467148,9784.545535194626,0.003953444836899981,33.26100359580343,2102.093925660818,0.7453540872370259,3.126755310223211e-08,0,0.002388135071725233,0.010277093722743446,6.103446867200546e-05,3.3201166852632884
0.048,95,physics,1,4096,67670.9689297048,1263667.9363179212,5443.715017208519,1336782.6202648345,9784.545535194626,0.003953444836899981,33.03128524302578,2102.266305134754,0.7455578330408208,2.009151806037221e-08,0,0.0016557125560435332,0.01033367853354462,6.103446867200546e-05,3.3201166852632884
0.048,96,refine,1,4096,67670.9689297048,1263667.9363179212,5443.715017208519,1336782.6202648345,9784.545535194626,0.003953444836899981,33.03128524302578,2102.266305134754,0.7455578330408208,2.009151806037221e-08,0,0.0016557125560435332,0.01033367853354462,6.103446867200546e-05,3.3201166852632884
0.0480625,96,physics,1,4096,74020.75804407647,1246461.6012697974,5326.909523153781,1325809.2688370275,9784.545535194626,0.003953444836899981,32.77628758256636,2114.619969142923,0.7471632808782616,1.0426397245577575e-08,0,0.0009588467677924689,0.010390566711726756,6.103446867200546e-05,3.3201166852632884
0.048125,96,physics,1,4096,80580.23180495229,1229208.28129751,5197.239787552142,1314985.7528900143,9784.545535194626,0.003953444836899981,32.4968149656296,2114.204659767561,0.7489391224775074,3.147983151929896e-09,0,0.0003328293942882033,0.010443877134834295,6.103446867200546e-05,3.3201166852632884
0.0481875,96,physics,1,4096,87154.91582773483,1211822.5044260381,5048.267953626228,1304025.688207399,9784.545535194626,0.003953444836899981,32.27987568019504,2088.078365212067,0.7505604523382665,1.2018347983477889e-09,0,0.00014907867395566832,0.010492053860169177,6.103446867200546e-05,3.3201166852632884
0.04825,96,physics,1,4096,93979.61132346746,1194454.7937610508,4913.835590160177,1293348.2406746785,9784.545535194626,0.003953444836899981,32.10849670863092,2106.8827332490173,0.7493192584420711,6.28986374096028e-09,0,0.0009239448970247413,0.010537597397731371,6.103446867200546e-05,3.3201166852632884
0.0483125,96,physics,1,4096,100818.54764946071,1177251.7854107274,4843.108085058401,1282913.4411452464,9784.545535194626,0.003953444836899981,31.86050606098047,2117.5668748707967,0.7507605340933401,1.6034512217988354e-08,0,0.002792790541631786,0.01058319212361529,6.103446867200546e-05,3.3201166852632884
0.048375,96,physics,1,4096,107905.80633700034,1160297.6548294104,4817.627386034372,1273021.0885524452,9784.545535194626,0.003953444836899981,31.587588980958238,2117.854615181489,0.748604269768997,2.6620825044343314e-08,0,0.0036753278616126384,0.010625080953626687,6.103446867200546e-05,3.3201166852632884
0.0484375,96,physics,1,4096,115162.3634759454,1143602.0105634946,4840.174150173807,1263604.5481896137,9784.545535194626,0.003953444836899981,31.361813055944868,2100.2252514391585,0.7481671456442802,2.2328544346805783e-08,0,0.0017599066034023462,0.01066027788932504,6.103446867200546e-05,3.3201166852632884
0.0485,96,physics,1,4096,122440.87516396538,1127177.3045833095,4905.786083612029,1254523.965830887,9784.545535194626,0.003953444836899981,31.12131902582715,2082.7351408451204,0.7480359031588357,-2.7493607390738357e-09,2,-0.00024394261957715884,0.010693018203885128,6.103446867200546e-05,3.3201166852632884
0.0485,97,refine,1,4096,122440.87516396538,1127177.3045833095,4905.786083612029,1254523.965830887,9784.545535194626,0.003953444836899981,31.12131902582715,2082.7351408451204,0.7480359031588357,-2.7493607390738357e-09,2,-0.00024394261957715884,0.010693018203885128,6.103446867200546e-05,3.3201166852632884
0.0485625,97,physics,1,4096,129493.31545053584,1110969.5876173298,4991.233178701883,1245454.1362465676,9784.545535194626,0.003953444836899981,30.920269747746378,2057.786563419517,0.7480249056265715,-2.1048691678515725e-08,2,-0.0021571582115121985,0.0107294472343159,6.103446867200546e-05,3.3201166852632884
0.048625,97,physics,1,4096,136169.21447583524,1095023.3398214262,5078.79172121224,1236271.3460184736,9784.545535194626,0.003953444836899981,30.700696132780685,2048.4702096673777,0.7484309438555155,-2.9569294179854274e-08,2,-0.003561877146146739,0.010770511339787472,6.103446867200546e-05,3.3201166852632884
0.0486875,97,physics,1,4096,142469.7736210455,1079426.9452406047,5173.220844123741,1227069.939705774,9784.545535194626,0.003953444836899981,30.548670013838528,2051.4911469999,0.7467833906916685,-2.818674332827344e-08,2,-0.004026038948990695,0.010813361155379304,6.103446867200546e-05,3.3201166852632884
0.04875,97,physics,1,4096,148603.434669659,1064149.4199185357,5269.79667025136,1218022.651258446,9784.545535194626,0.003953444836899981,30.431551095966704,2063.2427151770494,0.746849839069545,-2.0770729136643257e-08,2,-0.0035194039398316872,0.010860898926406575,6.103446867200546e-05,3.3201166852632884
0.0488125,97,physics,1,4096,154658.86544093007,1049034.2990327398,5375.43842072072,1209068.6028943905,9784.545535194626,0.003953444836899981,30.157461405650313,2062.420430293728,0.7460478537167764,-1.1109014097510042e-08,2,-0.002215787461422594,0.010920390392524472,6.103446867200546e-05,3.3201166852632884
0.048875,97,physics,1,4096,160505.4764846857,1033965.4019428097,5491.232015003012,1199962.1104424985,9784.545535194626,0.003953444836899981,29.912718106355733,2052.0459661858067,0.7453642767465124,-1.5160919186740485e-09,2,-0.00035133282002093857,0.01099617906509487,6.103446867200546e-05,3.3201166852632884
0.0489375,97,physics,1,4096,165834.02957593565,1019108.7725247423,5617.217288965827,1190560.0193896438,9784.545535194626,0.003953444836899981,29.731029148767384,2013.5935351534101,0.7436479102659285,-1.5363943894897167e-08,2,-0.001299264677912347,0.01108371530785368,6.103446867200546e-05,3.3201166852632884
0.049,97,physics,1,4096,170928.1914140631,1004604.500418368,5752.402911572592,1181285.0947440036,9784.545535194626,0.003953444836899981,29.560636948760404,1979.3785426128663,0.7437726599309211,-3.7853794765396696e-08,2,-0.003699525819443448,0.011172561309640228,6.103446867200546e-05,3.3201166852632884
0.049,98,refine,1,4096,170928.1914140631,1004604.500418368,5752.402911572592,1181285.0947440036,9784.545535194626,0.003953444836899981,29.560636948760404,1979.3785426128663,0.7437726599309211,-3.7853794765396696e-08,2,-0.003699525819443448,0.011172561309640228,6.103446867200546e-05,3.3201166852632884
0.0490625,98,physics,1,4096,176006.97802944868,990340.548015684,5879.83159713844,1172227.357642271,9784.545535194626,0.003953444836899981,29.386681986132963,1973.3213642151838,0.7440747408998183,-5.397331759304792e-08,2,-0.00620964818389249,0.01125561812337303,6.103446867200546e-05,3.3201166852632884
0.049125,98,physics,1,4096,181093.05883102445,976192.6538659234,5984.266982620162,1163269.979679568,9784.545535194626,0.003953444836899981,29.21888801836314,1964.768098292198,0.741228790407546,-6.295254373345213e-08,2,-0.008600724078796227,0.011322390558546192,6.103446867200546e-05,3.3201166852632884
0.0491875,98,physics,1,4096,186054.2356971976,962170.3241266592,6089.916692059339,1154314.476515916,9784.545535194626,0.003953444836899981,29.14558982650709,1951.2663863441362,0.7414388452302351,-6.573633837270157e-08,2,-0.010654219564345722,0.011348488470670458,6.103446867200546e-05,3.3201166852632884
0.04925,98,physics,1,4096,190680.23779938964,948337.029606489,6196.944665980526,1145214.2120718593,9784.545535194626,0.003953444836899981,28.87585757804587,1921.7001155712117,0.7416156479020172,-6.513370809368982e-08,2,-0.01241269785972263,0.011303876556247783,6.103446867200546e-05,3.3201166852632884
0.0493125,98,physics,1,4096,195055.2309673612,934584.8502934433,6307.993244243263,1135948.0745050479,9784.545535194626,0.003953444836899981,28.76741373848009,1891.1890466200816,0.7427697544236096,-6.231047577909266e-08,4,-0.013770406508336504,0.011152577248154659,6.103446867200546e-05,3.3201166852632884
0.049375,98,physics,1,4096,199314.73617156586,921013.1443868333,6429.204664061872,1126757.085222461,9784.545535194626,0.003953444836899981,28.665614894062177,1931.6917663553002,0.7435460343486482,-5.8484334597430605e-08,4,-0.014732458076397415,0.010982669291540346,6.103446867200546e-05,3.3201166852632884
0.0494375,98,physics,1,4096,203412.28604263562,907789.918707907,6547.758381949208,1117749.9631324918,9784.545535194626,0.003953444836899981,28.49534133682344,1950.4147152161838,0.7451799311809192,-5.488511378715094e-08,6,-0.015451626054307905,0.011035369978478505,6.103446867200546e-05,3.3201166852632884
0.0495,98,physics,1,4096,207509.75732473165,894859.2122521738,6659.63253241015,1109028.6021093156,9784.545535194626,0.003953444836899981,28.29465888725146,1947.0120320334277,0.7456186135099395,-5.126307567326907e-08,6,-0.015800714137826962,0.011087964014277765,6.103446867200546e-05,3.3201166852632884
0.0495,99,refine,1,4096,207509.75732473165,894859.2122521738,6659.63253241015,1109028.6021093156,9784.545535194626,0.003953444836899981,28.29465888725146,1947.0120320334277,0.7456186135099395,-5.126307567326907e-08,6,-0.015800714137826962,0.011087964014277765,6.103446867200546e-05,3.3201166852632884
0.0495625,99,physics,1,4096,211592.87030186533,882061.1575212821,6768.3515580194235,1100422.3793811668,9784.545535194626,0.003953444836899981,28.115218032965075,1912.9860346285402,0.7440152715166556,-4.804690811877072e-08,6,-0.015895602519816365,0.01113703915022224,6.103446867200546e-05,3.3201166852632884
0.049625,99,physics,1,4096,215385.62639251622,869299.180132004,6872.97647004301,1091557.7829945632,9784.545535194626,0.003953444836899981,27.87815251867925,1842.964016812144,0.7445787079344289,-4.4947852217980216e-08,6,-0.015666072997736303,0.011180009802392185,6.103446867200546e-05,3.3201166852632884
0.0496875,99,physics,1,4096,218958.4745618623,856691.7553283228,6966.751580209977,1082616.9814703949,9784.545535194626,0.003953444836899981,27.71423590446797,1743.2991907121834,0.7458135687664876,-4.7116420764936626e-08,9,-0.018738012652560043,0.011220774787210945,6.103446867200546e-05,3.3201166852632884
0.04975,99,physics,1,4096,222404.62750202545,844430.5215060855,7046.572495706867,1073881.721503818,9784.545535194626,0.003953444836899981,27.578873208260195,1773.2482059490876,0.7473919727292944,-5.682554496400086e-08,10,-0.022240409238120297,0.011265533524904224,6.103446867200546e-05,3.3201166852632884
0.0498125,99,physics,1,4096,225988.35337019496,832547.5098033601,7086.611836126223,1065622.4750096814,9784.545535194626,0.003953444836899981,27.464582170501785,1789.18207724956,0.7490064645462641,-6.686959194701643e-08,12,-0.025838081922224487,0.011311209079271752,6.103446867200546e-05,3.3201166852632884
0.049875,99,physics,1,4096,229725.58699467996,820809.1425121495,7093.181636666131,1057627.9111434957,9784.545535194626,0.003953444836899981,27.309188584706817,1782.9384582949226,0.7486338392853233,-7.701188231568065e-08,12,-0.029426785251408343,0.011355222808060889,6.103446867200546e-05,3.3201166852632884
0.0499375,99,physics,1,4096,233350.9188390715,809082.3008072289,7087.363215235595,1049520.582861536,9784.545535194626,0.003953444836899981,27.115106576218036,1743.8003344711317,0.7500374182974474,-8.7129735232283e-08,14,-0.032957524519747275,0.011395503401225342,6.103446867200546e-05,3.3201166852632884
0.05,99,physics,1,4096,236845.55755757488,797515.1486486164,7070.946493686419,1041431.6526998777,9784.545535194626,0.003953444836899981,26.980332251036852,1675.4954824457664,0.7500672344005088,-9.73598843212464e-08,14,-0.0364705354240541,0.011435847439618042,6.103446867200546e-05,3.3201166852632884
0.05,100,refine,1,4096,236845.55755757488,797515.1486486164,7070.946493686419,1041431.6526998777,9784.545535194626,0.003953444836899981,26.980332251036852,1675.4954824457664,0.7500672344005088,-9.73598843212464e-08,14,-0.0364705354240541,0.011435847439618042,6.103446867200546e-05,3.3201166852632884
0.0500625,100,physics,1,4096,240256.77239790582,786271.3843327977,7063.450580839222,1033591.6073115427,9784.545535194626,0.003953444836899981,26.816956318670943,1584.1550843899438,0.7504909587207984,-1.0750394213721044e-07,14,-0.039872629479542,0.011486911198056867,6.103446867200546e-05,3.3201166852632884
0.050125,100,physics,1,4096,243730.59431031923,775336.0396908912,7049.897403754135,1026116.5314049645,9784.545535194626,0.003953444836899981,26.567529766240366,1544.6928880707787,0.7531273716371791,-1.1793975648877181e-07,14,-0.04328318886369508,0.011543670776906488,6.103446867200546e-05,3.3201166852632884
0.0501875,100,physics,1,4096,247420.11151061457,764572.8482496709,7006.203801928983,1018999.1635622145,9784.545535194626,0.003953444836899981,26.348205851970256,1551.723951821101,0.7547799948051024,-1.3324868675113058e-07,14,-0.04657937548046121,0.011611466219840268,6.103446867200546e-05,3.3201166852632884
0.05025,100,physics,1,4096,251337.11127051167,753978.3589873362,6920.02668790592,1012235.4969457537,9784.545535194626,0.003953444836899981,26.17425812768969,1538.8075554522416,0.7543540908059095,-1.5157616406469317e-07,15,-0.04977666616182347,0.01168539698157804,6.103446867200546e-05,3.3201166852632884
0.0503125,100,physics,1,4096,255251.78908164692,743591.5084687517,6807.168228395966,1005650.4657787946,9784.545535194626,0.003953444836899981,26.013650838474533,1498.7258419229356,0.7586803180091037,-1.7119620210337424e-07,18,-0.05288732158816838,0.011764757969830963,6.103446867200546e-05,3.3201166852632884
0.050375,100,physics,1,4096,259327.37594711437,733425.5296632885,6663.127021918182,999416.032632321,9784.545535194626,0.003953444836899981,25.817660246263095,1434.715056561591,0.754335375958027,-1.921028580653686e-07,18,-0.0558706902743349,0.011858862138665695,6.103446867200546e-05,3.3201166852632884
0.0504375,100,physics,1,4096,263568.3675490893,723419.3989827479,6485.770989573116,993473.5375214103,9784.545535194626,0.003953444836899981,25.631171169001025,1350.6274309043258,0.7525442593982492,-2.139993009464551e-07,22,-0.05872916794788798,0.011963924192940893,6.103446867200546e-05,3.3201166852632884
0.0505,100,physics,1,4096,267841.8014740346,713553.4735504298,6287.616230386206,987682.8912548505,9784.545535194626,0.003953444836899981,25.417217108057613,1250.0622169348487,0.7530617589227478,-2.367005631498385e-07,22,-0.06140707862578179,0.012068347835828691,6.103446867200546e-05,3.3201166852632884
