t,macro,phase,capacity_blocked,samples,elastic_energy,kinetic_energy,affine_kinetic_energy,total_energy,mass,grown_rest_area,max_speed,max_volumetric_pressure,min_elastic_det,min_triangle_area,inverted_triangles,min_triangle_quality,max_edge,min_weight,max_hardening
0.0,0,initial,0,10,0.0,0.0,0.0,0.0,50.0,2.0202495988996816e-05,0.0,-0.0,1.0,2.0202199486618594e-06,0,0.8548107181185775,0.002621869394860768,0.49999263882637024,1.0
0.0,0,refine,0,10,0.0,0.0,0.0,0.0,50.0,2.0202495988996816e-05,0.0,-0.0,1.0,2.0202199486618594e-06,0,0.8548107181185775,0.002621869394860768,0.49999263882637024,1.0
6.25e-05,0,physics,0,10,1.432334892762504,0.00487734748505939,0.053852712816782326,1.4910649530643456,50.37631961606337,2.0354547899678835e-05,0.018671554373282377,19.71543968133876,0.992902439176433,2.020973806082793e-06,0,0.8547208150581564,0.0026226480196576978,0.49999263882637024,0.9999996423721953
0.000125,0,physics,0,10,4.319557193431013,0.09272403588569332,1.020815448077052,5.433096677393758,50.75546394986645,2.050774113733699e-05,0.08136222732090927,33.15941422320707,0.9880626023413563,2.0261874738025654e-06,0,0.8540682953371788,0.0026281781953629555,0.49999263882637024,0.9999996423721953
0.0001875,0,physics,0,10,5.910972171154741,0.4112890550173027,4.489668556302148,10.811929782474191,51.137468758057025,2.0662090149441944e-05,0.17161290150947048,36.30406982433643,0.9869305021451632,2.0390630766087244e-06,0,0.8524172589898104,0.0026418527626167337,0.49999263882637024,0.9999978542350902
0.00025,0,physics,0,10,4.859311521897288,0.9911527337196611,10.651271842527816,16.501736098144764,51.52234595539084,2.0817599750149803e-05,0.2672231598138008,28.266079276566465,0.9898241698935447,2.060424402650083e-06,0,0.8494887055488314,0.0026650913363580335,0.49999263882637024,0.9999992847445185
0.0003125,0,physics,0,10,2.4044587027374664,1.6430186560628945,17.26095688185852,21.30843424065888,51.910119377475894,2.0974279570236054e-05,0.34523750623194743,11.499235614241124,0.9958602574130635,2.0885817502147566e-06,0,0.8452323093989443,0.0026969836406900384,0.49999263882637024,0.9999992847445185
0.000375,0,physics,0,10,0.9631617001533701,2.0571353772759715,21.02318100793433,24.04347808536367,52.30081285985193,2.113213924044863e-05,0.3868332069558179,-8.863314192373606,1.0031908136494183,2.1197925486049493e-06,0,0.8398306370668076,0.002734579527938636,0.49999263882637024,0.9999974966080529
0.0004375,0,physics,0,10,1.6712065747599634,2.028741295242191,20.156205364713212,23.856153234715368,52.69443831712123,2.1291183574881638e-05,0.3820265236885631,-26.435357941106748,1.0095167594898748,2.1491325794542574e-06,0,0.8336849032431335,0.0027734533963118973,0.49999263882637024,0.9999971389811435
0.0005,0,physics,0,10,3.428147759840923,1.612045169108397,15.676023015711841,20.716215944661162,53.09103150557347,2.145142702086103e-05,0.33315095855377286,-35.55529258818702,1.0127999511078578,2.1723048018174028e-06,0,0.8273204484547533,0.002808916173734184,0.49999263882637024,0.9999978542350902
0.0005,1,refine,0,10,3.428147759840923,1.612045169108397,15.676023015711841,20.716215944661162,53.09103150557347,2.145142702086103e-05,0.33315095855377286,-35.55529258818702,1.0127999511078578,2.1723048018174028e-06,0,0.8273204484547533,0.002808916173734184,0.49999263882637024,0.9999978542350902
0.0005625000000000001,1,physics,0,10,4.369467149541002,1.0538417048863584,10.200259011400819,15.623567865828178,53.49061030011766,2.1612876800742375e-05,0.25511220148910085,-33.22659852446963,1.011961618246813,2.1867977233469543e-06,0,0.8213922737032586,0.0028373998150193263,0.49999263882637024,0.9999978542350902
0.000625,1,physics,0,10,3.9578579211922977,0.5781123190219261,5.69737751479543,10.233347755009653,53.89319853603351,2.177554254516852e-05,0.1708687974610935,-20.22858968558576,1.0072823417696417,2.1931489433413293e-06,0,0.8164348743163544,0.0028573899404962123,0.49999263882637024,0.9999978542350902
0.0006875,1,physics,0,10,3.2402121168586104,0.25861940283540064,2.606766567319799,6.10559808701381,54.29882004853252,2.193943388475476e-05,0.10340846480642137,-0.8353710233599915,1.0003007355043285,2.194397222154976e-06,0,0.812816567975325,0.002869839887188767,0.49999263882637024,0.9999978542350902
0.00075,1,physics,0,10,3.212954258104826,0.08707239966525389,0.8416070360868163,4.141633693856896,54.707492712344646,2.2104558041784305e-05,0.068500735967239,18.723923401738848,0.9932593417732322,2.1953640967353745e-06,0,0.8106206417876036,0.0028776292477329757,0.49999263882637024,0.9999978542350902
0.0008125000000000001,1,physics,0,10,3.5566076118325887,0.09152180469164464,0.8628730172703529,4.511002433794586,55.11923440214869,2.2270922238519684e-05,0.07397709145312294,32.35035772172383,0.9883538050281159,2.200953784559089e-06,0,0.8096136743133708,0.002884518868860975,0.49999263882637024,0.9999957084747848
0.000875,1,physics,0,10,3.2897606854694406,0.3253349827383658,3.254915827376413,6.87001149558422,55.53408087378668,2.2438540922106e-05,0.11463162543190199,35.91500910799449,0.9870705319861508,2.214639897246686e-06,0,0.8093956826713593,0.002894141380159538,0.49999263882637024,0.9999964237277084
0.0009375,1,physics,0,10,2.352531862450557,0.7499395201740957,7.430085756082953,10.532557138707606,55.95204404139619,2.2607418906449597e-05,0.17371716195111891,28.377512619941832,0.9897840333472653,2.2374449670792295e-06,0,0.8093671958669849,0.0029090306190073236,0.49999263882637024,0.9999964237277084
0.001,1,physics,0,10,1.9834523622166798,1.1850662045045177,11.351120384697262,14.519638951418461,56.37315370026951,2.2777568230335915e-05,0.23359342615978246,12.053835751892736,0.9956605911953251,2.267598187444267e-06,0,0.8089129304080157,0.0029299980947728173,0.49999263882637024,0.9999978542350902
0.001,2,refine,0,10,1.9834523622166798,1.1850662045045177,11.351120384697262,14.519638951418461,56.37315370026951,2.2777568230335915e-05,0.23359342615978246,12.053835751892736,0.9956605911953251,2.267598187444267e-06,0,0.8089129304080157,0.0029299980947728173,0.49999263882637024,0.9999978542350902
0.0010625,2,physics,0,10,3.22368089172329,1.4286196734229657,13.04700714665434,17.699307711800593,56.79743964561364,2.2949000932515966e-05,0.27934490876433044,-8.004120996792112,1.0028815072604156,2.3012348178141876e-06,0,0.8074714644793788,0.0029563062247528926,0.49999263882637024,0.9999985694895486
0.0011250000000000001,2,physics,0,10,5.263725476488804,1.4418749720355304,12.482805299029074,19.18840574755341,57.22491379138713,2.312172182682374e-05,0.3021206516958831,-25.440987654249685,1.009158811237945,2.33311302899608e-06,0,0.8046719702746021,0.0029859655622461907,0.49999263882637024,1.0
0.0011875,2,physics,0,10,5.897775986199295,1.3795984674821649,11.561151956531138,18.838526410212598,57.655605932664805,2.3295742951956832e-05,0.3012598009974414,-34.60577186175564,1.0124581580668952,2.358434429083898e-06,0,0.8003409595907216,0.0030163291064791617,0.49999263882637024,1.000002503398214
0.00125,2,physics,0,10,3.9957571265915997,1.3990865519995144,11.948769006307888,17.343612684899,58.08953990405705,2.347107393828766e-05,0.28362422350115835,-32.52023226056395,1.0117073547904845,2.374451350206639e-06,0,0.7946429287182761,0.003045438491173773,0.49999263882637024,1.0000044703583502
0.0013125,2,physics,0,10,1.1542676788818926,1.4695820363299972,13.132714931012542,15.756564646224431,58.526739540106036,2.364772441616107e-05,0.25991888572036514,-19.95113206282406,1.0071824640526792,2.381623671610098e-06,0,0.7879988492124673,0.003072057743998982,0.49999263882637024,1.000002861027042
0.001375,2,physics,0,10,0.27749755806458015,1.4287184657197025,13.093416500267347,14.79963252405163,58.96723463565638,2.3825706424181646e-05,0.23999673358816767,-1.0957566340462725,1.000394476056206,2.3834452491655586e-06,0,0.7810164975423768,0.0030963356017337596,0.49999263882637024,1.000002145769514
0.0014375,2,physics,0,10,2.4889630324417977,1.2132499017639102,10.865726525079339,14.567939459285046,59.41103710436821,2.4005024776062798e-05,0.22996209202153808,17.974700864783745,0.9935290544625162,2.384791159215636e-06,0,0.7744144097534025,0.0031192056377567106,0.49999263882637024,1.0000046491730998
0.0015,2,physics,0,10,5.832256820286899,0.9709781634880006,7.963995947994089,14.767230931768989,59.85818270131615,2.4185693918639563e-05,0.23156261290284327,31.35458335639828,0.9887122248508783,2.3910818978123424e-06,0,0.7687815228708205,0.0031420565653277697,0.49999263882637024,1.0000062585072858
0.0015,3,refine,0,10,5.832256820286899,0.9709781634880006,7.963995947994089,14.767230931768989,59.85818270131615,2.4185693918639563e-05,0.23156261290284327,31.35458335639828,0.9887122248508783,2.3910818978123424e-06,0,0.7687815228708205,0.0031420565653277697,0.49999263882637024,1.0000062585072858
0.0015625,3,physics,0,10,7.161093394327968,0.9239669534751831,7.005615528288377,15.090675876091527,60.30869526075673,2.436772348214138e-05,0.24155410406596892,35.01914626746913,0.9873929886683097,2.4058443379715266e-06,0,0.7645500788797382,0.0031658011525127388,0.49999263882637024,1.0000051856175407
0.0016250000000000001,3,physics,0,10,5.230995328981946,1.1361258581242677,8.984537012974187,15.3516582000804,60.76259861687826,2.4551123096770132e-05,0.2519892319689678,27.8999673730028,0.9899558789103498,2.4300856704684284e-06,0,0.7619217925001659,0.0031906891712174495,0.49999263882637024,1.0000060796922483
0.0016875,3,physics,0,10,1.91214399757809,1.4191334030695961,12.015282633717323,15.346560034365009,61.21992256415022,2.473590480097881e-05,0.2534201882433929,12.110374821660749,0.9956402260849601,2.462546854431478e-06,0,0.7606837474714396,0.0032160432355906234,0.49999263882637024,1.0000030398415038
0.00175,3,physics,0,10,0.36412422388836874,1.4766094357368424,12.907512288586245,14.748245948211457,61.68068497626658,2.492207581663204e-05,0.23957903506714748,-7.5757051918789875,1.0027272802034373,2.498777954329512e-06,0,0.7604022911882308,0.0032404779530309674,0.49999263882637024,1.000002145769514
0.0018125,3,physics,0,10,1.9242359634098767,1.1757136628851625,10.18919944815917,13.28914907445421,62.144915647551876,2.5109648182124246e-05,0.21093848652268316,-25.021026378782373,1.0090076435878976,2.5333335900157277e-06,0,0.7604542810260698,0.0032625947301264803,0.49999263882637024,1.000002503398214
0.001875,3,physics,0,10,4.8454082612026115,0.6949659033487863,5.635230660915136,11.175604825466534,62.61263841190877,2.52986315275419e-05,0.17597863084442944,-34.58610782623736,1.0124511012328226,2.561141341672622e-06,0,0.7601495791091066,0.003281411110834466,0.49999263882637024,1.000002145769514
0.0019375,3,physics,0,10,6.251090410019926,0.3779038376520499,2.6670253648815314,9.296019612553508,63.083877103171716,2.5489035482943894e-05,0.14951867425421392,-33.055697703743306,1.0119001405452719,2.5790270150594076e-06,0,0.7588992108215659,0.003297206341815574,0.49999263882637024,1.0000003576279326
0.002,3,physics,0,10,5.172259677459957,0.42933990182769355,3.250280910080877,8.851880489368527,63.55867343609113,2.568087690317179e-05,0.14685881205571674,-20.828314847889974,1.0074982550214409,2.5871487991935257e-06,0,0.7561816704220107,0.003311800886547179,0.49999263882637024,1.000001788140942
0.002,4,refine,0,10,5.172259677459957,0.42933990182769355,3.250280910080877,8.851880489368527,63.55867343609113,2.568087690317179e-05,0.14685881205571674,-20.828314847889974,1.0074982550214409,2.5871487991935257e-06,0,0.7561816704220107,0.003311800886547179,0.49999263882637024,1.000001788140942
0.0020625,4,physics,0,10,3.2595964637041224,0.7887613901037127,6.562219563009166,10.610577416817002,64.03703932367908,2.5874160601677156e-05,0.1746504631792368,-1.8205277568895344,1.0006553951489865,2.5889094370512554e-06,0,0.7519088246668616,0.0033278333644523616,0.49999263882637024,1.0000032186559977
0.002125,4,physics,0,10,2.5818085235060213,1.2938050022548848,10.537327007319432,14.412940533080338,64.51899859955262,2.6068896208431064e-05,0.22935492288376053,17.938940362556842,0.993541926039624,2.5898728495121784e-06,0,0.7462231850376964,0.0033482355291260817,0.49999263882637024,1.0000032186559977
0.0021875,4,physics,0,10,3.3493097496198194,1.8777568235762803,14.073965533106083,19.30103210630218,65.0045870178911,2.6265098169906788e-05,0.30087090003681405,32.313626391657735,0.9883670029731167,2.5957623108752163e-06,0,0.7395689413307575,0.0033752984897014258,0.49999263882637024,1.0000008940700713
0.0022500000000000003,4,physics,0,10,4.1261009152888235,2.540790834640644,17.34227650603053,24.00916825596,65.49383437246053,2.6462778524273116e-05,0.3730945680761042,36.93223976210969,0.9867042890778833,2.610859265672614e-06,0,0.7325290297939483,0.003409881444253905,0.49999263882637024,1.000001788140942
0.0023125,4,physics,0,10,3.8970235896735534,3.164440327158581,20.29424918510715,27.355713101939287,65.98676449663498,2.6661946901402913e-05,0.42644659662739615,30.359233319476676,0.9890705861061092,2.6367400547400187e-06,0,0.7257660260456524,0.003450812437093561,0.49999263882637024,1.0000012516983237
0.002375,4,physics,0,10,3.3288930297495116,3.4486729393318765,21.60234635899945,28.37991232808084,66.48340718402272,2.6862615339401223e-05,0.4430902538287449,14.458551970795208,0.994794857999768,2.671961381039976e-06,0,0.7198588342531057,0.0034949989370344717,0.49999263882637024,1.000002682212612
0.0024375,4,physics,0,10,3.7614908910260025,3.1151331464295025,19.56726006812617,26.443884105581674,66.9837862678486,2.7064793468080625e-05,0.41282487721603894,-6.078846864837257,1.0021884083502899,2.712209588473513e-06,0,0.7152109796911473,0.003537971919403857,0.49999263882637024,1.0000035762850814
0.0025,4,physics,0,10,5.211508338760023,2.2050068082268974,14.103288458125572,21.519803605112493,67.4879255812692,2.7268490917226135e-05,0.337871974669592,-25.00669649331157,1.0090024944453184,2.75125063398107e-06,0,0.712030452804012,0.0035750242586304634,0.49999263882637024,1.000002861027042
0.0025,5,refine,0,10,5.211508338760023,2.2050068082268974,14.103288458125572,21.519803605112493,67.4879255812692,2.7268490917226135e-05,0.337871974669592,-25.00669649331157,1.0090024944453184,2.75125063398107e-06,0,0.712030452804012,0.0035750242586304634,0.49999263882637024,1.000002861027042
0.0025625,5,physics,0,10,5.973023056821779,1.132542097020851,7.44575021373137,14.551315367573999,67.9958608779523,2.7473722133104334e-05,0.2345007235683598,-36.386334683490304,1.0130991788629469,2.7831762370311666e-06,0,0.7101878246770384,0.0036025625799928737,0.49999263882637024,1.0000035762850814
0.002625,5,physics,0,10,4.6017884173956185,0.36712739386631627,2.478424674884957,7.447340486146892,68.50761599089248,2.7680496745434794e-05,0.12959843980124106,-36.55100691124396,1.0131584942510272,2.804314291893203e-06,0,0.7093295411874846,0.0036193767926194107,0.49999263882637024,1.0000035762850814
0.0026875000000000002,5,physics,0,10,2.009168823850711,0.05667154067960164,0.3614806931403028,2.4273210576706155,69.02322667357845,2.7888829200411735e-05,0.0526090246376964,-25.39473964100799,1.0091421945469325,2.8140431851397794e-06,0,0.7089431874402939,0.003627191270974394,0.49999263882637024,1.000005006802695
0.00275,5,physics,0,10,0.8993243404234812,0.018700572128224506,0.13740838128932983,1.0554332938410356,69.54271675884281,2.8098729127689273e-05,0.026890258635538965,-6.406520533685886,1.0023063704870374,2.816092857571562e-06,0,0.7084214558559527,0.0036303984753454184,0.49999263882637024,1.0000041127289467
0.0028125,5,physics,0,10,2.8741233818951732,0.0944235541486141,0.6895139807808278,3.658060916824615,70.06611603972254,2.8310208565141603e-05,0.06054265147307593,14.577861067436023,0.9947519174638901,2.8157882709933823e-06,0,0.7072492238957305,0.003634600532745056,0.49999263882637024,1.0000041127289467
0.002875,5,physics,0,10,6.449873034746801,0.4241107042021317,2.5845441129557076,9.458527851904641,70.5934543091694,2.8523279550608496e-05,0.14582067315527375,31.294879536712667,0.988733718464252,2.8198043651173053e-06,0,0.7049834720294129,0.0036455701413680296,0.49999263882637024,1.0000059008772428
0.0029375,5,physics,0,10,8.291940563838715,1.3165745934560795,7.5014199331154545,17.10993509041025,71.12476136004987,2.8737954121895264e-05,0.26419595375217797,38.905073512811555,0.985994003232641,2.8330271870657927e-06,0,0.7014621277999059,0.0036673758853058235,0.49999263882637024,1.0000085831056822
0.003,5,physics,0,10,6.4780171828779025,2.844829803936275,15.779408502844879,25.102255489659058,71.66006698514515,2.895424431677276e-05,0.38881198010572277,35.25217451330947,0.9873090900943992,2.8581028193031005e-06,0,0.6966637034320934,0.003701743289434646,0.49999263882637024,1.0000076890287364
0.003,6,refine,0,10,6.4780171828779025,2.844829803936275,15.779408502844879,25.102255489659058,71.66006698514515,2.895424431677276e-05,0.38881198010572277,35.25217451330947,0.9873090900943992,2.8581028193031005e-06,0,0.6966637034320934,0.003701743289434646,0.49999263882637024,1.0000076890287364
0.0030625,6,physics,0,10,2.5225166341775807,4.569625047307229,24.77027987727665,31.86242155876146,72.19940693740679,2.9172164581218192e-05,0.49085515015112624,21.366658092352544,0.992307928812838,2.8941922600722558e-06,0,0.6908037916200459,0.0037474206755730424,0.49999263882637024,1.0000060796922483
0.003125,6,physics,0,10,0.08842071614542925,5.689552732813702,30.01588926174302,35.79386271070215,72.74280504918138,2.9391724544689284e-05,0.5455488422291879,1.218828754071808,0.9995612174116908,2.937247813861178e-06,0,0.6842905888538519,0.003800610371838948,0.49999263882637024,1.0000075102134431
0.0031875000000000002,6,physics,0,10,1.4785015505576247,5.575607161300367,28.549136998353735,35.60324571021172,73.29029707324139,2.961293865309089e-05,0.5382474317222717,-19.293201120488412,1.0069456169856768,2.9811887500841324e-06,0,0.6775635653750254,0.003855401240954354,0.49999263882637024,1.000008404290229
0.0032500000000000003,6,physics,0,10,5.320498274321243,4.278738858032182,21.349425362083952,30.94866249443738,73.84190088152863,2.9835814127579653e-05,0.4695563159756872,-33.99959643593771,1.0122399729049634,3.019522067049248e-06,0,0.6711715180719496,0.003905543837680952,0.49999263882637024,1.0000098348147495
0.0033125,6,physics,0,10,7.933601152491451,2.5199642313812047,12.496594732135959,22.950160116008615,74.39765818688785,3.0060367822227158e-05,0.35683137437037854,-38.39826712615043,1.0138235047002502,3.04694939323724e-06,0,0.6655940207671347,0.003945739467257199,0.49999263882637024,1.0000116229732774
0.003375,6,physics,0,10,7.0749001736021615,1.1109544600380001,5.785479392792864,13.971334026433025,74.95760474181016,3.028661418282457e-05,0.2301228764169258,-31.193981720051664,1.0112299298060656,3.062040221379899e-06,0,0.6611744434015057,0.0039735517341348585,0.49999263882637024,1.000011801789306
0.0034375,6,physics,0,10,4.04194161088861,0.3688807731881431,2.220850757094076,6.631673141170829,75.52175841799438,3.0514560430430354e-05,0.12285270469978395,-14.751542717092624,1.0053106047576505,3.066738107904145e-06,0,0.6580790585213938,0.0039894628595459405,0.49999263882637024,1.0000123382375838
0.0035,6,physics,0,10,1.9594003218051237,0.10206023828114368,0.6712669598323986,2.732727519918666,76.09016092799102,3.074422341899722e-05,0.06098300158242975,5.771474306987268,0.9979222521591626,3.067073617302186e-06,0,0.6561877501488383,0.003997405934386454,0.49999263882637024,1.0000137687677317
0.0035,7,refine,0,10,1.9594003218051237,0.10206023828114368,0.6712669598323986,2.732727519918666,76.09016092799102,3.074422341899722e-05,0.06098300158242975,5.771474306987268,0.9979222521591626,3.067073617302186e-06,0,0.6561877501488383,0.003997405934386454,0.49999263882637024,1.0000137687677317
0.0035625,7,physics,0,10,2.4445171286892826,0.06546153597386034,0.31037409290176265,2.8203527575649057,76.66284802400989,3.097561759420264e-05,0.056929401996916325,24.193595622213348,0.99129019655629,3.0697598276674402e-06,0,0.6552833675300994,0.00400281267002988,0.49999263882637024,1.0000121594214593
0.003625,7,physics,0,10,4.355909858220414,0.29677165168288383,1.7770387862981087,6.429720296201407,77.23983757750669,3.120875017700688e-05,0.10896386796706482,35.198396599925864,0.9873283868931326,3.080421125289944e-06,0,0.6549116580796461,0.004011342119977044,0.49999263882637024,1.000013053502402
0.0036875000000000002,7,physics,0,10,5.562955361557144,1.0024019772457278,5.960061805434614,12.525419144237485,77.82117130073782,3.14436380212438e-05,0.19956891498359677,35.80041760882884,0.987111660683805,3.102980558722377e-06,0,0.6545166952159033,0.004027694330867867,0.49999263882637024,1.0000126958699291
0.00375,7,physics,0,10,5.355676400502611,2.2095825051359355,12.18074896431174,19.746007869950287,78.40688494563162,3.1680295572477147e-05,0.3049981331111124,26.055019772932432,0.9906200519925082,3.1373309443694063e-06,0,0.6535041928601083,0.004054297766613842,0.49999263882637024,1.000011801789306
0.0038125,7,physics,0,10,4.82566178970415,3.59560069010905,18.079871502578104,26.501133982391305,78.99699638340084,3.191873005156904e-05,0.40079905758345813,8.97425784925733,0.9967692128700065,3.180507018640811e-06,0,0.6513991772459884,0.0040910191648532495,0.49999263882637024,1.0000128746861496
0.003875,7,physics,0,10,5.086108608558135,4.666779654617508,21.471355411305606,31.224243674481247,79.59155328620788,3.2158960720452824e-05,0.46691188017006796,-10.287944105525485,1.0037037155087505,3.2268240719446335e-06,0,0.6478492791718049,0.004135692032337382,0.49999263882637024,1.0000109077094825
0.0039375,7,physics,0,10,5.657814858940883,5.099264440447987,22.130437796215162,32.88751709560403,80.19057948529513,3.240099720814011e-05,0.4920894054215745,-25.886752711428223,1.0093193709554673,3.2691851323818385e-06,0,0.642810471402304,0.004184379876491993,0.49999263882637024,1.000010550077777
0.004,7,physics,0,10,5.122319408960868,4.906322265421598,21.45727549518786,31.485917169570328,80.79412265260326,3.2644858776474684e-05,0.4762049399507249,-33.10676774895915,1.0119186580346664,3.3021475491779e-06,0,0.6365095469526493,0.004232911936615477,0.49999263882637024,1.0000107288936138
0.004,8,refine,0,10,5.122319408960868,4.906322265421598,21.45727549518786,31.485917169570328,80.79412265260326,3.2644858776474684e-05,0.4762049399507249,-33.10676774895915,1.0119186580346664,3.3021475491779e-06,0,0.6365095469526493,0.004232911936615477,0.49999263882637024,1.0000107288936138
0.0040625,8,physics,0,10,3.278918829912541,4.306120148529427,20.43049655086788,28.015535529309847,81.4022066191871,3.289055505439236e-05,0.42955003778634326,-29.900650959073026,1.0107644499244754,3.3230526614858e-06,0,0.6294060073952661,0.00427765976361224,0.49999263882637024,1.0000098348147495
0.004125,8,physics,0,10,1.9541129064152531,3.4999359388071083,18.422938908124014,23.876987753346377,82.01486713639954,3.313810048722436e-05,0.36873968403412405,-17.55726615144559,1.0063207469207252,3.3332684061804213e-06,0,0.6221556562662977,0.004316611220300709,0.49999263882637024,1.0000096559990725
0.0041875,8,physics,0,10,3.1169025874795935,2.6215858172953155,14.439905848164145,20.178394252939054,82.63213995549104,3.338750952026063e-05,0.31096792593981665,-0.1667297301240955,1.0000600239264072,3.33743872005243e-06,0,0.6154565409727522,0.004349429523853899,0.49999263882637024,1.0000085831056822
0.00425,8,physics,0,10,6.380520493316635,1.8406966194876846,9.250884497061703,17.472101609866023,83.25404890726075,3.36387917823336e-05,0.2692106657187503,16.81538959449415,0.9939463298497065,3.3419590561578624e-06,0,0.6099431268879768,0.004377449715751576,0.49999263882637024,1.0000089407366846
0.0043125,8,physics,0,10,8.89127199475439,1.3994888737762115,5.650327349174495,15.941088217705097,83.88064166312066,3.389196653507349e-05,0.24991837853576251,28.292672736164878,0.9898144338290533,3.3531484504578695e-06,0,0.6059924638892443,0.004402888943505861,0.49999263882637024,1.0000080466594188
0.004375,8,physics,0,10,7.990188909078771,1.4724145268440818,6.174162383269146,15.636765819192,84.51195993418045,3.4147050631850814e-05,0.25209582606138126,30.96327593192573,0.9888530333021821,3.3750026062762113e-06,0,0.603686095736249,0.004427776140579744,0.49999263882637024,1.0000080466594188
0.0044375000000000005,8,physics,0,10,4.038579005863294,1.9743865556388647,10.45145702155816,16.46442258306032,85.14801563062142,3.4404048884973345e-05,0.26778527477075736,24.141689931888674,0.9913088455403927,3.4086323648097037e-06,0,0.6028402991147132,0.004453780349263859,0.49999263882637024,1.000008404290229
0.0045000000000000005,8,physics,0,10,0.48866430844849723,2.53674844531419,14.967062248766968,17.992475002529655,85.78886834385081,3.466298537234444e-05,0.28588348320491414,9.925643698559393,0.9964267018177638,3.4516871565415403e-06,0,0.602929027228542,0.004481420744183118,0.49999263882637024,1.0000078678440616
0.0045000000000000005,9,refine,0,10,0.48866430844849723,2.53674844531419,14.967062248766968,17.992475002529655,85.78886834385081,3.466298537234444e-05,0.28588348320491414,9.925643698559393,0.9964267018177638,3.4516871565415403e-06,0,0.602929027228542,0.004481420744183118,0.49999263882637024,1.0000078678440616
0.0045625,9,physics,0,10,0.8002931636053381,2.7478939306298944,15.88366637507777,19.431853469313,86.43454190418595,3.492386972260187e-05,0.29748256586214533,-7.346759474394347,1.0026448797586287,3.4993588009513124e-06,0,0.6032235016658152,0.004510436506638037,0.49999263882637024,1.0000100136304584
0.004625,9,physics,0,10,4.957696839334393,2.5023379282757108,12.574258779276828,20.034293546886932,87.08507802232273,3.5186718788949e-05,0.29970671174328206,-22.263419695544744,1.0080149830071647,3.544232853869293e-06,0,0.6030439424329666,0.004540040930375717,0.49999263882637024,1.0000109077094825
0.0046875,9,physics,0,10,9.193284792943478,2.124206108430365,8.396337206684576,19.713828108058422,87.74051244869314,3.545154701634497e-05,0.296910495034633,-30.000313228276436,1.0108003213349441,3.5804654352489247e-06,0,0.6016992348657418,0.0045696096714373784,0.49999263882637024,1.0000109077094825
0.00475,9,physics,0,10,9.604516944249555,2.0851049818182115,7.600618635847432,19.290240561915198,88.40088093362695,3.5718368849707666e-05,0.2982956346357454,-27.952518845138233,1.0100630867246538,3.604419024583198e-06,0,0.5987658395266164,0.004599017558094431,0.49999263882637024,1.0000092983678146
0.0048125,9,physics,0,10,6.078717981428759,2.587167931429158,11.345197521357564,20.01108343421548,89.066213267215,3.598719632572092e-05,0.3133799169883715,-16.673090691203296,1.0060023512876546,3.6167180326174263e-06,0,0.5941298945985274,0.004629270766409997,0.49999263882637024,1.000010550077777
0.004875,9,physics,0,10,2.2124945343579796,3.4568238036395016,16.92286804233842,22.5921863803359,89.736557119856,3.625804870560549e-05,0.34654885525354184,0.2714608133364336,0.9999022734431561,3.621406126086417e-06,0,0.5880853655067783,0.004661934039721779,0.49999263882637024,1.000011265341316
0.0049375,9,physics,0,10,1.5069138096863366,4.417663326552556,20.77337845792695,26.69795559416584,90.411942281425,3.653093802595799e-05,0.3955457289036274,17.569972691311936,0.9936747849483717,3.625549759078698e-06,0,0.5811842467747259,0.004698810017372776,0.49999263882637024,1.0000107288936138
0.005,9,physics,0,10,4.044598605444941,5.345627865411803,21.801209343713445,31.19143581457019,91.09241642207749,3.680588354790097e-05,0.4518416596132013,29.902282422198553,0.9892351167310286,3.635961554948608e-06,0,0.5741252071725683,0.004741114797872692,0.49999263882637024,1.0000107288936138
0.005,10,refine,0,10,4.044598605444941,5.345627865411803,21.801209343713445,31.19143581457019,91.09241642207749,3.680588354790097e-05,0.4518416596132013,29.902282422198553,0.9892351167310286,3.635961554948608e-06,0,0.5741252071725683,0.004741114797872692,0.49999263882637024,1.0000107288936138
0.0050625,10,physics,0,10,6.958146043103038,6.202859560241504,21.61791535309195,34.778920956436494,91.77800337135204,3.7082894899757517e-05,0.5017764320266546,33.48670993774092,0.9879446292152962,3.657642576371245e-06,0,0.5676023973886659,0.0047886850187082745,0.49999263882637024,1.0000103712619721
0.005125,10,physics,0,10,7.658314815235635,6.807360806063994,22.00395477649511,36.46963039779474,92.46875079917545,3.736199134255777e-05,0.5295548735613287,27.10803158551922,0.9902409899667399,3.6927885442850134e-06,0,0.5621553694018241,0.004839862234434156,0.49999263882637024,1.000011265341316
0.0051875,10,physics,0,10,6.2424403346567345,6.791648576427395,22.62049958713024,35.654588498214366,93.16470041522575,3.764318972909377e-05,0.5218551121057715,12.390476944969066,0.9955393581093699,3.7395055585420752e-06,0,0.5580873699730629,0.004891549874344068,0.49999263882637024,1.000011801789306
0.00525,10,physics,0,10,4.851765882210275,5.8720545772867965,21.334673765260654,32.05849422475772,93.86588796895406,3.792650450392837e-05,0.4727935834116834,-6.58617033189443,1.0023710577813243,3.7925864972976287e-06,0,0.555443951216222,0.004939812008370096,0.49999263882637024,1.0000135899513514
0.0053125,10,physics,0,10,5.003722242778752,4.188169767162954,16.684095829913097,25.875987839854805,94.57235516981022,3.8211952519761475e-05,0.38750777252945345,-24.30999804833144,1.008751718231208,3.844559934851331e-06,0,0.5540406905010149,0.00498088568751945,0.49999263882637024,1.000015199299926
0.0053750000000000004,10,physics,0,10,5.927008507063369,2.333800359705324,9.827213015112768,18.08802188188146,95.28413776702547,3.8499548221067045e-05,0.28282859609248623,-35.39319548948865,1.012741728090062,3.887942169988889e-06,0,0.5534057013261937,0.005012193127816877,0.49999263882637024,1.0000191332740116
0.0054375000000000005,10,physics,0,10,5.765659099029995,0.9678119099916223,3.83915973801595,10.572630747037568,96.00127150972624,3.878930605227677e-05,0.184053865843815,-36.25404387716151,1.0130516191615517,3.917866781222302e-06,0,0.5530028139821829,0.005033481512494893,0.49999263882637024,1.00002056381388
0.0055,10,physics,0,10,4.192001635122907,0.3577505919175624,1.0698551996261734,5.619607426666642,96.72381002720134,3.9081247682300506e-05,0.11845770435306613,-26.33413629729724,1.0094804077323147,3.9330357286537784e-06,0,0.552300727038884,0.0050469477455396235,0.49999263882637024,1.0000209214491667
0.0055,11,refine,0,10,4.192001635122907,0.3577505919175624,1.0698551996261734,5.619607426666642,96.72381002720134,3.9081247682300506e-05,0.11845770435306613,-26.33413629729724,1.0094804077323147,3.9330357286537784e-06,0,0.552300727038884,0.0050469477455396235,0.49999263882637024,1.0000209214491667
0.0055625,11,physics,0,10,3.158676198318778,0.3492301593156427,1.4767307942782375,4.984637151912659,97.45178906832713,3.9375387555468845e-05,0.10742605086910008,-8.348396700845251,1.0030054647306919,3.93684921196069e-06,0,0.5508865516605067,0.005057295044126763,0.49999263882637024,1.0000209214491667
0.005625,11,physics,0,10,4.654083521401487,0.7970835991437046,3.676796770250143,9.127963890795336,98.18524438187299,3.967174011606923e-05,0.15720766609354364,12.586919630401038,0.9954686554557132,3.9362932442443796e-06,0,0.5484900595842579,0.005070182244331966,0.49999263882637024,1.000021100266858
0.0056875,11,physics,0,10,8.035983239128079,1.9370673981182347,7.1962143165475085,17.16926495379382,98.92422363665423,3.997032462468262e-05,0.25965063690225654,30.57526405815786,0.9889927907815967,3.9394699014039256e-06,0,0.5451053194134496,0.0050911042283174395,0.49999263882637024,1.0000203849962843
0.00575,11,physics,0,10,10.172331081423254,4.211606243094115,13.037889130412045,27.421826454929416,99.66875662112882,4.02711531173331e-05,0.39565831492926823,40.61298376765418,0.9853792212680598,3.953522748734176e-06,0,0.5408166174987599,0.005124234714273797,0.49999263882637024,1.0000212790845813
0.0058125,11,physics,0,10,8.50609627052242,7.651993663285078,21.80034981028556,37.958439744093056,100.41889696393612,4.0574247262668085e-05,0.5375293538706062,39.898673752663896,0.985636780516805,3.9826069078152704e-06,0,0.5358872102050182,0.005171074058628744,0.49999263882637024,1.0000221731736776
0.005875,11,physics,0,10,3.9385300025364964,11.403970039253952,31.505365932047173,46.84786597383762,101.17468041336822,4.087962150478213e-05,0.6546596757493235,28.484551699351616,0.9897457740878629,4.027207817891562e-06,0,0.5306385577699109,0.005230139800312364,0.49999263882637024,1.0000221731736776
0.0059375,11,physics,0,10,0.45451542509893483,13.932092146927351,37.8114223835988,52.19802995562509,101.93616059779185,4.1187297512212495e-05,0.7200229796146681,9.283527586808685,0.9966579999882322,4.083311251346087e-06,0,0.5253339643231321,0.005297312798310983,0.49999263882637024,1.0000223519915927
0.006,11,physics,0,10,1.5021029488397846,13.921880703131283,36.97601196359152,52.39999561556259,102.7033613451415,4.149728491263424e-05,0.7165470884512618,-12.60815904100458,1.004538830933102,4.1434962327890935e-06,0,0.5202842937489515,0.005366403557967796,0.49999263882637024,1.0000252130825844
0.006,12,refine,0,10,1.5021029488397846,13.921880703131283,36.97601196359152,52.39999561556259,102.7033613451415,4.149728491263424e-05,0.7165470884512618,-12.60815904100458,1.004538830933102,4.1434962327890935e-06,0,0.5202842937489515,0.005366403557967796,0.49999263882637024,1.0000252130825844
0.0060625,12,physics,0,10,6.473904397527078,11.260565433771974,29.0389660401887,46.77343587148775,103.47634224358856,4.1809607782643196e-05,0.6424547612160547,-31.176245155718355,1.0112235004358123,4.199465017507013e-06,0,0.5156226960835026,0.0054306022880426215,0.49999263882637024,1.0000268224498643
0.006125,12,physics,0,10,10.962218753264194,7.227804834035921,18.079823541257348,36.26984712855746,104.25513904094763,4.2124280566141e-05,0.5134783678649105,-41.198324859962334,1.0148314818157633,4.243447170537702e-06,0,0.511534105024656,0.005484076170912214,0.49999263882637024,1.0000302200115165
0.0061875,12,physics,0,10,10.913881654779752,3.596711794819619,9.033294767199507,23.543888216798877,105.03981132510198,4.24413273396071e-05,0.3598878595708489,-39.85919202852535,1.0143493758426911,4.271203533967594e-06,0,0.5080847116809342,0.005523482285114985,0.49999263882637024,1.0000302200115165
0.00625,12,physics,0,10,6.574141631090673,1.400186102007427,4.070087197655325,12.044414930753426,105.83038292353726,4.276075773053517e-05,0.2184245737686707,-27.653769766580798,1.009955050933747,4.283270865546023e-06,0,0.5053202373328094,0.0055487633843639556,0.49999263882637024,1.0000307564696747
0.0063125,12,physics,0,10,2.0972702960857363,0.5042633879506208,2.0276654649829475,4.629199149019305,106.62690150380841,4.308259099899696e-05,0.1217712899575183,-8.196770652868569,1.0029507514291973,4.284697071810231e-06,0,0.5032124666218372,0.005563083000383647,0.49999263882637024,1.0000291470960636
0.0063750000000000005,12,physics,0,10,1.3568785658653606,0.26786357584365866,1.0268242021056826,2.651566343814702,107.42940281327597,4.340684158871062e-05,0.08951018729267698,12.984903876403376,0.9953255808807563,4.283611137356756e-06,0,0.5017132143154283,0.005572051365126051,0.49999263882637024,1.0000312929281205
0.0064375000000000005,12,physics,0,10,4.4268134057466435,0.4501657860816351,1.0821923375746878,5.959171529402967,108.23794643929932,4.373353357594393e-05,0.12572554109353037,30.167118259426346,0.9891401811460334,4.2883979820551605e-06,0,0.5006345914734844,0.005582045132954384,0.49999263882637024,1.0000316505672444
0.006500000000000001,12,physics,0,10,8.080399182878683,1.4373535681555862,3.9336427075996876,13.451395458633957,109.05258004902237,4.406268622060257e-05,0.2194550863251762,38.9692533163642,0.9859715404090376,4.305872184140464e-06,0,0.4997426189953987,0.00559896727947423,0.49999263882637024,1.0000336175847118
0.006500000000000001,13,refine,0,10,8.080399182878683,1.4373535681555862,3.9336427075996876,13.451395458633957,109.05258004902237,4.406268622060257e-05,0.2194550863251762,38.9692533163642,0.9859715404090376,4.305872184140464e-06,0,0.4997426189953987,0.00559896727947423,0.49999263882637024,1.0000336175847118
0.0065625,13,physics,0,10,9.27078822652067,3.6977212364219585,10.59530608000938,23.563815542952007,109.87333938941678,4.4394313966247575e-05,0.3475725289609216,37.399183345843696,0.9865367586346392,4.339170188050189e-06,0,0.4987220317314714,0.005626807536207181,0.49999263882637024,1.0000345116848395
0.006625,13,physics,0,10,7.864182348062821,7.097737612905973,19.47104436392948,34.43296432489827,110.70027212737278,4.47284360726821e-05,0.48210072227330497,26.233966214119057,0.9905560980878836,4.3871305246412345e-06,0,0.4972079064356053,0.005667223005869282,0.49999263882637024,1.0000345116848395
0.0066875,13,physics,0,10,6.114530092861952,10.728350382549326,27.132583792064946,43.97546426747623,111.53343784964267,4.506507661592863e-05,0.5962237785499716,8.768942305305858,0.9968432947936504,4.444836346984011e-06,0,0.4949201120221457,0.0057190177058454705,0.49999263882637024,1.0000361210670838
0.00675,13,physics,0,10,5.820642324267936,13.38436706947554,31.033810422966216,50.23881981670969,112.37288422278274,4.540425485565544e-05,0.6694771475569885,-10.039474598044988,1.0036140744946322,4.504486805778642e-06,0,0.4916231245263023,0.005778901342750543,0.49999263882637024,1.0000377304519183
0.0068125,13,physics,0,10,6.41756881461007,14.282963765796767,31.357591976436485,52.058124556843325,113.2186350732024,4.574598041892132e-05,0.6917353583710619,-24.923199838751216,1.0089719925676803,4.557939976557177e-06,0,0.48726996454277793,0.005842276382953194,0.49999263882637024,1.000040055123474
0.006875,13,physics,0,10,6.101482281431785,13.433045821845342,30.045327855131017,49.579855958408146,114.07076190720052,4.609028219784059e-05,0.6649935236999812,-31.8401108397534,1.0114619582460969,4.598592342475166e-06,0,0.48201076956546873,0.005904553096891968,0.49999263882637024,1.0000420221574728
0.0069375,13,physics,0,10,4.5237418335029265,11.42682777513258,28.197549518538167,44.14811912717367,114.92930047091886,4.643717463563896e-05,0.6018129597539722,-29.204803177815275,1.0105132535144503,4.624092784233374e-06,0,0.47621130561638053,0.005961744668392498,0.49999263882637024,1.0000452409487253
0.007,13,physics,0,10,3.6221546517037124,8.971514420730887,24.966984778726278,37.56065385116088,115.79427459043053,4.678666735923937e-05,0.5209539256345181,-18.32333336626701,1.0065960992390126,4.636446606198777e-06,0,0.47037312185029784,0.006011714927376238,0.49999263882637024,1.0000455985928374
0.007,14,refine,0,10,3.6221546517037124,8.971514420730887,24.966984778726278,37.56065385116088,115.79427459043053,4.678666735923937e-05,0.5209539256345181,-18.32333336626701,1.0065960992390126,4.636446606198777e-06,0,0.47037312185029784,0.006011714927376238,0.49999263882637024,1.0000455985928374
0.0070625,14,physics,0,10,5.380484986572049,6.611973937391712,19.28864491315096,31.28110383711472,116.66577961154552,4.71387988931087e-05,0.4416623743354659,-2.853320683160248,1.0010271478747328,4.6416743537669405e-06,0,0.4650469495402908,0.006054120987492848,0.49999263882637024,1.0000463138814453
0.007125,14,physics,0,10,9.118115809901271,4.73941356184836,12.310585990055726,26.168115361805356,117.54383936007726,4.7493578864064945e-05,0.37892027998960154,12.443781947665858,0.9955204411583322,4.64744291761577e-06,0,0.46071556015724846,0.0060901058192703375,0.49999263882637024,1.0000452409487253
0.0071875,14,physics,0,10,11.562618571122517,3.6514253526980993,7.460963713408882,22.6750076372295,118.42851342163303,4.785103134766794e-05,0.3408626841468392,23.15413509023763,0.9916648660993271,4.6612317139427296e-06,0,0.4576802027975709,0.006121705451640493,0.49999263882637024,1.0000425586219621
0.00725,14,physics,0,10,9.91067755346948,3.4769630493271353,7.692258655837467,21.079899258634082,119.31983754178259,4.821117078691229e-05,0.32818962923200584,26.393835621281546,0.9904986116489705,4.687865965191665e-06,0,0.45602786274524104,0.0061513704511311764,0.49999263882637024,1.0000413068719347
0.0073125,14,physics,0,10,4.887629044799666,4.035291039329387,12.505355512695022,21.428275596824076,120.21788322579185,4.857402607349495e-05,0.33505803213058444,21.504136589309525,0.9922588278228835,4.728671219922378e-06,0,0.4555542225451542,0.006180882501626084,0.49999263882637024,1.0000414856932713
0.0073750000000000005,14,physics,0,10,0.657726932349738,4.842141089064157,17.800315544007017,23.300183565420912,121.12268621894802,4.893961165029635e-05,0.3522343235905061,10.169722627362606,0.9963390523857549,4.780789002012399e-06,0,0.4558508286048348,0.0062115471258254295,0.49999263882637024,1.0000418433360403
0.0074375000000000005,14,physics,0,10,1.2531151011287571,5.381879815549166,19.144120836491812,25.779115753169734,122.03429418633495,4.930794677638979e-05,0.3714977577032936,-4.02448730036342,1.0014487540302242,4.838024641795619e-06,0,0.4563682081845413,0.006243833826318757,0.49999263882637024,1.0000450621267174
0.0075,14,physics,0,10,6.614400326378887,5.500458607231022,15.782448548703638,27.897307482313547,122.95275479287395,4.967905071078289e-05,0.3891456480933012,-16.566510567953387,1.005963689998035,4.894587807502404e-06,0,0.4563455946463622,0.006279863435000056,0.49999263882637024,1.0000472079929243
0.0075,15,refine,0,10,6.614400326378887,5.500458607231022,15.782448548703638,27.897307482313547,122.95275479287395,4.967905071078289e-05,0.3891456480933012,-16.566510567953387,1.005963689998035,4.894587807502404e-06,0,0.4563455946463622,0.006279863435000056,0.49999263882637024,1.0000472079929243
0.0075625,15,physics,0,10,12.233126530165666,5.5610624819633685,11.552226516754954,29.346415528883988,123.87813954311338,5.0052952344882724e-05,0.40707667561688204,-23.360456592671465,1.0084094064806104,4.943440081728312e-06,0,0.4552230736608821,0.006319924436710232,0.49999263882637024,1.0000488173956013
0.007625,15,physics,0,10,13.238326479933923,6.146145827441762,11.434316661470552,30.818788968846235,124.81048418169148,5.042966612130746e-05,0.43086881560945933,-22.067174650348843,1.0079438419540983,4.978332968530448e-06,0,0.4527072754932208,0.006362039978160809,0.49999263882637024,1.0000498903321582
0.0076875,15,physics,0,10,9.05603422981112,7.571783701701036,16.889345625072423,33.51716355658458,125.7498482928865,5.080921611507995e-05,0.46642164923624135,-12.927499188853128,1.004653691667108,4.99948005483475e-06,0,0.44874576416109724,0.006407223173223702,0.49999263882637024,1.0000504268008683
0.00775,15,physics,0,10,3.7956200032737026,9.696242138179304,24.661587260950316,38.153449402403325,126.69629766652221,5.119162890857325e-05,0.5162294688708023,1.2905998704309762,0.9995354065607269,5.011519292885679e-06,0,0.44359314239315056,0.0064566730033325135,0.49999263882637024,1.0000531091487357
0.0078125,15,physics,0,10,2.0387831435798653,12.15294103107529,30.111679456600513,44.30340363125567,127.64985364265961,5.157691312423725e-05,0.57741348218992,16.216134476776748,0.9941624901308326,5.022184058400826e-06,0,0.43774575240370517,0.006511892966586106,0.49999263882637024,1.0000518573855024
0.007875,15,physics,0,10,4.5854613664151875,14.617063763302493,31.40775605147061,50.61028118118829,128.6105534483752,5.19650838036692e-05,0.6414587213843423,27.252176841652354,0.9901897355974915,5.0398601363355115e-06,0,0.4317861742404223,0.006573547738801214,0.49999263882637024,1.0000529303253207
0.0079375,15,physics,0,10,8.320732614372762,16.770965634599836,30.41294576487529,55.50464401384789,129.57846564915604,5.2356168650748685e-05,0.6953960020636927,30.919498438902945,0.9888695736798431,5.071061740302696e-06,0,0.4262848383735847,0.006641116712293057,0.49999263882637024,1.0000532879721828
0.008,15,physics,0,10,9.761161004609992,18.106949039299582,29.911247667752896,57.77935771166247,130.55362089639638,5.275018005016906e-05,0.7244709205477947,25.773601364414024,0.9907220344134494,5.118792654634769e-06,0,0.42169157588633344,0.006712640230665903,0.49999263882637024,1.0000572220961061
0.008,16,refine,0,10,9.761161004609992,18.106949039299582,29.911247667752896,57.77935771166247,130.55362089639638,5.275018005016906e-05,0.7244709205477947,25.773601364414024,0.9907220344134494,5.118792654634769e-06,0,0.42169157588633344,0.006712640230665903,0.49999263882637024,1.0000572220961061
0.0080625,16,physics,0,10,8.399797155863867,17.952705675343307,30.36696526947391,56.719468100681084,131.5362080863848,5.314719432546066e-05,0.7161273532185951,12.796519713929722,0.9953935239089521,5.181566756995446e-06,0,0.41821255347600084,0.0067848435649818465,0.49999263882637024,1.000058831514899
0.008125,16,physics,0,10,6.68150303175827,15.865688887753008,29.447745542132633,51.994937461643914,132.5261984621654,5.354719985737774e-05,0.66414341945242,-4.813964099687907,1.0017329220265685,5.253808652128102e-06,0,0.41582947696641837,0.006853371292710212,0.49999263882637024,1.00006061976104
0.0081875,16,physics,0,10,6.956700175331381,12.112619025828778,24.644492354189744,43.713811555349906,133.52363491910418,5.3950213977789436e-05,0.5719306652235056,-22.367589936557128,1.0080522819818951,5.326669859417882e-06,0,0.41435639634217053,0.006914104388620014,0.49999263882637024,1.0000629444858038
0.00825,16,physics,0,10,8.718600870176813,7.758222984490894,16.298935171053657,32.775759025721364,134.52857942411185,5.435626172442107e-05,0.45373039804554843,-34.886340715096274,1.0125589883367516,5.390746832922846e-06,0,0.413450096228312,0.006963757992650211,0.49999263882637024,1.0000649115648248
0.0083125,16,physics,0,10,9.184747730238525,4.129161159749068,7.877097260800014,21.191006150787608,135.5410915599401,5.476536717167868e-05,0.33272559831556386,-38.53282258630964,1.0138717094710987,5.438292995041392e-06,0,0.41271047413230727,0.007001310987486223,0.49999263882637024,1.0000665209959927
0.008375,16,physics,0,10,6.7324645102273255,2.0172138465640046,3.064774670559221,11.81445302735055,136.5612285251852,5.5177553430650514e-05,0.23613362792336193,-31.832021890686224,1.0114587635831576,5.466073447202285e-06,0,0.41174598039366683,0.007028125101856483,0.49999263882637024,1.000066699821838
0.0084375,16,physics,0,10,3.3180717628096543,1.3568275952700872,2.687816581494616,7.3627159395743575,137.58903083054938,5.5592836869682546e-05,0.18825409681408084,-16.21992036363906,1.005838767268439,5.476645522417551e-06,0,0.4103203501841708,0.007048251045430459,0.49999263882637024,1.0000692033870282
0.0085,16,physics,0,10,2.8261045162404814,1.7264338897679883,4.732933791645507,9.285472197653977,138.62456759405083,5.6011245415904466e-05,0.20284279397211527,4.358942694393026,0.9984308981962975,5.4772579538564506e-06,0,0.40833874748063764,0.007067411668661755,0.49999263882637024,1.0000749258452837
0.0085,17,refine,0,14,2.826104516240482,1.726433889767988,4.732933791645507,9.285472197653977,138.62456759405083,5.601124541590447e-05,0.20284279397211527,4.358942694393026,0.9984308981962975,2.738641227573171e-06,0,0.3088520613225883,0.00632378843719581,0.24999631941318512,1.0000749258452837
0.0085625,17,physics,0,14,6.988851569373648,3.187355002932545,7.089197448569163,17.265404020875355,139.66790078164786,5.643280410665679e-05,0.34713470642725386,24.824292546790925,0.9910639370093359,2.7387559473623915e-06,0,0.30709053245407003,0.006343335092686314,0.24999631941318512,1.0000763564649637
0.008625,17,physics,0,14,12.985999654236887,6.438806496119282,10.46731998443632,29.89212613479249,140.71908520726743,5.68575350895023e-05,0.5072696092664241,39.8794740862586,0.9856445291036458,2.744142285848739e-06,0,0.305019832989972,0.006372389879498427,0.24999631941318512,1.0000793965385792
0.0086875,17,physics,0,14,15.728666522267995,12.222331606723866,16.966907944576395,44.91790607356826,141.7781852204779,5.728546436487894e-05,0.7041250553810698,45.79655177131314,0.9835145561456295,2.7588166631176103e-06,0,0.3027480969238895,0.006414414157771331,0.24999631941318512,1.0000797541949062
0.00875,17,physics,0,14,12.506102787286567,20.22042818824396,27.363762793300115,60.09029376883065,142.84524371515118,5.771660926405216e-05,0.9028111522635688,41.096963923863996,0.9852062622679055,2.784419024237648e-06,0,0.30036265246369354,0.006470527057490101,0.24999631941318512,1.0000790388823801
0.008812500000000001,17,physics,0,14,5.665041436244262,28.58578758863173,38.892115263624305,73.1429442885003,143.9203464960597,5.815100445643344e-05,1.0675269846878739,26.861384692884833,0.9903306623059088,2.8199946981999355e-06,0,0.29793821707945156,0.006539248199076492,0.24999631941318512,1.000078681226309
0.008875000000000001,17,physics,0,14,0.7475596892333668,34.55067747260684,46.47864304837274,81.77688021021295,145.0035412246058,5.858866919960853e-05,1.168257053510354,6.488601930225503,0.9976642841582676,2.8624744174976513e-06,0,0.29541933143546867,0.006616901836480639,0.24999631941318512,1.0000774294310668
0.008937500000000001,17,physics,0,14,1.6429711596321783,35.87355842933708,46.498259507567624,84.01478909653687,146.09487794597115,5.9029623714329106e-05,1.1868729624544796,-15.059713459606801,1.0054210780639075,2.9066420488277315e-06,0,0.29282450684585287,0.006697913090073087,0.24999631941318512,1.000077250603303
0.009000000000000001,17,physics,0,14,7.152453281128185,32.17179097268717,39.665978589217055,78.9902228430324,147.19443531246716,5.947389978005526e-05,1.1214718726403137,-32.45611191326977,1.0116832893904348,2.946667172931685e-06,0,0.2901414617648825,0.006776340252389875,0.24999631941318512,1.0000779659145502
0.009000000000000001,18,refine,0,14,7.152453281128185,32.17179097268717,39.665978589217055,78.9902228430324,147.19443531246716,5.947389978005526e-05,1.1214718726403137,-32.45611191326977,1.0116832893904348,2.946667172931685e-06,0,0.2901414617648825,0.006776340252389875,0.24999631941318512,1.0000779659145502
0.0090625,18,physics,0,14,12.285957036042866,25.128417887867453,30.24884479481305,67.66321971872337,148.30226575280332,5.992151858060285e-05,0.9873752104078746,-41.43588673287296,1.0149157242975464,2.978401329123414e-06,0,0.2873486994998393,0.006846915710820492,0.24999631941318512,1.0000801118513611
0.009125,18,physics,0,14,13.067809824835779,17.38006861793879,22.314700519764887,52.76257896253945,149.41843599915757,6.037250707910303e-05,0.8137372839209268,-40.01192524755608,1.0144031057457443,2.999279052229298e-06,0,0.28452589195178657,0.006906077391437915,0.24999631941318512,1.0000824366214358
0.0091875,18,physics,0,14,10.01062723383413,10.99328489018271,16.77874115854821,37.78265328256505,150.54300801563363,6.082689031214694e-05,0.6362569805718081,-29.023598854353622,1.0104476100335464,3.009982336266149e-06,0,0.28182868940159544,0.006952660412631682,0.24999631941318512,1.0000847613969148
0.00925,18,physics,0,14,6.872479019401843,6.718394176030377,12.09286272831722,25.68373592374944,151.67604257422303,6.12846928346529e-05,0.4883375601373382,-11.746598415448734,1.0042285213660993,3.0139647639870742e-06,0,0.2794418264290145,0.006988181459337878,0.24999631941318512,1.0000860132013343
0.0093125,18,physics,0,14,6.434192949970868,4.353449727352812,7.374032530888504,18.161675208212184,152.81761594233495,6.174594546246141e-05,0.3937423264800563,7.01852794448362,0.9974734817415072,3.016180597725796e-06,0,0.2775027160125564,0.007016027790156657,0.24999631941318512,1.0000860132013343
0.009375,18,physics,0,14,7.929456826560951,3.5495005272665914,4.249405123330359,15.728362477157901,153.96777458808285,6.221066697101008e-05,0.363072048648032,22.49484374799693,0.9919023268568534,3.0218407700566266e-06,0,0.27614597601770857,0.007040631527910065,0.24999631941318512,1.000088695644652
0.0094375,18,physics,0,14,8.53242393608395,4.235637228735321,5.384822473200949,18.15288363802022,155.12658643488072,6.267888480474875e-05,0.3937046626035631,31.105015773094788,0.988802831042516,3.035053449451656e-06,0,0.2753674894964959,0.007066419563657229,0.24999631941318512,1.0000897686239936
0.0095,18,physics,0,14,6.929166881168708,6.446497282851398,11.339539064276586,24.715203228296694,156.2941229818318,6.315062785288449e-05,0.4720454646667335,31.308412242536086,0.9887299349208113,3.057831614583509e-06,0,0.27505055109643706,0.0070970334520966795,0.24999631941318512,1.0000915569254545
0.0095,19,refine,0,14,6.929166881168708,6.446497282851398,11.339539064276586,24.715203228296694,156.2941229818318,6.315062785288449e-05,0.4720454646667335,31.308412242536086,0.9887299349208113,3.057831614583509e-06,0,0.27505055109643706,0.0070970334520966795,0.24999631941318512,1.0000915569254545
0.0095625,19,physics,0,14,5.071733007369031,9.935621770326293,19.153720853483268,34.16107563117859,157.47044261626425,6.362591970681249e-05,0.57819509905258,23.72994289796672,0.9914579629225235,3.089434506886591e-06,0,0.27498112522489904,0.0071346265491667085,0.24999631941318512,1.000092451077384
0.009625,19,physics,0,14,6.171792107063941,14.068371720587118,24.43979174687542,44.67995557452648,158.6556144529383,6.410478829234607e-05,0.6915432946812696,11.008077110805944,0.9960374429930349,3.1270292577545395e-06,0,0.27481746213671726,0.0071800851724954035,0.24999631941318512,1.000094060552872
0.0096875,19,physics,0,14,10.851500648382642,18.13553247382935,25.308536337342684,54.29556945955467,159.84971952595578,6.458726635130758e-05,0.7953484816641048,-2.9051301990194447,1.0010457528088443,3.1664216546545268e-06,0,0.27426453768998016,0.007232724221885091,0.24999631941318512,1.0000951335379695
0.00975,19,physics,0,14,15.576419495845974,21.767757020628007,24.2983076580737,61.642484174547675,161.05280311025933,6.5073372177034e-05,0.8796657179418148,-13.848838048512222,1.0049851234919018,3.202816983627345e-06,0,0.2730277337672584,0.0072911487521796076,0.24999631941318512,1.0000969218490237
0.0098125,19,physics,0,14,15.610061480900086,25.000642569603787,25.970674190320075,66.58137824082394,162.2649343197628,6.556313369499662e-05,0.9419729724181508,-18.676117581731685,1.006722778396842,3.2323783845100723e-06,0,0.2709485254059779,0.007353737753621022,0.24999631941318512,1.0000988889948768
0.009875,19,physics,0,14,9.914521792385203,27.93667149681991,32.178029785275584,70.0292230744807,163.48619418767234,6.605658364665595e-05,0.9854671592720685,-16.232298995045447,1.0058430717661266,3.253761665433789e-06,0,0.2680599490258299,0.00741906230551003,0.24999631941318512,1.0001028232981906
0.0099375,19,physics,0,14,2.786214764233801,30.427209450203037,39.818401873005605,73.03182608744245,164.71663990773706,6.655374514114164e-05,1.015642800341214,-7.679209663391127,1.0027642431142656,3.268185054139394e-06,0,0.26456034818119023,0.007486064247565927,0.24999631941318512,1.0001035386277286
0.01,19,physics,0,14,0.1436320568184016,32.14125012394972,43.577006363653965,75.86188854442209,165.95634536086607,6.705464803002917e-05,1.0367273617458532,3.942082062494369,0.9985809907818973,3.2787872150663597e-06,0,0.26077960376120923,0.007554531798887321,0.24999631941318512,1.0001042539577782
0.01,20,refine,0,18,0.14363205681840163,32.14125012394972,43.577006363653965,75.86188854442209,165.9563453608661,6.705464803002919e-05,1.0367273617458532,3.942082062494369,0.9985809907818973,1.6451767299585644e-06,0,0.3185299315696606,0.0067459228318535866,0.12499859184026718,1.0001042539577782
0.0100625,20,physics,0,18,4.091543656652252,32.887506618072194,40.058296013878135,77.03734628860258,167.20538204387762,6.755932120160219e-05,1.0343466215731518,15.080676000121148,0.99457148957674,1.6509728935076857e-06,0,0.31436356230222223,0.006803610311541506,0.12499859184026718,1.000106042285141
0.010125,20,physics,0,18,11.075195523902538,32.776825661196774,33.68999005529886,77.54201124039817,168.463823837941,6.806779450754123e-05,1.0375206779822663,21.734240531707268,0.9921764526677099,1.65935912121995e-06,0,0.31067852456801454,0.006862522983577396,0.12499859184026718,1.0001071152830936
0.0101875,20,physics,0,18,15.323788756351894,31.84494835288812,28.651905596032332,75.82064270527235,169.7317470076647,6.85800987625552e-05,1.0241717904145122,21.570579636541815,0.9922353827715781,1.6717993176484922e-06,0,0.3077420892439936,0.006922249485229489,0.12499859184026718,1.0001085459488213
0.01025,20,physics,0,18,13.960042906637504,29.947247533206642,27.832217863796842,71.73950830364099,171.00920636229594,6.909625611231609e-05,0.9871676799873252,14.19253183265809,0.9948912129289633,1.688979124558899e-06,0,0.30568186290972715,0.006981656464162759,0.12499859184026718,1.0001087247821812
0.0103125,20,physics,0,18,9.209013528195477,26.802987839533554,29.41189681728722,65.42389818501624,172.29628293393006,6.961629929783548e-05,0.9220254350336033,1.2411714789560404,0.9995532245260953,1.7095805393552172e-06,0,0.3044496449051967,0.007038927198759959,0.12499859184026718,1.0001103342838586
0.010375,20,physics,0,18,5.887709398994815,22.342003925323194,28.780429971627065,57.01014329594507,173.5930267636674,7.014024853821598e-05,0.8298708377188758,-13.947184871619925,1.0050204496847164,1.731848760400112e-06,0,0.30383410794046906,0.007091989690816334,0.12499859184026718,1.000111764954191
0.0104375,20,physics,0,18,6.632845651576102,17.065929866011615,23.108056406041793,46.80683192362951,174.89954987388802,7.066814909609125e-05,0.7193393704204017,-27.126091508672584,1.0097643505243288,1.7532049563229196e-06,0,0.30352756821379373,0.007139027942661428,0.12499859184026718,1.0001144474665804
0.0105,20,physics,0,18,9.489498560731509,12.04254098292754,14.303906945320028,35.835946488979076,176.2159046890478,7.120002215355851e-05,0.606574452264344,-34.13118937353703,1.0122864174611312,1.7707691899460092e-06,0,0.3031876121337318,0.0071789034646779,0.12499859184026718,1.0001139109635269
0.0105,21,refine,0,18,9.489498560731509,12.04254098292754,14.303906945320028,35.835946488979076,176.2159046890478,7.120002215355851e-05,0.606574452264344,-34.13118937353703,1.0122864174611312,1.7707691899460092e-06,0,0.3031876121337318,0.0071789034646779,0.12499859184026718,1.0001139109635269
0.0105625,21,physics,0,18,10.34042948149304,8.415605516175594,7.426889864776311,26.182924862444946,177.542172240155,7.173590045119008e-05,0.5127986026139293,-32.49746058415647,1.0116983222699736,1.782972690378415e-06,0,0.3025384180195477,0.007211796649951794,0.12499859184026718,1.0001153416389759
0.010625,21,physics,0,18,7.702743978034485,6.810235418769108,6.0469212755664365,20.55990067237003,178.87840971887888,7.227580709727544e-05,0.4596297928015027,-22.01519296872614,1.0079249252886238,1.789740267987837e-06,0,0.30139055264404446,0.007239497631622177,0.12499859184026718,1.0001160569774676
0.0106875,21,physics,0,18,4.644983785279671,7.23804620466468,9.277335990486502,21.160365980430853,180.22471245900488,7.281978061142283e-05,0.4632224764150376,-4.887531003606862,1.0017593853157538,1.7921197619230613e-06,0,0.29970928181079187,0.0072652195054488215,0.12499859184026718,1.0001162358121707
0.010750000000000001,21,physics,0,18,5.553452510286605,9.629362430947873,13.444282986078939,28.627097927313418,181.58114480336036,7.33678469913466e-05,0.5296653211572836,14.824038284590891,0.9946637240943197,1.793012140538507e-06,0,0.29759780426632454,0.007292900251433904,0.12499859184026718,1.0001167723164712
0.010812500000000001,21,physics,0,18,11.18957741112802,14.37609559231497,16.338621212011397,41.904294215454385,182.9477806302197,7.392003608755749e-05,0.6534963618529211,32.33889317487474,0.9883588332097089,1.7952428104095481e-06,0,0.2952414309904668,0.0073266825775308644,0.12499859184026718,1.0001178453259358
0.010875000000000001,21,physics,0,18,17.33509194980844,22.172078092197303,19.404693161624472,58.91186320363021,184.32470096932647,7.447638064011694e-05,0.8186294617342414,43.65338060062056,0.9842864577140054,1.8013115354875732e-06,0,0.29282813932404544,0.007369883323405036,0.12499859184026718,1.0001201701837252
0.010937500000000001,21,physics,0,18,18.486351018840452,33.14100815805479,25.71171588861872,77.33907506551395,185.71198923414127,7.5036914352227e-05,1.0010169757319183,45.97694608281365,0.9834500425667893,1.8133768708850095e-06,0,0.2905250615536281,0.007424365763837716,0.12499859184026718,1.0001180241609586
0.011,21,physics,0,18,13.024284696557276,45.973181314295076,35.97620482156613,94.97367083241848,187.1097157265501,7.560166562935907e-05,1.1729398966658757,38.57471918072937,0.9861145809860109,1.8320819767936327e-06,0,0.28841470533290176,0.007490270966662325,0.12499859184026718,1.000119633677602
0.011,22,refine,0,22,13.024284696557277,45.973181314295076,35.976204821566135,94.97367083241849,187.10971572655006,7.560166562935907e-05,1.1729398966658757,38.57471918072937,0.9861145809860109,1.8251805276037194e-06,0,0.30754505939533894,0.00598476774198752,0.12499815970659256,1.000119633677602
0.0110625,22,physics,0,22,5.1630774965462845,57.73952992179808,45.72816643555541,108.63077385389977,188.51796624380944,7.617066913788777e-05,1.2927584024094159,23.449537386577937,0.9915590510717163,1.8490652191616187e-06,0,0.3053544539155301,0.006046480180917456,0.12499815970659256,1.0001217797038222
0.011125,22,physics,0,22,0.8337114420107551,65.65502768171045,51.686553273740735,118.17529239746193,189.93681347148203,7.674395424640884e-05,1.3715906142322123,3.645153465258369,0.9986878822499239,1.8764224360978706e-06,0,0.3032371915299485,0.006113319458669602,0.12499815970659256,1.0001217797038222
0.0111875,22,physics,0,22,3.1062740817691186,67.39622818246227,50.21251127969056,120.71501354392194,191.366338438437,7.732155369463046e-05,1.3851477041187088,-16.240054645188312,1.005845803951545,1.9039471954584999e-06,0,0.30102384648910613,0.006182096972505112,0.12499815970659256,1.0001235680625236
0.01125,22,physics,0,22,9.24547545106329,62.92054496773649,43.41871363087765,115.58473404967742,192.80662455698638,7.790350118529047e-05,1.3348025000483277,-31.58716861612473,1.0113701180545296,1.928886881330526e-06,0,0.29850164021792813,0.006249677124519802,0.12499815970659256,1.0001275024629228
0.0113125,22,physics,0,22,13.511629241509775,54.19745511094025,36.29620894395634,104.00529329640636,194.25776000680753,7.848983234738054e-05,1.2335017093876144,-38.91448580448363,1.0140076317919997,1.948403541618404e-06,0,0.2956374708664252,0.006313228202479593,0.12499815970659256,1.000129827343161
0.011375,22,physics,0,22,12.783931679890214,43.98874832661569,32.051374809312065,88.82405481581797,195.71981389619307,7.90805751041007e-05,1.102428015101504,-36.84005613164628,1.0132613862712838,1.9616550943624142e-06,0,0.2924391502251327,0.006370842821382677,0.12499815970659256,1.0001296485060276
0.0114375,22,physics,0,22,9.278633072972214,34.50683668902098,29.555568720929354,73.34103848292254,197.19286010097446,7.967575930497476e-05,0.9657596158466726,-26.549602300854882,1.0095571031546338,1.969149040270681e-06,0,0.2890836030913933,0.006421658495335096,0.12499815970659256,1.0001323310663846
0.0115,22,physics,0,22,7.670627265717466,26.881983421920584,25.50652530023069,60.05913598786874,198.67699037589978,8.027542202350131e-05,0.8451438172505077,-11.140496610848285,1.0040102668329316,1.972978203923501e-06,0,0.2858706250175874,0.006466066799465386,0.12499815970659256,1.0001339406060523
0.0115,23,refine,0,22,7.670627265717466,26.881983421920584,25.50652530023069,60.05913598786874,198.67699037589978,8.027542202350131e-05,0.8451438172505077,-11.140496610848285,1.0040102668329316,1.972978203923501e-06,0,0.2858706250175874,0.006466066799465386,0.12499815970659256,1.0001339406060523
0.0115625,23,physics,0,22,9.909230001874027,21.477690648356866,18.828603201085652,50.21552385131655,200.1722976675011,8.08796008147192e-05,0.7555867035549112,5.170349799476309,0.9981388208448778,1.9763068421774217e-06,0,0.28303535812157554,0.0065053820742234526,0.12499815970659256,1.0001344771198506
0.011625,23,physics,0,22,13.21822360598953,18.394725935413344,12.535977568608102,44.14892711001098,201.67887373031482,8.148833275204145e-05,0.7038111834565084,18.055618239311553,0.9935004981209763,1.9819303513912688e-06,0,0.2808591522233358,0.006541337057660827,0.12499815970659256,1.0001350136339366
0.0116875,23,physics,0,22,13.13351743470271,17.622069838940686,11.103421422745704,41.8590086963891,203.19677575265356,8.210164094240124e-05,0.6886745097539062,24.6198216221107,0.9911375757861035,1.992120902905016e-06,0,0.2794284215642314,0.006575809985020398,0.12499815970659256,1.0001362655012567
0.01175,23,physics,0,22,8.356424177450513,18.859143681969506,15.963474254880786,43.179042114300806,204.7261181355592,8.271957160953032e-05,0.7030485816299038,23.782888372750254,0.9914388399122871,2.0076331228580077e-06,0,0.2786995129810881,0.006610350047594282,0.12499815970659256,1.0001394845958462
0.0118125,23,physics,0,22,2.6086692422448996,21.38697889251017,23.540873189202443,47.536521323957516,206.26694853153109,8.334214400741723e-05,0.7367731323849702,16.44926361739793,0.9940787267552206,2.027969671303255e-06,0,0.2785042573015404,0.006646148965022162,0.12499815970659256,1.0001385904018654
0.011875,23,physics,0,22,1.517480149285636,24.295847851176372,27.944194052281386,53.7575220527434,207.81936227008816,8.396939665394651e-05,0.7800616070719226,5.232559933312464,0.9981164333620417,2.051381520207229e-06,0,0.27854230117020096,0.006683887924104729,0.12499815970659256,1.0001366231779216
0.0119375,23,physics,0,22,7.190581649647793,27.012560337647916,26.183580988332288,60.386722975628,209.3834785189064,8.4601377698808e-05,0.8264063368369692,-6.07612086892542,1.0021872138189982,2.075216718466777e-06,0,0.2784426045399969,0.006723890596071922,0.12499815970659256,1.0001378750472563
0.012,23,physics,0,22,15.661058696907006,29.70961519888015,21.13600908693142,66.50668298271857,210.95939260647197,8.523812565946895e-05,0.8741466418981807,-13.85156204322911,1.0049861218716027,2.0966561944391043e-06,0,0.2778244318163174,0.006766213191572708,0.12499815970659256,1.0001389480793617
0.012,24,refine,0,22,15.661058696907006,29.70961519888015,21.13600908693142,66.50668298271857,210.95939260647197,8.523812565946895e-05,0.8741466418981807,-13.85156204322911,1.0049861218716027,2.0966561944391043e-06,0,0.2778244318163174,0.006766213191572708,0.12499815970659256,1.0001389480793617
0.0120625,24,physics,0,22,20.140905602295934,33.174229180942284,19.1110335948361,72.42616837807432,212.54714741587003,8.587965786283644e-05,0.9261010348831905,-15.493350225421814,1.0055771094211294,2.1136305585756077e-06,0,0.2764426466960286,0.0068110893900297,0.12499815970659256,1.000141630664662
0.012125,24,physics,0,22,17.31787855214411,38.19664472208584,23.9838951945698,79.49841846879976,214.1468478100018,8.652601667875731e-05,0.9873118310566086,-10.217538570447857,1.003677973852716,2.1254712789797753e-06,0,0.27424391921314833,0.006858786828607465,0.12499815970659256,1.0001439555777425
0.0121875,24,physics,0,22,10.411848365092467,45.04760946858924,33.58330642529784,89.04276425897956,215.75858434759667,8.71772386974789e-05,1.0619109331525933,0.6921934757808041,0.9997508427852553,2.1332417889929883e-06,0,0.271282170901458,0.006909844716652409,0.12499815970659256,1.0001448497765202
0.01225,24,physics,0,22,5.820801193726137,53.47120063907089,41.938334727120846,101.23033655991787,217.3824475872337,8.783336050918786e-05,1.1503238473963764,14.15096556866557,0.9949063264465335,2.1390778552898845e-06,0,0.2678765556494261,0.006964920757946134,0.12499815970659256,1.0001459228161087
0.0123125,24,physics,0,22,6.877388128346209,62.98157387330137,44.979280100202345,114.83824210184993,219.01855669411523,8.849443026257456e-05,1.247690752746593,26.24208644212557,0.990554125891906,2.1457360688259546e-06,0,0.26432275205687245,0.0070247043368746875,0.12499815970659256,1.0001453862961704
0.012375,24,physics,0,22,11.039683899019737,72.93717639155382,43.93518857236349,127.91204886293704,220.6669688534876,8.916047106333322e-05,1.3439546640196833,33.3517466450323,0.9879950435673318,2.1562672851693776e-06,0,0.2609373192360007,0.007089289384436965,0.12499815970659256,1.0001468170166452
0.0124375,24,physics,0,22,12.960871245757362,82.27002582693731,43.38027944795043,138.6111765206451,222.32777939230283,8.98315214283112e-05,1.4255182500864503,33.08813884945174,0.9880899355446903,2.172683987389234e-06,0,0.257985552757315,0.007158351212190333,0.12499815970659256,1.0001462804962273
0.0125,24,physics,0,22,10.066663260110303,89.27179319221806,46.219629833676805,145.55808628600516,224.00111701126812,9.050763335901888e-05,1.4778604244167994,24.847917266177703,0.9910560165265001,2.1956116711407937e-06,0,0.2556038163778387,0.00723075740340525,0.12499815970659256,1.0001466381764739
0.0125,25,refine,0,24,10.066663260110303,89.27179319221808,46.219629833676805,145.5580862860052,224.00111701126818,9.05076333590189e-05,1.4778604244167994,24.847917266177703,0.9910560165265001,2.1956116711407937e-06,0,0.2556038163778387,0.0062915153553933,0.12499815970659256,1.0001466381764739
0.0125625,25,physics,0,24,5.2016687119194325,91.62462784697473,49.9981620076996,146.82445856659376,225.6870388950942,9.118882996093403e-05,1.4798138753560068,10.210708097157255,0.9963246689110773,2.2239418751013335e-06,0,0.2537911164942107,0.006354735142244526,0.12499815970659256,1.000146101656152
0.012625,25,physics,0,24,3.83364127578185,88.53941090141247,50.80865386742059,143.18170604461488,227.38562129942727,9.187514204514442e-05,1.443648639406025,-7.999657182884511,1.0028794594967738,2.2552943832465652e-06,0,0.2523754309569766,0.006417353293097771,0.12499815970659256,1.0001448497765202
0.0126875,25,physics,0,24,8.595467130537596,79.68690638939879,44.802944303004914,133.0853178229413,229.0970024591972,9.256662546546236e-05,1.361673152568649,-25.618072051516236,1.0092211488187617,2.286467396306336e-06,0,0.25111811575724236,0.006477005856393424,0.12499815970659256,1.0001478900583443
0.012750000000000001,25,physics,0,24,16.066141089017044,66.93191598400452,33.95395992227529,116.95201699529684,230.82125386118724,9.326330910611687e-05,1.2433506540174328,-38.383367030232684,1.013816119587014,2.314032158778898e-06,0,0.24982417545370644,0.006531994704454847,0.12499815970659256,1.0001503938267862
0.012812500000000001,25,physics,0,24,19.56679108921414,53.28525726006811,24.11747662043291,96.96952496971515,232.55849466846408,9.396524111493551e-05,1.105780847227527,-42.62474037545749,1.0153434825259091,2.3350339652950008e-06,0,0.24829971468242715,0.006581113899677892,0.12499815970659256,1.0001516457133575
0.012875000000000001,25,physics,0,24,15.573524060126665,41.51079670480949,19.737306675723836,76.82162744066,234.30879875070048,9.467245133895361e-05,0.9702882348610452,-36.75576254395548,1.0132308158215046,2.348366498594598e-06,0,0.24646586412955018,0.0066241869520205455,0.12499815970659256,1.0001534341254634
0.012937500000000001,25,physics,0,24,7.3438173918366125,33.04007791783978,19.995608274064963,60.379503583741354,236.0722805024302,9.53849859992734e-05,0.8577955048312661,-22.885651195125185,1.0082377516858751,2.3550152263851457e-06,0,0.24436896778312672,0.006661727607823767,0.12499815970659256,1.0001530764427864
0.013000000000000001,25,physics,0,24,1.8959960504960083,27.98190069286302,20.354159223076536,50.23205596643557,237.84905670184747,9.610289228011483e-05,0.7843172969653773,-4.540844280522612,1.0016344896933802,2.357591585067095e-06,0,0.24215416428467573,0.006695490984544824,0.12499815970659256,1.0001541494912012
0.013000000000000001,26,refine,0,24,1.8959960504960083,27.98190069286302,20.354159223076536,50.23205596643557,237.84905670184747,9.610289228011483e-05,0.7843172969653773,-4.540844280522612,1.0016344896933802,2.357591585067095e-06,0,0.24215416428467573,0.006695490984544824,0.12499815970659256,1.0001541494912012
0.0130625,26,physics,0,24,3.3865955507409025,25.979378085470973,17.744414631656824,47.1103882678687,239.6391892989099,9.682619521235337e-05,0.7581456413210811,13.957539715861483,0.9949759640156451,2.359738024981793e-06,0,0.240049055878081,0.006727540224913242,0.12499815970659256,1.000157010959269
0.013125,26,physics,0,24,9.502060943502489,26.96094001220778,13.924592353517971,50.387593309228244,241.44280222328808,9.755494486976242e-05,0.7791945871312356,28.474536916396367,0.9897505468600273,2.3647524929337753e-06,0,0.23826366138835495,0.006760075712652084,0.12499815970659256,1.0001573686433531
0.0131875,26,physics,0,24,14.121047543484131,31.147004999651955,13.674664041864684,58.94271658500077,243.2599812633111,9.828917591510949e-05,0.8400378465686643,36.00853695334678,0.9870386882404819,2.3754273641429803e-06,0,0.23691993779510784,0.006794778502453295,0.12499815970659256,1.0001591570656925
0.01325,26,physics,0,24,13.337576838965077,38.48055900372763,19.780605141536768,71.59874098422947,245.0908598837629,9.902894227482986e-05,0.9280563752855021,35.38883124084814,0.9872611597452832,2.393234405317909e-06,0,0.23602259536452175,0.006833271614484967,0.12499815970659256,1.0001621973910084
0.0133125,26,physics,0,24,9.08756807487704,48.130954659219576,29.75245832242957,86.97098105652618,246.93549526665817,9.977426705331192e-05,1.0284211335035371,27.783698978948394,0.9899988502171436,2.417425276846077e-06,0,0.23549878160233773,0.006876123016649821,0.12499815970659256,1.0001629127630143
0.013375,26,physics,0,24,7.060297445941983,58.59010648257253,37.53694559448088,103.18734952299539,248.79402564364915,0.00010052520610304368,1.127308963391734,16.110777892542473,0.9942008261803549,2.4459403689114363e-06,0,0.2351316636952528,0.006923371314034948,0.12499815970659256,1.0001641646652555
0.0134375,26,physics,0,24,10.829664625477172,68.3664646058956,38.89567895805435,118.09180818942711,250.66652726630917,0.00010128179023346728,1.2146665973327464,2.9671977959548683,0.9989319396255619,2.4762545902667893e-06,0,0.23463534405893313,0.006974599069492185,0.12499815970659256,1.000166489630718
0.0135,26,physics,0,24,17.814407905655855,76.75816848117287,35.50670137558323,130.07927776241195,252.55313836483907,0.00010204407529648423,1.2858872996522708,-7.961261889173317,1.0028657078575016,2.5047449994097833e-06,0,0.2337464863453822,0.007028902328297362,0.12499815970659256,1.0001679203813814
0.0135,27,refine,0,24,17.814407905655855,76.75816848117287,35.50670137558323,130.07927776241195,252.55313836483907,0.00010204407529648423,1.2858872996522708,-7.961261889173317,1.0028657078575016,2.5047449994097833e-06,0,0.2337464863453822,0.007028902328297362,0.12499815970659256,1.0001679203813814
0.0135625,27,physics,0,24,21.353927548620018,84.0537038987635,33.57822560007119,138.98585704745472,254.45392565410896,0.00010281208824823246,1.3419469393833137,-13.593942167499582,1.0048933956584254,2.5287161644627085e-06,0,0.2322498087583583,0.00708545989305751,0.12499815970659256,1.0001679203813814
0.013625,27,physics,0,24,17.281822189306602,90.99637605777608,37.879047405090944,146.15724565217363,256.36903689806553,0.00010358588879272276,1.3877889670839407,-12.443989156922633,1.0044794508045882,2.5466856277134293e-06,0,0.2301119751726169,0.0071438136064175695,0.12499815970659256,1.0001684569134077
0.0136875,27,physics,0,24,8.396870700971089,98.06329348255373,46.96418384939889,153.42434803292372,258.2985817190147,0.00010436552122283904,1.4295967501348,-5.097632484357979,1.001834991501626,2.5592086574377466e-06,0,0.2274056359118772,0.007203731209328327,0.12499815970659256,1.0001711395778572
0.01375,27,physics,0,24,2.0368771234529666,105.21674754307267,54.498010191571495,161.75163485809713,260.24262682999,0.00010515101249397718,1.4718446344238316,6.033671947563774,0.9978280583116285,2.5682386839420722e-06,0,0.22436547576172114,0.00726535521924473,0.12499815970659256,1.000171497266994
0.0138125,27,physics,0,24,3.1340272928618518,112.16758839638662,55.36459313482074,170.6662088240692,262.2013009224262,0.00010594241460390107,1.515325951653056,17.437517296896335,0.9937230101044514,2.5769472160597213e-06,0,0.22127962122123415,0.007328792655940009,0.12499815970659256,1.0001734645595335
0.013875,27,physics,0,24,9.742301597540846,118.60295670799294,50.41052689639323,178.75578520192704,264.17470884978405,0.00010673976991864309,1.5565341041495904,25.534082382889693,0.9908084749107773,2.5887039858396572e-06,0,0.21839247295223413,0.007394105617079084,0.12499815970659256,1.0001736434045017
0.0139375,27,physics,0,24,15.22170450896789,124.04223847118058,45.328271519406265,184.59221449955473,266.1629483143927,0.00010754311791482153,1.5885091201528265,27.613092088259148,0.9900600707115904,2.606257258008781e-06,0,0.21593509949945222,0.007461224736578465,0.12499815970659256,1.0001756107012625
0.014,27,physics,0,24,14.64272858381243,127.53348466123086,45.050812769610914,187.2270260146542,268.1661766139417,0.0001083525221485552,1.602615223730577,22.50301680573917,0.9918995440608023,2.630694718508407e-06,0,0.21403104761469854,0.007529372519568778,0.12499815970659256,1.0001747164749824
0.014,28,refine,0,26,14.64272858381243,127.53348466123086,45.05081276961092,187.22702601465423,268.16617661394173,0.00010835252214855522,1.602615223730577,22.50301680573917,0.9918995440608023,2.630694718508407e-06,0,0.21403104761469854,0.0068874480486391075,0.12499815970659256,1.0001747164749824
0.0140625,28,physics,0,26,9.301640410523573,127.48450099148798,48.80350441114517,185.58964581315672,270.18446999816905,0.00010916801342854465,1.5867407692757127,10.90137318729886,0.9960758193241971,2.6614921586620723e-06,0,0.21264669225876448,0.006950803143545861,0.12499815970659256,1.0001765049283422
0.014125,28,physics,0,26,5.311725802575253,123.02378426617226,51.59393004672651,179.92944011547402,272.2179428553735,0.00010998963797337277,1.5451852346145218,-4.821475765902137,1.0017354563070835,2.69671209274236e-06,0,0.21165739900150998,0.007013267536867665,0.12499815970659256,1.0001777568475967
0.0141875,28,physics,0,26,7.537381673017301,113.63181040914345,47.91677488975587,169.08596697191663,274.2667357958241,0.00011081745259660759,1.4737718464625487,-20.283280927980915,1.007300800880307,2.732855951759203e-06,0,0.21083749199083135,0.0070736461401472005,0.12499815970659256,1.0001799029985359
0.01425,28,physics,0,26,14.516124639495596,100.5374702580897,38.01805248953887,153.07164738712416,276.3309560561744,0.00011165150062721021,1.3790157804682774,-32.10874588249976,1.011557207826954,2.7650761911246508e-06,0,0.20999380822049946,0.007130985412938088,0.12499815970659256,1.0001833010802748
0.0143125,28,physics,0,26,19.51447934165047,86.26446261976328,27.726632649837594,133.50557461125135,278.41071325610267,0.00011249182635700297,1.2730289706416902,-37.08545134006026,1.0133493540483223,2.7907984865294077e-06,0,0.20892149096468837,0.007184447907459667,0.12499815970659256,1.0001865203262557
0.014375,28,physics,0,26,17.1014471136,73.52118960003702,23.07992942514844,113.70256613878546,280.5061241659034,0.00011333847696701393,1.1712602590571162,-32.612395197905606,1.0117392111204,2.8085063377147907e-06,0,0.20749680397151737,0.007233674027897204,0.12499815970659256,1.0001856260902215
0.0144375,28,physics,0,26,8.776628368218056,64.05715454326089,24.714947240701278,97.54873015218023,282.61729363616524,0.00011419149482211509,1.0890725433763497,-20.7474587488742,1.007468278504949,2.8184971778699698e-06,0,0.20576202514534037,0.0072790224430916975,0.12499815970659256,1.000186162631746
0.0145,28,physics,0,26,1.7528259372273847,58.37338944365127,27.741534651505983,87.86775003238463,284.74437419284703,0.00011505094155040784,1.038238291405549,-4.24321800189557,1.001527392961513,2.823494504866629e-06,0,0.2038100403335348,0.007321387164888689,0.12499815970659256,1.0001872357156585
0.0145,29,refine,0,36,1.7528259372273847,58.37338944365127,27.741534651505983,87.86775003238463,284.74437419284703,0.00011505094155040784,1.038238291405549,-4.24321800189557,1.001527392961513,1.413783252246502e-06,0,0.1562958050555786,0.006439831579900548,0.06249907985329628,1.0001872357156585
0.0145625,29,physics,0,36,2.075186625861544,56.139225162927886,26.734694838895027,84.94910662768446,286.88628743600884,0.00011591638142448236,1.1205129458026006,13.524126298925584,0.9951318438216069,1.4154642151709147e-06,0,0.15480791176043243,0.006474802586969607,0.06249907985329628,1.0001893818869372
0.014625,29,physics,0,36,8.967414252685362,57.81655698778609,22.586802201230395,89.37077344170186,289.04409667638834,0.0001167882440749573,1.1534111745476132,28.061140282995833,0.9898990841052409,1.4181568270821288e-06,0,0.15345354368490954,0.00650924491873808,0.06249907985329628,1.0001893818869372
0.014687500000000001,29,physics,0,36,15.804721656170193,63.36644232729792,19.927175122578337,99.09833910604644,291.2179227336391,0.00011766657831900416,1.2173592011283976,36.41649794246984,0.9868914765851012,1.4235275616059072e-06,0,0.15239565411950454,0.006544767805217635,0.06249907985329628,1.0001888453436858
0.014750000000000001,29,physics,0,36,16.593877965955134,72.63172090797359,23.625535615796267,112.85113448972498,293.4078481093481,0.00011855141749138246,1.3018201272822887,37.08104584154975,0.9866522794990829,1.4326186801305604e-06,0,0.1516291897165382,0.00658240677909938,0.06249907985329628,1.0001893818869372
0.014812500000000001,29,physics,0,36,11.564148857569695,84.64329651023812,33.18915059227427,129.39659596008207,295.61390121705017,0.00011944277307257866,1.3941146350320712,31.280436636558832,0.9887407240547322,1.4456487384961747e-06,0,0.15114638463531538,0.0066228120745219715,0.06249907985329628,1.0001900972783868
0.014875000000000001,29,physics,0,36,6.82820846800614,97.65164552050427,42.64131585994116,147.1211698484516,297.8362103206116,0.00012034069688759759,1.4824931181639964,20.378062357706707,0.9926650006898413,1.4617235901681627e-06,0,0.1508318930575656,0.0066661719699025864,0.06249907985329628,1.0001933165462422
0.014937500000000001,29,physics,0,36,8.389799171721801,109.83907006832877,45.73271803445549,163.96158727450606,300.0748010174302,0.0001212451992790658,1.5587393245148444,7.572820296650777,0.9972740255003005,1.4791223730270543e-06,0,0.15055325762996968,0.006714209135901578,0.06249907985329628,1.00019278000088
0.015,29,physics,0,36,16.006206855142224,120.24672840712687,41.8461762086879,178.09911147095698,302.3297803187426,0.0001221563234848648,1.6198122169543745,-3.6464394438730703,1.0013125994306207,1.4964334065226124e-06,0,0.15009778792057987,0.006765670636970632,0.06249907985329628,1.0001942107891522
0.015,30,refine,0,40,16.006206855142224,120.24672840712687,41.84617620868791,178.09911147095698,302.3297803187427,0.00012215632348486482,1.6198122169543745,-3.6464394438730703,1.0013125994306207,7.510386152986834e-07,0,0.18775637687326982,0.006765670636970632,0.031249647960066795,1.0001942107891522
0.0150625,30,physics,0,40,22.986354363668955,128.9606957204551,36.76814496268598,188.71519504681004,304.6052134169478,0.00012307571204565914,1.665471677261017,-10.444831362885262,1.0037597943830594,7.58615102292027e-07,0,0.1868458883681417,0.006818129743931081,0.031249647960066795,1.0001949261840557
0.015125,30,physics,0,40,22.511310829384783,137.64781064616267,37.64902862707574,197.8081501026232,306.8977950233692,0.0001240020294598226,1.7073975159951542,-10.92977651225809,1.003934357216015,7.64379118667335e-07,0,0.1854545002348044,0.006871310454784683,0.031249647960066795,1.0001968935226788
0.0151875,30,physics,0,40,14.549581407955147,147.09284309505676,45.684490027852405,207.32691453086431,309.2075984012175,0.0001249353053293496,1.7512040415924486,-4.974456387407143,1.0017906339501237,7.684233622740075e-07,0,0.1836126343116589,0.00692540369398533,0.031249647960066795,1.0001963569753978
0.01525,30,physics,0,40,6.048964838371189,157.69556437693797,55.249021306470915,218.99355052178007,311.5347945466941,0.0001258756087452415,1.8023572995156196,5.682558344868297,0.9979546491554168,7.712839433793305e-07,0,0.18143551447212328,0.006980748567254875,0.031249647960066795,1.0001999339627077
0.0153125,30,physics,0,40,4.208051147000027,169.34299178990432,59.35558136985438,232.90662430675872,313.8794912849255,0.00012682298327423212,1.8622953801693125,17.882450588954008,0.9935634722851698,7.734566436212733e-07,0,0.179129089278171,0.007037841456208719,0.031249647960066795,1.0001993974137957
0.015375,30,physics,0,40,9.642945010626374,181.75051633856316,56.31841674044855,247.71187808963808,316.24185543890263,0.0001277774963211375,1.9276237064759576,28.048957362952823,0.9899041880049949,7.764696814405175e-07,0,0.17689753318254203,0.007097059177377842,0.031249647960066795,1.000199039714681
0.0154375,30,physics,0,40,16.10705258463748,194.43445811822733,51.05341303831252,261.5949237411773,318.6219811264401,0.00012873918591425312,1.990831740422162,33.12286394778611,0.9880779201933573,7.80883562701007e-07,0,0.17492820609270446,0.007158591033490263,0.031249647960066795,1.0001988608651715
0.0155,30,physics,0,40,16.686785526319873,206.33208001741787,50.072126190422125,273.09099173415984,321.02002563516703,0.0001297081156056329,2.0420167986473223,31.305135788409995,0.9887321903201504,7.871927301117415e-07,0,0.17333016177602933,0.007221940415012104,0.031249647960066795,1.00020172246116
0.0155,31,refine,0,44,16.686785526319877,206.3320800174179,50.072126190422125,273.0909917341599,321.0200256351671,0.0001297081156056329,2.0420167986473223,31.305135788409995,0.9887321903201504,7.871927301117415e-07,0,0.17333016177602933,0.007078145184211506,0.031249647960066795,1.00020172246116
0.0155625,31,physics,0,44,10.421121776067727,215.39880146531968,54.87039259112221,280.6903158325096,323.43611943473195,0.0001306843381115278,2.0649191030396965,22.446566791827212,0.991920677889582,7.957469407848797e-07,0,0.17212104294370806,0.007136227016175,0.031249647960066795,1.000203689813151
0.015625,31,physics,0,44,3.241687303672447,219.72115129243718,61.30881579557362,284.2716543916832,325.87041266287866,0.0001316679140950812,2.0675158711851713,8.214056436337284,0.9970434742145894,8.059028706597355e-07,0,0.17123817088058468,0.007196611016960491,0.031249647960066795,1.000203689813151
0.0156875,31,physics,0,44,2.437023365457028,217.4827138464333,62.09938917668678,282.01912638857715,328.32301552706963,0.00013265888808560954,2.0379558698740974,-8.396467520404101,1.0030221786627824,8.168613865322529e-07,0,0.1705021267353344,0.007257822311711167,0.031249647960066795,1.000206551422955
0.01575,31,physics,0,44,9.492767515539082,208.58771600888002,54.84538519376675,272.9258687181858,330.7940817367231,0.00013365732218939091,1.9791849686544902,-22.82040208287359,1.00821406533469,8.275098553056641e-07,0,0.16975383722289455,0.007318144801644252,0.031249647960066795,1.000210128446723
0.0158125,31,physics,0,44,18.266098031255382,194.89387009124613,44.270956212241124,257.43092433474266,333.28371970850816,0.0001346632602121717,1.8998477015835173,-31.784183381827873,1.0114404872291245,8.367494048755485e-07,0,0.16881783884129925,0.007375835360930173,0.031249647960066795,1.0002142420398712
0.015875,31,physics,0,44,20.682213641681635,179.44154033478023,37.929205698740766,238.05295967520263,335.7921105625543,0.00013567677533552567,1.8126703426041413,-33.31939894527655,1.0119930491033806,8.437836127583865e-07,0,0.16759542502962504,0.007429761907751449,0.031249647960066795,1.0002140631876435
0.0159375,31,physics,0,44,14.652162495635789,165.07652173678383,38.99012229428264,218.71880652670228,338.319394894172,0.00013669792436697684,1.731575533705241,-26.626585290402698,1.0095837917027617,8.486307878641251e-07,0,0.16607618192180093,0.0074794420340669205,0.031249647960066795,1.0002153151539097
0.016,31,physics,0,44,6.170657697357673,153.5083842692821,43.37075646476158,203.04979843140134,340.8657037635763,0.00013772676026139446,1.6682979240133016,-13.660761477371,1.0049169552609856,8.515058649294358e-07,0,0.16433676214462065,0.007525345540069913,0.031249647960066795,1.0002145997444227
0.016,32,refine,0,48,6.170657697357672,153.5083842692821,43.370756464761584,203.04979843140137,340.8657037635762,0.0001377267602613945,1.6682979240133016,-13.660761477371,1.0049169552609856,8.515058649294358e-07,0,0.16433676214462065,0.006792474099218129,0.031249647960066795,1.0002145997444227
0.0160625,32,physics,0,48,3.3287373437613845,145.07532670675764,44.03213752226158,192.4362015727806,343.43116228045426,0.0001387633335693377,1.6277340193993333,1.7576912396435798,0.9993673505134901,8.534169042562197e-07,0,0.16252887003696265,0.006837961199317875,0.031249647960066795,1.0002167459744185
0.016125,32,physics,0,48,8.478079079784942,140.6420191349104,38.665954430664115,187.78605264535946,346.0159313080697,0.0001398077092875953,1.61414690947911,16.032858831048344,0.9942292595661996,8.553938464217488e-07,0,0.1608378410937153,0.0068819327902036615,0.031249647960066795,1.000218176796974
0.0161875,32,physics,0,48,16.1047069031763,139.96991361822467,31.50276076448513,187.57738128588608,348.6201550190947,0.00014085994566912386,1.6230390053158081,25.805253561828586,0.990711871043453,8.58455150520853e-07,0,0.15941906022980015,0.006925133655641375,0.031249647960066795,1.0002171036798655
0.01625,32,physics,0,48,18.333004457983325,142.90092408358922,29.54892471768049,190.78285325925302,351.24398175815975,0.0001419201026525595,1.6466960983915546,28.973498554388716,0.9895715005684177,8.635081023555803e-07,0,0.15835413963871917,0.006968257204322228,0.031249647960066795,1.000219249915234
0.0163125,32,physics,0,48,12.509925566690356,148.54957395997417,35.57962393856465,196.63912346522918,353.8875282855514,0.00014298822741488654,1.6759996798383503,25.33255340341409,0.9908818184262275,8.707564109755585e-07,0,0.15767396677890586,0.007011849118736758,0.031249647960066795,1.0002197864747957
0.016375,32,physics,0,48,3.8590175343289017,155.27400846366302,45.09781097598942,204.23083697398135,356.55100373146536,0.0001440644044551438,1.702778043691872,16.406638588718423,0.9940946070246237,8.797528021631259e-07,0,0.15728181742384864,0.007056276217870505,0.031249647960066795,1.0002188922090194
0.0164375,32,physics,0,48,0.7538352401762056,161.29752939889653,50.075310890826884,212.12667552989961,359.23452247166597,0.00014514867998684976,1.7218911147260525,4.402225823114904,0.9984154670461314,8.897248591210877e-07,0,0.1570488771790964,0.007101589846078064,0.031249647960066795,1.0002196076215766
0.0165,32,physics,0,48,6.782464829447763,165.68244593961748,46.29440818744423,218.7593189565095,361.93824893946265,0.0001462411204492698,1.7325856695215405,-7.212409422194599,1.0025960175392357,8.998061646892095e-07,0,0.15677969710504536,0.007149041791052024,0.031249647960066795,1.0002196076215766
0.0165,33,refine,0,48,6.782464829447763,165.68244593961748,46.29440818744423,218.7593189565095,361.93824893946265,0.0001462411204492698,1.7325856695215405,-7.212409422194599,1.0025960175392357,8.998061646892095e-07,0,0.15677969710504536,0.007149041791052024,0.031249647960066795,1.0002196076215766
0.0165625,33,physics,0,48,17.034849882093816,168.95116614198537,37.5317762957246,223.5177923198038,364.6623010837559,0.0001473417734996478,1.7388167134044565,-14.974416229010044,1.0053901796976754,9.090329857741605e-07,0,0.1563211240272026,0.007197549821611425,0.031249647960066795,1.0002205018879924
0.016625,33,physics,0,48,22.569005581612796,172.79109548942108,32.283776975687,227.64387804672089,367.4068838580898,0.00014845072194944673,1.7481284471006941,-16.285412779947013,1.0058620022294003,9.1625997633571e-07,0,0.1555309842184671,0.007245742505611199,0.031249647960066795,1.0002203230346451
0.0166875,33,physics,0,48,19.119321175338342,179.0405889477508,35.79252724741235,233.95243737050149,370.1721009088834,0.0001495680076769939,1.769243945402368,-10.834301529454187,1.0038998408497541,9.214645428912148e-07,0,0.1543548577384277,0.007293968706000023,0.031249647960066795,1.0002226481306526
0.01675,33,physics,0,48,11.273067531900711,188.82418797202047,45.174706457383934,245.27196196130512,372.95812501076267,0.0001506937004918631,1.8093424220689265,0.3454873746417043,0.9998756409572136,9.24577884475753e-07,0,0.15286748200847758,0.007342813521223239,0.031249647960066795,1.0002239001076647
0.0168125,33,physics,0,48,7.8167367834088815,202.46595635334813,52.525955565291746,262.80864870204874,375.7651188056895,0.000151827866109526,1.871520006749772,14.663581039783487,0.9947220367485667,9.268860967637232e-07,0,0.1511875175313411,0.007393229625608698,0.031249647960066795,1.0002239001076647
0.016875,33,physics,0,48,12.97353602063916,219.97041737643758,52.77212633310463,285.7160797301814,378.59324910706835,0.00015297057193092522,1.9537123561105727,28.670595961884484,0.9896804290561807,9.292556404361099e-07,0,0.14949769530910428,0.007446060557723973,0.031249647960066795,1.0002242578156701
0.0169375,33,physics,0,48,22.30381208644292,241.2482191998373,48.39852576940126,311.9505570556815,381.44267557773486,0.00015412188246781677,2.049098523519686,38.9998803911989,0.9859625583948416,9.326549506027965e-07,0,0.1479600222547594,0.007501805024265979,0.031249647960066795,1.0002246155238037
0.017,33,physics,0,48,27.016201809910303,265.73807579586,46.673420968721004,339.42769857449133,384.31352272136377,0.00015528184802590038,2.147581983652444,43.17330976271649,0.9844604346709486,9.382762389265044e-07,0,0.14668442969875636,0.007560633858216918,0.031249647960066795,1.0002269406297892
0.017,34,refine,0,56,27.016201809910303,265.73807579586,46.673420968721004,339.42769857449133,384.3135227213638,0.0001552818480259004,2.147581983652444,43.17330976271649,0.9844604346709486,9.341268878415565e-07,0,0.15205105064238544,0.0074800242237324545,0.03124953992664814,1.0002269406297892
0.0170625,34,physics,0,56,22.38772536491355,291.0951164060978,51.9897334013083,365.47257517231964,387.20599191400026,0.000156450549971151,2.2297150870970937,40.21543024899075,0.9855250957871536,9.421650197793953e-07,0,0.15103185336952274,0.007540582020712169,0.03124953992664814,1.0002280137574517
0.017125,34,physics,0,56,12.047636437499865,316.1419374160221,62.50526548249994,390.6948393360219,390.1202267255646,0.0001576280463129834,2.301800453784017,30.70384707185838,0.9889486486847597,9.525654371955735e-07,0,0.15030358040164557,0.007603256076340828,0.03124953992664814,1.0002306965816452
0.0171875,34,physics,0,56,4.954902905937086,337.0474593403809,70.10643828468017,412.10880053099817,393.05640171804686,0.00015881440758315564,2.350676812391373,16.81273141537397,0.993948527014287,9.646104501825905e-07,0,0.14970816424279837,0.00766704456373092,0.03124953992664814,1.0002314120026454
0.01725,34,physics,0,56,6.987269820030157,351.61260287242476,68.96906535896612,427.56893805142107,396.01467178834525,0.000160009696367747,2.374300553189526,1.7663778231281426,0.9993642199543075,9.771445204087572e-07,0,0.1491050413296912,0.007730701811865644,0.03124953992664814,1.0002321274241575
0.0173125,34,physics,0,56,15.236430105829603,359.5647771835346,61.01142043354969,435.8126277229139,398.9951965996513,0.00016121397717865722,2.3759277982536533,-10.927886246343771,1.003933316660569,9.889342118540882e-07,0,0.14834600627252076,0.007793064481305661,0.03124953992664814,1.0002324851351052
0.017375,34,physics,0,56,20.670802627196753,362.5684535715881,54.389534996113696,437.62879119489855,401.9981644171618,0.00016242732608442393,2.3632215002184163,-18.176321323112287,1.00654222499677,9.988775935276802e-07,0,0.14730093836656397,0.007853703471447938,0.03124953992664814,1.0002326639906272
0.0174375,34,physics,0,56,17.032396468339645,363.15014850093655,55.74672303555633,435.9292680048325,405.0237205957284,0.00016364980181566343,2.3461265522763193,-18.616385554357766,1.0067006106510212,1.0065510260837119e-06,0,0.1459172452153686,0.007912417291578912,0.03124953992664814,1.0002348102593845
0.0175,34,physics,0,56,7.210829358885528,363.4040376954368,63.72323322107493,434.3381002753972,408.07210106752484,0.0001648814997007514,2.334012519850346,-12.61657383946796,1.0045412974059715,1.0118776105905159e-06,0,0.14422836079508847,0.007969967928528204,0.03124953992664814,1.0002351679712917
0.0175,35,refine,0,60,7.210829358885527,363.4040376954368,63.72323322107492,434.3381002753972,408.07210106752484,0.00016488149970075137,2.334012519850346,-12.61657383946796,1.0045412974059715,1.0118776105905159e-06,0,0.14422836079508847,0.006579115611913095,0.03124953992664814,1.0002351679712917
0.0175625,35,physics,0,60,0.46450769094902883,364.28862309439785,70.13563832285179,434.88876910819863,411.1433653677322,0.0001661224437948731,2.3271871972228695,-1.258812111848513,1.0004530825029876,1.0156681660156153e-06,0,0.14238863703202134,0.00663400417824301,0.03124953992664814,1.0002360622516198
0.017625000000000002,35,physics,0,60,3.3250506233170567,366.6180682115604,68.79916751337218,438.74228634824965,414.2377780318057,0.00016737274098355793,2.3403983502521726,11.512379993602758,0.9958564049964359,1.0189663148807414e-06,0,0.14055638688130062,0.0066891410094995505,0.03124953992664814,1.0002374931018077
0.017687500000000002,35,physics,0,60,13.219318687476093,370.4589925109719,60.588133094828116,444.2664442932761,417.35548559844807,0.00016863245047575692,2.3628848410317453,21.578679219829418,0.9922332991511345,1.0231202955957033e-06,0,0.13886096669620646,0.006743970809140514,0.03124953992664814,1.0002383873842144
0.017750000000000002,35,physics,0,60,21.026297932095847,375.6611338965668,53.22192967837868,449.90936150704135,420.49662030373526,0.00016990162570144614,2.3876653283677967,25.903085570864462,0.9906768549223192,1.0292054759553088e-06,0,0.13748863893843907,0.006798445504376845,0.03124953992664814,1.0002380296711557
0.017812500000000002,35,physics,0,60,19.67163513418696,381.2939527545604,53.59227692803607,454.5578648167834,423.66139543074337,0.0001711803528376352,2.406242947748684,23.51526246287668,0.9915362294971967,1.0376974195480668e-06,0,0.13645166380179552,0.006852683893723549,0.03124953992664814,1.0002399970945615
0.017875000000000002,35,physics,0,60,10.695915853849087,385.4991546866939,61.16657129276364,457.36164183330663,426.8500266474981,0.00017246871902497262,2.410852732844548,15.151921432104666,0.9945464376516294,1.0485173462804196e-06,0,0.1357399578641101,0.006906715739194304,0.03124953992664814,1.0002425010935838
0.017937500000000002,35,physics,0,60,2.839939648360123,386.04897751156017,68.28034296469541,457.16926012461573,430.06264023446556,0.00017376677528707068,2.396549813663094,2.5918615095714657,0.999067123210966,1.061036631444522e-06,0,0.13523777839372997,0.0069604804042762486,0.03124953992664814,1.0002433953804681
0.018000000000000002,35,physics,0,60,3.8530829039384025,381.4756193012409,67.16478798130967,452.493490186489,433.29941968178196,0.00017507459576310408,2.3627681034351755,-11.039445127732904,1.0039733710128478,1.074177067295068e-06,0,0.1348169665429939,0.007014096745920235,0.03124953992664814,1.0002460782459182
0.018000000000000002,36,refine,0,62,3.853082903938403,381.47561930124095,67.16478798130966,452.493490186489,433.29941968178196,0.00017507459576310408,2.3627681034351755,-11.039445127732904,1.0039733710128478,1.074177067295068e-06,0,0.1348169665429939,0.0070133578195412175,0.03124953992664814,1.0002460782459182
0.0180625,36,physics,0,62,12.945868720330287,371.69308842732204,57.34786230379968,441.986819451452,436.5605651650371,0.00017639226133400393,2.3136466942014,-22.29877928552551,1.0080258697729223,1.0865880195609623e-06,0,0.13434163192750762,0.00706646619324408,0.03124953992664814,1.0002469725360008
0.018125,36,physics,0,62,21.27442858745092,359.73382955720507,46.5013521675127,427.5096103121687,439.8462482554228,0.00017771984132309643,2.2578777405174177,-27.260185823549392,1.0098115508112646,1.0971599992970489e-06,0,0.13365409563238898,0.00711903682052895,0.03124953992664814,1.000248582260164
0.0181875,36,physics,0,62,20.467880797734303,348.21700914030515,43.17290565621822,411.8577955942577,443.15664844198784,0.00017905740825291744,2.2069671097717807,-24.945167106466066,1.0089783141448798,1.1050343671215038e-06,0,0.13270217671848125,0.007170711443626261,0.03124953992664814,1.000250013128262
0.01825,36,physics,0,62,11.021094601132914,339.6332750293271,48.692097885003314,399.3464675154633,446.4918718703725,0.00018040500501160421,2.1714024348616694,-15.693489717694947,1.0056486542318757,1.1103729988803922e-06,0,0.13147608950265968,0.0072214900986694785,0.03124953992664814,1.0002518017162627
0.0183125,36,physics,0,62,1.9417617925771502,335.26563533361116,56.09681415107908,393.30421127726737,449.8519930280956,0.00018176266169583292,2.1583177869567782,-2.0201656658750484,1.0007271315575,1.1136775337483584e-06,0,0.1300884778788993,0.007271372832563725,0.03124953992664814,1.0002546634637162
0.018375,36,physics,0,62,1.9203404369394925,335.5277760120977,57.28509921668933,394.73321566572656,453.2372671310199,0.00018313048142555222,2.1697663622968233,12.521029382193522,0.9954932144140515,1.1161603423737166e-06,0,0.12866634919329237,0.007320659005007905,0.03124953992664814,1.0002550211827235
0.0184375,36,physics,0,62,10.951141614262589,340.5868184829439,51.053301423276885,402.5912615204834,456.64776454764547,0.0001845084926331489,2.2025076997946287,24.350163830663416,0.9912354895677403,1.119350108602646e-06,0,0.12732342161054633,0.0073696469599659345,0.03124953992664814,1.0002571674994543
0.0185,36,physics,0,62,20.501874101846916,350.45089919728326,44.13674719582892,415.08952049495906,460.0836390564156,0.00018589675745279055,2.249198446289436,30.893548558967165,0.9888807842703833,1.1242136848110815e-06,0,0.12622319957934408,0.007418577331494355,0.03124953992664814,1.000257882939388
0.0185,37,refine,0,62,20.501874101846916,350.45089919728326,44.13674719582892,415.08952049495906,460.0836390564156,0.00018589675745279055,2.249198446289436,30.893548558967165,0.9888807842703833,1.1242136848110815e-06,0,0.12622319957934408,0.007418577331494355,0.03124953992664814,1.000257882939388
0.0185625,37,physics,0,62,21.709387288866,364.4908721667221,44.537751732292634,430.7380111878808,463.5463687526748,0.00018729587310878362,2.3004139108594863,31.386971498889,0.988703201430535,1.1316312340525776e-06,0,0.12539224855388,0.007467807357103701,0.03124953992664814,1.0002593138207905
0.018625,37,physics,0,62,13.709388754661823,381.0144032235377,53.64500549800011,448.36879747619963,467.03517070271505,0.0001887055232568253,2.346939701238735,26.373822854280178,0.9905075593175197,1.1417876377706195e-06,0,0.12488120112713398,0.0075177554666513375,0.03124953992664814,1.0002616390074353
0.0186875,37,physics,0,62,4.538534237963231,397.53158016479216,64.49291436359023,466.5630287663456,470.55022363005105,0.00019012578011013754,2.3817435381995677,16.659935430487167,0.9940036114022464,1.15413414469856e-06,0,0.12453651699668053,0.007568539574443297,0.03124953992664814,1.000263248755202
0.01875,37,physics,0,62,3.6889363963100488,411.7766739454545,67.90906072021372,483.37467106197823,474.0917312855116,0.00019155672599422622,2.4017679451230642,5.789768598249024,0.9979161003196562,1.1675665438914953e-06,0,0.12427427090304448,0.0076202198986798295,0.03124953992664814,1.000265395089587
0.0188125,37,physics,0,62,13.003937104242787,422.9240701043179,61.121431865330095,497.04943907389077,477.659885498903,0.0001929984384179094,2.408751738651475,-4.3668582510821015,1.0015717491022165,1.1807388906603933e-06,0,0.12396883789644828,0.007672854158139389,0.03124953992664814,1.0002657528124324
0.018875,37,physics,0,62,24.568798718709523,432.110845256632,50.72713427695444,507.4067782522959,481.25489001440553,0.00019445099970400654,2.4089079334747057,-10.765375934299637,1.0038747384686038,1.1924523599660136e-06,0,0.12348891537434042,0.0077263218956209745,0.03124953992664814,1.0002673625668195
0.0189375,37,physics,0,62,28.15544780616528,441.7707497213405,46.731716333991805,516.6579138614976,484.8769652565628,0.00019591449891503694,2.411333811449017,-11.3521734032401,1.0040859406606304,1.2017083550475145e-06,0,0.12270190100714876,0.00778068208905231,0.03124953992664814,1.000268972323797
0.019,37,physics,0,62,21.27306979031229,454.2708124725307,53.06524335493616,528.6091256177791,488.52628039541685,0.0001973890044041425,2.4254019422603283,-5.662267833163902,1.002037992553701,1.2082072506913745e-06,0,0.12164679389841232,0.00783569572348745,0.03124953992664814,1.000271476395356
0.019,38,refine,0,64,21.27306979031229,454.2708124725307,53.06524335493616,528.6091256177791,488.52628039541685,0.00019738900440414254,2.4254019422603283,-5.662267833163902,1.002037992553701,1.2082072506913745e-06,0,0.12164679389841232,0.00685782505658809,0.03124953992664814,1.000271476395356
0.0190625,38,physics,0,64,11.697458682636391,470.72735588520095,63.92166434891797,546.3464789167554,492.2030534594739,0.0001988746042657237,2.4576984841065186,5.083429350906914,0.998170345642033,1.2124955830472583e-06,0,0.12037967032070128,0.006901676422672274,0.03124953992664814,1.0002739804731835
0.019125,38,physics,0,64,9.745272435106441,492.0732469510167,69.75244233551635,571.5709617216395,495.9075203542678,0.00020037139381739246,2.511154231478613,18.241542651824773,0.9934344136934189,1.2157552422564764e-06,0,0.11900807298184507,0.006946198942861413,0.03124953992664814,1.0002754113776138
0.0191875,38,physics,0,64,18.173635096261318,518.1421663099106,66.54156535035389,602.8573667565258,499.63987586816074,0.00020187945176337098,2.5829033628751144,30.58456252496446,0.9889918410859989,1.2193530705140174e-06,0,0.11766129074958838,0.006992509395826475,0.03124953992664814,1.000274338199099
0.01925,38,physics,0,64,29.58318828091432,548.8047769921851,59.546819448767494,637.9347847218669,503.4003632611705,0.00020339887639284993,2.665965481266643,39.1147832487708,0.9859216413299545,1.2247514051821901e-06,0,0.1164709250762294,0.0070414047533499,0.03124953992664814,1.000275232514448
0.0193125,38,physics,0,64,33.51678140746169,583.2403880682199,57.929602424365015,674.6867719000467,507.1891377396979,0.00020492973041696304,2.750772003645689,41.80682484275132,0.9849527049213518,1.232826518204889e-06,0,0.11553367769894789,0.007093149880666525,0.03124953992664814,1.0002746959251427
0.019375,38,physics,0,64,26.28737371543624,619.3935599995752,65.78843961210984,711.4693733271214,511.00641987870085,0.00020647210295900447,2.8273226810868173,38.0331633943392,0.9863109547740038,1.2439682612885856e-06,0,0.11484340994472726,0.007147562961117877,0.03124953992664814,1.000273086158954
0.0194375,38,physics,0,64,14.48283302986533,654.1069319613059,77.98372104809707,746.5734860392683,514.852434875541,0.00020802608500995002,2.887390648688274,28.70756130589894,0.9896674989779389,1.2577561685489518e-06,0,0.11436753645156071,0.007203954665662924,0.03124953992664814,1.000274338199099
0.0195,38,physics,0,64,8.942167400828382,684.1597918216816,84.65496721517125,777.7569264376812,518.7274174648092,0.00020959177141429235,2.926385149468083,16.081626297015376,0.9942118608071556,1.2730514447056868e-06,0,0.11397498798878215,0.0072612857895771816,0.03124953992664814,1.0002739804731835
0.0195,39,refine,0,68,8.942167400828382,684.1597918216816,84.65496721517125,777.7569264376812,518.7274174648092,0.00020959177141429233,2.926385149468083,16.081626297015376,0.9942118608071556,1.2730514447056868e-06,0,0.11397498798878215,0.007205542672756455,0.03124953992664814,1.0002739804731835
0.0195625,39,physics,0,68,14.516122939157492,707.5100496477926,80.2720107024142,802.2981832893643,522.6315010726406,0.00021116921608285073,2.9392267048624254,3.1973562056553466,0.9988491989334023,1.288564393409075e-06,0,0.1135565805713834,0.007263201656689743,0.03124953992664814,1.0002738016102737
0.019625,39,physics,0,68,25.2190134650922,725.1106128552466,69.91416675870124,820.24379307904,526.564985976454,0.00021275854034269193,2.9429633097458177,-6.766295758086115,1.0024353416713774,1.302864902630318e-06,0,0.113011671660707,0.00732017225020379,0.03124953992664814,1.0002754113776138
0.0196875,39,physics,0,68,29.80192086578307,739.1972241960657,63.779666329979804,832.7788113918285,530.5281243798499,0.00021435984609666068,2.9397749015358072,-11.41700462032788,1.0041092214518101,1.3147065178742415e-06,0,0.11222590311977582,0.007376318940543539,0.03124953992664814,1.0002797041031861
0.01975,39,physics,0,68,22.80432732516826,752.7038737656954,68.24503463900936,843.753235729873,534.5210596566438,0.00021597319127493564,2.9394727130223393,-9.787962096548405,1.0035228895509603,1.3235863760563402e-06,0,0.11119019634801386,0.007431758296090194,0.03124953992664814,1.000279525239253
0.0198125,39,physics,0,68,10.132390034713257,767.7221347522445,79.40155376507639,857.2560785520342,538.5440468183567,0.00021759867891490137,2.95038417034552,-2.620709370979721,1.000943246036398,1.3299596197668966e-06,0,0.10992405647769508,0.007486785841476001,0.03124953992664814,1.000280956151615
0.019875,39,physics,0,68,3.3334413130287874,785.1904474213426,86.96580153715477,875.4896902715261,542.597302321047,0.00021923639647561074,2.9770665732479924,8.534718877078312,0.9969282213905725,1.3345752809534883e-06,0,0.10856384413960994,0.007542137130307324,0.03124953992664814,1.000282208201611
0.0199375,39,physics,0,68,8.328230869538586,805.3923436748381,84.3722221015952,898.0927966459719,546.6810649083725,0.00022088644042141976,3.019246730384062,20.306300341182055,0.992691467603203,1.3391020181607877e-06,0,0.10721306243345129,0.00759923693092934,0.03124953992664814,1.0002866798215329
0.02,39,physics,0,68,19.79479344467925,828.316072232205,75.016538672146,923.1274043490303,550.7955656903217,0.00022254890413230072,3.072090166518756,28.95952028778781,0.9895765299349072,1.345188128887288e-06,0,0.10598820147591471,0.007658957270296466,0.03124953992664814,1.0002884684750988
0.02,40,refine,0,78,19.794793444679247,828.316072232205,75.01653867214601,923.1274043490303,550.7955656903218,0.00022254890413230075,3.072090166518756,28.95952028778781,0.9895765299349072,6.747739966783681e-07,0,0.0815197033753447,0.0070406271176910165,0.01562476996332407,1.0002884684750988
0.0200625,40,physics,0,78,26.41955626225207,852.6716116246207,68.35324546150012,947.4444133483729,554.941038195985,0.00022422388196566382,3.2593230881971684,32.02487681575671,0.9884731963910351,6.791603333056166e-07,0,0.08075995021712191,0.007096294360478395,0.01562476996332407,1.0002886473406314
0.020125,40,physics,0,78,21.417604330186784,878.1297088891675,72.28796541989286,971.8352786392472,559.1177326288249,0.000225911475016198,3.3167336895914477,28.58631212501828,0.9897114060685757,6.851766762849819e-07,0,0.08015732050833897,0.007152797725235279,0.01562476996332407,1.0002865009563522
0.0201875,40,physics,0,78,9.057736529692118,901.1553173082808,83.50796122449911,993.721015062472,563.3258348307924,0.00022761175837332859,3.356406454336796,19.440971298548614,0.9930029396184691,6.926380216043528e-07,0,0.07972016034466077,0.00720977902180806,0.01562476996332407,1.000287574147916
0.02025,40,physics,0,78,0.7497615036424627,918.5123707672477,91.89831780275846,1011.1604500736487,567.565615266427,0.00022932484131823116,3.3729338559381112,6.614432974673458,0.9976193107665048,7.008365585647883e-07,0,0.07945260508500379,0.007267417581364615,0.01562476996332407,1.0002900782660429
0.0203125,40,physics,0,78,4.350676734449413,928.1995960235841,89.37727169640904,1021.9275444544426,571.8373491695735,0.00023105083505911854,3.3655352685213775,-6.803432009213806,1.0024487148472732,7.091805187542386e-07,0,0.07920436126716728,0.0073253546962204225,0.01562476996332407,1.000292403524202
0.020375,40,physics,0,78,16.440850948767803,930.6306881081932,77.7747940918298,1024.8463331487908,576.1411961679104,0.00023278980409354163,3.3389185672131307,-17.501268276336887,1.0062991070459384,7.171468698885523e-07,0,0.07885999944055208,0.007383290195184135,0.01562476996332407,1.0002932978557026
0.0204375,40,physics,0,78,25.268386347557676,928.5531207778314,67.4582211602722,1021.2797282856612,580.4774124249564,0.00023454185192434932,3.302401098983677,-22.78589878899116,1.0082011518645748,7.243088102626421e-07,0,0.07835971512507159,0.007441105429295042,0.01562476996332407,1.0002941921880029
0.0205,40,physics,0,78,22.117352795766575,925.6463807839584,67.51201985221054,1015.2757534319355,584.846276745492,0.00023630709120259113,3.267594186072935,-21.04129802666236,1.0075733490564363,7.293722124046549e-07,0,0.07772341561616967,0.007498621079513576,0.01562476996332407,1.0002968751897008
0.0205,41,refine,0,96,22.11735279576658,925.6463807839585,67.51201985221056,1015.2757534319356,584.8462767454921,0.0002363070912025911,3.267594186072935,-21.04129802666236,1.0075733490564363,7.285690659664124e-07,0,0.07772341561616967,0.006776552607089232,0.01562476996332407,1.0002968751897008
0.0205625,41,physics,0,96,10.011486704147373,923.4505639423511,76.64231260604626,1010.1043632525448,589.2480190189358,0.00023808561481506786,3.238414097093428,-12.506367859755697,1.0045013884237255,7.321800925552676e-07,0,0.07693798081154042,0.00681434341796396,0.01562476996332407,1.0002977695251993
0.020625,41,physics,0,96,0.8372490617982367,926.4387241487124,85.42260008271441,1012.6985732932251,593.682858089421,0.00023987751118573412,3.2365078517690584,0.07634379826442077,0.9999725217362919,7.346931800711334e-07,0,0.07601312266294818,0.0068578273558991395,0.01562476996332407,1.0002975906580356
0.0206875,41,physics,0,96,3.642643116301999,933.7365940950492,84.60234165532586,1021.9815788666771,598.1509960122539,0.0002416828619550203,3.2561081197550252,13.552247252815684,0.9951221767003052,7.369031882475954e-07,0,0.07506983265510736,0.00690241097001418,0.01562476996332407,1.0002993793311117
0.02075,41,physics,0,96,15.946320230063765,945.5843152545779,74.91750284984384,1036.4481383344855,602.6525386278463,0.000243501709887736,3.2930148972629225,23.813954780964913,0.9914287252261614,7.397120227459198e-07,0,0.07421563507321272,0.006949260770920791,0.01562476996332407,1.0002999159336583
0.0208125,41,physics,0,96,26.230140499127632,961.8009605007138,66.00585494507183,1054.0369559449132,607.1876832921464,0.0002453341347255364,3.339094228981163,29.233455478643076,0.9894781462681467,7.436760398604735e-07,0,0.07353889137299886,0.006998911567219502,0.01562476996332407,1.000301168007386
0.020875,41,physics,0,96,24.845304763212994,981.196493957515,67.10127675949887,1073.1430754802268,611.7566112668912,0.0002471802097072116,3.384300694696096,28.201703083206116,0.9898494961990425,7.492466975733686e-07,0,0.07301938418122571,0.007051254548119339,0.01562476996332407,1.0003033144231372
0.0209375,41,physics,0,96,13.058335415528038,1001.2615538481394,78.13178057134562,1092.451669835013,616.3594532534908,0.00024903998764265586,3.4191469342832628,21.032302357128007,0.9924299455882387,7.563970250146212e-07,0,0.0726386276196531,0.007105552328951493,0.01562476996332407,1.0003038510277948
0.021,41,physics,0,96,2.005048173821304,1018.7757355862906,89.42474485995903,1110.205528620071,620.9963023863147,0.00025091350616280363,3.4369117947101926,9.747271778718156,0.9964917726718246,7.648650344194141e-07,0,0.07241788004015999,0.007160664888010283,0.01562476996332407,1.00030438763274
0.021,42,refine,0,108,2.005048173821304,1018.7757355862906,89.42474485995905,1110.205528620071,620.9963023863148,0.00025091350616280363,3.4369117947101926,9.747271778718156,0.9964917726718246,3.833621828874809e-07,0,0.09154685398788667,0.007160664888010283,0.007812411990016699,1.00030438763274
0.0210625,42,physics,0,108,2.388742353572762,1030.556343999489,90.35954090791036,1123.304627260972,625.6700910495155,0.00025280195009723806,3.43341360724079,-2.343529606824923,1.0008434828585753,3.879277539198257e-07,0,0.09129500710080837,0.007215591844647735,0.007812411990016699,1.0003063551866689
0.021125,42,physics,0,108,14.189964629117021,1037.7893536884185,79.73787409572624,1131.7171924132617,630.3790793514867,0.00025470461644289404,3.415329245556929,-12.59429297352081,1.004533217491017,3.924091842577579e-07,0,0.09103252777162156,0.00726892569543614,0.007812411990016699,1.0003063551866689
0.0211875,42,physics,0,108,26.35716576770801,1041.9695149593465,66.89714984093638,1135.223830567991,635.1235121443701,0.0002566216041322598,3.3893750787483317,-18.412087128298296,1.006627268143899,3.9596305079214723e-07,0,0.09061959907933198,0.007320116863908907,0.007812411990016699,1.0003049242379733
0.02125,42,physics,0,108,27.354271515340592,1046.7265967693604,63.32978140032758,1137.4106496850286,639.9037015991067,0.00025855303929797873,3.3659687056545313,-18.10737545127366,1.0065170281511167,3.988658860976104e-07,0,0.09001298493712324,0.007369176861979684,0.007812411990016699,1.0003077861374117
0.0213125,42,physics,0,108,16.5913536068795,1055.2938436809193,71.60287141706011,1143.488068704859,644.7198228098006,0.0002604989926868098,3.355499476917364,-11.462762448042014,1.0041256589395497,4.009962450979288e-07,0,0.08920693306813918,0.007416900829172812,0.007812411990016699,1.000308322744468
0.021375,42,physics,0,108,5.160195787078611,1069.4782014952214,83.03604287387097,1157.674440156171,649.572198636241,0.00026245959475022497,3.3655110394854604,0.2914185888269708,0.9998951117982441,4.025728035372822e-07,0,0.08828511555071106,0.007464429270531529,0.007812411990016699,1.000308322744468
0.0214375,42,physics,0,108,4.976169966181304,1089.9195299637113,86.43711784057962,1181.332817770472,654.4610959095004,0.00026443495330129757,3.398344842182205,13.887287137725668,0.9950016555316262,4.0390068978268795e-07,0,0.08730908150305608,0.007513098062224561,0.007812411990016699,1.0003119001321994
0.021500000000000002,42,physics,0,108,17.24154919317794,1116.8263891743995,79.07862664458898,1213.1465650121663,659.3867737089835,0.0002664251730210403,3.451141721141264,25.78425686259557,0.9907196972556231,4.053415150195859e-07,0,0.0863899597639978,0.00756407000910203,0.007812411990016699,1.0003136888308628
0.021500000000000002,43,refine,0,116,17.24154919317794,1116.8263891743998,79.07862664458897,1213.1465650121665,659.3867737089835,0.00026642517302104035,3.451141721141264,25.78425686259557,0.9907196972556231,4.053415150195859e-07,0,0.0863899597639978,0.00756407000910203,0.007812411990016699,1.0003136888308628
0.021562500000000002,43,physics,0,116,31.42787537388841,1149.799827939854,69.07446438954508,1250.3021677032873,664.3495298560042,0.0002684303742441313,3.5134425753726384,33.50678153386422,0.9879403601778695,4.073531618686842e-07,0,0.0855810978355078,0.007617794190650552,0.007812411990016699,1.000312615611281
0.021625000000000002,43,physics,0,116,35.26081988929543,1188.5688908117856,67.76576755158418,1291.595478252665,669.3496311939213,0.000270450664788608,3.5824484850475047,35.759870640565126,0.9871296827334308,4.099575354743473e-07,0,0.0849665395439506,0.007674607460232036,0.007812411990016699,1.0003129733510137
0.021687500000000002,43,physics,0,116,26.2307677881918,1230.4490285313398,78.3049147522596,1334.984711071791,674.3873827122562,0.0002724861678854624,3.644596701406235,32.29781498510508,0.9883757094634533,4.1356723912144876e-07,0,0.08453463692346753,0.00773393549435416,0.007812411990016699,1.0003135099608524
0.021750000000000002,43,physics,0,116,14.003939881366831,1271.9275344580503,92.65439258056448,1378.5858669199818,679.4630083720825,0.000274536974026148,3.692292932439782,23.974765956029152,0.9913712539022496,4.1784124160670894e-07,0,0.08425682754294739,0.007794673637159501,0.007812411990016699,1.0003136888308628
0.021812500000000002,43,physics,0,116,11.532606523361851,1309.6929943909659,98.58285818880735,1419.8084591031352,684.5768495404212,0.00027660322113998235,3.721832763825932,13.125914493826977,0.9952758586392151,4.227206868989701e-07,0,0.08406204939251027,0.007855572807293562,0.007812411990016699,1.000313867700905
0.021875000000000002,43,physics,0,116,22.755687538110706,1342.3339078626257,91.1045066624771,1456.1941020632137,689.7292189923787,0.0002786850356037222,3.734508286157299,2.7521610298369126,0.9990094733943701,4.274694132000437e-07,0,0.08384594289082123,0.007915320167568357,0.007812411990016699,1.000316371884855
0.021937500000000002,43,physics,0,116,38.44588223625526,1371.2011693425156,77.5767285524528,1487.2237801312237,694.9203186751372,0.0002807824990141103,3.73629457960483,-4.217889962832404,1.0015180556939278,4.3175473374290597e-07,0,0.08351594270713919,0.00797319234911974,0.007812411990016699,1.0003176239791807
0.022,43,physics,0,116,44.80743788028607,1399.6806571823859,71.07643880426339,1515.5645338669353,700.1505233449188,0.00028289576279136796,3.736393971212276,-5.725234026217499,1.0020605558156546,4.3518566661404687e-07,0,0.08301453745696519,0.008028979670183931,0.007812411990016699,1.0003192338170455
0.022,44,refine,0,118,44.80743788028607,1399.6806571823859,71.07643880426338,1515.564533866935,700.1505233449188,0.000282895762791368,3.736393971212276,-5.725234026217499,1.0020605558156546,4.3518566661404687e-07,0,0.08301453745696519,0.007336063073716954,0.007812411990016699,1.0003192338170455
0.0220625,44,physics,0,118,36.9682380207018,1431.2968811026833,77.83216337947216,1546.0972825028573,705.4200623490829,0.0002850249196032775,3.743842600041239,-1.1484851339482658,1.0004133485701976,4.3775157410053064e-07,0,0.08230842594920583,0.007387825229423372,0.007812411990016699,1.0003192338170455
0.022125,44,physics,0,118,23.943112525719783,1468.5108476631717,91.64968047703437,1584.1036406659257,710.7292716920957,0.0002871701052124164,3.770368982179134,8.485958464040205,0.9969456776335643,4.394412251862431e-07,0,0.08144011726835139,0.007439175674418065,0.007812411990016699,1.0003194126880792
0.0221875,44,physics,0,118,19.784431501622045,1512.1865250486421,99.62409277915305,1631.5950493294172,716.0784402873804,0.0002893314363542304,3.816588080463878,20.819695312019984,0.992506422650765,4.407706888365225e-07,0,0.08053278307176986,0.007490482906910086,0.007812411990016699,1.0003226323721564
0.02225,44,physics,0,118,29.91290840960645,1562.5410546141952,95.21420331449168,1687.6681663382933,721.4679065037795,0.0002915090497466229,3.8813628808931138,32.81230580707422,0.9881899628203503,4.4211992467069247e-07,0,0.07966106373268868,0.007542235259529271,0.007812411990016699,1.0003249577059905
0.0223125,44,physics,0,118,45.99051693788994,1619.4959476371446,84.24998621482926,1749.7364507898637,726.8979026419264,0.00029370303925064633,3.958943986102155,41.565141164124455,0.9850395857621981,4.4395938747499015e-07,0,0.07882944556180546,0.007595040229650945,0.007812411990016699,1.0003263886833444
0.022375,44,physics,0,118,53.9114737557848,1682.2078869113225,79.1379575800316,1815.2573182471388,732.3687521771756,0.0002959135355664916,4.040608952298742,45.0126501179916,0.9837991797014173,4.4683508892973065e-07,0,0.07814584078299548,0.007649166932785769,0.007812411990016699,1.0003263886833444
0.0224375,44,physics,0,118,47.021267135261795,1748.3567347497863,86.93131347094892,1882.309315355997,737.8807768001508,0.00029814066867322965,4.116803855844994,42.39296256150202,0.9847425227001129,4.5050251529232757e-07,0,0.07764683069665848,0.007704830942862986,0.007812411990016699,1.0003278196627452
0.0225,44,physics,0,118,32.3684007193408,1814.1569311785088,102.42515605583023,1948.9504879536798,743.4343035660298,0.0003003845707174786,4.179302168656822,34.40747910043359,0.9876165763043666,4.552359835763305e-07,0,0.07732649783651377,0.007761931480314357,0.007812411990016699,1.0003288928986394
0.0225,45,refine,0,134,32.3684007193408,1814.1569311785083,102.42515605583023,1948.9504879536794,743.4343035660299,0.0003003845707174786,4.179302168656822,34.40747910043359,0.9876165763043666,4.552359835763305e-07,0,0.07732649783651377,0.007367542275647243,0.007812411990016699,1.0003288928986394
0.0225625,45,physics,0,134,24.342469293857178,1874.0389763490552,112.57715783355003,2010.9586034764625,749.0296529962085,0.0003026453712058826,4.221738397759872,23.104702151456916,0.9916844962714809,4.605845949079428e-07,0,0.07706694804427389,0.00742067200066837,0.007812411990016699,1.0003303238816226
0.022625,45,physics,0,134,31.105996420506997,1928.4941654649465,108.87155906338234,2068.471720948836,754.667072900986,0.0003049231702661736,4.2465887016853925,11.28921812300691,0.9959367345566527,4.6600065761737147e-07,0,0.07680107194041622,0.007474589451791052,0.007812411990016699,1.0003317548666528
0.0226875,45,physics,0,134,46.6120427976392,1976.5000028441855,95.36945430148788,2118.4814999433124,760.3469648024395,0.00030721813013331433,4.257170443997824,2.0102454704880524,0.9992764662537532,4.7105531475466515e-07,0,0.07650388714687886,0.007528591656819859,0.007812411990016699,1.0003333647272585
0.02275,45,physics,0,134,55.99386008038408,2021.214621299919,85.52031823801778,2162.728799618321,766.0695564709994,0.00030953034283792913,4.262380902341296,-2.3248006334647093,1.0008367471657764,4.7538466585450494e-07,0,0.07604910815529016,0.0075822782253197555,0.007812411990016699,1.0003351534643037
0.0228125,45,physics,0,134,49.9811176522029,2066.7197415950623,89.3612151465534,2206.062074393819,771.8349706747204,0.00031185985798444033,4.271852297043406,-0.6031183338368273,1.0002170748124244,4.787057363841994e-07,0,0.07541119031976164,0.007635341360629412,0.007812411990016699,1.000335690086041
0.022875,45,physics,0,134,34.18551155093857,2116.124836290327,103.76632013766542,2254.076667978931,777.6432722248624,0.0003142067017598324,4.293896883681481,6.669227315445882,0.9975996078867506,4.80994833296222e-07,0,0.07461673126134512,0.007687826014501584,0.007812411990016699,1.0003369422045474
0.0229375,45,physics,0,134,23.712437215098433,2170.910963593207,115.56377203165958,2310.1871728399647,783.4945243831089,0.00031657089972498317,4.333379309859312,17.514594488764452,0.9936961427612676,4.82652212419055e-07,0,0.07376672328024302,0.007740193548516717,0.007812411990016699,1.0003403408198221
0.023,45,physics,0,134,28.450170011801788,2231.5083145845783,114.42224828020335,2374.3807328765834,789.3887573436466,0.00031895246407985143,4.390386236558283,29.045551939037168,0.9895459307506723,4.843257350728442e-07,0,0.07291762137583513,0.007792953147189647,0.007812411990016699,1.0003380154502288
0.023,46,refine,0,158,28.450170011801784,2231.5083145845783,114.42224828020335,2374.3807328765834,789.3887573436466,0.00031895246407985143,4.390386236558283,29.045551939037168,0.9895459307506723,4.822972314855176e-07,0,0.07507067555257832,0.00662576985977727,0.007812384981662035,1.0003380154502288
0.0230625,46,physics,0,158,43.68889453287645,2296.347624161653,102.50086223276787,2442.5373809272974,795.3299332793264,0.00032135299574006105,4.45420873378166,38.22714242025544,0.986241333903471,4.840821361540292e-07,0,0.0742259440833228,0.006671809441031882,0.007812384981662035,1.0003390886970618
0.023125,46,physics,0,158,54.63056722893161,2367.9669790136604,92.88097968065381,2515.478525923246,801.3158577592151,0.00032377160804596854,4.530474632747997,42.729384778434486,0.9846209061197746,4.867852911871749e-07,0,0.07350889360726016,0.006718930116008728,0.007812384981662035,1.0003387309479894
0.0231875,46,physics,0,158,50.4269609259192,2442.746300310826,96.07836469188668,2589.2516259286317,807.346791676091,0.00032620840641128015,4.6033972919636,41.35161350093415,0.9851167781139035,4.905691959322668e-07,0,0.07296537498950745,0.0067673054973945036,0.007812384981662035,1.000340161945046
0.02325,46,physics,0,158,34.290954773003875,2516.9461293324953,110.72801823548681,2661.9651023409856,813.4231800718478,0.00032866357065513717,4.664320752686414,34.32884698633363,0.987644401393425,4.956189147975473e-07,0,0.07256732149934059,0.006816961265048137,0.007812384981662035,1.0003421295693415
0.0233125,46,physics,0,158,20.692248322734233,2586.0671508002665,124.32797453105687,2731.0873736540575,819.5453184365433,0.0003311372201702736,4.707394588222654,23.283154993741814,0.9916199584801152,5.015220398973956e-07,0,0.07229221934474273,0.006867618746240138,0.007812384981662035,1.0003444549484983
0.023375,46,physics,0,158,21.955302232370947,2646.757322827193,124.74772318925238,2793.4603482488164,825.7134367203109,0.00033362944786802283,4.731095002883602,10.857212376850057,0.9960923064337046,5.074316575814923e-07,0,0.07204006315729426,0.006919021453716994,0.007812384981662035,1.0003421295693415
0.0234375,46,physics,0,158,36.38785849215676,2698.6016785022994,111.88234668100492,2846.871883675461,831.9280264653881,0.0003361404523559862,4.738754755783291,0.12088691286324069,0.9999564909199657,5.131583904471884e-07,0,0.0717452745999313,0.006970701068553927,0.007812384981662035,1.0003433816959082
0.0235,46,physics,0,158,49.46169179626352,2744.444601162169,98.2395295586849,2892.1458225171173,838.1893688508508,0.0003386703472445468,4.737909946195281,-6.242776813207896,1.0022468740730037,5.183872584524348e-07,0,0.0713655058802469,0.007022211387446586,0.007812384981662035,1.0003453493265366
0.0235,47,refine,0,158,49.46169179626352,2744.444601162169,98.2395295586849,2892.1458225171173,838.1893688508508,0.0003386703472445468,4.737909946195281,-6.242776813207896,1.0022468740730037,5.183872584524348e-07,0,0.0713655058802469,0.007022211387446586,0.007812384981662035,1.0003453493265366
0.0235625,47,physics,0,158,47.716207945777064,2788.863431187499,97.20673689542627,2933.7863760287023,844.4977682769224,0.00034121925552659053,4.738183577021153,-6.6808337777515066,1.002404533400553,5.223795707109952e-07,0,0.07080008224725762,0.007073303370988646,0.007812384981662035,1.0003453493265366
0.023625,47,physics,0,158,32.08857895963583,2835.9257126126363,110.06987269748197,2978.084164269754,850.8537120628788,0.0003437873741034317,4.748553629737352,-1.1780078811306962,1.0004239811587927,5.251050207988336e-07,0,0.07012427186178026,0.0071238223170595185,0.007812384981662035,1.0003482113416322
0.0236875,47,physics,0,158,17.165111500965413,2887.9539367126054,124.75212917546486,3029.8711773890354,857.2575039727847,0.0003463748257109161,4.774918833138091,8.723292805554285,0.9968603731452216,5.270285718950163e-07,0,0.06932157335960988,0.007174177689818652,0.007812384981662035,1.0003496423522507
0.02375,47,physics,0,158,16.964254202699266,2945.814405334593,127.64370468306657,3090.4223642203588,863.7095097244953,0.00034898175811731426,4.818639559447579,20.361095548737,0.9926717643577171,5.28457592352539e-07,0,0.06850573155621106,0.007224591132513641,0.007812384981662035,1.0003514311184025
0.0238125,47,physics,0,158,31.430628193100247,3009.7286982377327,116.73540748281916,3157.894733913652,870.2100330541468,0.0003516082940471873,4.876439102461287,30.68080774767207,0.9889575791099123,5.302048666777631e-07,0,0.06771956696494526,0.007275455602761623,0.007812384981662035,1.0003516099951937
0.023875,47,physics,0,158,46.63279205289439,3079.355839024409,103.366282891055,3229.3549139683582,876.7595457347214,0.00035425462412037075,4.9414315586321855,37.04645123142071,0.9866665467055229,5.327824563750022e-07,0,0.06703312208995474,0.007327161010786388,0.007812384981662035,1.0003512522416433
0.0239375,47,physics,0,158,47.95462631285559,3153.093461434453,101.3253970514314,3302.37348479874,883.3583026441336,0.00035692085132026574,5.004955543480773,37.8494844324283,0.9863775329241571,5.36531050698841e-07,0,0.06650378172268864,0.007379921196837199,0.007812384981662035,1.0003533987648638
0.024,47,physics,0,158,33.74917207682725,3227.546664817406,113.77253091077866,3375.068367805012,890.006704661816,0.00035960713762217485,5.058575319634958,32.82217911666038,0.988186907672993,5.416534882840553e-07,0,0.06611098223505849,0.007433789476504215,0.007812384981662035,1.0003525043796289
0.024,48,refine,0,164,33.74917207682725,3227.5466648174065,113.77253091077866,3375.0683678050123,890.006704661816,0.00035960713762217485,5.058575319634958,32.82217911666038,0.988186907672993,5.416534882840553e-07,0,0.06611098223505849,0.007175449244857792,0.007812384981662035,1.0003525043796289
0.0240625,48,physics,0,164,17.01971869004918,3297.1698896054895,129.99162055244054,3444.181228847979,896.7051270974256,0.0003623136346699346,5.096113581627281,23.182219472959705,0.9916564466951462,5.478222639965221e-07,0,0.0658497031160481,0.00722969958611815,0.007812384981662035,1.0003535776420067
0.024125,48,physics,0,164,13.449943740151248,3359.7887576416633,135.20538555121027,3508.444086933025,903.4539690794534,0.00036504050373138014,5.114875781601808,11.252598218486163,0.9959500597947991,5.542031793481787e-07,0,0.0656301876039779,0.007284681348414503,0.007812384981662035,1.0003569763138
0.0241875,48,physics,0,164,26.55621682869229,3413.1427351320353,124.41484355773768,3564.1137955184654,910.2536237620649,0.00036778790366042037,5.116850934600503,0.05266377835684028,0.9999810455786272,5.604645210155469e-07,0,0.06541222040148953,0.007339960643602089,0.007812384981662035,1.000356439680644
0.02425,48,physics,0,164,43.86476035293046,3459.488293155018,107.66861883635201,3611.0216723443,917.1044592726403,0.00037055598319889356,5.10833523016028,-7.571734066455173,1.0027251677944953,5.660244717375917e-07,0,0.06509685635003219,0.007395226917391484,0.007812384981662035,1.000358407336957
0.0243125,48,physics,0,164,48.626080262880876,3503.5895021770175,100.81293919688827,3653.0285216367865,924.0069116632542,0.0003733449185336056,5.098419835388582,-9.640006219477108,1.0034695627279253,5.709819710375535e-07,0,0.06467775774124247,0.007450169108591058,0.007812384981662035,1.0003609116324073
0.024375,48,physics,0,164,36.22043942721375,3550.3401811526346,110.24691874280441,3696.807539322653,930.961317161729,0.00037615484551738106,5.096667370050328,-5.602803706718047,1.002016429822,5.745424669356677e-07,0,0.0641011505449525,0.0075047223529879975,0.007812384981662035,1.0003627004187101
0.0244375,48,physics,0,164,18.893879336698255,3602.9397798619725,126.68596372023103,3748.519622918902,937.9678614816139,0.0003789858391877649,5.110621308887612,3.472620164509937,0.9987502190515238,5.768653856819132e-07,0,0.06342586960248255,0.007558921935597571,0.007812384981662035,1.0003652047249076
0.0245,48,physics,0,164,13.850749559706077,3662.7399144064734,134.33717914459834,3810.9278431107778,945.0265322208468,0.0003818378945337041,5.1426548460004105,15.250665429268706,0.9945111170305413,5.784658672070004e-07,0,0.06269462138988707,0.0076129507319019395,0.007812384981662035,1.0003655624834478
0.0245,49,refine,0,174,13.850749559706077,3662.7399144064734,134.3371791445983,3810.9278431107778,945.0265322208467,0.00038183789453370416,5.1426548460004105,15.250665429268706,0.9945111170305413,5.784658672070004e-07,0,0.06269462138988707,0.006554611401228562,0.007812384981662035,1.0003655624834478
0.0245625,49,physics,0,174,26.59295889676541,3729.329836137089,126.23897036234877,3882.1617653962035,952.1390195300705,0.0003847116944604316,5.19121764084728,26.753710147633345,0.9903710596528233,5.800496083452348e-07,0,0.06197159592930427,0.006602178909212104,0.007812384981662035,1.0003678879170765
0.024625,49,physics,0,174,45.77589723547494,3804.3390697516643,110.88653639716614,3961.0015033843056,959.3051210793747,0.0003876071572165624,5.250756979436373,35.12853645668075,0.987356874255027,5.823435085261514e-07,0,0.06133246770449635,0.006650410044085408,0.007812384981662035,1.0003677090373746
0.0246875,49,physics,0,174,54.055914121957315,3885.8315518816316,103.90617189804337,4043.7936379016323,966.5251155337564,0.00039052439539666664,5.313313337905246,38.44369854894705,0.9861637624096947,5.859192526713743e-07,0,0.060821013997144104,0.006699784792094718,0.007812384981662035,1.0003673512780669
0.02475,49,physics,0,174,44.31385115424477,3970.9039118718065,113.25648818432799,4128.474251210379,973.7994959075229,0.00039346360820313535,5.370268064529216,35.89750949278884,0.9870801706152709,5.909820277594224e-07,0,0.06043208894032176,0.006750129502703247,0.007812384981662035,1.0003677090373746
0.0248125,49,physics,0,174,26.37009245439869,4054.9998113959846,131.48980696391806,4212.859710814301,981.1286861442481,0.00039642496693033553,5.414395894169305,28.1990918514611,0.9898508988318989,5.971991132724941e-07,0,0.06016531671493478,0.0068013228948142915,0.007812384981662035,1.0003694978358322
0.024875,49,physics,0,174,18.06753480951778,4133.450972058614,142.30406481196712,4293.822571680098,988.5129665028803,0.0003994085848168731,5.441617853281089,17.335750036736567,0.9937607211350503,6.042578153397927e-07,0,0.059979379776278215,0.006853121109367486,0.007812384981662035,1.0003723599200174
0.0249375,49,physics,0,174,28.549843263784553,4203.7709252875275,135.68905356289355,4368.009822114205,995.9527819706186,0.00040241464165979,5.452240077576055,6.128868593981604,0.9977941706284492,6.111328154645426e-07,0,0.05979388953895808,0.006905101681862669,0.007812384981662035,1.0003736120844233
0.025,49,physics,0,174,49.1823221229432,4267.184935317891,117.74360536583008,4434.110862806665,1003.4486440321105,0.00040544334412441675,5.451115592145645,-2.4552516181511126,1.0008836633330447,6.174920557100451e-07,0,0.059554700995217286,0.006957017419593073,0.007812384981662035,1.0003736120844233
0.025,50,refine,0,178,49.182322122943205,4267.184935317891,117.74360536583009,4434.110862806665,1003.4486440321105,0.0004054433441244167,5.451115592145645,-2.4552516181511126,1.0008836633330447,6.174920557100451e-07,0,0.059554700995217286,0.006957017419593073,0.007812384981662035,1.0003736120844233
0.0250625,50,physics,0,178,61.404701046252356,4327.99306821114,105.35451739575691,4494.75228665315,1011.0009131763427,0.0004084948378662999,5.446628194007746,-6.079879186224276,1.0021881945572786,6.229954792047463e-07,0,0.059209252703907395,0.0070086896435517885,0.007812384981662035,1.0003754008934365
0.025125,50,physics,0,178,54.722869597547344,4391.926868824358,110.15177460791828,4556.801513029824,1018.6099858504601,0.00041156928306987643,5.448402648866409,-3.5929533581619277,1.0012931288079236,6.271455461615007e-07,0,0.058754661475353166,0.007060106173968378,0.007812384981662035,1.0003766530616487
0.0251875,50,physics,0,178,37.20178489354066,4462.8516858498615,127.2445212610258,4627.297992004427,1026.2763695207013,0.00041466688477683925,5.4645213120590705,4.404681353139474,0.9984147272137255,6.301275998765729e-07,0,0.058173452864951604,0.007111328693155412,0.007812384981662035,1.000379872929963
0.02525,50,physics,0,178,27.693719062751814,4542.700540069325,140.14250030472772,4710.5367594368045,1034.0005265219256,0.0004177878297935512,5.4992758545574745,15.959514475965644,0.9942560755686148,6.32324697491527e-07,0,0.05753088460927413,0.007162424066154014,0.007812384981662035,1.0003834505735785
0.0253125,50,physics,0,178,37.51996470409817,4632.098396321463,136.91166387645265,4806.530024902014,1041.7827462532198,0.00042093223505169,5.552136776679384,28.244449811686454,0.9898346395407931,6.33912762282307e-07,0,0.056880541003716395,0.007213933860302514,0.007812384981662035,1.0003852394001842
0.025375,50,physics,0,178,59.69824210782387,4731.146015785346,121.60027458992943,4912.4445324830995,1049.623569535509,0.0004241003190699071,5.618187689911295,38.375880177205396,0.9861882992862427,6.362760185396614e-07,0,0.056272100320378875,0.007266101528487738,0.007812384981662035,1.000386849346864
0.025437500000000002,50,physics,0,178,75.71741219651142,4839.131487402444,110.1597761882844,5025.00867578724,1057.5233328362287,0.0004272922177978431,5.689513040297146,44.02158201877722,0.9841564069469924,6.396299596644896e-07,0,0.055763763463970786,0.007319233192227483,0.007812384981662035,1.0003852394001842
0.025500000000000002,50,physics,0,178,72.93145128276844,4953.6252954536885,115.19479328819935,5141.751540024657,1065.4825649301188,0.00043050814488688875,5.757203055998726,43.962737976468794,0.9841776078536233,6.446113314240163e-07,0,0.05540262258810681,0.007373391430368523,0.007812384981662035,1.0003857760487895
0.025500000000000002,51,refine,0,192,72.93145128276844,4953.6252954536885,115.19479328819935,5141.751540024657,1065.4825649301188,0.00043050814488688875,5.757203055998726,43.962737976468794,0.9841776078536233,6.446113314240163e-07,0,0.05540262258810681,0.007373391430368523,0.007812384981662035,1.0003857760487895
0.025562500000000002,51,physics,0,192,56.39778383075958,5069.168026199703,133.63379024932033,5259.199600279782,1073.5017293295982,0.00043374828761920007,5.804379462294244,38.40870317626085,0.9861765256488201,6.508416934281065e-07,0,0.055129025993285875,0.007428337620796904,0.007812384981662035,1.0003857760487895
0.025625000000000002,51,physics,0,192,44.29076323996554,5182.6180539435045,149.9798306682214,5376.8886478516915,1081.5812469573953,0.0004370128160685715,5.846240692241942,28.921124217831792,0.989591135402229,6.583546774407978e-07,0,0.05496292230390344,0.007484127883745237,0.007812384981662035,1.0003864915807112
0.025687500000000002,51,physics,0,192,51.15202098662131,5289.231827537176,149.36567763340636,5489.749526157204,1089.7215626062828,0.00044030190995348754,5.8717108118813,18.064830773140756,0.9934983968811919,6.657233289075745e-07,0,0.05480373935958942,0.007540340167025932,0.007812384981662035,1.0003886381795473
0.025750000000000002,51,physics,0,192,73.80421972671579,5388.888403530274,132.61488152816005,5595.307504785151,1097.9231713137685,0.0004436157692938132,5.884415830255039,8.80422606443387,0.9968313258016709,6.727433543574083e-07,0,0.05461097735823547,0.0075970291558254185,0.007812384981662035,1.000388459296135
0.025812500000000002,51,physics,0,192,93.85609245682076,5485.348656135166,115.73609432492948,5694.940842916916,1106.1864660563579,0.0004469545528716738,5.891936884127763,3.733208117296758,0.9986564076685136,6.789902009529668e-07,0,0.054352627106442696,0.0076535297658151666,0.007812384981662035,1.0003916792024494
0.025875000000000002,51,physics,0,192,95.3081129657642,5584.298867958332,114.90276121116857,5794.509742135265,1114.511771110454,0.0004503183917109245,5.903821955735245,4.399082308567606,0.998416752537292,6.835384915859772e-07,0,0.05396353667946968,0.007709961290279704,0.007812384981662035,1.000396151311746
0.025937500000000002,51,physics,0,192,80.32811723492395,5690.6408200397445,130.9060780029816,5901.87501527765,1122.8987111373922,0.0004537071341560071,5.9270004446302496,10.82889526258599,0.9961026390168166,6.867077608774261e-07,0,0.0534770534970271,0.007766199971493773,0.007812384981662035,1.00039811904617
0.026000000000000002,51,physics,0,192,67.31533635095113,5807.063473221466,148.47142972033572,6022.850239292752,1131.3470766095402,0.00045712069554729867,5.966032761771796,21.556106068425585,0.9922418829836007,6.89482758886585e-07,0,0.05293064919198938,0.007822370050303298,0.007812384981662035,1.0003997290135775
0.026000000000000002,52,refine,0,214,67.31533635095114,5807.063473221467,148.47142972033572,6022.850239292753,1131.3470766095404,0.00045712069554729867,5.966032761771796,21.556106068425585,0.9922418829836007,3.4487054101361965e-07,0,0.04074857214095341,0.007165750372362119,0.0039061924908310175,1.0003997290135775
0.0260625,52,physics,0,214,73.05032805824145,5933.413047407721,151.0956321532666,6157.559007619229,1139.8619431161515,0.00046056112667623126,6.014635237695865,34.02718729697213,0.9877535131104234,3.4550671657029805e-07,0,0.04028309889861455,0.007217187496312219,0.0039061924908310175,1.0004016967550386
0.026125,52,physics,0,214,96.50990773693339,6072.259083178889,137.57757823523733,6306.34656915106,1148.4408788234846,0.000464027444960576,6.084350143765873,45.30229591454676,0.9836955705760111,3.4635750090217206e-07,0,0.039876187695569054,0.007269042153980426,0.0039061924908310175,1.0004002656699558
0.0261875,52,physics,0,214,120.04029720255097,6222.008237065602,122.16269277316681,6464.21122704132,1157.0844102550261,0.0004675198631421052,6.161778902106799,52.80160528749204,0.9809965708819407,3.477185526179479e-07,0,0.039535684070652666,0.007321314063820274,0.0039061924908310175,1.000404737817637
0.02625,52,physics,0,214,126.0189782973614,6380.715479113746,121.44215952166793,6628.176616932776,1165.7929780845543,0.00047103855927502377,6.238796891632612,54.919607666744284,0.9802343283652927,3.4995801101445046e-07,0,0.039270477063592074,0.0073740639031073295,0.0039061924908310175,1.0004054533631213
0.0263125,52,physics,0,214,113.27461959123734,6544.243785582063,138.35788839864728,6795.876293571948,1174.5670951197044,0.0004745837405592155,6.307605191605359,51.369914264105354,0.9815119359154616,3.5287313338017204e-07,0,0.039090897389864966,0.00742717137098413,0.0039061924908310175,1.00040491670396
0.026375,52,physics,0,214,98.34257810940736,6706.983385765856,159.02973694471643,6964.35570081998,1183.4072276959848,0.00047815559541750525,6.362446117420635,43.25948986191574,0.9844308938366219,3.564833797042867e-07,0,0.038959239733333116,0.007480696872946724,0.0039061924908310175,1.0004056322495722
0.0264375,52,physics,0,214,100.25197960704398,6864.05513919369,165.3013577531278,7129.608476553861,1192.3139308987638,0.0004817543481320912,6.401133100734804,32.8154722897698,0.9881897122373017,3.603565126297776e-07,0,0.038861908209007735,0.007534460791082004,0.0039061924908310175,1.0004083155501762
0.0265,52,physics,0,214,122.45744233801548,7013.871796710484,151.83393693150052,7288.16317598,1201.2876579140338,0.0004853801818127377,6.425737390053013,22.890424399664994,0.9917617072945051,3.6427109151304574e-07,0,0.038752337838717565,0.007588701541564138,0.0039061924908310175,1.0004065266823072
0.0265,53,refine,0,240,122.45744233801548,7013.871796710484,151.83393693150052,7288.16317598,1201.2876579140334,0.00048538018181273765,6.425737390053013,22.890424399664994,0.9917617072945051,3.6427109151304574e-07,0,0.038752337838717565,0.007125605884551354,0.0039061924908310175,1.0004065266823072
0.0265625,53,physics,0,240,148.98679587053977,7157.887875691932,131.42116783970022,7438.2958394021725,1210.32889994382,0.0004890332949295834,6.561511984436846,16.193050277477926,0.994172102799721,3.677172379923379e-07,0,0.03855647117355156,0.007177022698162075,0.0039061924908310175,1.0004074211158418
0.026625,53,physics,0,240,159.51631184453237,7304.481831486644,124.18774108142703,7588.185884412604,1219.438230987351,0.0004927139194069705,6.578555038369423,14.722896919941554,0.9947012287715351,3.7033106714545775e-07,0,0.03831300943992594,0.007228583552999635,0.0039061924908310175,1.0004086733241337
0.0266875,53,physics,0,240,149.1804423047017,7458.205065454916,136.94947361783412,7744.334981377451,1228.6161152806917,0.0004964222428194437,6.605420413919713,19.059372440553133,0.9931405592580177,3.722775492320805e-07,0,0.03800067474230344,0.007281041872755886,0.0039061924908310175,1.0004115355204013
0.02675,53,physics,0,240,133.56708323496844,7622.736200406165,157.76858975282073,7914.071873393955,1237.8630447959458,0.0005001584639482924,6.649139648542511,28.25715565001946,0.9898303066698391,3.7341876435448327e-07,0,0.03759350890104349,0.007334031541668495,0.0039061924908310175,1.0004136821729757
0.0268125,53,physics,0,240,133.57080236736385,7799.564905024004,167.32763311822347,8100.463340509591,1247.1796392646042,0.0005039228331959757,6.711926502314852,40.11930455136255,0.9855611173848016,3.742739060896838e-07,0,0.03714481254484535,0.007387481892030831,0.0039061924908310175,1.0004136821729757
0.026875,53,physics,0,240,155.20239894622296,7989.077274719857,157.68571343588633,8301.965387101967,1256.5663751097318,0.0005077155430611943,6.791097405537571,51.796783465904596,0.9813584487597377,3.755439994534984e-07,0,0.03672311253334684,0.007441344892246636,0.0039061924908310175,1.0004127877338431
0.0269375,53,physics,0,240,184.006046094767,8191.075809638619,139.69260913546387,8514.77446486885,1266.023520797321,0.0005115367020176115,6.880642523063228,60.55659325182351,0.9782057964233846,3.7728402624281956e-07,0,0.036350105735023064,0.007495512466145857,0.0039061924908310175,1.0004147555009901
0.027,53,physics,0,240,198.80723587247704,8404.041050543587,132.47733182050106,8735.325618236564,1275.5511313378674,0.0005153863322922131,6.970872379918382,64.42412483210894,0.9768138915477876,3.7974964506304337e-07,0,0.036047186096332604,0.007549991964110496,0.0039061924908310175,1.0004174388260647
0.027,54,refine,0,280,198.80723587247704,8404.041050543587,132.47733182050106,8735.325618236564,1275.5511313378674,0.0005153863322922131,6.970872379918382,64.42412483210894,0.9768138915477876,1.9305877163588997e-07,0,0.04498469748225578,0.007320794817783238,0.0019531029975041747,1.0004174388260647
0.0270625,54,physics,0,280,191.55473121558066,8621.637080207685,145.0920647491336,8958.2838761724,1285.1513224857313,0.0005192652887553791,7.0485959796137125,62.68128181536729,0.9774411371224332,1.9465327616430296e-07,0,0.04472216533472651,0.007374354431589789,0.0019531029975041747,1.0004215532718241
0.027125,54,physics,0,280,174.7578813571091,8843.351179716818,168.16683001943915,9186.275891093366,1294.823815730565,0.0005231734588750257,7.11718675379959,55.89822974353489,0.979882339849367,1.9653600258351408e-07,0,0.04454318545754487,0.0074286277923572034,0.0019531029975041747,1.000424773284657
0.0271875,54,physics,0,280,170.22002677937485,9060.722332665562,181.6031055514402,9412.545464996376,1304.569021807788,0.0005271110086087662,7.168122709603753,45.90461977716891,0.9834790583257291,1.9868394840472103e-07,0,0.044431657561662626,0.007483667181997078,0.0019531029975041747,1.0004249521745625
0.02725,54,physics,0,280,188.5658966986852,9270.574643207623,173.7102828061985,9632.850822712506,1314.387611707577,0.0005310782090701275,7.202933940279474,35.36457497582369,0.9872723949266795,2.0096293162907852e-07,0,0.044331961327053915,0.007539170140316269,0.0019531029975041747,1.0004224477187937
0.0273125,54,physics,0,280,218.6851688528584,9474.3137452769,152.53585143685285,9845.534765566612,1324.2801653458669,0.0005350752945740968,7.227522177867344,27.119709269262803,0.9902396975075082,2.0313230386648232e-07,0,0.04419003772127256,0.0075951258554292815,0.0019531029975041747,1.0004269199656366
0.027375,54,physics,0,280,237.87277158682164,9677.341430610844,138.7819162706395,10053.996118468305,1334.2470472463656,0.0005391024124064489,7.250367560528826,23.45153720475535,0.9915598526394005,2.0494845820451254e-07,0,0.04396575046088803,0.007651056279456431,0.0019531029975041747,1.000428529979394
0.0274375,54,physics,0,280,233.79052593166656,9886.226829972711,146.13965892858283,10266.157014832961,1344.2890504284996,0.0005431598829866195,7.280343513916735,25.466781658975858,0.9908351072985407,2.0640636932967014e-07,0,0.043649032702986056,0.007707071376868441,0.0019531029975041747,1.0004278144174041
0.0275,54,physics,0,280,216.74700891083467,10105.855586368423,168.05127170012773,10490.653866979386,1354.4065998346546,0.0005472478780125453,7.324422609687837,32.80672356606306,0.9881936441620415,2.0749788642859796e-07,0,0.043254662129889446,0.007763037113764679,0.0019531029975041747,1.0004287088699715
0.0275,55,refine,0,312,216.7470089108347,10105.855586368423,168.05127170012773,10490.653866979386,1354.4065998346543,0.0005472478780125453,7.324422609687837,32.80672356606306,0.9881936441620415,2.0749788642859796e-07,0,0.043254662129889446,0.00719302778517478,0.0019531029975041747,1.0004287088699715
0.0275625,55,physics,0,312,209.79835317369242,10336.530599751839,184.14908966019775,10730.478042585728,1364.6003074691503,0.0005513666447645231,7.385184512968889,43.64301573181174,0.9842939412228013,2.0823028767935617e-07,0,0.04279683498469369,0.007239038024883042,0.0019531029975041747,1.0004310344503893
0.027625,55,physics,0,312,226.3551667067121,10582.956104820796,180.20812509673226,10989.51939662424,1374.8707402999069,0.000555516412325895,7.462192407427795,55.33431913852112,0.9800865471419096,2.0894283947470163e-07,0,0.04233039668804036,0.007283374703614275,0.0019531029975041747,1.0004310344503893
0.0276875,55,physics,0,312,257.50726482855225,10843.118180392863,161.54210983505936,11262.167555056476,1385.2184503155145,0.0005596974037276067,7.55048077898911,65.06475195655531,0.97658480084937,2.0969053693420397e-07,0,0.04189538320189997,0.007324395962110556,0.0019531029975041747,1.000431392232472
0.02775,55,physics,0,312,280.616863449965,11115.966469865909,147.79303229894822,11544.376365614822,1395.644048460395,0.0005639098658217031,7.642316428094158,70.5635261233893,0.974605918594033,2.1069428202125117e-07,0,0.041529264020607054,0.0073600817242275105,0.0019531029975041747,1.0004321077970209
0.0278125,55,physics,0,312,280.5250395821628,11398.34073448653,154.20491733728932,11833.070691405981,1406.148102970787,0.0005681540282039905,7.7288564402256785,70.63003096926624,0.9745819851320467,2.122232092283125e-07,0,0.041256803384106776,0.007387770631465551,0.0019531029975041747,1.0004338967106325
0.027875,55,physics,0,312,263.7018200063101,11684.62756512411,177.11201124868273,12125.441396379103,1416.7312354002972,0.0005724301420131541,7.802330263343069,65.39367645197355,0.9764664669108313,2.1415844386751822e-07,0,0.04104936297222245,0.0074073120826697375,0.0019531029975041747,1.0004355067356179
0.0279375,55,physics,0,312,252.4640662037764,11968.230653654758,196.92550163553176,12417.620221494066,1427.3940189227503,0.0005767384388400316,7.858179809282621,56.290976989851764,0.9797421682160545,2.1624208912385262e-07,0,0.04090675614659261,0.00746361110691646,0.0019531029975041747,1.0004371167631945
0.028,55,physics,0,312,264.28037824623755,12244.464997446707,196.1450736888917,12704.890449381835,1438.136923942372,0.0005810791087514129,7.8982851960957765,45.719949678320496,0.98354646501542,2.186705208018229e-07,0,0.04081438029304521,0.00751992647146448,0.0019531029975041747,1.0004372956553074
0.028,56,refine,0,320,264.2803782462375,12244.464997446707,196.14507368889167,12704.890449381835,1438.136923942372,0.0005810791087514129,7.8982851960957765,45.719949678320496,0.98354646501542,2.186705208018229e-07,0,0.04081438029304521,0.00751992647146448,0.0019531029975041747,1.0004372956553074
0.0280625,56,physics,0,320,294.9535772065001,12512.522032264145,176.16000548829555,12983.635614958941,1448.9608170912443,0.0005854525019099207,7.926599582315464,36.46083666394809,0.9868786067943242,2.2103300434395129e-07,0,0.040683188729954634,0.007575419261018598,0.0019531029975041747,1.0004392634706605
0.028125,56,physics,0,320,322.03793179097687,12778.226379639778,156.53421585818646,13256.798527288942,1459.8661799259241,0.0005898588128884436,7.9516001061244665,31.046430405643427,0.9888271236137622,2.2328279847272357e-07,0,0.040501652653274565,0.007629690246979156,0.0019531029975041747,1.0004419468614705
0.0281875,56,physics,0,320,326.29553654130564,13048.078601592622,156.61414004821398,13530.988278182142,1470.8536120141005,0.0005942982839422582,7.982483990863053,31.02038026762556,0.9888364944502471,2.2500828666949244e-07,0,0.04023446239075405,0.007682711331726,0.0019531029975041747,1.0004435568994112
0.02825,56,physics,0,320,310.63259513234607,13328.248288717557,176.91096703162157,13815.791850881524,1481.9237621042112,0.0005987711771981187,8.026767447216148,36.51991936322261,0.9868573537278871,2.2633372598335216e-07,0,0.039907908655637,0.0077349754725797235,0.0019531029975041747,1.0004464191954814
0.0283125,56,physics,0,320,297.45788430941246,13622.177121950204,198.64411881653325,14118.279125076151,1493.0771775970707,0.0006032777138332804,8.088355594650713,46.24241380657634,0.9833584900709295,2.2711363012462042e-07,0,0.03951073849839135,0.0077871860386907145,0.0019531029975041747,1.0004492814997408
0.028375,56,physics,0,320,306.9547811874208,13931.078450722445,202.06580509951164,14440.099037009377,1504.3145546959413,0.0006078181751486154,8.166790857050776,57.80936832751323,0.9791958344348308,2.2789405029755054e-07,0,0.03908124973295569,0.007840190793015685,0.0019531029975041747,1.0004471347707786
0.0284375,56,physics,0,320,337.75718154049224,14255.131151429268,185.42492114227667,14778.313254112038,1515.6365665555013,0.0006123928331322176,8.257738604240535,68.41949051133949,0.9753775264098787,2.286748372881675e-07,0,0.03867916802906567,0.007894592448846388,0.0019531029975041747,1.0004505337604293
0.0285,56,physics,0,320,368.45065525173266,14593.658399293345,166.37898988929982,15128.488044434376,1527.043725709365,0.0006170018948732526,8.354226174297496,75.56539527152438,0.9728059318495783,2.2988039916071993e-07,0,0.0383284648550599,0.00795096156724841,0.0019531029975041747,1.000452501601821
0.0285,57,refine,0,370,368.45065525173266,14593.658399293345,166.37898988929982,15128.488044434376,1527.043725709365,0.0006170018948732527,8.354226174297496,75.56539527152438,0.9728059318495783,2.2988039916071993e-07,0,0.0383284648550599,0.007581676762451166,0.0019531029975041747,1.000452501601821
0.0285625,57,physics,0,370,377.8659068454082,14940.896042199289,164.76437914916409,15483.526328193862,1538.5367631754914,0.0006216456557394682,8.59143551874923,77.67404502644234,0.9720471023070406,2.3151663253173603e-07,0,0.03805122021198195,0.007635905293112179,0.0019531029975041747,1.0004539327616282
0.028625,57,physics,0,370,364.614714030473,15298.044878337387,184.86645894509553,15847.526051312956,1550.116285889977,0.0006263243609633455,8.679787663691755,74.30419315726023,0.9732598543003795,2.3354707856526605e-07,0,0.03784559091705075,0.0076852269354410994,0.0019531029975041747,1.0004575106701026
0.0286875,57,physics,0,370,348.7319605482918,15654.984535042804,209.6261868808637,16213.342682471959,1561.782944524809,0.0006310382734488488,8.748992766854366,66.42181650263215,0.9760965977676497,2.3575777419182516e-07,0,0.0377228211640768,0.007725138388554817,0.0019531029975041747,1.0004585840451399
0.02875,57,physics,0,370,353.19628850921873,16005.617235734895,217.24987005199048,16576.063394296103,1573.5374369264377,0.0006357876751607802,8.797999908848563,56.09654816392961,0.9798124130402903,2.3832138129620235e-07,0,0.037598895485233076,0.007761442708853619,0.0019531029975041747,1.0004584051492205
0.0288125,57,physics,0,370,382.1817525480862,16347.93173670474,201.34878536938706,16931.462274622216,1585.3802710381244,0.0006405727713335736,8.831738719570707,46.02653307340057,0.9834363609203975,2.4116681096586516e-07,0,0.037438732507953085,0.007820583442446676,0.0019531029975041747,1.000461267487772
0.028875,57,physics,0,370,416.52216696528455,16685.301753874937,177.60351128244184,17279.427432122666,1597.3117663971461,0.0006453936910762403,8.857347541432393,38.88882909631859,0.9860050549400428,2.4382086394325565e-07,0,0.03723359640594316,0.007877949980560251,0.0019531029975041747,1.000460909695005
0.0289375,57,physics,0,370,431.7348473897641,17024.88232213238,169.2662290419459,17625.883398564092,1609.3322309231473,0.0006502505588036869,8.884963037308758,36.63993295627809,0.9868143782627585,2.4596243797247965e-07,0,0.036961939381666024,0.007933812271502978,0.0019531029975041747,1.0004626986601186
0.029,57,physics,0,370,421.8745846839135,17374.021168417625,184.88625927376563,17980.7820123753,1621.4414719755055,0.0006551432966794858,8.924122887665984,39.97020627313871,0.9856159274127955,2.4757683991794037e-07,0,0.036613506515519936,0.00798890206473744,0.0019531029975041747,1.000463593143875
0.029,58,refine,0,412,421.8745846839135,17374.021168417625,184.88625927376563,17980.7820123753,1621.4414719755055,0.000655143296679486,8.924122887665984,39.97020627313871,0.9856159274127955,2.4562627487512145e-07,0,0.03778124535016532,0.007130261958419455,0.0019530962454155087,1.000463593143875
0.0290625,58,physics,0,412,405.62621222820985,17736.045567470144,209.9339636396009,18351.605743337954,1633.6451700157118,0.0006600741998936492,8.97888647633814,48.121000686506,0.9826827207372973,2.464722737016702e-07,0,0.03740977186017157,0.0071792168968001025,0.0019530962454155087,1.0004660977026472
0.029125,58,physics,0,412,408.1510822350183,18116.179572569632,221.40271659004003,18745.73337139469,1645.940547516899,0.0006650421461866672,9.057291290175757,59.09509302701367,0.9787335027025135,2.4711902035790027e-07,0,0.03699679341745487,0.007228390182745768,0.0019530962454155087,1.0004666343946285
0.0291875,58,physics,0,412,436.9231731135816,18513.289509363687,209.4841776741239,19159.69686015139,1658.3284323751652,0.0006700474700698921,9.150304835625064,70.19783769407142,0.9747379726099522,2.4776665163983585e-07,0,0.03658820512837009,0.007278117401576298,0.0019530962454155087,1.0004653821137868
0.02925,58,physics,0,412,474.8027968244216,18927.043459601555,187.15611865720876,19589.002375083182,1670.809561326331,0.0006750904692213731,9.250519293154168,78.76977891469095,0.9716532066203368,2.4859975233937375e-07,0,0.03620624193921224,0.007328656683791918,0.0019530962454155087,1.0004680655746525
0.029312500000000002,58,physics,0,412,496.34572123988636,19355.559650407587,177.51392213337516,20029.419293780848,1683.3846555827845,0.0006801714350469177,9.349161939786448,82.8460961440517,0.970186341474541,2.498981110932164e-07,0,0.035894367603241904,0.00738024485768769,0.0019530962454155087,1.0004705701446213
0.029375000000000002,58,physics,0,412,491.53738415546314,19794.284984030088,191.92713504681575,20477.749503232368,1696.0544378549419,0.0006852906595576114,9.438047112050056,81.55446970467833,0.9706512457073239,2.5179246776474434e-07,0,0.035651362699458074,0.0074328286329303096,0.0019530962454155087,1.0004725380254236
0.029437500000000002,58,physics,0,412,475.2141675072493,20236.233977004114,219.11393546273928,20930.5620799741,1708.8194496293904,0.0006904483615410668,9.510878642146645,75.3374941027351,0.9728885779311546,2.5421363503141974e-07,0,0.035463278146391684,0.007486193286779063,0.0019530962454155087,1.0004741481125956
0.029500000000000002,58,physics,0,412,473.55974392821713,20674.250665295232,235.21431399530567,21383.024723218754,1721.6806275676809,0.000695644919455308,9.564958206916426,65.84722815751432,0.9763038806912968,2.5685122650997977e-07,0,0.03536978509496074,0.00754014654195733,0.0019530962454155087,1.0004759371013812
0.029500000000000002,59,refine,0,418,473.55974392821713,20674.250665295232,235.21431399530567,21383.024723218754,1721.680627567681,0.0006956449194553079,9.564958206916426,65.84722815751432,0.9763038806912968,2.5685122650997977e-07,0,0.03536978509496074,0.007511534756996839,0.0019530962454155087,1.0004759371013812
0.029562500000000002,59,physics,0,418,499.61451735594005,21103.76593706353,225.9923428329942,21829.372797252465,1734.638496565823,0.0007008805453845256,9.602238752818671,55.65074883169655,0.9799732771294795,2.595029098273468e-07,0,0.03527679320021467,0.007565302338159371,0.0019530962454155087,1.0004739692138929
0.029625000000000002,59,physics,0,418,540.4643474494744,21527.91041114687,200.72840116160904,22269.103159757953,1747.6939063905797,0.0007061555826769121,9.629880559019524,47.372990423859996,0.9829521354291663,2.6214269865931804e-07,0,0.035173832178148734,0.007619178312222537,0.0019530962454155087,1.00047432701133
0.029687500000000002,59,physics,0,418,569.076415052527,21952.698240141064,183.95500694580613,22705.729662139398,1760.847156981196,0.0007114701525228953,9.658025853063457,43.2989711583992,0.9844182225834249,2.6435680666736506e-07,0,0.0349578760325272,0.007672944994815725,0.0019530962454155087,1.0004750426065885
0.029750000000000002,59,physics,0,418,570.3720717761128,22386.38846978124,192.18211524642976,23148.94265680378,1774.0982613857934,0.0007168242601945675,9.695761769690863,44.63755297788332,0.9839365370273782,2.660599669468408e-07,0,0.034680419345856424,0.007726488616278342,0.0019530962454155087,1.0004754004044096
0.029812500000000002,59,physics,0,418,556.1418046659156,22835.274670077455,217.95338321598607,23609.36985795936,1787.4470790110038,0.0007222178488851887,9.749872308456133,51.20544046657774,0.9815729523696773,2.6727571977858107e-07,0,0.034342635006967714,0.007779803456400215,0.0019530962454155087,1.000476652697791
0.029875000000000002,59,physics,0,418,553.7310877770603,23302.40854820366,237.20425455461353,24093.343890535336,1800.8936795969967,0.000727650946773269,9.822860954005094,61.43310093211484,0.9778923749773545,2.680346575800738e-07,0,0.03396665186050254,0.007833136696170376,0.0019530962454155087,1.0004771893954345
0.029937500000000002,59,physics,0,418,579.6320412075921,23788.64897187151,232.61614814196386,24600.897161221063,1814.437751618102,0.0007331234279868858,9.91215871817288,72.84465253674959,0.9737857612461887,2.6878205261482414e-07,0,0.03359459947750529,0.00788672607045147,0.0019530962454155087,1.0004784416910553
0.03,59,physics,0,418,623.897782439223,24293.857109146258,210.07008914689652,25127.824980732377,1828.078825910517,0.0007386351029604417,10.010743527587643,82.72297853880299,0.9702309030716146,2.695657617124428e-07,0,0.03324432636313048,0.00794081695112698,0.0019530962454155087,1.000482377487497
0.03,60,refine,0,430,623.8977824392229,24293.857109146258,210.0700891468965,25127.824980732377,1828.0788259105168,0.0007386351029604417,10.010743527587643,82.72297853880299,0.9702309030716146,2.695657617124428e-07,0,0.03324432636313048,0.007361929990736881,0.0019530962454155087,1.000482377487497
0.0300625,60,physics,0,430,659.8648254758194,24817.01479608082,192.7842082736881,25669.66382983033,1841.8376449357615,0.0007441943526838575,10.11067627544665,88.78637339603226,0.9680489171887974,2.709062041361676e-07,0,0.0329558846084052,0.007411392757560418,0.0019530962454155087,1.000484703192672
0.030125,60,physics,0,430,668.9618347635828,25355.22942324262,199.3394430680557,26223.53070107426,1855.700074450193,0.0007497954662171178,10.204815128014522,89.75358943851751,0.967701248774591,2.7276944081222556e-07,0,0.03273052461234937,0.007462077428982382,0.0019530962454155087,1.0004868500022475
0.0301875,60,physics,0,430,658.1706342072671,25901.110861706667,226.0212075657194,26785.302703479654,1869.6666855975327,0.0007554386743307972,10.286491350841052,85.55536571481863,0.9692120942802632,2.7507073774302176e-07,0,0.03256693395766703,0.0075140512158458315,0.0019530962454155087,1.000487386705361
0.03025,60,physics,0,430,653.7412690159988,26446.785712636385,249.8579387761908,27350.384920428573,1883.7383997778943,0.0007611243493165378,10.352302535645526,77.38866418271238,0.9721510037120998,2.7786325240697373e-07,0,0.03246380707512613,0.0075669858845607545,0.0019530962454155087,1.0004902491268295
0.0303125,60,physics,0,430,676.8800692026391,26986.57913834956,249.7327629060962,27913.191970458294,1897.9161519271006,0.0007668528689350836,10.402487267439293,67.44124208531855,0.9757307367599607,2.807195205178919e-07,0,0.03238044699568212,0.007620468445758011,0.0019530962454155087,1.0004918592425043
0.030375,60,physics,0,430,723.4623969684696,27520.19123094825,226.48832755739545,28470.141955474115,1912.2006395322328,0.0007726245150060339,10.441387572618552,58.392297191628415,0.9789870597259503,2.8360565629270664e-07,0,0.03229705961260947,0.007674016726223024,0.0019530962454155087,1.0004941849697204
0.0304375,60,physics,0,430,767.373621987897,28053.233148588064,202.72469824839527,29023.331468824355,1926.592294786955,0.000778439462157204,10.477745060097698,52.72857320480767,0.9810252474908447,2.8616052283325607e-07,0,0.03213557115444681,0.0077272295712857144,0.0019530962454155087,1.0004929326543939
0.0305,60,physics,0,430,785.433833274218,28594.423754771105,201.58473064982508,29581.44231869515,1941.0913536012094,0.000784297805707987,10.520040110718726,52.10842208969968,0.9812481215680728,2.8820042174970663e-07,0,0.03193640764284014,0.007779809618034358,0.0019530962454155087,1.0004949005791823
0.0305,61,refine,0,476,785.433833274218,28594.42375477111,201.58473064982508,29581.442318695154,1941.0913536012092,0.0007842978057079869,10.520040110718726,52.10842208969968,0.9812481215680728,2.8820042174970663e-07,0,0.03193640764284014,0.006883790451296372,0.0019530962454155087,1.0004949005791823
0.0305625,61,physics,0,476,780.0904519711648,29148.589556631574,224.5010105455749,30153.181019148316,1955.7005934777762,0.0007902006679081591,10.575911931185805,56.871248582688416,0.9795341688571112,2.8966324450152564e-07,0,0.03168065129025425,0.006924885013538167,0.0019530962454155087,1.000494006067435
0.030625,61,physics,0,476,777.2198979463863,29726.397676177694,250.00045638347288,30753.618030507554,1970.4198385814504,0.0007961479777115193,10.649575305999889,65.99019354175888,0.9762526659897101,2.905298011057766e-07,0,0.031370367475679777,0.006964766270153223,0.0019530962454155087,1.0004929326543939
0.0306875,61,physics,0,476,801.1485221236799,30326.388791680387,254.58503864701638,31382.122352451082,1985.2498982244117,0.0008021400621205886,10.740134258261381,77.31552013053263,0.9721771113178155,2.913058825271265e-07,0,0.03106356782497102,0.007004221817115869,0.0019530962454155087,1.000494363872038
0.03075,61,physics,0,476,851.430045989629,30948.79420374342,235.32073856594943,32035.544988298996,2000.191540754426,0.0008081772315862207,10.842353345914978,88.18064686573686,0.9682671634849561,2.9208107932277027e-07,0,0.030760045916070847,0.007044164659146978,0.0019530962454155087,1.0004957950917295
0.0308125,61,physics,0,476,903.5412794775227,31592.80085188606,212.36056703159073,32708.702698395173,2015.245535447244,0.0008142597969342208,10.948407277036162,96.10303899691684,0.9654162104401236,2.932594753701775e-07,0,0.030459606940657004,0.0070854220187733605,0.0019530962454155087,1.0004972263134684
0.030875,61,physics,0,476,932.0381660385667,32255.559485357677,209.66825842927918,33397.265909825524,2030.4129425107994,0.0008203881865415193,11.049088537371386,99.36748153995458,0.9642413927177419,2.9494703213117603e-07,0,0.030217702466111444,0.007128586315914714,0.0019530962454155087,1.0004986575372545
0.0309375,61,physics,0,476,934.232977275474,32931.112388275054,232.39676906992491,34097.74213462046,2045.6945337600705,0.0008265627122598963,11.136722000809144,97.41635563095062,0.9649445197352124,2.9729766737318626e-07,0,0.03003291016910454,0.00717377742670281,0.0019530962454155087,1.000500983280274
0.031,61,physics,0,476,932.8635466252235,33611.2946640704,261.6681422502397,34805.82635294586,2061.091147461334,0.0008327837127907737,11.207652989950477,90.98495368895838,0.9672587971281887,3.002972359666954e-07,0,0.029885970014156125,0.007220793491480341,0.0019530962454155087,1.0005022356056774
0.031,62,refine,0,480,932.8635466252235,33611.294664070396,261.6681422502397,34805.826352945856,2061.091147461334,0.0008327837127907737,11.207652989950477,90.98495368895838,0.9672587971281887,3.002972359666954e-07,0,0.029885970014156125,0.007051706484626286,0.0019530962454155087,1.0005022356056774
0.0310625,62,physics,0,480,955.1957044205021,34288.51481245062,271.6608383508901,35515.371355222014,2076.6036443611347,0.0008390515359187238,11.261633783141777,81.9755727934648,0.9705008545851829,3.0344404144955185e-07,0,0.029813366612687364,0.007103593827232492,0.0019530962454155087,1.0005034879326486
0.031125,62,physics,0,480,1007.330079405735,34961.07148457726,253.91296646245516,36222.31453044545,2092.2328666937697,0.0008453665219484471,11.30276921918805,72.76071862945601,0.9738168978346567,3.0666735462148164e-07,0,0.029740374483802987,0.00715586875628779,0.0019530962454155087,1.0005068871137577
0.0311875,62,physics,0,480,1067.917958906839,35632.512600226866,225.6971674982546,36926.12772663196,2107.97914930985,0.0008517288061763057,11.339330439810057,65.92915972190369,0.9762752957670111,3.0974027431796014e-07,0,0.029595514612675015,0.0072085316482967616,0.0019530962454155087,1.000510465211612
0.03125,62,physics,0,480,1108.2156721957494,36311.41827889044,214.17062818063965,37633.804579266834,2123.8420825332937,0.0008581382230727115,11.378287206428576,63.50098284054732,0.9771490828434617,3.1229853370007303e-07,0,0.029433493453446574,0.0072615810618578665,0.0019530962454155087,1.0005097495910173
0.0313125,62,physics,0,480,1119.9515129437182,37006.87811401494,230.4479660634165,38357.277593022074,2139.821480968531,0.0008645946977285981,11.427272723818781,66.3661657405882,0.9761180598662776,3.1428796987142965e-07,0,0.029219404816766038,0.007314954794145486,0.0019530962454155087,1.0005097495910173
0.031375,62,physics,0,480,1123.57927151908,37724.96244129808,259.0479320375406,39107.58964485469,2155.9168062806716,0.0008710980126297962,11.491700674587413,74.04506214567085,0.9733548431524439,3.1580192683122716e-07,0,0.02893701634151947,0.007368681402630538,0.0019530962454155087,1.0005101074012506
0.0314375,62,physics,0,480,1148.5533905893476,38468.19238562078,273.1067397596975,39889.852515969826,2172.1274179876928,0.0008776479089895952,11.572141317778092,84.82219527083356,0.969476784039484,3.169118745205422e-07,0,0.028639873324190185,0.007422703112556469,0.0019530962454155087,1.0005110019273937
0.0315,62,physics,0,480,1205.095725113741,39236.98106881184,260.3282797270401,40702.40507365262,2188.452258644644,0.0008842439595474463,11.664747732035933,96.22773400846506,0.9653725697021759,3.17904262914226e-07,0,0.028311146900798712,0.007477140055047487,0.0019530962454155087,1.0005126120764667
0.0315,63,refine,0,540,1205.095725113741,39236.981068811845,260.3282797270401,40702.405073652626,2188.4522586446437,0.0008842439595474463,11.664747732035933,96.22773400846506,0.9653725697021759,3.17904262914226e-07,0,0.028311146900798712,0.00745228138894538,0.0019530962454155087,1.0005126120764667
0.0315625,63,physics,0,540,1274.8736547536091,40030.025801708274,234.43135173422957,41539.330808196115,2204.9233253689636,0.000890899092736097,11.760866497525036,105.68324974310896,0.961970075337946,3.1937819855443163e-07,0,0.028037151466332493,0.007506565970779634,0.0019530962454155087,1.0005149378519245
0.031625,63,physics,0,540,1328.233260768436,40849.85528990519,222.25443118708102,42400.342981860704,2221.5183971700217,0.0008976043301660557,11.862016903148728,111.14738090092044,0.9600038892256397,3.2119737980451656e-07,0,0.027782909435833635,0.007561210713710601,0.0019530962454155087,1.0005160112885747
0.0316875,63,physics,0,540,1352.097382554808,41688.52714664263,237.8913859430411,43278.51591514047,2238.2384271864325,0.0009043600569529039,11.957063853116288,111.57661337959065,0.959849545848805,3.236829204666944e-07,0,0.027581816536689827,0.007616037460666559,0.0019530962454155087,1.0005194105122315
0.03175,63,physics,0,540,1362.1024097583809,42538.119354441114,269.54773230988815,44169.76949650938,2255.0841334287943,0.0009111665632087656,12.040881159820747,107.15900211040673,0.9614393595102836,3.269136570338561e-07,0,0.027449692026410052,0.0076711660408993335,0.0019530962454155087,1.0005235253773728
0.0318125,63,physics,0,540,1388.3586123604348,43390.346190398486,289.8252532398494,45068.530055998766,2272.056606661088,0.0009180242896567404,12.11153659182782,99.26623647257392,0.9642795388390811,3.3058389092843733e-07,0,0.02733290045177207,0.007726596359723098,0.0019530962454155087,1.000526208994191
0.031875,63,physics,0,540,1447.3544685360046,44240.39961896389,281.0903856410086,45968.8444731409,2289.1558538109157,0.0009249332390959243,12.170871030301814,90.13494702035452,0.9675653473050025,3.345568888590839e-07,0,0.02728075906145644,0.007782207698240607,0.0019530962454155087,1.0005274613511697
0.0319375,63,physics,0,540,1526.0381386688418,45089.863298885015,252.38658369495542,46868.28802124881,2306.381345763097,0.0009318931977373712,12.222774351014605,82.35440948324323,0.9703651809125879,3.3845723912406816e-07,0,0.027179193893665604,0.007838296579093101,0.0019530962454155087,1.0005288926182077
0.032,63,physics,0,540,1593.7929628602897,45946.376167170805,231.37548367234612,47771.54461370344,2323.732450683844,0.0009389039102886887,12.274086947143582,78.21484266177661,0.9718548183941809,3.418049256964648e-07,0,0.02706161179511138,0.007894682020271392,0.0019530962454155087,1.0005328286131188
0.032,64,refine,0,586,1593.7929628602897,45946.37616717082,231.37548367234612,47771.54461370345,2323.732450683844,0.0009389039102886885,12.274086947143582,78.21484266177661,0.9718548183941809,1.712847552681751e-07,0,0.020836977631699446,0.0072748617031348365,0.0009765481227077544,1.0005328286131188
0.0320625,64,physics,0,586,1631.8181495662413,46818.67260002599,238.16327099630982,48688.65402058854,2341.221749208141,0.0009459704599544369,12.32986080732747,79.11170048278895,0.9715320992134064,1.723481375393022e-07,0,0.020687648614826762,0.007325968519449816,0.0009765481227077544,1.0005378380835817
0.032125,64,physics,0,586,1651.5936688404809,47718.55128080494,266.28093279303874,49636.42588243846,2358.842589548532,0.000953090159080426,12.400265943283602,85.11906331079258,0.969370361554963,1.7309331568071682e-07,0,0.020489973012806507,0.0073773873577975225,0.0009765481227077544,1.0005376591734905
0.0321875,64,physics,0,586,1683.8695225554236,48647.86940092646,289.0836918915799,50620.822615373465,2376.59605904853,0.0009602634470077152,12.486514493640621,95.00735578533325,0.9658121247647328,1.7362211224281057e-07,0,0.02025736379351665,0.007429187888335054,0.0009765481227077544,1.0005399850071723
0.03225,64,physics,0,586,1749.1007813500619,49607.81795071966,285.80304008348816,51642.721772153214,2394.48308714764,0.0009674906992762612,12.58643727035065,106.57723908372759,0.9616488755207867,1.74150660114947e-07,0,0.02001499356455426,0.007481365745371574,0.0009765481227077544,1.000542668668139
0.0323125,64,physics,0,586,1838.1762117107896,50598.307391271795,261.2629722135995,52697.74657519618,2412.504804973093,0.0009747723729179313,12.693573149668868,117.26238938443818,0.9578039844073578,1.746721700612853e-07,0,0.019817626761576498,0.007534008863642905,0.0009765481227077544,1.000543026490145
0.032375,64,physics,0,586,1921.3330040359815,51617.90993978259,241.03980241278606,53780.28274623136,2430.6621828949255,0.000982108860010661,12.801068606310427,124.76949744045511,0.9551027668901403,1.7541740149340528e-07,0,0.01965841259087333,0.007587191119627334,0.0009765481227077544,1.000544457779449
0.0324375,64,physics,0,586,1976.0944155713055,52662.663769946084,247.0961860490643,54885.85437156646,2448.956102933585,0.0009895005169347413,12.902125589261408,127.6260140520103,0.9540748985330346,1.7637999150110749e-07,0,0.019536311152209884,0.007640861341611362,0.0009765481227077544,1.0005453523363037
0.0325,64,physics,0,586,2008.208756400994,53725.26816438286,276.92762732181274,56010.40454810567,2467.386938041449,0.0009969474943815498,12.992284346024544,125.49294499077605,0.9548425212444003,1.7779573013854128e-07,0,0.019438887966869135,0.007694916833306774,0.0009765481227077544,1.0005460679823632
0.0325,65,refine,0,632,2008.208756400994,53725.26816438286,276.9276273218128,56010.40454810567,2467.386938041449,0.0009969474943815498,12.992284346024544,125.49294499077605,0.9548425212444003,1.7779573013854128e-07,0,0.019438887966869135,0.007219512464689573,0.0009765481227077544,1.0005460679823632
0.0325625,65,physics,0,632,2046.4822470840106,54795.15839309791,305.2060011872933,57146.846641369215,2485.9573636338464,0.0010044508733524364,13.058316868176846,119.21575998162369,0.9571013774094688,1.7956385001127712e-07,0,0.019389119856067855,0.007270715567488207,0.0009765481227077544,1.0005458890708003
0.032625,65,physics,0,632,2116.0778971331724,55869.1908264154,307.57441189046995,58292.84313543904,2504.667645866906,0.0010120107613877632,13.12115787684406,110.70504966421409,0.960162405671598,1.8145794733470666e-07,0,0.01929816238753449,0.007322162520456016,0.0009765481227077544,1.000546246893958
0.0326875,65,physics,0,632,2214.792609585522,56944.84791393101,282.6299153678672,59442.2704388844,2523.5186579567535,0.0010196275113104358,13.173928290410736,102.4369491273253,0.9631377101952316,1.833657439220816e-07,0,0.01920760603340874,0.007373909257641555,0.0009765481227077544,1.000547857099752
0.03275,65,physics,0,632,2314.680850533539,58028.35463060926,254.43993974882403,60597.47542089162,2542.511610605276,0.0010273016123044545,13.223959816745259,96.84910286853079,0.965148559586864,1.8506549004371172e-07,0,0.01911737070392156,0.007425952136394381,0.0009765481227077544,1.0005498251325742
0.0328125,65,physics,0,632,2388.604585385811,59129.99313469846,249.81166802640846,61768.409388110675,2561.647582397608,0.0010350335001720569,13.279873595124982,95.743682027993,0.9655463301124768,1.8654518108007776e-07,0,0.018981764673320432,0.007478527109898926,0.0009765481227077544,1.0005512564316037
0.032875,65,physics,0,632,2436.575040813518,60259.38064525704,272.87824539904994,62968.83393146961,2580.9274411350016,0.0010428235255482681,13.349302926810843,99.76817642253434,0.9640981607237651,1.8756777997452892e-07,0,0.018843187593864164,0.0075315126136169565,0.0009765481227077544,1.0005539401228027
0.0329375,65,physics,0,632,2485.9077720494315,61422.27991987871,301.5415712450805,64209.72926317322,2600.352396207243,0.0010506721770869353,13.436874217541492,108.25380610213043,0.961044696137585,1.8824419711904704e-07,0,0.018681702433846866,0.007585086917862947,0.0009765481227077544,1.000556265994331
0.033,65,physics,0,632,2564.9253353699155,62620.79748524012,309.1353362530143,65494.85815686305,2619.923548578067,0.0010585798996323665,13.540532873806715,119.40182778831957,0.9570332241928333,1.8879699226204162e-07,0,0.0184993132899868,0.007639191766128877,0.0009765481227077544,1.000558055129955
0.033,66,refine,0,715,2564.925335369915,62620.797485240124,309.1353362530143,65494.858156863054,2619.923548578067,0.0010585798996323665,13.540532873806715,119.40182778831957,0.9570332241928333,9.686181634549488e-08,0,0.022874294840872125,0.00760297593935216,0.0004882757493760437,1.000558055129955
0.0330625,66,physics,0,715,2676.082077748035,63850.96702934437,289.9011566272921,66816.9502637197,2639.6417805736564,0.0010665470496883855,13.652630651921488,130.7001394505127,0.9529676165949679,9.741732753809641e-08,0,0.0226325612750467,0.00765731814689745,0.0004882757493760437,1.000558055129955
0.033125,66,physics,0,715,2793.9645898451076,65120.02999674535,264.55266554997945,68178.54725214044,2659.506337576272,0.0010745733223517548,13.769618099940734,139.75785932564045,0.9497082543363092,9.796052502508713e-08,0,0.022421093826770457,0.007712525610035092,0.0004882757493760437,1.0005621701540313
0.0331875,66,physics,0,715,2889.4151872781486,66420.63782533613,259.9395627437329,69569.99257535802,2679.5160453750655,0.0010826582431826734,13.88152714180918,144.7601391494606,0.9479082441257496,9.855019733606705e-08,0,0.02225420323781702,0.00776865418198679,0.0004882757493760437,1.000564496044691
0.03325,66,physics,0,715,2956.660271480291,67746.2601727779,283.85463414052117,70986.7750783987,2699.669544520849,0.001090801262895806,13.980890408377023,144.89075382461044,0.9478611959817846,9.917214249810507e-08,0,0.02213030919690056,0.007825736944796819,0.0004882757493760437,1.0005671797714015
0.0333125,66,physics,0,715,3018.7841883374667,69087.72747086993,317.2038492746019,72423.715508482,2719.9654359298893,0.0010990018161914773,14.06225740443486,140.51154776285654,0.9494369949925648,1.000251632632399e-07,0,0.02206272437492374,0.00788340808758289,0.0004882757493760437,1.0005707580848795
0.033375,66,physics,0,715,3106.434292896378,70436.44794873887,331.2333477823639,73874.11558941762,2740.401326817797,0.0011072589362653427,14.12348539131615,133.0772284058241,0.9521123507028019,1.010985588578706e-07,0,0.022009159484706532,0.007941656061302751,0.0004882757493760437,1.000572726162747
0.0334375,66,physics,0,715,3229.180582559633,71788.53818897907,314.2410047313497,75331.95977627006,2760.9740394700434,0.001115571339162103,14.167820141361123,124.82584204706164,0.9550815198993452,1.0221078117211838e-07,0,0.021982970540193148,0.008000280968925322,0.0004882757493760437,1.0005718315814183
0.0335,66,physics,0,715,3366.173508958952,73147.31965886435,282.86981168453684,76796.36297950783,2781.6788254479648,0.0011239371062754977,14.205489056721966,118.22492192043865,0.9574569622653925,1.0330130262303787e-07,0,0.021915912535538776,0.008059003850578028,0.0004882757493760437,1.000573978577951
0.0335,67,refine,0,795,3366.1735089589515,73147.31965886435,282.86981168453684,76796.36297950783,2781.6788254479648,0.0011239371062754977,14.205489056721966,118.22492192043865,0.9574569622653925,1.0330130262303787e-07,0,0.021915912535538776,0.007372596463230102,0.0004882757493760437,1.000573978577951
0.0335625,67,physics,0,795,3485.47521397675,74528.40517683967,266.77469289928086,78280.65508371571,2802.6147183071025,0.0011323962521057511,14.25124630076306,115.35805866114825,0.9584886426861334,1.0427619123731788e-07,0,0.02183570326528669,0.007423324631623645,0.0004882757493760437,1.0005761255790908
0.033625,67,physics,0,795,3575.637540688581,75943.2381514363,280.89121833947706,79799.76691046434,2823.7079260592354,0.0011409189610058993,14.32420200212704,117.40856820474976,0.9577507937588514,1.0491075919105701e-07,0,0.021715886639152995,0.0074742894923368036,0.0004882757493760437,1.0005775569157436
0.0336875,67,physics,0,795,3655.9993394905905,77395.68224922122,311.1255047261285,81362.80709343794,2844.9575185565145,0.0011495048571497782,14.422147733301246,124.26413629392134,0.9552838731532256,1.0550132856224074e-07,0,0.021543569826275213,0.007525492326309255,0.0004882757493760437,1.000579882842171
0.03375,67,physics,0,795,3758.5165843306613,78888.8440236896,328.9684894985843,82976.32909751884,2866.3619723696293,0.0011581533249958955,14.538631054162256,134.58856095881725,0.9515685951190759,1.0578994125154396e-07,0,0.021372550303603337,0.007576933136008369,0.0004882757493760437,1.0005822087740055
0.0338125,67,physics,0,795,3897.2705556612927,80423.0719673588,318.8209303108922,84639.16345333098,2887.9197267857744,0.0011668637339383656,14.665373998299716,146.19106356065103,0.9473934312323745,1.0591604926446518e-07,0,0.02120346884448359,0.007628673637511883,0.0004882757493760437,1.0005838190376735
0.033875,67,physics,0,795,4055.466432715011,81997.32760225536,292.6256417967761,86345.41967676715,2909.6284749327747,0.0011756351518856702,14.792998546266107,156.608290732378,0.9436447216815408,1.0620855128706822e-07,0,0.02099529253768706,0.0076807717324518035,0.0004882757493760437,1.0005843557928054
0.0339375,67,physics,0,795,4201.579804254817,83608.89409258698,278.15545642271445,88088.6293532645,2931.4851434758184,0.001184466337057122,14.911095621602968,163.7199029235232,0.9410856915453022,1.0662397587069003e-07,0,0.02078791672568348,0.007733111182740065,0.0004882757493760437,1.0005865028162122
0.034,67,physics,0,795,4318.847252520346,85252.04558751051,292.54403181513516,89863.43687184599,2953.4861692185336,0.001193355849743512,15.009806191559113,166.24164912249375,0.940178309956816,1.0733640642968113e-07,0,0.020621114240003544,0.007785868671627095,0.0004882757493760437,1.0005865028162122
0.034,68,refine,0,852,4318.847252520347,85252.0455875105,292.5440318151351,89863.43687184597,2953.486169218534,0.0011933558497435118,15.009806191559113,166.24164912249375,0.940178309956816,1.0733640642968113e-07,0,0.020621114240003544,0.007499099315242717,0.0004882757493760437,1.0005865028162122
0.0340625,68,physics,0,852,4420.67105209262,86925.1731682414,326.07358572887756,91671.91780606289,2975.7151301503577,0.0012023374596248039,15.091218978860729,163.9733437893135,0.9409944702099858,1.0822062135318349e-07,0,0.020506340133446082,0.007553078833468111,0.0004882757493760437,1.0005881130867909
0.034125,68,physics,0,852,4538.448537595152,88617.4641450303,350.77421340754927,93506.686896033,2998.1114081376536,0.0012113866739489369,15.16770575329592,157.91548366848667,0.9431744113886271,1.0911131687052486e-07,0,0.02041700792285979,0.007607505116263246,0.0004882757493760437,1.0005895444405917
0.0341875,68,physics,0,852,4692.4966391698645,90320.74623865512,345.62678842034103,95358.86966624533,3020.6751085178485,0.0012205035352774898,15.24421745746747,149.98209858707708,0.9460292732834278,1.1007803868423611e-07,0,0.020328210248942078,0.007662393069628814,0.0004882757493760437,1.0005929439140753
0.03425,68,physics,0,852,4872.854514102171,92035.95763767122,316.754101786507,97225.5662535599,3043.4044758336468,0.0012296873343180825,15.320391945815613,142.5719416801728,0.9486957468264902,1.1103614339091895e-07,0,0.020239267357401784,0.007717710644824993,0.0004882757493760437,1.0005947331152845
0.0343125,68,physics,0,852,5048.536497797964,93770.89746041411,291.8431581732378,99111.27711638532,3066.2975723124605,0.001238937288113854,15.399848814625924,137.97809289407786,0.950348843811664,1.1194910998213465e-07,0,0.020150565432589022,0.007773428354399351,0.0004882757493760437,1.0005967012403099
0.034375,68,physics,0,852,5197.057737882657,95536.6315445507,294.20621638373194,101027.89549881709,3089.3520513561343,0.001248252448522007,15.485225984843836,137.8048550002148,0.9504112008749908,1.1283574474774115e-07,0,0.020013131365990103,0.007829459646180894,0.0004882757493760437,1.0005974169230971
0.0344375,68,physics,0,852,5326.123615363923,97342.13991254481,320.9842729502858,102989.24780085901,3112.564449725826,0.0012576314162211625,15.578218570489176,142.53002716796638,0.9487108296872588,1.1336702065989352e-07,0,0.01984019855399565,0.007885787122066569,0.0004882757493760437,1.0005981326063962
0.0345,68,physics,0,852,5466.340311475078,99191.88399892655,346.45345321302614,105004.67776361466,3135.9308689549475,0.0012670726160362062,15.675795479518786,151.3697299244393,0.9455300346133143,1.1374260511232138e-07,0,0.019656234926196895,0.007942358445676177,0.0004882757493760437,1.000598490448238
0.0345,69,refine,0,932,5466.340311475077,99191.88399892657,346.45345321302614,105004.67776361467,3135.930868954948,0.0012670726160362062,15.675795479518786,151.3697299244393,0.9455300346133143,1.1374260511232138e-07,0,0.019656234926196895,0.007460851764325671,0.0004882757493760437,1.000598490448238
0.0345625,69,physics,0,932,5642.096607256389,101094.11399556423,347.0227192923518,107083.23332211297,3159.5330931484796,0.0012766090928282268,15.771893465993038,162.45924739140378,0.9415395033962597,1.1425033630274588e-07,0,0.019473991128919833,0.007514039761557763,0.0004882757493760437,1.000601353187577
0.034625,69,physics,0,932,5848.55936483229,103047.61576313838,324.31355448324416,109220.48868245391,3183.312935130761,0.0012862173360735432,15.886759033287332,173.46513298030226,0.9375790333866805,1.1480290762477814e-07,0,0.019293518560803163,0.007567648635945505,0.0004882757493760437,1.0006042159351067
0.0346875,69,physics,0,932,6056.637306055528,105047.85017208288,302.46538661471004,111406.95286475313,3207.270843560477,0.0012958975270526611,16.009933999628096,182.11536496721953,0.9344662001093134,1.1537304445141653e-07,0,0.019126503782297206,0.007621797112584464,0.0004882757493760437,1.0006072576133314
0.03475,69,physics,0,932,6240.528262659515,107090.57632991963,305.7537049208024,113636.85829749994,3231.404671400316,0.0013056487982553257,16.12906312204595,186.75610406673496,0.9327963728855089,1.159972811137777e-07,0,0.019008318513680386,0.007676514160995575,0.0004882757493760437,1.0006086889945187
0.0348125,69,physics,0,932,6401.699643638685,109168.01961218218,335.25755928189653,115904.97681510275,3255.712336938082,0.0013154703085658888,16.23702254085875,186.72455391510826,0.9328077140985687,1.1678418498917173e-07,0,0.018890976953058518,0.007731679000676471,0.0004882757493760437,1.0006090468401356
0.034875,69,physics,0,932,6567.498697977797,111270.2396514561,367.2489937961277,118204.98734323002,3280.1907304655315,0.001325360801506983,16.329274916864215,182.48668375853762,0.9343326405979845,1.1795420373772458e-07,0,0.018784690833314,0.0077870497390141995,0.0004882757493760437,1.0006102993008021
0.0349375,69,physics,0,932,6765.929317959402,113388.83807013097,374.7688018287323,120529.5361899191,3304.8356948312435,0.0013353185973819079,16.405174349207527,175.5322557190487,0.9368351960632998,1.1935016441810847e-07,0,0.018691559364884213,0.00784268563257139,0.0004882757493760437,1.000612625303342
0.035,69,physics,0,932,6999.536831694604,115521.27544021953,352.556982902354,122873.36925481648,3329.642381632526,0.0013453417371939414,16.467304054572416,168.0428466173657,0.939530174644626,1.2075851785198195e-07,0,0.018633621295174898,0.007898526008818591,0.0004882757493760437,1.0006151302352013
0.035,70,refine,0,1036,6999.536831694603,115521.27544021953,352.5569829023539,122873.36925481648,3329.642381632526,0.0013453417371939414,16.467304054572416,168.0428466173657,0.939530174644626,1.2075851785198195e-07,0,0.018633621295174898,0.00753030245684131,0.0004882757493760437,1.0006151302352013
0.0350625,70,physics,0,1036,7242.700189131461,117681.44016211448,322.11183998345905,125246.25219122939,3354.7023920203005,0.0013554672323808012,16.523926049375255,162.37488335189158,0.9415743645226143,1.2206670074732526e-07,0,0.018530225985428445,0.0075797583568093215,0.0004882757493760437,1.0006169194760828
0.035125,70,physics,0,1036,7466.670966599795,119880.48335352313,312.05131673008236,127659.205636853,3379.951222252293,0.0013656690202105705,16.600731574121557,160.4518215480237,0.9422664537016379,1.2299704899021449e-07,0,0.018416072127802472,0.007629390130865981,0.0004882757493760437,1.000620319042572
0.035187500000000003,70,physics,0,1036,7666.380070430431,122125.38220904986,330.7601364603378,130122.52241594062,3405.388023900524,0.0013759467578759916,16.70170415552495,163.24278879094777,0.9412622748552736,1.2387627990051434e-07,0,0.018269294517579263,0.0076809138779619915,0.0004882757493760437,1.000621392592284
0.035250000000000004,70,physics,0,1036,7865.697071305323,124422.92220637861,359.8644714123509,132648.48374909628,3431.0103992608533,0.001386299476584897,16.820633770749907,170.5296877592927,0.9386402392382707,1.2447957686845273e-07,0,0.018089651778081618,0.007732942514648793,0.0004882757493760437,1.000620497967444
0.035312500000000004,70,physics,0,1036,8094.634104236893,126775.12194751587,372.1377994077709,135241.89385116054,3456.815348336491,0.0013967259641888227,16.950409869685515,180.94766209924705,0.9348917160646558,1.2480195898945107e-07,0,0.017900703031211596,0.007785302839244229,0.0004882757493760437,1.0006231818443636
0.035375000000000004,70,physics,0,1036,8361.07120463513,129181.32145013791,357.6076019349258,137900.00025670798,3482.7994428685615,0.0014072248355000432,17.081306153278422,192.3685768229709,0.9307822864605678,1.2525525772133527e-07,0,0.0177137488294553,0.007838017217840615,0.0004882757493760437,1.0006246132483307
0.035437500000000004,70,physics,0,1036,8643.767615273562,131639.27675997186,332.7114231917344,140615.75579843717,3508.957152491285,0.0014177938559747048,17.203186835537494,202.4642329971977,0.9271495163606982,1.2584360931100502e-07,0,0.017550209438944586,0.007891014112401425,0.0004882757493760437,1.0006253289510822
0.035500000000000004,70,physics,0,1036,8912.729160210416,134144.6322507066,324.40467422979395,143381.7660851468,3535.2817261459504,0.0014284302978480748,17.3091724749935,209.26933843584908,0.9247010176485116,1.265014208939874e-07,0,0.017421199578921378,0.00794419163702441,0.0004882757493760437,1.0006244343227229
0.035500000000000004,71,refine,0,1082,8912.729160210416,134144.6322507066,324.40467422979395,143381.7660851468,3535.28172614595,0.0014284302978480748,17.3091724749935,209.26933843584908,0.9247010176485116,1.222730681149641e-07,0,0.018511693783349662,0.007402357544041702,0.0004882740613538772,1.0006244343227229
0.035562500000000004,71,physics,0,1082,9156.97113647491,136707.16515014434,344.6977768313991,146208.83406345063,3561.889465677232,0.0014391811528712097,17.401594193865982,211.63421991571394,0.9238474342129962,1.2319323516862808e-07,0,0.018398109604190273,0.007454072008569865,0.0004882740613538772,1.0006251500253465
0.035625000000000004,71,physics,0,1082,9394.812867551049,139308.74370264294,378.96608206401385,149082.52265225802,3588.697070768225,0.0014500127635577128,17.49292949478747,209.6198238963731,0.9245722764688706,1.239820353049481e-07,0,0.018284944580351997,0.007506100843491427,0.0004882740613538772,1.0006271182102005
0.035687500000000004,71,physics,0,1082,9656.916390309245,141938.7494564119,398.8550564765843,151994.52090319773,3615.70149243176,0.0014609238979645615,17.583441706104438,204.1055998569935,0.9265565049508792,1.2505850932598153e-07,0,0.018172398974572453,0.007558178680269927,0.0004882740613538772,1.0006271182102005
0.035750000000000004,71,physics,0,1082,9958.107620028244,144592.07462470897,388.40490703230506,154938.58715176952,3642.8995642424925,0.001471913276697847,17.671502758850416,196.964870265099,0.9291258838345611,1.263591329347947e-07,0,0.01807961876648841,0.007610356053758772,0.0004882740613538772,1.0006269392841447
0.035812500000000004,71,physics,0,1082,10283.549632318647,147271.0179566042,358.70227768319944,157913.26986660602,3670.2874207008335,0.001482979337902768,17.75860062885019,190.48782102210532,0.9314565040696704,1.2766380486084483e-07,0,0.018006235477811196,0.007662618693781808,0.0004882740613538772,1.000629086398926
0.035875000000000004,71,physics,0,1082,10602.805538859004,149984.39058596827,337.6777392153001,160924.87386404257,3697.8600308018035,0.0014941200488021635,17.84589872011028,186.82744008114312,0.9327735638979384,1.2885411138086066e-07,0,0.01793309931857706,0.0077149988587995036,0.0004882740613538772,1.0006289074725183
0.035937500000000004,71,physics,0,1082,10898.707396231457,152742.92781510245,344.1612892052599,163985.79650053915,3725.609806716389,0.0015053323435343254,17.933524218910886,187.437538512381,0.9325540190795915,1.2972020790869005e-07,0,0.01786031176080335,0.007767622003636874,0.0004882740613538772,1.00062765498856
0.036000000000000004,71,physics,0,1082,11183.93817520616,155554.01833810244,370.852937271251,167108.80945057987,3753.5276726588627,0.0015166125550287537,18.02491208745505,193.05575926252095,0.9305288147871691,1.305135626239464e-07,0,0.017702686404885735,0.007820647823726145,0.0004882740613538772,1.000628370693487
0.036000000000000004,72,refine,0,1112,11183.93817520616,155554.01833810244,370.852937271251,167108.80945057987,3753.527672658863,0.0015166125550287535,18.02491208745505,193.05575926252095,0.9305288147871691,1.305135626239464e-07,0,0.017702686404885735,0.007601565016194461,0.0004882740613538772,1.000628370693487
0.0360625,72,physics,0,1112,11489.015313916057,158447.15672078836,392.0020191641469,170328.17405386857,3781.7775503624152,0.0015280269158486617,18.13113509477882,202.82594035572944,0.9270131159746043,1.312376429751793e-07,0,0.01754660332630224,0.007651415145475547,0.0004882740613538772,1.0006305178113397
0.036125,72,physics,0,1112,11833.613003511795,161406.26576144446,388.5232604723269,173628.40202542857,3810.235599763022,0.0015395253884260623,18.259325042078252,214.55536263656828,0.9227923817777601,1.3188715719536511e-07,0,0.017398630451254175,0.007701269689417095,0.0004882740613538772,1.0006321281527528
0.0361875,72,physics,0,1112,12207.989392462112,164428.26002276246,366.1030996074159,177002.352514832,3838.8975696142343,0.0015511062550451686,18.39596324904795,225.99925297708447,0.9186745373948385,1.3230928530560954e-07,0,0.017198463538897563,0.007751213841835674,0.0004882740613538772,1.000633559569518
0.03625,72,physics,0,1112,12583.064321194699,167510.05464724184,349.3753935912217,180442.49436202773,3867.7592022208773,0.001562767795384583,18.52801297881063,235.03830220406158,0.9154216536631539,1.3268275367295238e-07,0,0.01702764359451331,0.0078012598638714774,0.0004882740613538772,1.0006326649337998
0.0363125,72,physics,0,1112,12937.684589614699,170645.67882531392,358.3226330243882,183941.686047953,3896.814443319502,0.0015745075632196417,18.64511158972331,240.17447430623085,0.9135734680293897,1.3356529393604443e-07,0,0.016867569242254344,0.007851407150134734,0.0004882740613538772,1.0006353488433537
0.036375,72,physics,0,1112,13278.176465588847,173825.60645799496,389.1830014029687,187492.96592498678,3926.0555457902974,0.0015863224283272017,18.739609051206614,240.87555932559397,0.9133213848142614,1.346070170882283e-07,0,0.016797563179401277,0.007901701311557369,0.0004882740613538772,1.000635169915826
0.0364375,72,physics,0,1112,13632.382205901824,177038.21793671942,417.5693179134503,191088.16946053467,3955.4716437296133,0.0015982080003397602,18.81427484205033,237.6776214006762,0.9144724779023498,1.3578971724825798e-07,0,0.016757187121571128,0.007952235697589008,0.0004882740613538772,1.0006373170482683
0.0365,72,physics,0,1112,14024.215456401645,180274.57492624165,420.3433969430436,194719.13377958632,3985.05257901388,0.0016101601748682976,18.879355756458963,232.05356269412394,0.9164964563879634,1.3691952638339423e-07,0,0.0167258371561026,0.008003091062099378,0.0004882740613538772,1.0006389274006235
0.0365,73,refine,0,1194,14024.215456401645,180274.57492624165,420.34339694304356,194719.13377958632,3985.05257901388,0.0016101601748682974,18.879355756458963,232.05356269412394,0.9164964563879634,1.3691952638339423e-07,0,0.0167258371561026,0.00757613562802934,0.0004882740613538772,1.0006389274006235
0.0365625,73,physics,0,1194,14450.389641855669,183574.99222653205,396.8040886271494,198422.18595701488,4015.0454203411805,0.0016222787800005572,18.94843915574471,225.84058062165894,0.9187323329121373,1.3805910370479066e-07,0,0.016703515213533526,0.007629149170197694,0.0004882740613538772,1.0006378538320988
0.036625,73,physics,0,1194,14886.616078374846,186922.03044572877,369.49912087475127,202178.14564497836,4045.2640046978677,0.0016344885965857315,19.038922200821364,221.31083934999248,0.9203625240547387,1.3920864105898542e-07,0,0.016638777311552364,0.0076823823067205185,0.0004882740613538772,1.000637138120389
0.0366875,73,physics,0,1194,15308.079125602999,190324.56472026237,362.9119733397596,205995.55581920512,4075.7101172268985,0.001646790345910689,19.14756736684333,220.2958156465332,0.9207279306196045,1.4036175954856836e-07,0,0.016554809511866907,0.007735723770010782,0.0004882740613538772,1.0006376749041233
0.03675,73,physics,0,1194,15714.017299602498,193794.07697521223,381.7674577079559,209889.8617325227,4106.385426777727,0.0016591847022739174,19.271166270601377,223.6917522359452,0.9195060248634084,1.410768142307008e-07,0,0.016441059695135547,0.007789118489889318,0.0004882740613538772,1.000639464185318
0.0368125,73,physics,0,1194,16128.564652658577,197337.33821138303,407.42759361412647,213873.33045765574,4137.291759089841,0.0016716724033653111,19.40467780091719,231.24392837157828,0.9167883208318421,1.4168614548282213e-07,0,0.01631516563622538,0.007842517408716632,0.0004882740613538772,1.0006408956125772
0.036875,73,physics,0,1194,16577.95917842627,200956.20276512933,416.43240049462145,217950.59434405022,4168.430520930331,0.0016842540175889995,19.552395643216148,241.63096262196876,0.9130507826439399,1.4229602918192088e-07,0,0.016151611238687427,0.007896345556760212,0.0004882740613538772,1.0006410745411287
0.0369375,73,physics,0,1194,17066.05926663792,204649.81312076814,402.5665258410752,222118.43891324714,4199.800784214602,0.0016969291699524755,19.71232381760234,252.8432020406819,0.9090162340708988,1.4282655946828976e-07,0,0.016004265996091928,0.00795072580849268,0.0004882740613538772,1.000645010977354
0.037,73,physics,0,1194,17571.471573913957,208415.05262197662,382.63326830466326,226369.15746419525,4231.3976898850015,0.0017096958971538818,19.868559318156393,262.69590683987656,0.9054708276445417,1.4303872930554454e-07,0,0.01584748836068119,0.008005659831233903,0.0004882740613538772,1.0006476949200225
0.037,74,refine,0,1282,17571.471573913957,208415.0526219766,382.63326830466326,226369.15746419522,4231.3976898850015,0.001709695897153882,19.868559318156393,262.69590683987656,0.9054708276445417,1.4303872930554454e-07,0,0.01584748836068119,0.007603760349300359,0.0004882740613538772,1.0006476949200225
0.0370625,74,physics,0,1282,18067.276959292754,212249.31817671345,379.7194390043701,230696.3145750106,4263.238609256112,0.001722561218071414,20.14489104546623,269.0879173104808,0.9031808212150001,1.43776379246674e-07,0,0.01572446030148173,0.007651456996481261,0.0004882740613538772,1.0006512735214457
0.037125,74,physics,0,1282,18504.35442291352,216150.07918716827,402.02587678257726,235056.45948686436,4294.945718487818,0.0017353724730105686,20.268352688189108,269.17089300821516,0.9031459500125597,1.4473893195088286e-07,0,0.015621437184803308,0.007699391982298701,0.0004882740613538772,1.0006485895691786
0.0371875,74,physics,0,1282,18981.719575993313,220104.73430926402,433.55596636263465,239520.00985161998,4327.220471287805,0.001748413084289796,20.369335342081094,268.00188752893723,0.9035585782570565,1.4617144294959427e-07,0,0.015555148696537725,0.007747655243593724,0.0004882740613538772,1.0006498420793406
0.03725,74,physics,0,1282,19495.151957589947,224106.70285716187,449.40868575444114,244051.26350050626,4359.7882202868805,0.001761572080660253,20.4652008084621,263.7922986360434,0.9050735154696742,1.4742193066297186e-07,0,0.015524568651731154,0.007796276309476651,0.0004882740613538772,1.0006523471043682
0.0373125,74,physics,0,1282,20049.5745782717,228152.62797274985,437.92471862193804,248640.12726964348,4392.597138910105,0.0017748285215980005,20.565116408706025,258.1828194756785,0.9070999452193325,1.4847483953417408e-07,0,0.015491753471263723,0.007845225373863987,0.0004882740613538772,1.0006552099977928
0.037375,74,physics,0,1282,20629.96461335257,232246.3278605653,411.02282509951146,253287.31529901738,4425.6440755322865,0.001788181133689129,20.668285512071837,253.2735754515252,0.9088663214755511,1.4944904691560594e-07,0,0.015440318959733747,0.007894472921024557,0.0004882740613538772,1.0006571782417737
0.0374375,74,physics,0,1282,21209.813527962433,236397.22176948542,393.33043286174393,258000.3657303096,4458.922945138513,0.0018016274582838485,20.773847562293124,251.0093572774344,0.9096813462923825,1.5040587797443523e-07,0,0.0153843838364425,0.007944048760806193,0.0004882740613538772,1.0006577150362583
0.0375,74,physics,0,1282,21776.113756753137,240615.8296267472,399.74345614146694,262791.68683964177,4492.426697328332,0.0018151646466684174,20.875876108332157,252.7076181716967,0.9090703887157986,1.5130591002332476e-07,0,0.015305684622949157,0.007993893300424028,0.0004882740613538772,1.0006566414475768
0.0375,75,refine,0,1338,21776.11375675314,240615.82962674717,399.74345614146694,262791.68683964177,4492.426697328332,0.0018151646466684171,20.875876108332157,252.7076181716967,0.9090703887157986,1.5130591002332476e-07,0,0.015305684622949157,0.007421732844063834,0.0004882740613538772,1.0006566414475768
0.0375625,75,physics,0,1338,22341.77701578665,244926.61816346546,422.5842385613646,267690.9794178135,4526.238496388819,0.0018288263013663904,20.97774495190833,258.65502723449003,0.9069305333849584,1.523006494252853e-07,0,0.015195271357920483,0.007472938659835017,0.0004882740613538772,1.0006607568771118
0.037625,75,physics,0,1338,22933.75759567647,249326.0312438745,439.8273031720058,272699.616142723,4560.304187026506,0.001842590540935763,21.09626576147109,268.09332421659616,0.9035345237768033,1.5330303337890443e-07,0,0.01508092146594933,0.007524381241594417,0.0004882740613538772,1.000662904064458
0.0376875,75,physics,0,1338,23262.922949311804,253805.38164503768,436.49288735564585,277504.7974817051,4592.12514505189,0.0018554477964594634,21.23251434954702,269.2051353041926,0.9031463181213973,1.5416234955267798e-07,0,0.014940316967647816,0.007576299974765545,0.0004882740613538772,1.0006625461995802
0.03775,75,physics,0,1338,23346.946720260712,258339.10171511013,419.858990091524,282105.9074254624,4621.874381061129,0.0018674679728617233,21.370515675664343,269.1859276413248,0.9031453660993046,1.5458140545376853e-07,0,0.014805470835728017,0.007628814718190778,0.0004882740613538772,1.0006612936735164
0.0378125,75,physics,0,1338,23353.255044548274,262909.3402173532,409.36261283922477,286671.95787474065,4651.104784521911,0.0018792785150189813,21.497102691766656,269.18127584052536,0.9031445025460744,1.549992099114659e-07,0,0.014687523557140638,0.007681837384736664,0.0004882740613538772,1.000662725132003
0.037875,75,physics,0,1338,23481.89551691268,267526.6065280107,416.532900823565,291425.03494574694,4681.656959870217,0.0018916231190048113,21.59970757963483,269.1337904957821,0.9031569737335786,1.5599383385023194e-07,0,0.014586175053041033,0.007735190495397639,0.0004882740613538772,1.0006637987272118
0.0379375,75,physics,0,1338,23929.28553205681,272204.18474221433,436.1590667619598,296569.6293410331,4715.185940229209,0.001905170500822428,21.674856173473902,269.1083436656724,0.9031602308461705,1.5658993657297052e-07,0,0.014516695468081485,0.007788665809389889,0.0004882740613538772,1.0006657669880863
0.038,75,physics,0,1338,24563.067466319568,276930.66607510275,452.82198292216253,301946.55552434444,4750.378981413914,0.0019193902462886988,21.735603548667243,268.8735489488745,0.9032565508088324,1.57969368252964e-07,0,0.014463395077431383,0.007842442189918473,0.0004882740613538772,1.0006680931195655
0.038,76,refine,0,1488,24563.06746631957,276930.66607510275,452.82198292216253,301946.5555243445,4750.378981413914,0.001919390246288699,21.735603548667243,268.8735489488745,0.9032565508088324,1.57969368252964e-07,0,0.014463395077431383,0.007489585552395793,0.0004882740613538772,1.0006680931195655
0.0380625,76,physics,0,1488,25244.092897086484,281745.9846672165,454.46822886854306,307444.5457931715,4786.132228390914,0.0019338363428610568,21.809492581055533,266.4802718805562,0.9041178649388545,1.5933937280721046e-07,0,0.014426960978501347,0.0075384121604135795,0.0004882740613538772,1.0006688088534161
0.038125,76,physics,0,1488,25955.626807135486,286628.0734567272,441.9172306111689,313025.6174944738,4822.1545793270325,0.0019483911708665048,21.91009036204065,262.6172457431156,0.9055076495008106,1.6060279151020048e-07,0,0.014381112944028301,0.007587477101362627,0.0004882740613538772,1.0006682720529803
0.0381875,76,physics,0,1488,26684.394512822713,291578.7952306032,426.92579283082966,318690.11553625675,4858.448057500405,0.0019630555478104108,22.02588434337605,259.21217283434066,0.9067218215142182,1.6215782228101716e-07,0,0.014342736386732955,0.007636662046983067,0.0004882740613538772,1.000669882455152
0.03825,76,physics,0,1488,27417.78572465986,296608.77738989645,422.3471279041628,324448.9102424605,4895.014710955895,0.001977830301205138,22.151218594590283,258.20530143104867,0.9070926697467965,1.6362479904330485e-07,0,0.014293137387624437,0.007685968062421731,0.0004882740613538772,1.000672208596198
0.0383125,76,physics,0,1488,28155.685821668998,301727.9007938508,431.04304141118257,330314.629656931,4931.8565991333635,0.001992716263167197,22.28811302802378,260.6922203610702,0.9061979449650222,1.6466154661998173e-07,0,0.014225007787225569,0.007735515270205102,0.0004882740613538772,1.0006707771241452
0.038375,76,physics,0,1488,28910.60364864079,306942.2082117577,444.2077959109004,336297.0196563094,4968.9739624298,0.0020077135308289723,22.44836713767728,266.76404068990644,0.9040134451476044,1.6540391811759047e-07,0,0.014137898257391826,0.007785126349309541,0.0004882740613538772,1.0006720296620795
0.0384375,76,physics,0,1488,29251.299343780553,312231.3838946521,450.3424812490829,341933.02571968175,5002.75200823902,0.0020213615475161593,22.62330447679613,269.1887775596044,0.9031465921446606,1.6551681891741055e-07,0,0.01403176891635696,0.007834622268007128,0.0004882740613538772,1.000673103267271
0.0385,76,physics,0,1488,28899.969394311607,317505.2939635197,448.40144690907726,346853.66480474034,5030.851034434289,0.0020327149567818214,22.794379184795915,269.1917049737333,0.9031431141886603,1.6561553728422514e-07,0,0.01391569900161961,0.00788406138749144,0.0004882740613538772,1.000673103267271
0.0385,77,refine,0,1600,28899.969394311607,317505.29396351974,448.40144690907726,346853.6648047404,5030.851034434289,0.002032714956781821,22.794379184795915,269.1917049737333,0.9031431141886603,1.6561553728422514e-07,0,0.01391569900161961,0.00741251157408938,0.0004882740613538772,1.000673103267271
0.0385625,77,physics,0,1600,28537.779530274824,322810.68714886263,445.63891805348555,351794.1055971909,5058.940720764639,0.0020440645922745323,22.949729517763828,269.18748330176277,0.9031432553381364,1.6639214717173437e-07,0,0.013796718712972791,0.007461537079030779,0.0004882740613538772,1.000673997939144
0.038625,77,physics,0,1600,28358.08477346514,328182.56026903796,446.59264018594706,356987.23768268904,5088.709778076073,0.0020560927774782006,23.081949788129503,269.2070409512866,0.9031435426961634,1.6668270053088474e-07,0,0.013691312204250997,0.0075108192723536546,0.0004882740613538772,1.0006743558081168
0.0386875,77,physics,0,1600,28484.68956178528,333646.6598457284,450.8199256642885,362582.16933317797,5121.260084211015,0.0020692447260464834,23.196923722002648,269.17997109676975,0.9031452059001961,1.6739126706966082e-07,0,0.013583904521599372,0.007560468285808661,0.0004882740613538772,1.0006756083505306
0.03875,77,physics,0,1600,28936.70224727723,339191.92097460676,455.31437888922744,368583.93760077324,5156.754257678362,0.0020835861439763275,23.30945399923843,269.17837130097155,0.903145469789138,1.6803854485658557e-07,0,0.01349821531891959,0.007610414702076707,0.0004882740613538772,1.000677218764509
0.0388125,77,physics,0,1600,29645.358414248192,344808.58874445205,458.1182737567544,374912.065432457,5194.57816090577,0.0020988688890356804,23.42280282243998,269.1854392470325,0.9031461306680785,1.6924826873321287e-07,0,0.013438979310305289,0.007660707344524489,0.0004882740613538772,1.0006773976995555
0.038875,77,physics,0,1600,30458.285604711677,350493.85269272455,459.5936972559091,381411.7319946921,5233.393971465386,0.0021145524141756244,23.534351497363364,269.1017137866719,0.9031755455302404,1.7050148315433955e-07,0,0.01338446358119269,0.007711339445209262,0.0004882740613538772,1.000676860894512
0.0389375,77,physics,0,1600,31320.299996025406,356248.0674839491,460.33426766410537,388028.70174763864,5272.7084380962715,0.0021304374212627025,23.636794550383865,268.4187193755524,0.9034214810926917,1.714841699751446e-07,0,0.013343870076307409,0.007762245046240331,0.0004882740613538772,1.0006806185358634
0.039,77,physics,0,1600,32204.799830834934,362072.89629775914,459.9354578806901,394737.6315864748,5312.267387449364,0.002146421211574045,23.729060640766193,267.42679029529126,0.9037770061135938,1.731298118201608e-07,0,0.013309311659374783,0.007813429726171679,0.0004882740613538772,1.0006802606646505
0.039,78,refine,0,1748,32204.799830834934,362072.8962977591,459.9354578806901,394737.63158647466,5312.267387449365,0.002146421211574045,23.729060640766193,267.42679029529126,0.9037770061135938,8.652104899198322e-08,0,0.010253245689147478,0.007544754374213561,0.0002441370306769386,1.0006802606646505
0.0390625,78,physics,0,1748,33113.17843396832,368020.74432011385,457.9052373224339,401591.8279914046,5352.249741277856,0.002162576078429747,23.83277021452346,267.7106462585392,0.9036748889534025,8.717139099445598e-08,0,0.010224145913152603,0.007596206284804736,0.0002441370306769386,1.000682228957905
0.039125,78,physics,0,1748,34029.31746744276,374073.2927063157,455.3950670177999,408558.0052407763,5392.399981343175,0.0021787987797050566,23.969968539449393,268.7464415338126,0.9032944522606479,8.782389304684561e-08,0,0.010202917412946325,0.007647748830059934,0.0002441370306769386,1.0006840183187684
0.0391875,78,physics,0,1748,34677.91529444296,380197.55231857655,454.4117074728499,415329.8793204924,5430.503595263504,0.002194194541845809,24.120532859331608,269.2095343545618,0.9031441775830583,8.847717936077966e-08,0,0.010151584461198236,0.00769951256473006,0.0002441370306769386,1.000685986619414
0.03925,78,physics,0,1748,34460.83709454414,386244.1978563459,458.04407903647376,421163.0790299265,5461.700632631615,0.0022067997022853715,24.265722953206406,269.17447955424717,0.9031461296156174,8.901886872081376e-08,0,0.010114222334118163,0.007751657297257405,0.0002441370306769386,1.0006899232323194
0.0393125,78,physics,0,1748,33954.393553375034,392296.7712274337,467.9108689227058,426719.07564973144,5490.674273634477,0.0022185064995976994,24.397305252030133,269.2164701114487,0.9031439784320936,8.950000029983582e-08,0,0.010038382124447453,0.007804186551891659,0.0002441370306769386,1.0006901021696377
0.039375,78,physics,0,1748,33477.353693457975,398435.2472472301,478.0612786471146,432390.66221933515,5519.998061818902,0.002230354773845706,24.529205547698368,269.1921300499358,0.903150671893277,8.980291887894503e-08,0,0.009971260319801653,0.00785712380533861,0.0002441370306769386,1.000693501984763
0.0394375,78,physics,0,1748,33274.962495408705,404687.95472865883,480.56916298310256,438443.48638705065,5551.664270179921,0.0022431495027747097,24.66327389849111,269.23125089897553,0.903143178414923,9.005209022916468e-08,0,0.009901943960575236,0.007910253260902268,0.0002441370306769386,1.0006931441089428
0.0395,78,physics,0,1748,33339.58859951406,411032.6724586097,473.5263200593845,444845.7873781831,5585.621695980128,0.0022568699979256457,24.792804580334614,269.1935965572265,0.903143299127228,9.018444657726828e-08,0,0.00983666206101031,0.007963409269858583,0.0002441370306769386,1.0006931441089428
0.0395,79,refine,0,1887,33339.58859951406,411032.6724586096,473.5263200593845,444845.78737818304,5585.621695980128,0.0022568699979256457,24.792804580334614,269.1935965572265,0.903143299127228,9.018444657726828e-08,0,0.00983666206101031,0.007627253900619074,0.0002441370306769386,1.0006931441089428
0.0395625,79,physics,0,1887,33695.78672779699,417467.59562103555,463.7883627508738,451627.17071158346,5622.227487881765,0.002271660565190859,25.023222650717223,269.1934469667454,0.9031448795235875,9.04820147695773e-08,0,0.0097958561766053,0.007647907161992163,0.0002441370306769386,1.0006924283576861
0.039625,79,physics,0,1887,34352.77954491039,424000.00407823396,461.8117410054482,458814.59536414983,5661.632166311821,0.002287582022336473,25.138140984362977,269.17607220516317,0.9031435753166039,9.093887598510271e-08,0,0.009760052091829188,0.0076827274192328085,0.0002441370306769386,1.0006970807500053
0.0396875,79,physics,0,1887,35179.616804095334,430623.63137101685,471.0064178298829,466274.2545929421,5702.721197312946,0.0023041840420065175,25.265794481033666,269.1938059887511,0.9031430163687195,9.14413078589859e-08,0,0.009720793523843788,0.007736653022651514,0.0002441370306769386,1.000696543934403
0.03975,79,physics,0,1887,36159.54380092416,437341.58668559615,484.6809485488732,473985.8114350692,5745.2479403383295,0.0023213669691096867,25.41140116506668,269.21344648098056,0.903144644214859,9.217380991799476e-08,0,0.00969663868416622,0.007791187430451367,0.0002441370306769386,1.0006951124275383
0.0398125,79,physics,0,1887,37209.673345356074,444154.23809376627,491.5205517491105,481855.43199087144,5788.3763673673475,0.002338793006588639,25.567662649564067,269.00559286178134,0.9032089362147797,9.301362879909906e-08,0,0.009676139892509324,0.007846049849355888,0.0002441370306769386,1.000696543934403
0.039875,79,physics,0,1887,38296.47392184622,451061.12336221954,486.17375800050036,489843.7710420663,5831.763948670492,0.002356323755330401,25.72060283623484,269.0944894137683,0.9031776141911194,9.36231856485392e-08,0,0.009668958674915514,0.007900970727127586,0.0002441370306769386,1.0006999437714141
0.0399375,79,physics,0,1887,39246.2580104059,458002.51374478266,474.25639435858744,497723.0281495472,5874.029279701001,0.0023734010589400592,25.85632733322194,269.2001390096006,0.9031435718529714,9.412631385430358e-08,0,0.009643435106651716,0.007955939145382755,0.0002441370306769386,1.000702806801014
0.04,79,physics,0,1887,39425.142093558585,464803.73351976933,467.81934847514316,504696.69496180303,5910.106421274295,0.0023879780250980645,25.96960168727936,269.2078630446374,0.9031431470242796,9.456488925252429e-08,0,0.009631578526524633,0.008011126754817655,0.0002441370306769386,1.000703701499444
0.04,80,refine,0,2058,39425.142093558585,464803.7335197693,467.8193484751432,504696.694961803,5910.106421274295,0.002387978025098064,25.96960168727936,269.2078630446374,0.9031431470242796,9.456488925252429e-08,0,0.009631578526524633,0.007668705069873518,0.0002441370306769386,1.000703701499444
0.0400625,80,physics,0,2058,39224.94131005388,471667.8158092468,475.0837812872976,511367.84090058797,5943.543096756115,0.0024014881111404343,26.07232693677204,269.2065221436095,0.9031432971000134,9.481278695488982e-08,0,0.009583450438746194,0.007718089479072834,0.0002441370306769386,1.0007076381820383
0.040125,80,physics,0,2058,38852.838400257184,478637.665058066,491.8549953047541,517982.35845362797,5975.814156433875,0.0024145272302046267,26.193799359464492,269.2002736596059,0.9031429576070845,9.50593204152029e-08,0,0.009537478303541135,0.0077622136358523565,0.0002441370306769386,1.000711753821309
0.0401875,80,physics,0,2058,38473.73642626532,485725.4579934708,504.7064559179886,524703.9008756541,6008.137729697396,0.002427587567371759,26.31348525750823,269.20028836017156,0.9031442986514904,9.518179133749535e-08,0,0.009493496661452527,0.007755002131813276,0.0002441370306769386,1.0007140800596885
0.04025,80,physics,0,2058,38190.60433708584,492908.98139450606,503.7339641327766,531603.3196957246,6041.256999224826,0.0024409694055460922,26.43053428034036,269.2037834244299,0.9031440173567884,9.529080280401544e-08,0,0.009436308357931364,0.0078014968722685,0.0002441370306769386,1.0007142590013265
0.0403125,80,physics,0,2058,38140.24800148646,500195.66595457913,491.1592504536776,538827.0732065192,6076.347877393162,0.002455147872032516,26.553822699466618,269.2047821129912,0.903143379721343,9.568847936236572e-08,0,0.009378488973722574,0.007848380565454078,0.0002441370306769386,1.0007160484194642
0.040375,80,physics,0,2058,38311.87974923772,507577.2758648844,479.2040675120279,546368.3596816341,6113.450113877967,0.0024701390276858663,26.690317774912366,269.20489548494174,0.9031429925444562,9.578241844110376e-08,0,0.009329668456381007,0.007896683689209903,0.0002441370306769386,1.00071891149514
0.0404375,80,physics,0,2058,38785.06864103698,515056.69967602135,479.04285754800145,554320.8111746063,6153.346964803137,0.002486259347083391,26.836678140833477,269.20515495673595,0.9031449089742557,9.624793761986433e-08,0,0.009294522830307532,0.007935490480972225,0.0002441370306769386,1.000719627265339
0.0405,80,physics,0,2058,39545.76497747769,522632.0088751879,491.376290338193,562669.1501430038,6195.901601251249,0.0025034535445108558,26.978747678786,269.2082585169591,0.9031431619746844,9.644837994926553e-08,0,0.00926669181875288,0.007964595571182738,0.0002441370306769386,1.000723385067282
0.0405,81,refine,0,2228,39545.76497747769,522632.00887518784,491.37629033819303,562669.1501430038,6195.901601251249,0.0025034535445108558,26.978747678786,269.2082585169591,0.9031431619746844,5.07921193992899e-08,0,0.010664838546810131,0.007612832972213883,0.00012206893734401092,1.000723385067282
0.0405625,81,physics,0,2228,40523.9558723987,530349.2877725089,506.3115730429811,571379.5552179506,6240.528533990435,0.0025214850530915294,27.122637091211995,269.20321641251314,0.903144159802106,5.098496647093508e-08,0,0.010601980920615123,0.007663617989934494,0.00012206893734401092,1.000723385067282
0.040625,81,physics,0,2228,41686.994193902356,538185.0431050949,512.8794487773196,580384.9167477746,6286.733380681382,0.0025401541176836508,27.28477468078624,269.1713164987689,0.9031530319004002,5.134940916917675e-08,0,0.010547298138613851,0.00771541271421008,0.00012206893734401092,1.0007226692943956
0.0406875,81,physics,0,2228,42705.27306819023,546025.9909922567,507.8157624600486,589239.0798229069,6331.75181630877,0.002558343812985174,27.456291303978336,269.2167449204793,0.9031427829743626,5.1640672182884386e-08,0,0.010489452339254232,0.007767866082605962,0.00012206893734401092,1.0007255323890138
0.04075,81,physics,0,2228,43422.9359744494,553835.5664246066,498.7309993045724,597757.2333983605,6374.379155165159,0.002575567385831699,27.63010898770831,269.21539898700775,0.9031429801744565,5.1965836966871835e-08,0,0.010445732610020011,0.007820579297846457,0.00012206893734401092,1.0007260692201667
0.0408125,81,physics,0,2228,43807.57471159891,561650.1541923631,496.2324009360735,605953.9613048981,6414.4711442093485,0.0025917665507896983,27.794789484494146,269.2274403997627,0.9031449782806001,5.222689036799007e-08,0,0.010420756418531523,0.007873906227661332,0.00012206893734401092,1.0007278586594228
0.040875,81,physics,0,2228,43938.7438248505,569550.1621089247,504.12539399634795,613993.0313277716,6452.751729630848,0.0026072338182539824,27.9479264942067,269.21963406517193,0.903142823234237,5.2527558747073124e-08,0,0.010415613837391815,0.00792797165047931,0.00012206893734401092,1.0007300059907538
0.0409375,81,physics,0,2228,43800.514079983666,577517.4003227672,516.6881748360738,621834.602577587,6489.033885571654,0.0026218936204418066,28.085219032847085,269.2221305085355,0.9031428671555014,5.274723768877724e-08,0,0.010409951011747862,0.007982715818549294,0.00012206893734401092,1.000731974381855
0.041,81,physics,0,2228,43489.296892560815,585578.1863345967,524.4997574242079,629591.9829845817,6524.001658442006,0.002636022346249556,28.207654634536166,269.2143173107024,0.9031434372430024,5.2896553803805005e-08,0,0.010400045780567283,0.008038483936109625,0.00012206893734401092,1.0007351953938264
0.041,82,refine,0,2382,43489.296892560815,585578.1863345967,524.4997574242079,629591.9829845817,6524.001658442006,0.002636022346249556,28.207654634536166,269.2143173107024,0.9031434372430024,5.2896553803805005e-08,0,0.010760902308305098,0.007610729881341072,0.00012206893734401092,1.0007351953938264
0.0410625,82,physics,0,2382,43168.94318996738,593741.0314155682,523.1605720452089,637433.1351775809,6558.990635353684,0.002650159639542744,28.316449140282216,269.20708631211244,0.9031448571498122,5.2973335940009634e-08,0,0.01059214698401483,0.007663060874012348,0.00012206893734401092,1.0007377006325273
0.041125,82,physics,0,2382,42973.76180685585,602017.0470719202,516.222924401589,645507.0318031778,6595.094450470184,0.0026647473831208496,28.43196371887658,269.2082852773367,0.9031451510921775,5.3019988843772225e-08,0,0.010420656362402667,0.0077158248219623676,0.00012206893734401092,1.0007396690387635
0.0411875,82,physics,0,2382,42951.53482439221,610401.4454558692,511.06145616549486,653864.0417364269,6632.779964352811,0.002679974211956127,28.5546156791721,269.21483145828785,0.9031446714433864,5.312345452423991e-08,0,0.010268317339884592,0.007768664546942655,0.00012206893734401092,1.000741458502338
0.04125,82,physics,0,2382,43163.15354468561,618892.6895658472,512.081979449868,662567.9250899826,6672.607673649152,0.002696066594678753,28.68453808099939,269.2140115766239,0.9031448813636083,5.3258530918753864e-08,0,0.01009730120152414,0.007821557058042142,0.00012206893734401092,1.0007445005977582
0.0413125,82,physics,0,2382,43721.359537439006,627486.8130624469,518.1366000223024,671726.3091999082,6715.533979213732,0.00271341096497705,28.822465748787092,269.2297228200955,0.9031452578962812,5.34427937459725e-08,0,0.009951616502602045,0.007874668277305194,0.00012206893734401092,1.0007450374390863
0.041375,82,physics,0,2382,44499.117944437276,636152.3265370067,524.7168342956818,681176.1613157396,6760.42660992442,0.002731549828798954,28.956656525616108,269.2082857846668,0.9031431826227005,5.36734896527946e-08,0,0.009820958095379523,0.007928325547544605,0.00012206893734401092,1.000747721650047
0.0414375,82,physics,0,2382,45422.52836774978,644831.3250181352,528.6118250230104,690782.465210908,6806.603115951288,0.00275020744234449,29.07480922851947,269.19701856550023,0.903148125598991,5.3881502815045243e-08,0,0.00968985746709988,0.007982929562215151,0.00012206893734401092,1.0007500479720368
0.0415,82,physics,0,2382,46358.27395833282,653476.9589320049,530.026279233539,700365.2591695712,6852.895049530416,0.0027689116943883474,29.163504049243567,269.21271952391584,0.903144367337741,5.421856874576751e-08,0,0.009556284995742542,0.008038004509412852,0.00012206893734401092,1.0007539848369544
0.0415,83,refine,0,2562,46358.27395833283,653476.9589320048,530.026279233539,700365.2591695711,6852.895049530416,0.0027689116943883474,29.163504049243567,269.21271952391584,0.903144367337741,5.421856874576751e-08,0,0.009556284995742542,0.007596601470391516,0.00012206893734401092,1.0007539848369544
0.0415625,83,physics,0,2562,47205.691366388186,662282.3356270499,530.6599484412001,710018.6869418793,6898.875651368697,0.002787490152872299,29.249787979317333,269.24009537205825,0.9031435494088204,5.4589200271237933e-08,0,0.009419518073885566,0.007652806588841098,0.00012206893734401092,1.000754342734533
0.041625,83,physics,0,2562,47861.978590913495,671168.5165027531,532.1590107808139,719562.6541044475,6943.411999637047,0.0028054850608152265,29.364095087110126,269.22133877028665,0.9031429148478488,5.482186393734869e-08,0,0.009272818237131226,0.007709467363216863,0.00012206893734401092,1.0007539848369544
0.0416875,83,physics,0,2562,48312.67321049229,680136.1878660652,533.6195982129054,728982.4806747703,6986.409595373549,0.002822858235916923,29.491024118795547,269.1990199415058,0.9031443014326885,5.5097812090565426e-08,0,0.009123418202050076,0.007766349137878745,0.00012206893734401092,1.0007557743261275
0.04175,83,physics,0,2562,48484.26971830441,689184.7127478621,534.7883425917058,738203.7708087582,7027.288046860325,0.0028393751709547997,29.627789159538253,269.21269008853596,0.9031434315393182,5.5380133812121905e-08,0,0.00895358255405848,0.007823553918529283,0.00012206893734401092,1.0007584585658869
0.0418125,83,physics,0,2562,48406.846133561,698295.902961489,536.5596868204649,747239.3087818705,7066.287988345204,0.0028551330941708154,29.7740406916706,269.2164306155826,0.9031436053847982,5.5521882202924664e-08,0,0.008785223349683772,0.007881061237760618,0.00012206893734401092,1.0007582796163457
0.041875,83,physics,0,2562,48117.60787818597,707471.4120282107,540.3387577516012,756129.3586641483,7103.6752668898735,0.0028702394210477827,29.927657783651295,269.22485287831955,0.9031431677893222,5.563093141702787e-08,0,0.008586776055039172,0.00793915244199419,0.00012206893734401092,1.0007593533140733
0.0419375,83,physics,0,2562,47831.626434016536,716713.979827059,545.7351858555546,765091.341446931,7141.157340078953,0.002885384049689311,30.074443179713395,269.2240521048212,0.9031429821725225,5.57156858427277e-08,0,0.0083877538485757,0.007997577999924404,0.00012206893734401092,1.0007620375634323
0.042,83,physics,0,2562,47572.0768619394,726000.1462791974,549.6466950104984,774121.8698361473,7178.861243649002,0.0029006183088755013,30.202405211850213,269.2291541833276,0.9031434567675372,5.572470129777687e-08,0,0.008193067115414674,0.00805652073837489,0.00012206893734401092,1.000762395463891
0.042,84,refine,0,2702,47572.0768619394,726000.1462791974,549.6466950104984,774121.8698361473,7178.861243649001,0.0029006183088755013,30.202405211850213,269.2291541833276,0.9031434567675372,5.572470129777687e-08,0,0.008193067115414674,0.0075574321660682175,0.00012206893734401092,1.000762395463891
0.0420625,84,physics,0,2702,47545.21318308702,735528.1100570946,548.9911496689859,783622.3143898506,7218.860632121117,0.0029167800585509994,30.329612405968902,269.21789557790066,0.9031441601962272,5.5777476859475335e-08,0,0.008004762210194308,0.007612677275467142,0.00012206893734401092,1.000765974475516
0.042125,84,physics,0,2702,47755.589227384764,745147.6566955422,544.5460465288008,793447.7919694558,7260.978072226805,0.002933797606823034,30.49947674389858,269.21428844967124,0.9031431462702969,5.5871172577326447e-08,0,0.007821766608320851,0.007668431923079181,0.00012206893734401092,1.0007656165737773
0.0421875,84,physics,0,2702,48248.85317810295,754871.475202535,541.6677000648501,803661.9960807029,7305.67511619649,0.002951857443833531,30.689549476034983,269.2106102374958,0.903143395811654,5.607290098907921e-08,0,0.007643894852768896,0.007724376024672549,0.00012206893734401092,1.0007674060837497
0.04225,84,physics,0,2702,48952.336615721826,764644.4621030082,546.0800229304843,814142.8787416605,7352.385567471213,0.0029707307979101724,30.882674610695055,269.23219921386544,0.9031444494161085,5.630564459124799e-08,0,0.007484115181096639,0.00778050480709322,0.00012206893734401092,1.0007690166454608
0.0423125,84,physics,0,2702,49819.34008405599,774480.2121041699,558.0679759999775,824857.6201642259,7400.672306105687,0.002990241050771778,31.068958086413737,269.2451901654533,0.9031430782351751,5.6580621077273476e-08,0,0.007318866030638333,0.007837078728483854,0.00012206893734401092,1.0007697324514975
0.042375,84,physics,0,2702,50753.283109738375,784393.2370802946,570.9703994831887,835717.4905895162,7449.604691131202,0.0030100121770085496,31.247868426283663,269.23442087393175,0.9031431687409496,5.684514370329911e-08,0,0.007153108695220153,0.007894395262451928,0.00012206893734401092,1.0007747431080911
0.0424375,84,physics,0,2702,51666.18264171957,794354.8967789055,576.3920604188104,846597.471481044,7498.335212186422,0.0030297017401278853,31.40412471220431,269.20770844876864,0.9031442800882337,5.7158670685453256e-08,0,0.006985217394109395,0.007952363430637637,0.00012206893734401092,1.0007765326343832
0.0425,84,physics,0,2702,52457.14751455349,804367.4514002552,571.5008272541613,857396.0997420629,7546.009790097241,0.0030489646495040447,31.51724446529114,269.2266381009974,0.9031432999114325,5.751588361135871e-08,0,0.006822845925858585,0.008010727385763448,0.00012206893734401092,1.0007810064641125
0.0425,85,refine,0,2878,52457.147514553486,804367.4514002551,571.5008272541612,857396.0997420627,7546.009790097243,0.003048964649504045,31.51724446529114,269.2266381009974,0.9031432999114325,4.2611916217794e-08,0,0.008637181297864765,0.007511151373035972,0.00012206893734401092,1.0007810064641125
0.0425625,85,physics,0,2878,52940.87563443373,814549.9007144917,563.0740990220489,868053.8504479475,7591.554003190034,0.0030673667851432024,31.60564889708132,269.22593348650577,0.9031430906580017,4.270095432801212e-08,0,0.008632691079928903,0.007566470814550144,0.00012206893734401092,1.0007845855422957
0.042625,85,physics,0,2878,53151.512946817864,824816.4301131626,561.4399850934043,878529.383045074,7635.107907352168,0.0030849647366141663,31.72818390314588,269.22504385271304,0.9031431244400565,4.272959275297694e-08,0,0.008616957757127947,0.007621909624826022,0.00012206893734401092,1.000786196131654
0.0426875,85,physics,0,2878,53032.20165498962,835148.5157092517,571.2580450652919,888751.9754093067,7676.22328487008,0.00310157740158521,31.874436765832325,269.21282231544035,0.9031438989004098,4.279645304805522e-08,0,0.008616636755938534,0.007677704042568518,0.00012206893734401092,1.0007883435881637
0.04275,85,physics,0,2878,52744.03927998604,845561.6891424163,586.8791311116308,898892.6075535141,7716.131617281701,0.0031177023600724597,32.02625734778895,269.22711511885245,0.9031428811511155,4.280666043854366e-08,0,0.008603257215349444,0.007734273873808469,0.00012206893734401092,1.000791206870678
0.0428125,85,physics,0,2878,52394.897045894104,856048.5824559439,597.1653584868252,909040.6448603248,7755.584016533365,0.0031336430987997143,32.18657230968781,269.2267158368443,0.9031433047495244,4.275467713199539e-08,0,0.008579430947312021,0.007791625909377955,0.00012206893734401092,1.000795143897511
0.042875,85,physics,0,2878,52103.04664749089,866594.1927639185,595.1344097472452,919292.3738211567,7795.470916346725,0.0031497593974420058,32.36258322486021,269.2290410885664,0.9031428704258675,4.263232877832482e-08,0,0.008534491926504448,0.00784916692293598,0.00012206893734401092,1.0007972913732206
0.0429375,85,physics,0,2878,52006.150465475985,877191.689561004,584.5548559582323,929782.3948824382,7836.983820457295,0.003166532682991949,32.5334666620707,269.2468063795047,0.9031432666667106,4.261317165799034e-08,0,0.008516659744877378,0.007906732601550628,0.00012206893734401092,1.0007996178104392
0.043000000000000003,85,physics,0,2878,52190.829182790156,887831.7355002195,576.1107076965169,940598.6753907062,7880.965053659134,0.00318430329671504,32.6661862628187,269.2323730587317,0.9031431001990151,4.26500852412914e-08,0,0.008512843362188414,0.00796461569881524,0.00012206893734401092,1.0008017652957488
0.043000000000000003,86,refine,0,3026,52190.82918279015,887831.7355002195,576.1107076965168,940598.6753907062,7880.965053659133,0.00318430329671504,32.6661862628187,269.2323730587317,0.9031431001990151,4.26500852412914e-08,0,0.008512843362188414,0.007620965149240009,0.00012206893734401092,1.0008017652957488
0.043062500000000004,86,physics,0,3026,52632.867906948886,898713.9229207565,578.8589143260558,951925.6497420315,7927.681703217918,0.0032031791552014177,32.77448342492621,269.23162596595364,0.9031432295576052,4.27244430944996e-08,0,0.008513338091128786,0.007675755730531923,0.00012206893734401092,1.0008024811252094
0.043125000000000004,86,physics,0,3026,53372.09968718852,909724.9610690034,592.586384844896,963689.6471410368,7977.179949243512,0.0032231789175200254,32.917615525426434,269.2473861052745,0.9031429644615859,4.273779463659368e-08,0,0.008507739472715473,0.007730604784505321,0.00012206893734401092,1.0008026600826545
0.043187500000000004,86,physics,0,3026,54297.568728272236,920870.5308352951,607.8030706375739,975775.902634205,8028.390012421862,0.0032438703394275675,33.06864165391524,269.2415125734422,0.9031437431484022,4.2796195920402565e-08,0,0.008493432204862168,0.007785751393623259,0.00012206893734401092,1.000805702364118
0.043250000000000004,86,physics,0,3026,55340.83459067841,932117.4817159439,614.1844830203038,988072.5007896427,8080.614395418045,0.003264971597180454,33.20576377577254,269.248604410679,0.9031428937601963,4.2925139887017816e-08,0,0.008427748150484169,0.007841195046444784,0.00012206893734401092,1.0008089236133944
0.043312500000000004,86,physics,0,3026,56379.752281658795,943441.5166337546,609.5399839039676,1000430.8088993174,8132.79564952002,0.0032860554287073226,33.33732170072378,269.236989300616,0.9031434986397265,4.308304824007793e-08,0,0.00836254514743953,0.007897234095282915,0.00012206893734401092,1.0008125027914172
0.043375000000000004,86,physics,0,3026,57196.22643850027,954794.243774819,601.67071044978,1012592.140923769,8183.184764606009,0.0033064151466073834,33.48410100834533,269.22211337549373,0.9031430454049042,4.3119479542497194e-08,0,0.008297953048927461,0.007953869822468667,0.00012206893734401092,1.0008137555067493
0.043437500000000004,86,physics,0,3026,57723.996885293716,966172.5122787195,600.8881023250012,1024497.3972663382,8231.33560167291,0.0033258704884508716,33.61301567414495,269.2387287611329,0.9031428239023312,4.310371259919076e-08,0,0.008227505107365135,0.008010924361819839,0.00012206893734401092,1.0008148292639962
0.043500000000000004,86,physics,0,3026,57908.98700131103,977528.2885337409,611.0663962332342,1036048.3419312852,8276.829973699954,0.003344252485804631,33.702101914761876,269.24491122362014,0.903142902952709,4.3085700340839086e-08,0,0.008144511839226602,0.00806809837530239,0.00012206893734401092,1.0008166188619678
0.043500000000000004,87,refine,0,3150,57908.987001311034,977528.288533741,611.0663962332342,1036048.3419312853,8276.829973699954,0.0033442524858046307,33.702101914761876,269.24491122362014,0.903142902952709,4.3085700340839086e-08,0,0.008519907500067236,0.00753946240655563,0.00012206893734401092,1.0008166188619678
0.043562500000000004,87,physics,0,3150,57770.528773955564,989125.7087634825,626.4265672204197,1047522.6641046584,8320.216321664477,0.0033617827362013,33.79278555719983,269.213910453591,0.903147366827699,4.306573231360736e-08,0,0.008519523871762672,0.007567435996188328,0.00012206893734401092,1.0008185874234325
0.043625000000000004,87,physics,0,3150,57449.753083467134,1000788.2869362527,637.7400830962463,1058875.7801028162,8362.201897234241,0.003378747004618434,33.93719329757228,269.2272530834344,0.9031444255454713,4.30432436360207e-08,0,0.008518986329796824,0.00759525250113805,0.00012206893734401092,1.0008230614411617
0.043687500000000004,87,physics,0,3150,57022.90754927814,1012506.2287432645,639.0533249946732,1070168.1896175372,8403.341487018408,0.003395369452542543,34.094070281990305,269.22485915669864,0.9031443755760418,4.293827382539922e-08,0,0.008202385971992996,0.007623655806806951,0.00012206893734401092,1.0008259248230047
0.043750000000000004,87,physics,0,3150,56647.08382694917,1024274.1757383919,633.3094172216328,1081554.5689825627,8444.951504229462,0.0034121819766300436,34.258533947667594,269.253195427746,0.9031440065247848,4.284057952830267e-08,0,0.007897379262713958,0.007664568749997972,0.00012206893734401092,1.000827893402774
0.043812500000000004,87,physics,0,3150,56513.913998417614,1036161.982577129,628.4639024680016,1093304.3604780147,8488.707338516144,0.0034298615179369444,34.42978144593852,269.2507669073621,0.9031430019300697,4.279457543887585e-08,0,0.007610385815868692,0.007709180985014121,0.00012206893734401092,1.0008275354788916
0.043875000000000004,87,physics,0,3150,56660.307299796244,1048120.4891293065,630.1358245681558,1105410.9322536709,8534.976494436734,0.003448556566651318,34.58977685525986,269.2368329586695,0.903143634403518,4.2699166424853235e-08,0,0.0073273441288284925,0.00775403180967958,0.00012206893734401092,1.0008300409487565
0.043937500000000004,87,physics,0,3150,57168.54475319872,1060204.509079128,637.6673235145156,1118010.7211558414,8584.433822652954,0.0034685397961270884,34.69916033825523,269.2467278589283,0.9031443270050892,4.2653149900928664e-08,0,0.007047830371035826,0.007799001845218726,0.00012206893734401092,1.0008321884993472
0.044,87,physics,0,3150,58011.4664608091,1072341.1405852954,646.0929247234324,1130998.699970828,8636.784362780076,0.003489692027649491,34.76600789592349,269.2613511249279,0.9031440901277858,4.262608799265871e-08,0,0.006775285584053436,0.007843915117041278,0.00012206893734401092,1.000834336054546
0.044,88,refine,0,3358,58011.4664608091,1072341.1405852954,646.0929247234324,1130998.699970828,8636.784362780076,0.003489692027649491,34.76600789592349,269.2613511249279,0.9031440901277858,4.262608799265871e-08,0,0.008316176807584511,0.007631512800945333,0.0001220685153384693,1.000834336054546
0.0440625,88,physics,0,3358,59046.25499542114,1084871.4682122974,651.7503944270438,1144569.4736021454,8691.304001868,0.003511720683434796,34.83177800846359,269.22157426986064,0.9031436215435803,4.2647039677490357e-08,0,0.008347111632886418,0.007687504872690124,0.0001220685153384693,1.000835767760572
0.044125,88,physics,0,3358,60221.42691369428,1097527.1638233508,654.1360655138792,1158402.7268025589,8747.086375510113,0.003534259547018885,34.927439525719514,269.24424197877204,0.9031441730957931,4.272725018239506e-08,0,0.008272156574949459,0.0077437847732913035,0.0001220685153384693,1.0008370205050245
0.0441875,88,physics,0,3358,61316.83054351418,1110246.202508405,655.3419449297674,1172218.3749968489,8802.28318357886,0.003556561812883455,35.03499848210953,269.26145394691076,0.9031432318971884,4.268374720339809e-08,0,0.008095912154232296,0.007800650636756414,0.0001220685153384693,1.0008397049627036
0.04425,88,physics,0,3358,62212.91651678423,1123029.945300904,657.8277142163755,1185900.6895319046,8855.928595714757,0.0035782372373424653,35.17926199318403,269.23564537853775,0.9031428561696411,4.267468511898182e-08,0,0.007878140830637679,0.007857789780609165,0.0001220685153384693,1.000838631178768
0.0443125,88,physics,0,3358,62727.981209730744,1135776.9230925865,663.4102808228077,1199168.31458314,8906.541617052313,0.003598687424540565,35.34497675573808,269.2358459160335,0.9031429318710823,4.264463493441901e-08,0,0.007646154250148792,0.007915383979591888,0.0001220685153384693,1.0008414946051563
0.044375,88,physics,0,3358,62884.05885827174,1148499.5157746575,671.6409942801747,1212055.2156272093,8954.303177646801,0.0036179854792522384,35.48415316549565,269.24507836338427,0.9031435424363465,4.251429075452512e-08,0,0.007390225366845259,0.007973525136705345,0.0001220685153384693,1.000845431829817
0.0444375,88,physics,0,3358,62700.20637718894,1161163.0808871104,680.9375692087542,1224544.224833508,8999.338087621225,0.0036361818309909033,35.58965770805083,269.2328693176667,0.9031430604438389,4.236172745919481e-08,0,0.007121966073232567,0.008031781347681309,0.0001220685153384693,1.0008482952756623
0.0445,88,physics,0,3358,62258.256788007355,1173755.1145644083,689.4519749259742,1236702.8233273418,9042.257127559633,0.0036535232656134597,35.67353559169705,269.24449696362245,0.9031431410895719,4.2249082454759446e-08,0,0.0068750416742010085,0.008090394807465168,0.0001220685153384693,1.0008488321726703
0.0445,89,refine,0,3614,62258.25678800735,1173755.1145644085,689.4519749259742,1236702.823327342,9042.257127559633,0.00365352326561346,35.67353559169705,269.24449696362245,0.9031431410895719,4.2249082454759446e-08,0,0.007641416647227703,0.007614412144938785,0.0001220685153384693,1.0008488321726703
0.0445625,89,physics,0,3614,61774.603672390076,1186789.307304372,695.1652785698176,1249259.076255332,9085.495670175182,0.0036709937952584945,35.74288895731758,269.2560621077045,0.9031432324164066,4.205453274508387e-08,0,0.007545571025769361,0.0076508398432081435,0.0001220685153384693,1.000851695628244
0.044625,89,physics,0,3614,61392.806970162084,1199982.1842983572,697.1123808086097,1262072.103649328,9129.690965969494,0.003688850900949111,35.84041225982921,269.2422090403563,0.9031426965529563,4.1861457855674255e-08,0,0.00746250548180703,0.007687501840161484,0.0001220685153384693,1.0008534852921378
0.0446875,89,physics,0,3614,61274.976344514514,1213329.5308676115,695.1910269636046,1275299.6982390895,9176.239872094207,0.0037076589827067124,35.968932875353644,269.23996933752284,0.903143047216735,4.1669097061713995e-08,0,0.0074089901935951875,0.007724582437972754,0.0001220685153384693,1.0008561697939788
0.04475,89,physics,0,3614,61537.56527993135,1226903.8874848685,692.4871638065691,1289133.9399286064,9226.179217416739,0.0037278369711509795,36.13151365643656,269.247317125826,0.9031428278774989,4.160910904715822e-08,0,0.007334847875692833,0.007762132276697286,0.0001220685153384693,1.000858317400636
0.0448125,89,physics,0,3614,62146.1132620573,1240636.472803261,693.3768790329617,1303475.9629443511,9279.282429031504,0.0037492933195214205,36.29779281489463,269.24833028300264,0.903143581038803,4.14197285358852e-08,0,0.007268240814025957,0.007799926737672265,0.0001220685153384693,1.0008581384332387
0.044875,89,physics,0,3614,63090.851696690996,1254536.51347738,700.8485077352326,1318328.213681806,9335.455410954013,0.0037719900083412437,36.46146018466865,269.24469807058597,0.9031436506663421,4.136458064962757e-08,0,0.007183421601924751,0.007837811058469923,0.0001220685153384693,1.0008588543030204
0.0449375,89,physics,0,3614,64275.10311823557,1268533.4950768142,713.8878008007523,1333522.4859958505,9393.792680580753,0.0037955611774372813,36.625586804560506,269.24081512059604,0.9031435526232252,4.1312640863822065e-08,0,0.007108878176580618,0.007875717766003964,0.0001220685153384693,1.0008627915959725
0.045,89,physics,0,3614,65515.735443967504,1282580.286144359,727.0324517610788,1348823.0540400876,9452.634030818408,0.0038193360202672883,36.78202049745502,269.241383458146,0.9031433762579719,4.12009946160197e-08,0,0.007019437789005308,0.007913654065584714,0.0001220685153384693,1.000862970564202
0.045,90,refine,0,3898,65515.735443967504,1282580.286144359,727.032451761079,1348823.0540400876,9452.634030818408,0.003819336020267289,36.78202049745502,269.241383458146,0.9031433762579719,4.12009946160197e-08,0,0.005535914648297211,0.007613904584975548,6.103446867200546e-05,1.000862970564202
0.0450625,90,physics,0,3898,66686.1488033373,1296832.1884073073,734.6791260516021,1364253.016336696,9511.183103846533,0.003842992768515633,36.91466355893261,269.2470138248855,0.9031431138408081,4.1273075623848894e-08,0,0.005539357536514333,0.007669237712264828,6.103446867200546e-05,1.0008645812797075
0.045125,90,physics,0,3898,67561.84365015966,1311115.470610725,737.4679394142134,1379414.782200299,9567.391991920256,0.0038657039652216073,37.05852231222217,269.2574258919013,0.9031431344676027,4.1103060510749935e-08,0,0.005548264616207654,0.007724556123831846,6.103446867200546e-05,1.0008652971540977
0.0451875,90,physics,0,3898,68102.5778629318,1325408.5090962579,740.6794449212272,1394251.766404111,9621.02299665053,0.003887373568366581,37.225926486635046,269.2610962526481,0.9031434332511988,4.090543370693921e-08,0,0.005547419756271172,0.007780573002099845,6.103446867200546e-05,1.0008676237494014
0.04525,90,physics,0,3898,68208.14171615943,1339700.809253827,750.6839987780381,1408659.6349687644,9671.321922147012,0.0039076968451596025,37.38408010378996,269.25007694868117,0.9031444005266455,4.062442382490868e-08,0,0.005579685394057411,0.007837254449494627,6.103446867200546e-05,1.00087245592616
0.0453125,90,physics,0,3898,67937.69389041654,1354012.6618100624,768.6893784584003,1422719.0450789372,9718.753664707556,0.003926861636914435,37.522813492743836,269.25208916760687,0.9031428388268962,4.0398723477608214e-08,0,0.0056209281800187055,0.007894196111371498,6.103446867200546e-05,1.000874245627176
0.045375,90,physics,0,3898,67494.09522120064,1368401.5347627453,788.2341600337209,1436683.8641439797,9764.87116607327,0.0039454954096149715,37.647818478917365,269.2513485897533,0.903143055035604,4.001827802468935e-08,0,0.005653148251883206,0.007951114900668308,6.103446867200546e-05,1.000877825038809
0.0454375,90,physics,0,3898,67035.27534219454,1382859.7363057677,799.0970053778044,1450694.10865334,9810.84373011975,0.003964070620399525,37.744840722781305,269.2536779600941,0.9031430919183474,3.968079020921773e-08,0,0.005668713096733151,0.008008452618891748,6.103446867200546e-05,1.0008797937206637
0.0455,90,physics,0,3898,66730.51256326093,1397399.8956637597,796.1847330438658,1464926.5929600645,9858.030810437851,0.003983136556385209,37.78296400953206,269.2488007382755,0.9031427326833797,3.9360060100079784e-08,0,0.005680706679679086,0.008066531108843547,6.103446867200546e-05,1.000884983900478
0.0455,91,refine,1,4096,66730.51256326093,1397399.89566376,796.1847330438658,1464926.5929600648,9858.030810437851,0.003983136556385209,37.78296400953206,269.2488007382755,0.9031427326833797,3.9360060100079784e-08,0,0.005680706679679086,0.007811014520458091,6.103446867200546e-05,1.000884983900478
0.0455625,91,physics,1,4096,61505.558331082706,1402647.2804300082,776.7542196091222,1464929.5929807,9858.030810437851,0.003983136556385209,37.76228850769306,264.76596264812,0.9047469369060845,3.9040715549276663e-08,0,0.005706639902916654,0.007849505527387354,6.103446867200546e-05,1.0008865946514103
0.045625,91,physics,1,4096,56526.11485234006,1407655.7748252247,753.9453645142115,1464935.8350420787,9858.030810437851,0.003983136556385209,37.70869674480206,259.1564156600104,0.9067693302898199,3.866762554594059e-08,0,0.0057291203171097186,0.007888335391622796,6.103446867200546e-05,1.0008887423233521
0.0456875,91,physics,1,4096,51770.7485734128,1412422.0908852476,748.081420142618,1464940.9208788031,9858.030810437851,0.003983136556385209,37.596846651601666,252.06735861559233,0.909319611502738,3.832374684265007e-08,0,0.005764345712124769,0.007927641543657118,6.103446867200546e-05,1.0008921428133515
0.04575,91,physics,1,4096,47232.710237888336,1416949.6905217501,764.7775178759011,1464947.1782775144,9858.030810437851,0.003983136556385209,37.45250951718896,243.6442400202624,0.9123498785873975,3.802538284247695e-08,0,0.005783688521132882,0.007967300000881831,6.103446867200546e-05,1.0008925007603393
0.0458125,91,physics,1,4096,42927.10865601513,1421241.590841841,787.9351237067106,1464956.634621563,9858.030810437851,0.003983136556385209,37.34939758724795,234.44268006653002,0.9156603171558907,3.750346166953015e-08,0,0.00579647525578736,0.008007186389920477,6.103446867200546e-05,1.0008939325495705
0.045875,91,physics,1,4096,38874.36744017505,1425301.2341860174,794.4378868968377,1464970.0395130892,9858.030810437851,0.003983136556385209,37.23443026831038,225.2089783060596,0.9189821426312517,3.7046851808497616e-08,0,0.005823936532707491,0.00805418725020732,6.103446867200546e-05,1.000896080237258
0.0459375,91,physics,1,4096,35082.171245837715,1429129.5457765367,772.9438929771891,1464984.6609153517,9858.030810437851,0.003983136556385209,37.128137942985084,216.68340733204954,0.9220492180014663,3.643510027018237e-08,0,0.005827335706167367,0.008111497261233957,6.103446867200546e-05,1.0008989438280096
0.046,91,physics,1,4096,31539.29248578488,1432724.423115151,733.4794501629622,1464997.195051099,9858.030810437851,0.003983136556385209,37.017507985137875,209.4095833743987,0.9246661421857318,3.5786848151531136e-08,0,0.005698501767932232,0.008169134451358506,6.103446867200546e-05,1.000901449476638
0.046,92,refine,1,4096,31539.29248578488,1432724.423115151,733.4794501629622,1464997.195051099,9858.030810437851,0.003983136556385209,37.017507985137875,209.4095833743987,0.9246661421857318,3.5786848151531136e-08,0,0.005698501767932232,0.008169134451358506,6.103446867200546e-05,1.000901449476638
0.0460625,92,physics,1,4096,28227.36115738011,1436083.5754694347,698.1312432053284,1465009.0678700202,9858.030810437851,0.003983136556385209,36.88449234301823,203.59219749174437,0.926759121859449,3.521517299986963e-08,0,0.00536239222108719,0.008227159987054146,6.103446867200546e-05,1.0009043130827513
0.046125,92,physics,1,4096,25141.104241473942,1439201.237531568,680.0426568989716,1465022.3844299407,9858.030810437851,0.003983136556385209,36.74194184474005,199.04894157608697,0.9283934881880713,3.461736497456522e-08,0,0.005034610921353311,0.008285335542667083,6.103446867200546e-05,1.0009052079613419
0.0461875,92,physics,1,4096,22293.680887800394,1442070.5028383997,674.3202248048889,1465038.503951005,9858.030810437851,0.003983136556385209,36.592827407212376,195.2420750748571,0.9297630957240431,3.399839343387609e-08,0,0.004707898548866215,0.008343406270864065,6.103446867200546e-05,1.0009052079613419
0.04625,92,physics,1,4096,19702.90657281773,1444685.3021506653,668.3534319790498,1465056.562155462,9858.030810437851,0.003983136556385209,36.424228944733706,191.43339025133895,0.9311332790930312,3.338681331399589e-08,0,0.004403167577063263,0.008401376254765872,6.103446867200546e-05,1.0009057448888803
0.0463125,92,physics,1,4096,17374.035089549223,1447042.615029425,657.905454856215,1465074.5555738301,9858.030810437851,0.003983136556385209,36.24491541255848,186.85620785785628,0.9327799100388413,3.269471271494237e-08,0,0.004103084725719439,0.008459377961830475,6.103446867200546e-05,1.0009082505545346
0.046375,92,physics,1,4096,15293.152022279828,1449143.1525091971,653.6141971556754,1465089.9187286326,9858.030810437851,0.003983136556385209,36.06372284392981,180.9111022794836,0.9349187326216297,3.214141841567649e-08,0,0.0038000635201649517,0.008517475161924623,6.103446867200546e-05,1.0009091454366454
0.0464375,92,physics,1,4096,13438.76943373353,1450992.3778089285,671.3264206578701,1465102.4736633198,9858.030810437851,0.003983136556385209,35.87182037368554,173.30904117726718,0.9376536893761334,3.142294602298536e-08,0,0.0035007499861833733,0.008575650563964296,6.103446867200546e-05,1.000911114180106
0.0465,92,physics,1,4096,11802.557898432347,1452597.9653192002,714.1618802008844,1465114.6850978334,9858.030810437851,0.003983136556385209,35.673368409936835,164.14438300060533,0.9409506741215073,3.0726427624472354e-08,0,0.003211414592253334,0.00863371144599494,6.103446867200546e-05,1.0009116511108125
0.0465,93,refine,1,4096,11802.557898432347,1452597.9653192002,714.1618802008844,1465114.6850978334,9858.030810437851,0.003983136556385209,35.673368409936835,164.14438300060533,0.9409506741215073,3.0726427624472354e-08,0,0.003211414592253334,0.00863371144599494,6.103446867200546e-05,1.0009116511108125
0.0465625,93,physics,1,4096,10397.086805717981,1453967.3181243667,764.1163727889958,1465128.5213028737,9858.030810437851,0.003983136556385209,35.484374036409875,153.8715093711308,0.9446461600949987,2.991101943905508e-08,0,0.0029285702618194734,0.00869159576542311,6.103446867200546e-05,1.00091397781387
0.046625,93,physics,1,4096,9241.5839507399,1455106.906813471,795.1218531694509,1465143.6126173805,9858.030810437851,0.003983136556385209,35.299082416770474,143.19166246576782,0.9484882366996393,2.9189098249560208e-08,0,0.0026425445938657744,0.008749317593236708,6.103446867200546e-05,1.0009143357686667
0.0466875,93,physics,1,4096,8342.815725593242,1456022.113398429,793.2682069922362,1465158.1973310143,9858.030810437851,0.003983136556385209,35.14100165108664,132.90847794762124,0.9521863549118496,2.8305589871990786e-08,0,0.002337083366358797,0.008806863784905344,6.103446867200546e-05,1.000915588611463
0.04675,93,physics,1,4096,7689.49968507415,1456715.4128319668,765.7181359672959,1465170.6306530084,9858.030810437851,0.003983136556385209,34.976400322783995,123.87761424055077,0.9554353552856583,2.7472569996689315e-08,0,0.0020470861612133687,0.008864201984843157,6.103446867200546e-05,1.000915588611463
0.0468125,93,physics,1,4096,7262.372716094125,1457186.713050553,731.7468271673969,1465180.8325938147,9858.030810437851,0.003983136556385209,34.807162555088304,116.3078780149781,0.9581586152468857,2.5574410145168582e-08,0,0.001729004362542211,0.008921246349721886,6.103446867200546e-05,1.000917736345619
0.046875,93,physics,1,4096,7052.697242810998,1457433.9014061633,705.0664267193076,1465191.6650756937,9858.030810437851,0.003983136556385209,34.62854016449789,110.21651156904584,0.96034994344945,2.1101445035754033e-08,0,0.0014138230269885271,0.008978129236031668,6.103446867200546e-05,1.0009188102144253
0.0469375,93,physics,1,4096,7069.821491746876,1457451.7446734856,683.7552408640389,1465205.3214060967,9858.030810437851,0.003983136556385209,34.424698519129876,105.23901321402467,0.9621406240407828,1.654720804822274e-08,0,0.0010987989824297621,0.009034988326469864,6.103446867200546e-05,1.00091809430176
0.047,93,physics,1,4096,7329.71533409224,1457234.7743451542,657.2462880807666,1465221.7359673271,9858.030810437851,0.003983136556385209,34.22369613544958,100.94933332793674,0.9636829645478516,1.179364605974359e-08,0,0.0007761821795702123,0.009091629224507864,6.103446867200546e-05,1.0009188102144253
0.047,94,refine,1,4096,7329.71533409224,1457234.7743451542,657.2462880807666,1465221.7359673271,9858.030810437851,0.003983136556385209,34.22369613544958,100.94933332793674,0.9636829645478516,1.179364605974359e-08,0,0.0007761821795702123,0.009091629224507864,6.103446867200546e-05,1.0009188102144253
0.0470625,94,physics,1,4096,7836.720527894911,1456779.6596722868,622.3533344325647,1465238.733534614,9858.030810437851,0.003983136556385209,34.045109800690476,96.55845414652141,0.9652626491181853,7.420410952363242e-09,0,0.00048402691174100694,0.009147829556524835,6.103446867200546e-05,1.0009198840843838
0.047125,94,physics,1,4096,8577.015466314533,1454892.512027525,695.8076855960732,1464165.3351794358,9858.030810437851,0.003983136556385209,33.90948013773851,91.08286702717824,0.9672325345106055,2.968949530668683e-09,0,0.0001919459275295338,0.009203244144643042,6.103446867200546e-05,1.0009198840843838
0.0471875,94,physics,1,4096,9678.90086816415,1450068.2952186053,1448.29397162624,1461195.4900583958,9858.030810437851,0.003983136556385209,34.18323964999328,303.7493535542718,0.8907217742467147,-1.7258594553480526e-09,1,-0.00011059075871816816,0.009258307808568322,6.103446867200546e-05,1.000920778976896
0.04725,94,physics,1,4096,11597.263482079088,1443554.592740151,2701.507399648094,1457853.3636218784,9858.030810437851,0.003983136556385209,34.457117145713305,684.8124434689748,0.7536293416203665,-6.3152372220541945e-09,1,-0.0004010948512306295,0.009313647199500293,6.103446867200546e-05,1.0009213159127872
0.0473125,94,physics,1,4096,14306.174589079992,1435666.9058756644,4034.6386329296074,1454007.7190976741,9858.030810437851,0.003983136556385209,34.49074242207943,1169.4109773471714,0.7453588729616442,-1.0651630688584669e-08,1,-0.0006705428326180327,0.009369051127107675,6.103446867200546e-05,1.6557993862061946
0.047375,94,physics,1,4096,17963.649988436442,1425852.5614519278,5376.407209753256,1449192.6186501174,9858.030810437851,0.003983136556385209,34.55605863696645,1800.9177375369338,0.7513968537670954,-1.5007300291358568e-08,2,-0.0009364425323373787,0.009424026281386723,6.103446867200546e-05,2.6333935605959997
0.0474375,94,physics,1,4096,22299.866470753073,1414597.2412468381,6436.191276170622,1443333.2989937617,9858.030810437851,0.003983136556385209,34.49396882644485,2160.310767549016,0.7567886483077485,-1.9389096550526126e-08,3,-0.0011992923181166886,0.009477918402459715,6.103446867200546e-05,3.3201166852632884
0.0475,94,physics,1,4096,26814.20136279813,1402148.2573383898,7055.912831690834,1436018.3715328788,9858.030810437851,0.003983136556385209,34.15044813080962,2051.797911566722,0.765054078405988,-2.3850770247691084e-08,3,-0.0014624809722282662,0.009531008592407695,6.103446867200546e-05,3.3201166852632884
0.0475,95,refine,1,4096,26814.20136279813,1402148.2573383898,7055.912831690834,1436018.3715328788,9858.030810437851,0.003983136556385209,34.15044813080962,2051.797911566722,0.765054078405988,-2.3850770247691084e-08,3,-0.0014624809722282662,0.009531008592407695,6.103446867200546e-05,3.3201166852632884
0.0475625,95,physics,1,4096,31580.852647490425,1388296.6285965964,7302.490173762951,1427179.9714178497,9858.030810437851,0.003983136556385209,33.984190362807,1952.549501882431,0.7668364746301252,-2.8494401504986017e-08,3,-0.001732213497449938,0.009584597568754998,6.103446867200546e-05,3.3201166852632884
0.047625,95,physics,1,4096,36469.161820503185,1373748.02683619,7307.494835569869,1417524.6834922628,9858.030810437851,0.003983136556385209,33.79030775652887,1952.4635028167693,0.7651122025076577,-3.3196485560438536e-08,3,-0.0020008281404946863,0.009638922762751233,6.103446867200546e-05,3.3201166852632884
0.0476875,95,physics,1,4096,41437.36388945492,1358824.7584939317,7169.960453857984,1407432.0828372445,9858.030810437851,0.003983136556385209,33.573216742691095,1987.0112408951536,0.7627217744002827,-3.79551030604826e-08,3,-0.002268294489978076,0.009693168294991167,6.103446867200546e-05,3.3201166852632884
0.04775,95,physics,1,4096,46613.84014696685,1343448.401191378,6947.8238435319345,1397010.0651818768,9858.030810437851,0.003983136556385209,33.34883640999876,2015.2151001345314,0.7546097273375268,-4.298407585423554e-08,3,-0.002547327656851587,0.00974615380680624,6.103446867200546e-05,3.3201166852632884
0.0478125,95,physics,1,4096,52252.86949402068,1327493.8101975322,6735.046746354803,1386481.7264379077,9858.030810437851,0.003983136556385209,33.01030645463327,2105.7247108725946,0.750575054511638,-4.764424765824107e-08,3,-0.0028000589496370723,0.009797658203782223,6.103446867200546e-05,3.3201166852632884
0.047875,95,physics,1,4096,58156.757973224696,1311111.5708910816,6568.012167036208,1375836.3410313425,9858.030810437851,0.003983136556385209,32.88902857687422,2122.106955641935,0.7487082787165387,-5.2204749856343235e-08,3,-0.003042816708502004,0.009849412391058507,6.103446867200546e-05,3.3201166852632884
0.0479375,95,physics,1,4096,64482.944977655665,1294449.6343377559,6482.535540126956,1365415.1148555386,9858.030810437851,0.003983136556385209,32.61082862850704,2141.94803716572,0.7505688068058196,-5.64797391078284e-08,3,-0.003265042914067469,0.009902532471460137,6.103446867200546e-05,3.3201166852632884
0.048,95,physics,1,4096,71140.09904551579,1277352.0940645807,6462.988472070693,1354955.1815821673,9858.030810437851,0.003983136556385209,32.407104218226074,2100.7886197666453,0.7542838838437731,-6.080139058894905e-08,6,-0.003486257789376434,0.009956157188844787,6.103446867200546e-05,3.3201166852632884
0.048,96,refine,1,4096,71140.09904551579,1277352.0940645807,6462.988472070693,1354955.1815821673,9858.030810437851,0.003983136556385209,32.407104218226074,2100.7886197666453,0.7542838838437731,-6.080139058894905e-08,6,-0.003486257789376434,0.009956157188844787,6.103446867200546e-05,3.3201166852632884
0.0480625,96,physics,1,4096,78142.24850099722,1260047.8755579635,6479.387281044696,1344669.5113400053,9858.030810437851,0.003983136556385209,32.2325839824049,2092.0349777374586,0.7583434626004205,-6.517646600201484e-08,6,-0.004333829777061348,0.010008391350548257,6.103446867200546e-05,3.3201166852632884
0.048125,96,physics,1,4096,85587.09892726029,1242702.8232867643,6503.021107332873,1334792.9433213575,9858.030810437851,0.003983136556385209,31.98094975157324,2069.3446868685996,0.7612028158057665,-8.846567656206624e-08,6,-0.0084650392123038,0.010058365992071232,6.103446867200546e-05,3.3201166852632884
0.0481875,96,physics,1,4096,93175.04692707327,1225211.2760758265,6514.668512730139,1324900.99151563,9858.030810437851,0.003983136556385209,31.769498656509473,2068.2724730425966,0.7617942669645835,-1.0653613330413589e-07,6,-0.01196927727992064,0.010108004375448364,6.103446867200546e-05,3.3201166852632884
0.04825,96,physics,1,4096,100708.36580943054,1207796.606999361,6572.714297385722,1315077.6871061772,9858.030810437851,0.003983136556385209,31.55544130830885,2090.404773486514,0.7583748662336377,-9.497649766654353e-08,7,-0.012868124150608276,0.010159454243160285,6.103446867200546e-05,3.3201166852632884
0.0483125,96,physics,1,4096,107766.24076042179,1190722.6557441477,6731.429921550882,1305220.3264261205,9858.030810437851,0.003983136556385209,31.28063889336251,2114.194321663317,0.7589422442196107,-8.12354894463854e-08,7,-0.010403733464470911,0.010212182052016587,6.103446867200546e-05,3.3201166852632884
0.048375,96,physics,1,4096,114025.95249136628,1174102.7176625447,6936.100655217006,1295064.770809128,9858.030810437851,0.003983136556385209,31.05701178950861,2097.8313045779423,0.7562806399910743,-8.505270709946494e-08,12,-0.005690897625528182,0.010263982075245459,6.103446867200546e-05,3.3201166852632884
0.0484375,96,physics,1,4096,119605.13172834733,1157967.7865269175,7149.421573349007,1284722.339828614,9858.030810437851,0.003983136556385209,30.862580195370914,2059.503987048062,0.754372458145586,-8.887220737108249e-08,13,-0.008699373428642307,0.010312945225045216,6.103446867200546e-05,3.3201166852632884
0.0485,96,physics,1,4096,124697.63994089476,1142194.256035135,7341.216251288738,1274233.1122273183,9858.030810437851,0.003983136556385209,30.663843344151992,2030.3020396124336,0.7555023031304854,-1.1520571197021215e-07,13,-0.01381779768583635,0.010360890662163972,6.103446867200546e-05,3.3201166852632884
0.0485,97,refine,1,4096,124697.63994089476,1142194.256035135,7341.216251288738,1274233.1122273183,9858.030810437851,0.003983136556385209,30.663843344151992,2030.3020396124336,0.7555023031304854,-1.1520571197021215e-07,13,-0.01381779768583635,0.010360890662163972,6.103446867200546e-05,3.3201166852632884
0.0485625,97,physics,1,4096,129671.35058478653,1126703.364769251,7514.716874392565,1263889.4322284302,9858.030810437851,0.003983136556385209,30.404688279796336,2017.5537439154016,0.7553965521276705,-1.463562897541237e-07,13,-0.017595508378180327,0.010410970037918953,6.103446867200546e-05,3.3201166852632884
0.048625,97,physics,1,4096,134567.62568911197,1111470.4802930541,7717.671767190786,1253755.7777493568,9858.030810437851,0.003983136556385209,30.278669281812014,1982.1844107998847,0.7559589281065596,-1.8568945669983345e-07,18,-0.02031673189952266,0.010463080900385675,6.103446867200546e-05,3.3201166852632884
0.0486875,97,physics,1,4096,139253.94179492706,1096578.543664614,7998.7207521041455,1243831.2062116452,9858.030810437851,0.003983136556385209,30.000860427908997,1953.7887274918317,0.7538557424062676,-1.9843734655466942e-07,19,-0.026101911172814143,0.010515056174684003,6.103446867200546e-05,3.3201166852632884
0.04875,97,physics,1,4096,143381.40934669905,1082019.969786669,8389.429376245182,1233790.8085096132,9858.030810437851,0.003983136556385209,29.778870832464143,1898.6510306402154,0.749986598434384,-1.9203394446831705e-07,20,-0.030377613721203008,0.010563943397182508,6.103446867200546e-05,3.3201166852632884
0.0488125,97,physics,1,4096,146909.6813207991,1067771.44357464,8901.593558310193,1223582.7184537493,9858.030810437851,0.003983136556385209,29.576154530023114,1910.2850469978007,0.747023199375714,-1.7656367357066248e-07,18,-0.033186458643530516,0.010610931219226797,6.103446867200546e-05,3.3201166852632884
0.048875,97,physics,1,4096,149844.68036849858,1053863.2153236722,9509.981959235763,1213217.8776514067,9858.030810437851,0.003983136556385209,29.342543827369575,1929.8132511948331,0.7454625657722769,-1.585122005876018e-07,19,-0.0345989876275814,0.010660118832360893,6.103446867200546e-05,3.3201166852632884
0.0489375,97,physics,1,4096,152414.4222193986,1040375.3389395818,10131.399523806209,1202921.1606827867,9858.030810437851,0.003983136556385209,29.159966495730306,1929.6115556808036,0.7443997806375092,-1.3987882796495646e-07,18,-0.03554864323392617,0.01071191971844771,6.103446867200546e-05,3.3201166852632884
0.049,97,physics,1,4096,154982.56983529386,1027301.1580286009,10708.058805644672,1192991.7866695395,9858.030810437851,0.003983136556385209,29.065559188741794,1919.4078276655484,0.7449564853069204,-1.2176236408034676e-07,20,-0.04175303894893609,0.010764524647661316,6.103446867200546e-05,3.3201166852632884
0.049,98,refine,1,4096,154982.56983529386,1027301.1580286009,10708.058805644672,1192991.7866695395,9858.030810437851,0.003983136556385209,29.065559188741794,1919.4078276655484,0.7449564853069204,-1.2176236408034676e-07,20,-0.04175303894893609,0.010764524647661316,6.103446867200546e-05,3.3201166852632884
0.0490625,98,physics,1,4096,157700.72951329924,1014593.8575972561,11126.727231677096,1183421.3143422324,9858.030810437851,0.003983136556385209,28.81436831740802,1854.160030317855,0.7493661422741466,-1.4150674952639872e-07,20,-0.0479041300455223,0.010814379403931061,6.103446867200546e-05,3.3201166852632884
0.049125,98,physics,1,4096,160636.84666397795,1002171.4135056697,11314.040235628321,1174122.300405276,9858.030810437851,0.003983136556385209,28.589953568071248,1734.758487175141,0.749452559488667,-1.779932654599746e-07,23,-0.05409274772930612,0.010861427749910552,6.103446867200546e-05,3.3201166852632884
0.0491875,98,physics,1,4096,164004.11854890984,990069.6681485823,11252.74415052771,1165326.53084802,9858.030810437851,0.003983136556385209,28.42994995258195,1576.0263767311008,0.7516714527599969,-2.1753277805458535e-07,24,-0.06218808054016708,0.010910241384781319,6.103446867200546e-05,3.3201166852632884
0.04925,98,physics,1,4096,167903.54237895278,978372.9318183154,10916.47374692851,1157192.9479441969,9858.030810437851,0.003983136556385209,28.25724289306982,1531.15795027714,0.7531707245333416,-2.590256443016359e-07,26,-0.07020099040933261,0.010961654009921573,6.103446867200546e-05,3.3201166852632884
0.0493125,98,physics,1,4096,172344.33371511468,967071.3954715456,10352.151127438869,1149767.8803140991,9858.030810437851,0.003983136556385209,27.990512754443426,1531.630604917825,0.7547572984986016,-3.0066568285080903e-07,28,-0.07780153368409973,0.011014454345194791,6.103446867200546e-05,3.3201166852632884
0.049375,98,physics,1,4096,177320.11356410157,956164.5078632978,9649.490854081168,1143134.1122814806,9858.030810437851,0.003983136556385209,27.806362646054666,1497.7797515371863,0.7583962252074632,-3.393852414379505e-07,28,-0.08451303070415479,0.011064813106887658,6.103446867200546e-05,3.3201166852632884
0.0494375,98,physics,1,4096,182782.27135177702,945668.5497335596,8918.389466269982,1137369.2105516065,9858.030810437851,0.003983136556385209,27.608893141867167,1452.445756278933,0.7606585464555485,-3.7191352632304204e-07,29,-0.08987736868506889,0.011110886248901528,6.103446867200546e-05,3.3201166852632884
0.0495,98,physics,1,4096,188399.2359563764,935508.2921288491,8264.24601793101,1132171.7741031565,9858.030810437851,0.003983136556385209,27.433032675659177,1373.6452180604292,0.7626526877547068,-3.9558652486018626e-07,30,-0.09356175604128038,0.011157273762536356,6.103446867200546e-05,3.3201166852632884
