t,macro,phase,capacity_blocked,samples,elastic_energy,kinetic_energy,affine_kinetic_energy,total_energy,mass,grown_rest_area,max_speed,max_volumetric_pressure,min_elastic_det,min_triangle_area,inverted_triangles,min_triangle_quality,max_edge,min_weight,max_hardening
0.0,0,initial,0,40,0.0,0.0,0.0,0.0,50.00000059604645,2.020265648638997e-05,0.0,-0.0,1.0,3.695373642642604e-07,0,0.6193306435154042,0.001783800070510901,0.3658304810523987,1.0
0.0,0,refine,0,40,0.0,0.0,0.0,0.0,50.00000059604645,2.020265648638997e-05,0.0,-0.0,1.0,3.695373642642604e-07,0,0.6193306435154042,0.001783800070510901,0.3658304810523987,1.0
6.25e-05,0,physics,0,40,1.4335360092730052,0.00537097359438432,0.0527787739568998,1.4916857568242894,50.3763202165959,2.035470960503834e-05,0.02553694030885802,19.72595819967235,0.9928986525084786,3.696466910341201e-07,0,0.6193833000369309,0.001784151284147026,0.3658304810523987,1.0000008940700713
0.000125,0,physics,0,40,4.336365690727886,0.1022360193320288,1.001738564921456,5.440340274981371,50.75546455491873,2.0507904059730034e-05,0.11136299771162311,33.23905881382345,0.9880339217094235,3.7059923307936087e-07,0,0.6193535898044438,0.0017866848881609007,0.3658304810523987,1.0000003576279326
0.0001875,0,physics,0,40,5.967660469614934,0.45448625402794823,4.415835093686852,10.837981817329734,51.13746936766316,2.0662254298050506e-05,0.23520125618458063,36.52933697281347,0.9868493963626541,3.7294316168612393e-07,0,0.61927684543775,0.001792727034114045,0.3658304810523987,1.0
0.00025,0,physics,0,40,4.955019660112177,1.098676543279183,10.510676500020262,16.56437270341162,51.52234656958507,2.0817765134194095e-05,0.3669200657828406,28.68391415065752,0.9896737392044718,3.7682310249920213e-07,0,0.6191004699605837,0.0018027937598100196,0.3658304810523987,1.000002503398214
0.0003125,0,physics,0,40,2.4922954189596775,1.829277687963598,17.110198055617467,21.43177116254074,51.91011999629269,2.0974446199012803e-05,0.47524102409834823,12.076547143415725,0.9956524197061948,3.819747398381427e-07,0,0.6188363727291704,0.0018162721460921348,0.3658304810523987,1.0000032186559977
0.000375,0,physics,0,40,0.986484374458789,2.303846992526325,20.96411353406908,24.254444901054196,52.30081348332605,2.1132307123331047e-05,0.5342547048323575,-8.258258904551205,1.0029729891539523,3.876895977583669e-07,0,0.6185433191443809,0.0018315121086254565,0.3658304810523987,1.0000032186559977
0.0004375,0,physics,0,40,1.6302121122558666,2.289346781002383,20.251393817080412,24.17095271033866,52.69443894528743,2.1291352721281124e-05,0.5297779323398608,-26.015062871831457,1.0093654427298977,3.9311620447790526e-07,0,0.618012179756268,0.001846396558672798,0.3658304810523987,1.000005006802695
0.0005,0,physics,0,40,3.3911767820966503,1.8362667119024745,15.891859644403398,21.119303138402522,53.091032138466744,2.14515974403037e-05,0.464233191644013,-35.536378844256056,1.012793171080246,3.9741900437206844e-07,0,0.6173065424745926,0.001858892046408824,0.3658304810523987,1.0000051856175407
0.0005,1,refine,0,40,3.3911767820966503,1.8362667119024745,15.891859644403398,21.119303138402522,53.091032138466744,2.14515974403037e-05,0.464233191644013,-35.536378844256056,1.012793171080246,3.9741900437206844e-07,0,0.6173065424745926,0.001858892046408824,0.3658304810523987,1.0000051856175407
0.0005625000000000001,1,physics,0,40,4.40041683888008,1.213532426045525,10.444148526013493,16.058097790939097,53.490610937772914,2.1613048502811584e-05,0.3572897166208492,-33.732569965859,1.012143812046711,4.001530253816556e-07,0,0.6165305310782682,0.0018676988995254,0.3658304810523987,1.0000051856175407
0.000625,1,physics,0,40,4.041052213760064,0.6741615272324105,5.901484888858712,10.616698629851186,53.89319917848553,2.177571553952399e-05,0.24015986337038225,-21.206920188017847,1.007634554065002,4.013651881962229e-07,0,0.6158784063598276,0.001872622289698571,0.3658304810523987,1.0000069737677553
0.0006875,1,physics,0,40,3.304092311562865,0.3074432815723023,2.7545873209612877,6.366122914096455,54.298820695816005,2.1939608181132552e-05,0.14527840472284542,-2.046510686614727,1.0007367499072493,4.0158727898642594e-07,0,0.6153437677645037,0.0018748569492652537,0.3658304810523987,1.0000060796922483
0.00075,1,physics,0,40,3.2272289042938636,0.10540710296757896,0.9120444752391935,4.244680482500636,54.707493364494155,2.210473364997772e-05,0.09582264352161214,17.654319540747622,0.993644376777257,4.017842538672765e-07,0,0.61494061990728,0.001876268763246185,0.3658304810523987,1.0000087619211675
0.0008125000000000001,1,physics,0,40,3.573354353611373,0.09527517451517008,0.7928492606838347,4.4614787888103775,55.11923505919874,2.2271099168379306e-05,0.10002158012599752,31.80157563757982,0.9885513263174822,4.0273289947379025e-07,0,0.6148200745317606,0.0018789480904787684,0.3658304810523987,1.0000101924461993
0.000875,1,physics,0,40,3.365663696493469,0.33745489143575236,3.0006604700703354,6.703779057999557,55.53408153577202,2.2438719183597103e-05,0.15068020508638685,36.15660012626115,0.9869835029234939,4.0510552601347177e-07,0,0.6147214585179424,0.0018846450022993084,0.3658304810523987,1.0000103712619721
0.0009375,1,physics,0,40,2.4474572584907435,0.7999518350221188,7.064898489105975,10.312307582618837,55.95204470835151,2.260759850957561e-05,0.22917421959695713,29.456941803571908,0.9893953947611794,4.091510472647996e-07,0,0.6147049463698775,0.001894111946042676,0.3658304810523987,1.0000107288936138
0.001,1,physics,0,40,1.9833979542698115,1.2933397614895155,11.058205157430319,14.334942873189647,56.37315437222955,2.27777491851958e-05,0.3124069831532782,13.74761614844073,0.9950507944679138,4.146003291793932e-07,0,0.6146663941447023,0.00190680001422856,0.3658304810523987,1.0000119806053667
0.001,2,refine,0,40,1.9833979542698115,1.2933397614895155,11.058205157430319,14.334942873189647,56.37315437222955,2.27777491851958e-05,0.3124069831532782,13.74761614844073,0.9950507944679138,4.146003291793932e-07,0,0.6146663941447023,0.00190680001422856,0.3658304810523987,1.0000119806053667
0.0010625,2,physics,0,40,3.093928181754604,1.589119279198274,12.96642025739845,17.649467718351328,56.79744032261305,2.294918324930413e-05,0.37917592334883965,-6.1646684089106385,1.0022193068186902,4.2074237605049824e-07,0,0.6144428455146145,0.0019214277267740208,0.3658304810523987,1.0000146628501132
0.0011250000000000001,2,physics,0,40,5.150967649527636,1.6244462713059806,12.561688847462593,19.33710276829621,57.224914473459926,2.3121905515772538e-05,0.4155200022492735,-24.04873947348506,1.0086576390963469,4.266336706137961e-07,0,0.613981581213778,0.001936043386929349,0.3658304810523987,1.0000166298341664
0.0011875,2,physics,0,40,6.006906881791432,1.5563491216138794,11.605434052548034,19.168690055953345,57.65560661984459,2.3295928023393934e-05,0.41821718027251364,-34.18634813556715,1.0123071953632135,4.3142699990283957e-07,0,0.6131999298168559,0.0019488783553997411,0.3658304810523987,1.0000177027361898
0.00125,2,physics,0,40,4.330468131151839,1.5687463104106967,11.85803615932663,17.757250600889165,58.089540596375784,2.3471260402616468e-05,0.39500361491828573,-33.31113835899134,1.0119921256040725,4.3450595654803756e-07,0,0.6120935344619991,0.001958864451668718,0.3658304810523987,1.0000182391876333
0.0013125,2,physics,0,40,1.4418565371903374,1.6507395188219045,13.048549656635693,16.141145712647933,58.52674023759305,2.364791228386032e-05,0.36065527692665966,-21.790727655085476,1.0078447405093767,4.359801311082382e-07,0,0.6107057280164115,0.0019658190898513314,0.3658304810523987,1.0000187756393644
0.001375,2,physics,0,40,0.2269665155658819,1.6272446119621797,13.239895218412288,15.09410634594035,58.96723533833868,2.3825895705824625e-05,0.3308213278688587,-3.4480904266156487,1.0012413245396945,4.363791870076743e-07,0,0.6091070094162477,0.001970841629307621,0.3658304810523987,1.0000219943557944
0.0014375,2,physics,0,40,2.1248326939659252,1.4049337048439567,11.248910155795834,14.778676554605715,59.41103781226989,2.4005215482259814e-05,0.3160388916156348,15.849730541991894,0.9942940378274682,4.366259367394326e-07,0,0.6075098347541567,0.001975405069650448,0.3658304810523987,1.0000223519915927
0.0015,2,physics,0,40,5.514864623445775,1.122479955871377,8.29314371620076,14.930488295517911,59.85818341445872,2.4185886060114467e-05,0.31851114336620384,30.156624357312484,0.9891434832240096,4.375860243044377e-07,0,0.6060400290896913,0.001981274068302511,0.3658304810523987,1.000024855445763
0.0015,3,refine,0,40,5.514864623445775,1.122479955871377,8.29314371620076,14.930488295517911,59.85818341445872,2.4185886060114467e-05,0.31851114336620384,30.156624357312484,0.9891434832240096,4.375860243044377e-07,0,0.6060400290896913,0.001981274068302511,0.3658304810523987,1.000024855445763
0.0015625,3,physics,0,40,7.247803931815955,1.0295202176013853,6.95871257348463,15.236036722901972,60.308695979159296,2.436791706969346e-05,0.33227293987681766,35.203403500546784,0.987326620640716,4.400719038066828e-07,0,0.604830682521502,0.0019897530728452315,0.3658304810523987,1.0000239613542683
0.0016250000000000001,3,physics,0,40,5.709583512015584,1.2310420028181468,8.56039586317559,15.50102137800932,60.76259934055814,2.4551318141274314e-05,0.34608644085243895,29.52379649683851,0.9893713154272632,4.4427951984005166e-07,0,0.6039983812384051,0.0020012144714109453,0.3658304810523987,1.0000232460816483
0.0016875,3,physics,0,40,2.3806115106859247,1.5540644867679174,11.6039813565351,15.538657353988942,61.21992329312352,2.4736101313405055e-05,0.3480232897595117,14.787020497391026,0.994676621218895,4.4998415837937934e-07,0,0.6035352951719304,0.002015058260739657,0.3658304810523987,1.0000223519915927
0.00175,3,physics,0,40,0.40773301237638376,1.6714408677604977,12.962457922603958,15.04163180274084,61.680685710548275,2.492227380800713e-05,0.3304609998449962,-4.613148856760849,1.0016607472487562,4.5654809888162644e-07,0,0.6034150375954255,0.0020300191466939687,0.3658304810523987,1.0000241401725034
0.0018125,3,physics,0,40,1.5403381785477654,1.3933243599832144,10.780829882117875,13.714492420648854,62.14491638715552,2.5109847663569883e-05,0.29395021323451376,-22.724013939978978,1.0081807093824318,4.6295415501163054e-07,0,0.603410112705617,0.002044168520086144,0.3658304810523987,1.0000259283566113
0.001875,3,physics,0,40,4.4597364570231495,0.8658732017519494,6.3402446779599675,11.665854336735066,62.612639156845184,2.5298832510255073e-05,0.2485790019579927,-33.788590395207564,1.01216399694625,4.68289716337722e-07,0,0.6033295152977819,0.002056081781503022,0.3658304810523987,1.000025570719534
0.0019375,3,physics,0,40,6.267360318929224,0.4609001208371516,2.9460966790868857,9.674357118853262,63.08387785344712,2.548923797819613e-05,0.21157771295583977,-34.14605682391613,1.0122926639841112,4.718989643492934e-07,0,0.603008934559932,0.0020647208588591586,0.3658304810523987,1.000026107175198
0.002,3,physics,0,40,5.546732387326483,0.44799768198510437,2.9294809348558326,8.924211004167422,63.558674191704924,2.5681080922365546e-05,0.20135072870308587,-23.575955318149724,1.008487395514973,4.736623342438406e-07,0,0.602231248599717,0.002070362840394717,0.3658304810523987,1.000028253000732
0.002,4,refine,0,40,5.546732387326483,0.44799768198510437,2.9294809348558326,8.924211004167422,63.558674191704924,2.5681080922365546e-05,0.20135072870308587,-23.575955318149724,1.008487395514973,4.736623342438406e-07,0,0.602231248599717,0.002070362840394717,0.3658304810523987,1.000028253000732
0.0020625,4,physics,0,40,3.593515120425236,0.8039198369513165,5.899094071168033,10.296529028544587,64.03704008462162,2.5874366156249435e-05,0.23002886878151305,-5.408107029676361,1.0019469268859693,4.740963390759129e-07,0,0.601054891855967,0.0020743191880717477,0.3658304810523987,1.0000305776502565
0.002125,4,physics,0,40,2.6050377727747884,1.3481183034575994,9.848999626578188,13.802155702810575,64.51899936580477,2.6069103309891397e-05,0.29827883094797003,14.645914511672432,0.9947274594621655,4.7424955074148974e-07,0,0.5994004875099294,0.002078638811472767,0.3658304810523987,1.000033438764782
0.0021875,4,physics,0,40,3.1980321008562593,1.9808993334386618,13.426099902032115,18.605031336327038,65.00458778942273,2.626530682987489e-05,0.3943631618285261,30.41306070143537,0.9890512668229512,4.7509417111513146e-07,0,0.5972925330612651,0.0020854333028658646,0.3658304810523987,1.0000325446656135
0.0022500000000000003,4,physics,0,40,4.111683221620533,2.7038553736368045,16.65642711009991,23.471965705357245,65.49383514922866,2.6462988754458986e-05,0.4964556795440655,37.134230008670585,0.9866316437306432,4.77475523563698e-07,0,0.5949142176580388,0.0020962055538285233,0.3658304810523987,1.0000341540446924
0.0023125,4,physics,0,40,4.081178424421265,3.428279384577799,19.689403810108836,27.1988616191079,65.98676527858392,2.6662158713587815e-05,0.5776312901447008,32.770987682595575,0.9882024191194305,4.818185121990837e-07,0,0.5925747581830321,0.0021114220477200132,0.3658304810523987,1.0000325446656135
0.002375,4,physics,0,40,3.4375318922636926,3.857350201317745,21.49167945137218,28.786561544953614,66.48340797108565,2.6862828745457406e-05,0.6126096053362664,18.510318434270378,0.9933362758311356,4.879644572852727e-07,0,0.5902956200552982,0.0021301629683854253,0.3658304810523987,1.0000341540446924
0.0024375,4,physics,0,40,3.5586247402185007,3.6504786028566794,20.311892731477602,27.520996074552784,66.98378705994972,2.7065008479953115e-05,0.5851694237476691,-1.5305003344825518,1.0005509807115516,4.95211708972931e-07,0,0.5884619137562958,0.0021502943563874517,0.3658304810523987,1.0000327234853832
0.0025,4,physics,0,40,4.892089851057531,2.754708238899018,15.562177153393458,23.208975243350007,67.48792637832656,2.7268707546933834e-05,0.49472048370433147,-21.385484402914894,1.0076987633718721,5.025071407871445e-07,0,0.5871554431492422,0.0021692131950044055,0.3658304810523987,1.0000325446656135
0.0025,5,refine,0,40,4.892089851057531,2.754708238899018,15.562177153393458,23.208975243350007,67.48792637832656,2.7268707546933834e-05,0.49472048370433147,-21.385484402914894,1.0076987633718721,5.025071407871445e-07,0,0.5871554431492422,0.0021692131950044055,0.3658304810523987,1.0000325446656135
0.0025625,5,physics,0,40,6.02955175536723,1.5488660496172524,8.966635676126891,16.545053481111374,67.99586167988025,2.747394039277927e-05,0.35941211570075704,-34.94951808010488,1.0125818625057836,5.087359635780334e-07,0,0.5862899576252945,0.002184644356257255,0.3658304810523987,1.0000336175847118
0.002625,5,physics,0,40,5.218117392011825,0.5782699869861436,3.432329759682511,9.22871713868048,68.50761679760285,2.7680716647284334e-05,0.21307362784433886,-37.934137231500316,1.0136562454485838,5.131168272498595e-07,0,0.5858218015318919,0.0021951251471112915,0.3658304810523987,1.0000352269655173
0.0026875000000000002,5,physics,0,40,2.698005358238478,0.11390239424194169,0.6583542686648713,3.4702620211452913,69.0232274849801,2.7889050756756677e-05,0.09567929298888614,-29.33613938077025,1.0105609497466652,5.154054854017431e-07,0,0.5856039212258374,0.002200447142479271,0.3658304810523987,1.0000337964046733
0.00275,5,physics,0,40,0.9274130418388077,0.020323726408022127,0.11530253339393745,1.0630393016407673,69.54271757483897,2.8098952350924515e-05,0.04073874865172353,-11.794270743839407,1.0042459093762621,5.160612763788201e-07,0,0.5854244536956306,0.0022021989875658874,0.3658304810523987,1.0000345116848395
0.0028125,5,physics,0,40,2.080162153566142,0.07391555022816654,0.5079225773289849,2.6620002811232935,70.06611686020644,2.8310433467753477e-05,0.06503263771058061,9.349318288905845,0.9966342676841415,5.160133169646026e-07,0,0.5850371335838447,0.0022030091750720473,0.3658304810523987,1.0000364787079343
0.002875,5,physics,0,40,5.5345712693903835,0.33372581722931777,1.8750887878179783,7.74338587443768,70.59345513401837,2.8523506145172423e-05,0.16451560624334083,27.829737366070606,0.989981350084069,5.164164060822434e-07,0,0.5843279878085637,0.0022057437246925157,0.3658304810523987,1.0000380880933444
0.0029375,5,physics,0,40,8.199164148896584,1.1249447625263516,5.74981060820582,15.073919519628756,71.12476218911927,2.8738182421073257e-05,0.31720813939254733,38.339374021791386,0.9861979067966128,5.183254998542003e-07,0,0.5830956285300798,0.0022128532237743414,0.3658304810523987,1.0000386245557233
0.003,5,physics,0,40,7.453086374299989,2.644390761626863,13.082449095804325,23.179926231731177,71.66006781826263,2.8954474333311142e-05,0.489048435999225,37.93262588857226,0.9863443377023382,5.22291314641876e-07,0,0.5812576269140907,0.0022257203375420924,0.3658304810523987,1.0000379092726155
0.003,6,refine,0,40,7.453086374299989,2.644390761626863,13.082449095804325,23.179926231731177,71.66006781826263,2.8954474333311142e-05,0.489048435999225,37.93262588857226,0.9863443377023382,5.22291314641876e-07,0,0.5812576269140907,0.0022257203375420924,0.3658304810523987,1.0000379092726155
0.0030625,6,physics,0,40,3.7840595139176996,4.579103396858507,22.157085515136288,30.520248425912495,72.1994077743683,2.9172396327965053e-05,0.6413276059046346,26.725505286890012,0.9903788731494065,5.283686022039543e-07,0,0.5789533720566552,0.0022442187803921546,0.3658304810523987,1.0000373728106202
0.003125,6,physics,0,40,0.5023342977468084,6.122580440990924,28.88054996739229,35.50546470613003,72.74280588974887,2.9391958034555384e-05,0.7384526998104248,7.858934334614525,0.99717076239152,5.359744994493093e-07,0,0.5762930752200252,0.0022669101542245433,0.3658304810523987,1.00003701516945
0.0031875000000000002,6,physics,0,40,0.6592615243134912,6.460446640872807,29.58935476275423,36.70906292794053,73.29029791714368,2.9613173899088186e-05,0.7559649662541188,-13.276323778073827,1.0047795021992856,5.441196551103644e-07,0,0.573365440677737,0.002291272365578504,0.3658304810523987,1.0000382669141055
0.0032500000000000003,6,physics,0,40,4.067239976941537,5.386057091925668,23.97695551425104,33.430252583118246,73.84190172846426,2.9836051142765136e-05,0.6878595900714648,-30.477541842633904,1.0109719454301638,5.515795873378698e-07,0,0.5704058545104522,0.002314221151888586,0.3658304810523987,1.000040055123474
0.0033125,6,physics,0,40,7.463241372270919,3.4981815016592135,15.336306202531288,26.297729076461422,74.39765903653122,3.006060661978178e-05,0.5503979095208698,-38.58790831367893,1.0138915451484756,5.57358553976428e-07,0,0.5676643846113056,0.0023330360573563555,0.3658304810523987,1.0000402339445869
0.003375,6,physics,0,40,7.795294764992292,1.7324900420771732,7.79244305005848,17.320227857127946,74.95760559381874,3.028685477603702e-05,0.37922522513471024,-35.1971726261486,1.012670889250079,5.608786088906467e-07,0,0.5653774141688672,0.002346081838253334,0.3658304810523987,1.0000398763023934
0.0034375,6,physics,0,40,5.192616703892955,0.6517639946792111,3.2800002317939523,9.124380930366119,75.52175927201604,3.0514802832642732e-05,0.21908099792471902,-21.472183306545915,1.0077299279369478,5.623370000762414e-07,0,0.5636279041021722,0.0023535331749793787,0.3658304810523987,1.000040055123474
0.0035,6,physics,0,40,2.4832908320586693,0.1991028857681104,1.165789642349754,3.8481833601765336,76.09016178367042,3.0744467643684006e-05,0.10992636457076278,-1.7108331082659856,1.0006158950732094,5.625763863648099e-07,0,0.5625123677463222,0.002356962581170282,0.3658304810523987,1.0000413068719347
0.0035,7,refine,0,40,2.4832908320586693,0.1991028857681104,1.165789642349754,3.8481833601765336,76.09016178367042,3.0744467643684006e-05,0.10992636457076278,-1.7108331082659856,1.0006158950732094,5.625763863648099e-07,0,0.5625123677463222,0.002356962581170282,0.3658304810523987,1.0000413068719347
0.0035625,7,physics,0,40,2.06143598486636,0.07251206748459585,0.3330278609108096,2.4669759132617655,76.66284888099096,3.0975863654952656e-05,0.07550142707395616,18.13582049790796,0.9934711711654898,5.627588146595039e-07,0,0.5618979189429282,0.002358894801130197,0.3658304810523987,1.0000438103735563
0.003625,7,physics,0,40,3.686602839510713,0.1939470414107018,0.9586146599551577,4.839164540876572,77.23983843543084,3.120899808746515e-05,0.11883425667887351,32.35279964879642,0.9883531066714716,5.640945621721017e-07,0,0.5616312229874375,0.0023623356679447734,0.3658304810523987,1.0000457774149414
0.0036875000000000002,7,physics,0,40,5.314097636190944,0.7580047685683027,4.049168614710095,10.121271019469342,77.82117215923725,3.1443887795185346e-05,0.22393856766786027,37.05535909486642,0.9866602365586877,5.673881382506353e-07,0,0.5614881307891664,0.002369556401106068,0.3658304810523987,1.0000452409487253
0.00375,7,physics,0,40,5.569347275837824,1.901735999050777,9.616550540319993,17.087633815208594,78.40688580431794,3.168054722378328e-05,0.36240929942515365,31.15240779600052,0.988785213315625,5.728856917741607e-07,0,0.5611251768392139,0.002381935556222138,0.3658304810523987,1.0000477444601956
0.0038125,7,physics,0,40,5.003064071777402,3.414042700051514,15.828070811853344,24.24517758368226,78.99699724184981,3.1918983594163815e-05,0.5013372081524166,16.542353663278373,0.994044793146568,5.802623097572728e-07,0,0.5603763672212551,0.0023992443455132773,0.3658304810523987,1.0000477444601956
0.003875,7,physics,0,40,4.957024043800001,4.792927857604768,20.242602117996743,29.99255401940151,79.59155414394354,3.2159216168392256e-05,0.6107295255883413,-2.400193236245225,1.000864061839699,5.886554550471599e-07,0,0.5589288659156247,0.002420257202355858,0.3658304810523987,1.0000488173956013
0.0039375,7,physics,0,40,5.604240075994043,5.583980936192486,21.847326832753847,33.035547844940375,80.19058034177453,3.240125457552949e-05,0.6699943419391248,-20.019877475671418,1.0072070978981795,5.968504996900501e-07,0,0.5567424365473976,0.002442721165664889,0.3658304810523987,1.0000506056238356
0.004,7,physics,0,40,5.65312432778105,5.660434627704408,21.611352613251853,32.924911568737315,80.79412350720636,3.2645118077540967e-05,0.6723388566087293,-31.056347511169125,1.0111801771482407,6.037061228703066e-07,0,0.5538006293040829,0.0024643953410856184,0.3658304810523987,1.0000506056238356
0.004,8,refine,0,40,5.65312432778105,5.660434627704408,21.611352613251853,32.924911568737315,80.79412350720636,3.2645118077540967e-05,0.6723388566087293,-31.056347511169125,1.0111801771482407,6.037061228703066e-07,0,0.5538006293040829,0.0024643953410856184,0.3658304810523987,1.0000506056238356
0.0040625,8,physics,0,40,4.179666406741566,5.193572748801759,20.89762823995298,30.270867395496303,81.40220747121363,3.289081630340643e-05,0.6257670494931273,-32.30387699610693,1.011629243916235,6.085240173980822e-07,0,0.5502799787846251,0.002483511706564256,0.3658304810523987,1.0000511420929294
0.004125,8,physics,0,40,2.2795281481073837,4.4142933995402025,19.66468049766365,26.358502045311234,82.01486798507534,3.313836369854191e-05,0.5496831599115349,-23.653052925614762,1.0085148691409525,6.112146020420538e-07,0,0.5463715329608227,0.002499238651789654,0.3658304810523987,1.0000525726785867
0.0041875,8,physics,0,40,2.22250132249437,3.4758799599876293,16.74005681175917,22.43843809424117,82.63214079998274,3.338777470832792e-05,0.46793402417886143,-8.070747434846341,1.0029053843930267,6.123950693215362e-07,0,0.5425710707159046,0.002511809855130841,0.3658304810523987,1.0000532879721828
0.00425,8,physics,0,40,4.840155391477703,2.5289069852718695,11.897674680924704,19.266737057674277,83.25404974669638,3.363905896165774e-05,0.40119602899296936,9.498642367706312,0.9965805896364204,6.131211565119091e-07,0,0.5391764080219792,0.002522382697315517,0.3658304810523987,1.0000543609135362
0.0043125,8,physics,0,40,8.162359861119597,1.8182072090612817,7.158704281943102,17.13927135212398,83.88064277608092,3.389223583322808e-05,0.3614936958833095,23.74560965093957,0.9914518006378465,6.145465287765716e-07,0,0.536489340932582,0.0025326225084216962,0.3658304810523987,1.000056149151683
0.004375,8,physics,0,40,9.029999333087847,1.603805790151298,5.523604077005844,16.15740920024499,84.51196104031473,3.4147321950705214e-05,0.3504244401199972,30.543435398779245,0.9890046227882213,6.17659110524471e-07,0,0.5346935150424755,0.002543847362187935,0.3658304810523987,1.0000599044621998
0.0044375000000000005,8,physics,0,40,6.207095767469061,1.9451764920747863,8.18141883068704,16.333691090230886,85.14801672906339,3.44043222393616e-05,0.3607784841822327,28.021350768947105,0.9899125590395627,6.22857325716097e-07,0,0.5337910238761217,0.0025569980742787732,0.3658304810523987,1.0000595468129716
0.0045000000000000005,8,physics,0,40,1.913523429668352,2.569435642896224,12.964291583770716,17.447250656335292,85.78886943375167,3.4663260777298644e-05,0.3805324830839379,17.015099629542274,0.9938747141894471,6.300803425673955e-07,0,0.5335949070098764,0.002572119111853494,0.3658304810523987,1.000062050360255
0.0045000000000000005,9,refine,0,40,1.913523429668352,2.569435642896224,12.964291583770716,17.447250656335292,85.78886943375167,3.4663260777298644e-05,0.3805324830839379,17.015099629542274,0.9938747141894471,6.300803425673955e-07,0,0.5335949070098764,0.002572119111853494,0.3658304810523987,1.000062050360255
0.0045625,9,physics,0,40,0.06720945765849812,3.0057556029671018,15.825126989566302,18.898092050191902,86.43454298470144,3.492414719323235e-05,0.39793942888766004,0.8464284912838935,0.999695284544418,6.385675499487324e-07,0,0.5337340375565638,0.0025888032447987106,0.3658304810523987,1.000062050360255
0.004625,9,physics,0,40,2.6037071268455705,2.9450661435941514,14.340526216881614,19.889299487321335,87.08507909258897,3.518699834049182e-05,0.40618050156953317,-15.538543696759925,1.005593895736128,6.47192504921178e-07,0,0.5338345466456444,0.0026058565830589745,0.3658304810523987,1.0000649115648248
0.0046875,9,physics,0,40,7.37814627746614,2.529966095471514,10.065408800994806,19.97352117393246,87.7405135077912,3.5451828664128564e-05,0.40613212559019624,-26.975431326354027,1.00971119348034,6.547249236099622e-07,0,0.5334794793010971,0.002621978964931741,0.3658304810523987,1.0000636597868184
0.00475,9,physics,0,40,10.045927279858406,2.256833699769069,7.239137756302619,19.541898735930094,88.40088198054553,3.571865260913772e-05,0.4060610077207169,-29.729867210043473,1.0107024574742844,6.602478088701948e-07,0,0.5323089636032249,0.0026364671293231264,0.3658304810523987,1.0000652692159717
0.0048125,9,physics,0,40,8.31362787750463,2.536895031815681,8.851055242648112,19.701578151968423,89.0662143008112,3.598748221224543e-05,0.4180157052728652,-22.792953955645963,1.0082051817166384,6.63564001968098e-07,0,0.5300847680829327,0.002649345406934039,0.3658304810523987,1.0000686669082455
0.004875,9,physics,0,40,4.13247397782254,3.3685167099892794,13.992158499975371,21.49314918778719,89.7365581388348,3.625833673476377e-05,0.4520010627303179,-8.276158968695562,1.0029793101456301,6.651266133417268e-07,0,0.5269304149286773,0.0026612926458300995,0.3658304810523987,1.0000690245607353
0.0049375,9,physics,0,40,1.5151800741900243,4.457334014561696,19.131852752175146,25.104366840926865,90.41194570178071,3.6531229190098154e-05,0.5107289715221589,9.313687506218244,0.9966471912065913,6.659179874191072e-07,0,0.5230146585153926,0.0026741282112774226,0.3658304810523987,1.0000715281317454
0.005,9,physics,0,40,2.4965755865440324,5.5614174874181925,21.676602499899104,29.734595573861327,91.09241976356631,3.680617686118358e-05,0.5870902410092486,24.58307788454441,0.9911504037059875,6.672189947209969e-07,0,0.5186915652968499,0.0026892305011064176,0.3658304810523987,1.000069382213353
0.005,10,refine,0,40,2.4965755865440324,5.5614174874181925,21.676602499899104,29.734595573861327,91.09241976356631,3.680617686118358e-05,0.5870902410092486,24.58307788454441,0.9911504037059875,6.672189947209969e-07,0,0.5186915652968499,0.0026892305011064176,0.3658304810523987,1.000069382213353
0.0050625,10,physics,0,40,5.526218843055254,6.609167165371777,21.960504326134533,34.09589033456156,91.77800735403008,3.708319066951075e-05,0.6649937073515813,32.90625001058215,0.9881541545797243,6.701705963507714e-07,0,0.5144240872908776,0.002707825476098073,0.3658304810523987,1.0000702763454568
0.005125,10,physics,0,40,7.536292584866847,7.501568232803212,21.968824630007475,37.00668544767753,92.46875887567477,3.736229098036838e-05,0.7231929285637008,31.700048299038738,0.9885879295559018,6.755219921217306e-07,0,0.5106389402048189,0.0027299579306483274,0.3658304810523987,1.0000711704783602
0.0051875,10,physics,0,40,7.106153788573995,7.92292625501011,22.625864831192224,37.654944874776334,93.16470719983005,3.764349107551997e-05,0.7409926160444696,21.07986600834458,0.9924112292393283,6.832455432537195e-07,0,0.5075419228074262,0.0027549110570167503,0.3658304810523987,1.0000727799196005
0.00525,10,physics,0,40,5.503638594581954,7.461019606130297,22.614361979018238,35.57902017973049,93.86588924285974,3.792680587113768e-05,0.7046697650283384,3.8245692940339997,0.9986231545617495,6.927203557438579e-07,0,0.5052942682368311,0.002780796491998994,0.3658304810523987,1.0000752835000117
0.0053125,10,physics,0,40,4.86070912592578,5.981594821066411,19.836512354439915,30.678816301432107,94.57234491267266,3.821225149213678e-05,0.6131054128508273,-15.274368897810051,1.0054987826357924,7.02682082298622e-07,0,0.5039091328458609,0.00280508333577763,0.3658304810523987,1.0000759988098518
0.0053750000000000004,10,physics,0,40,5.653869680138033,3.8880881765472175,13.912553055645885,23.454510912331138,95.28411466430754,3.849984428450206e-05,0.4807178607222479,-30.67103333869735,1.0110415877970378,7.118822722418367e-07,0,0.5031764303274611,0.002825655717267132,0.3658304810523987,1.000078681226309
0.0054375000000000005,10,physics,0,40,6.293996490556415,1.9419369321213047,7.050125701080216,15.286059123757935,96.00123353091614,3.8789598403487987e-05,0.33596862538132705,-37.654211831580895,1.013555530802868,7.190281667845964e-07,0,0.5027593132078002,0.002841019500779606,0.3658304810523987,1.0000806483362834
0.0055,10,physics,0,40,5.293956403873726,0.7383763432243988,2.2871206456711133,8.319453392769239,96.72375045682828,3.908153362520401e-05,0.21478772188785036,-33.863097905099785,1.012190723965318,7.234317429549712e-07,0,0.5024207301616469,0.0028508472995200105,0.3658304810523987,1.000084224909786
0.0055,11,refine,0,40,5.293956403873726,0.7383763432243988,2.2871206456711133,8.319453392769239,96.72375045682828,3.908153362520401e-05,0.21478772188785036,-33.863097905099785,1.012190723965318,7.234317429549712e-07,0,0.5024207301616469,0.0028508472995200105,0.3658304810523987,1.000084224909786
0.0055625,11,physics,0,40,3.4323292812524375,0.34927107983815475,0.9679497759485203,4.749550137039113,97.45172870186806,3.937567550997964e-05,0.15059891448699428,-20.11445883749468,1.0072412103608135,7.253350089442277e-07,0,0.5017396799825139,0.002856641953106375,0.3658304810523987,1.000086192030665
0.005625,11,physics,0,40,3.15897801636919,0.5263049093493904,2.195586931160846,5.880869856879427,98.18518362853311,3.9672030265080104e-05,0.16444496096746308,-0.182508118224064,1.0000656999149884,7.255939529215989e-07,0,0.500570301337266,0.002860851402529006,0.3658304810523987,1.000088337985127
0.0056875,11,physics,0,40,5.7162233569730265,1.2322743456799035,4.683488986448387,11.631986689101318,98.9241620644119,3.9970616811338854e-05,0.25885406861683313,20.408017869504967,0.9926534380500525,7.256041709702278e-07,0,0.49871038043757404,0.0028667205843545766,0.3658304810523987,1.000089410964085
0.00575,11,physics,0,40,9.28499744396872,2.8631200834810078,8.617119684174554,20.76523721162428,99.66869482062302,4.0271447598084635e-05,0.4177333777596218,36.00582796986308,0.9870384720980321,7.269042625601684e-07,0,0.49624748454450357,0.0028770916877527562,0.3658304810523987,1.0000913780951646
0.0058125,11,physics,0,40,10.42095213437506,5.8413498485804505,15.223935118853866,31.486237101809376,100.4188340593976,4.057454370162995e-05,0.610294134983802,42.384415638982354,0.9847423115559137,7.306753753155705e-07,0,0.4932444867409727,0.002894176600913203,0.3658304810523987,1.0000906627743242
0.005875,11,physics,0,40,7.484655092197075,9.923912922071509,24.48189223857896,41.89046025284755,101.17461727820086,4.0879920272942784e-05,0.7974621409909326,37.772008516179085,0.9864021523104084,7.374427393180837e-07,0,0.48987684555256256,0.002918395781533353,0.3658304810523987,1.0000919145861304
0.0059375,11,physics,0,40,2.62207001949432,13.891928576584382,33.57046972728649,50.08446832336519,101.93609658913378,4.1187598368080396e-05,0.9395373992340575,23.235888260542662,0.9916351325777883,7.469394103232219e-07,0,0.48629548717706844,0.002948963163895553,0.3658304810523987,1.0000920934165163
0.006,11,physics,0,40,0.13584371160938874,16.035196255678756,38.0685630502279,54.239603017516046,102.70329710299839,4.14975881331408e-05,1.0042759735685796,2.459921067763155,0.9991144345913328,7.58219631524782e-07,0,0.4826841713139423,0.0029832673413130364,0.3658304810523987,1.0000942393836416
0.006,12,refine,0,40,0.13584371160938874,16.035196255678756,38.0685630502279,54.239603017516046,102.70329710299839,4.14975881331408e-05,1.0042759735685796,2.459921067763155,0.9991144345913328,7.58219631524782e-07,0,0.4826841713139423,0.0029832673413130364,0.3658304810523987,1.0000942393836416
0.0060625,12,physics,0,40,2.5138718212006617,15.222505496646301,35.21742543333817,52.95380275118514,103.47627744569668,4.18099132561029e-05,0.974725126363587,-19.10319410965827,1.0068770908526794,7.698442185954936e-07,0,0.47925439504176204,0.0030180725893058885,0.3658304810523987,1.0000953123689311
0.006125,12,physics,0,40,7.849726421075049,11.769013293320793,26.331307190815068,45.95004690521091,104.2550737356594,4.212458833073153e-05,0.8549988115038317,-35.6262240649585,1.0128253259955224,7.802086212649337e-07,0,0.4759986442205229,0.003049580381321139,0.3658304810523987,1.0000951335379695
0.0061875,12,physics,0,40,11.429592150931152,7.297061733617188,15.91411257103983,34.64076645558817,105.03974459857844,4.244163704492066e-05,0.6712110376681107,-42.57598815152997,1.0153271940314617,7.879978500824335e-07,0,0.47304626922220094,0.003075038681784287,0.3658304810523987,1.0000988889948768
0.00625,12,physics,0,40,10.184586968172777,3.5958716972026483,8.144431917749792,21.92489058312522,105.8303147743162,4.2761069394889025e-05,0.4658361229478968,-38.104968631703365,1.013717141148711,7.927271257202041e-07,0,0.47054838137072796,0.0030929797793165276,0.3658304810523987,1.0001017503048428
0.0063125,12,physics,0,40,5.553327521067257,1.4717328123295057,4.091556669163226,11.116617002559988,106.62683284282252,4.308290500951718e-05,0.28629689310786327,-23.625609935012868,1.0085048317682437,7.945753033311572e-07,0,0.4684998380357793,0.003103924362009396,0.3658304810523987,1.000103002130527
0.0063750000000000005,12,physics,0,40,1.8556097473475388,0.6086917405275358,2.2132430934278036,4.677544581302878,107.42933391004777,4.340715807347404e-05,0.17199077439240473,-3.3196806738912015,1.0011950296961372,7.947678302144824e-07,0,0.46688958634982514,0.003109987561340145,0.3658304810523987,1.0001051481210599
0.0064375000000000005,12,physics,0,40,2.0473054703530025,0.3896291346455368,1.137846187704526,3.5747807927030655,108.23787729256118,4.3733852553804785e-05,0.14464612667262858,17.229843206540732,0.993797554796317,7.947608615666022e-07,0,0.465744330623508,0.003114257999145889,0.3658304810523987,1.0001063999509974
0.006500000000000001,12,physics,0,40,5.257741594852932,0.7083189559172973,1.497568142463499,7.463628693233728,109.05251097826832,4.4063007840172604e-05,0.20500125912843317,32.663112835756756,0.9882415397287173,7.962417445384058e-07,0,0.4649106156797049,0.0031201463683462505,0.3658304810523987,1.000103717460193
0.006500000000000001,13,refine,0,40,5.257741594852932,0.7083189559172973,1.497568142463499,7.463628693233728,109.05251097826832,4.4063007840172604e-05,0.20500125912843317,32.663112835756756,0.9882415397287173,7.962417445384058e-07,0,0.4649106156797049,0.0031201463683462505,0.3658304810523987,1.000103717460193
0.0065625,13,physics,0,40,8.226102283209377,2.0065716902702055,4.993024719213105,15.225698692692687,109.87327007263332,4.439463811705e-05,0.33514311206675634,39.228139638331264,0.9858780793230404,8.003084870367162e-07,0,0.4642323010384812,0.003130457478289255,0.3658304810523987,1.0001047904556515
0.006625,13,physics,0,40,8.707709853445216,4.652459568189063,11.977885946831744,25.338055368466023,110.7002028839292,4.4728762903545624e-05,0.5046503503274682,35.607541616443044,0.9871814844348721,8.073696813326594e-07,0,0.4634950679932813,0.0031470111719910164,0.3658304810523987,1.0001067576169815
0.0066875,13,physics,0,40,7.328748875858991,8.341894698123888,20.299164902845142,35.96980847682802,111.53336835727947,4.5065406016620853e-05,0.6781803427496003,23.146752664456386,0.9916672942020639,8.171595924366672e-07,0,0.46236877962289424,0.00317001440052363,0.3658304810523987,1.0001085459488213
0.00675,13,physics,0,40,6.296404181417066,12.075465827822693,26.72329679165761,45.095166800897374,112.37281351755442,4.540458645682145e-05,0.8228352235632707,5.462545433406829,0.9980335114233789,8.286031434323596e-07,0,0.4606591716663823,0.003198494996618169,0.3658304810523987,1.0001083671154933
0.0068125,13,physics,0,40,6.63885058463524,14.713391619343088,29.565166459424628,50.91740866340295,113.21856411532565,4.5746314628746354e-05,0.914517039423273,-12.486758033230847,1.0044949853252145,8.402414231056818e-07,0,0.4581511751580309,0.0032302516837212397,0.3658304810523987,1.0001087247821812
0.006875,13,physics,0,40,7.114449491093602,15.623290144746717,29.779169658354732,52.51690929419505,114.07069010283699,4.6090618796818284e-05,0.9424795744856139,-25.753850334558006,1.0092708804890553,8.506362352278528e-07,0,0.45481058359885523,0.0032629404628897,0.3658304810523987,1.00010961894946
0.0069375,13,physics,0,40,6.038052721341273,14.896107313811674,29.311195308403324,50.24535534355627,114.92922781757278,4.6437513643311325e-05,0.9106997968597172,-30.860525838513848,1.0111091734775417,8.586279278688373e-07,0,0.45077887332841926,0.0032941361256833483,0.3658304810523987,1.0001112284525766
0.007,13,physics,0,40,3.8146003089148204,13.061589074258695,28.578417753451745,45.454607136625256,115.79420255664648,4.678700938960322e-05,0.835461437524431,-26.825516419912756,1.009656654059277,8.638575152986064e-07,0,0.4462168241162065,0.0033221902407200026,0.3658304810523987,1.0001144474665804
0.007,14,refine,0,40,3.8146003089148204,13.061589074258695,28.578417753451745,45.454607136625256,115.79420255664648,4.678700938960322e-05,0.835461437524431,-26.825516419912756,1.009656654059277,8.638575152986064e-07,0,0.4462168241162065,0.0033221902407200026,0.3658304810523987,1.0001144474665804
0.0070625,14,physics,0,40,2.962294645157779,10.696935300981472,26.062154038518738,39.72138398465799,116.6657069941335,4.713914348094375e-05,0.7395900455146391,-15.392003814639551,1.0055407973814263,8.66807381427748e-07,0,0.44152274427979615,0.003346735278194673,0.3658304810523987,1.0001149839699217
0.007125,14,physics,0,40,5.337266825432048,8.282749346732363,20.573503613521645,34.19351978568606,117.54376615621769,4.7493926029240696e-05,0.6455676209651043,-0.34649262870747455,1.000124729785245,8.686535295510112e-07,0,0.4372175133961458,0.003367803887649762,0.3658304810523987,1.0001171299861649
0.0071875,14,physics,0,40,9.65727777573348,6.25524279356869,13.567121219911929,29.4796417892141,118.42843935774616,4.7851381000843396e-05,0.5698652999510938,13.728994087194442,0.9950578634872976,8.707946523855986e-07,0,0.4336236454861955,0.0033866678830778763,0.3658304810523987,1.000121600868128
0.00725,14,physics,0,40,12.212048938660493,4.9975234847803875,8.718437081939399,25.92800950538028,119.31976265796862,4.821152296560437e-05,0.5202227770878798,22.811124068542647,0.9917885210131676,8.744894994805458e-07,0,0.43106157042777854,0.0034045207669642914,0.3658304810523987,1.0001244622430734
0.0073125,14,physics,0,40,10.262256209600558,4.674753574426644,8.89347417536373,23.830483959390932,120.21780774785292,4.8574380890483195e-05,0.4959439662825035,24.494530643491284,0.9911825255565248,8.805165698788641e-07,0,0.4295855830225746,0.003422530505623415,0.3658304810523987,1.0001262506065713
0.0073750000000000005,14,physics,0,40,4.899057837267181,5.071095612970685,13.345462378247959,23.315615828485825,121.12260987385548,4.8939969016920755e-05,0.49046797192879227,18.536444054533348,0.9933270698639147,8.890128277982967e-07,0,0.42910649476202123,0.003441168001019516,0.3658304810523987,1.000129290831857
0.0074375000000000005,14,physics,0,40,0.5208565451577076,5.648720590604563,17.92290422663953,24.092481362401802,122.03421729275922,4.930830684322095e-05,0.49525285256203944,6.885337504701359,0.9975213507437355,8.995471247885689e-07,0,0.42924801033679844,0.003460697304871767,0.3658304810523987,1.0001323310663846
0.0075,14,physics,0,40,1.0803932447088935,5.890348075533421,18.46381030872031,25.434551628962623,122.95267794033302,4.967941373798103e-05,0.5037615309239106,-6.816011822066986,1.0024536927379262,9.107719902701211e-07,0,0.42964826041378706,0.003480838051138081,0.3658304810523987,1.0001325099039975
0.0075,15,refine,0,42,1.0803932447088935,5.890348075533422,18.46381030872031,25.434551628962623,122.952677940333,4.967941373798103e-05,0.5037615309239106,-6.816011822066986,1.0024536927379262,5.991784179926179e-07,0,0.43556631429171294,0.0034092437941364096,0.24088996648788452,1.0001325099039975
0.0075625,15,physics,0,42,6.3448188585199095,5.716944563217965,14.544263691733049,26.606027113470923,123.878062087961,5.005331809457333e-05,0.5141511768295116,-18.206546704850457,1.0065541646068705,6.061197579398935e-07,0,0.435580066139674,0.003428980021942863,0.24088996648788452,1.000133404092542
0.007625,15,physics,0,42,11.862868234676975,5.588094160151594,10.098264116766353,27.549226511594924,124.810405850665,5.0430034505385254e-05,0.5311887030107673,-23.537817296675833,1.0084732187687537,6.118608242289274e-07,0,0.43467357537930834,0.003449006668447297,0.24088996648788452,1.000136086662972
0.0076875,15,physics,0,42,13.0325123197354,6.1679444174225075,9.860234723954399,29.060691461112306,125.74976967479563,5.080958739395369e-05,0.5627144369205554,-20.84677793682521,1.0075042845022504,6.158294558744614e-07,0,0.43242268794804534,0.003469654254551548,0.24088996648788452,1.0001371596931588
0.00775,15,physics,0,42,9.385707775129985,7.806239744758297,15.118094664272943,32.310042184161226,126.6962006325825,5.11919957799601e-05,0.6165197186010493,-10.693756568031715,1.0038494611868016,6.18323443113411e-07,0,0.4287820971395111,0.0034916728180175408,0.24088996648788452,1.0001385904018654
0.0078125,15,physics,0,42,4.7186107360518035,10.377417409344742,22.786896920756273,37.88292506615282,127.64975803672442,5.157728362888576e-05,0.6955586037761884,3.9942621234837916,0.9985621756798508,6.197507200766949e-07,0,0.42398972188314304,0.00351610147989649,0.24088996648788452,1.0001430613797642
0.007875,15,physics,0,42,3.1039849866484417,13.52701033967041,28.593883247744934,45.22487857406379,128.6104903306842,5.196547051446324e-05,0.7947474155698646,18.8616014344304,0.993210344346065,6.20990441291269e-07,0,0.4184844478345457,0.0035439226674424656,0.24088996648788452,1.0001437767380827
0.0079375,15,physics,0,42,5.113426607426079,16.907576569571624,30.85832115983137,52.87932433682907,129.57844416001822,5.235657528397533e-05,0.9004223693814533,29.450347345915187,0.9893986977040834,6.232816982532094e-07,0,0.412816291211106,0.0035757130354339586,0.24088996648788452,1.0001428825402645
0.008,15,physics,0,42,7.918459758787705,20.09153651470855,31.167315503360165,59.17731177685642,130.55369148718688,5.275062701407902e-05,0.9925345004388866,32.46136608224087,0.9883148213456696,6.272611914326382e-07,0,0.4075280163830026,0.0036113840323560866,0.24088996648788452,1.0001450286163716
0.008,16,refine,0,42,7.918459758787705,20.09153651470855,31.167315503360165,59.17731177685642,130.55369148718688,5.275062701407902e-05,0.9925345004388866,32.46136608224087,0.9883148213456696,6.272611914326382e-07,0,0.4075280163830026,0.0036113840323560866,0.24088996648788452,1.0001450286163716
0.0080625,16,physics,0,42,8.63197583975799,22.35536207656476,31.785607722407743,62.77294563873049,131.53627975486586,5.3147644874135704e-05,1.04901124317434,26.60432658596373,0.9904228894074185,6.333914939204978e-07,0,0.4029850545730699,0.0036500182461916874,0.24088996648788452,1.0001437767380827
0.008125,16,physics,0,42,7.223853614181132,22.75409919600283,32.788720005936106,62.766672816120064,132.52626876745117,5.354765302829846e-05,1.0511875648611324,12.95287454687761,0.9953371727785877,6.413063911026037e-07,0,0.3994026704148575,0.003689832984912212,0.24088996648788452,1.0001427037007968
0.0081875,16,physics,0,42,6.188947425663995,20.627864527493028,31.815559528522073,58.632371481679094,133.5237062882363,5.3950670775475295e-05,0.9893222231188775,-5.291213598842114,1.001904752425834,6.504570988496992e-07,0,0.3968079960578816,0.003728401191345413,0.24088996648788452,1.000145565136118
0.00825,16,physics,0,42,7.498014734549672,16.20842401769602,26.616946620086868,50.32338537233257,134.5286512517007,5.435672192832677e-05,0.8668308740416852,-23.46821039924489,1.008448182604254,6.596498511868277e-07,0,0.39503159491814055,0.0037632792074013058,0.24088996648788452,1.0001464593363347
0.0083125,16,physics,0,42,10.080447825555673,10.762462124403559,17.820528266774005,38.66343821673324,135.54116411758199,5.4765830915798814e-05,0.7018736317139429,-36.63754708039488,1.0131889249864028,6.678215758171291e-07,0,0.3937599642420762,0.0037925088061310057,0.24088996648788452,1.0001482477391666
0.008375,16,physics,0,42,10.700143941532504,5.975951792054924,9.006926730893388,25.683022464480814,136.56130359881328,5.517802146103552e-05,0.5250343704940944,-40.94871701824554,1.014740873871442,6.738748190571179e-07,0,0.3926897604898604,0.003815063267734043,0.24088996648788452,1.0001494996230518
0.0084375,16,physics,0,42,7.591679164880616,2.96354179974514,3.8104930288656496,14.365713993491404,137.5891069419311,5.559330861361636e-05,0.3729357989482286,-34.81192572399451,1.0125312669481763,6.774607079762519e-07,0,0.3915195805086754,0.0038312307597398267,0.24088996648788452,1.000151824554424
0.0085,16,physics,0,42,2.9472738826737936,1.7578058225964974,2.9527586787458056,7.657838384016097,138.6246450570768,5.601172102500554e-05,0.27935511877197294,-19.48990397649756,1.0070157833101956,6.788939028723463e-07,0,0.39001982616339137,0.0038427892548484723,0.24088996648788452,1.000152361077816
0.0085,17,refine,0,44,2.9472738826737936,1.7578058225964974,2.9527586787458056,7.657838384016097,138.6246450570768,5.601172102500554e-05,0.27935511877197294,-19.48990397649756,1.0070157833101956,6.788939028723463e-07,0,0.39001982616339137,0.003676770628126393,0.24088996648788452,1.000152361077816
0.0085625,17,physics,0,44,1.238876060503118,1.7758052661830084,4.304390435771973,7.319071762458099,139.6679774760469,5.6433282749211475e-05,0.266415063312409,1.2004697135180902,0.9995678668358429,6.789317783528757e-07,0,0.3881675959920809,0.003686084015189983,0.24088996648788452,1.000154507174262
0.008625,17,physics,0,44,4.819932639970929,2.785764731761831,5.802176155605764,13.407873527338523,140.71916291789222,5.685801751185015e-05,0.34030649796685164,22.10497895281785,0.9920428820334198,6.790014221991213e-07,0,0.3859320714424187,0.0036968457416868745,0.24088996648788452,1.0001562955914844
0.0086875,17,physics,0,44,11.316301332577702,5.3781066161743585,7.9043316695702615,24.59873961832232,141.77826182632268,5.728594973539143e-05,0.48916473491056983,38.15270460254585,0.9862662592020972,6.800980898447045e-07,0,0.3834816099348666,0.003712103109455863,0.24088996648788452,1.0001573686433531
0.00875,17,physics,0,44,15.50632125392016,10.43520929569156,12.98141460027571,38.922945149887425,142.84532164183778,5.771709858831735e-05,0.6872488765490095,45.603624263982674,0.9835840639655317,6.834255454890581e-07,0,0.38090632614405295,0.0037340213270998734,0.24088996648788452,1.0001575474854432
0.008812500000000001,17,physics,0,44,13.919815237188322,18.054565527034075,22.293777619117517,54.26815838333991,143.92042541439798,5.815149762722405e-05,0.8999781992011128,42.71044412583561,0.984625034670803,6.893222783688198e-07,0,0.3782511864387313,0.003763697785682314,0.24088996648788452,1.000159514750544
0.008875000000000001,17,physics,0,44,7.907551702092171,26.847886347980364,33.70036209034532,68.45580014041786,145.00362080527063,5.858916610979546e-05,1.0904565260265104,30.230381223312307,0.9891176407124456,6.976686943716011e-07,0,0.3755078480582874,0.003800799887036145,0.24088996648788452,1.0001593359081022
0.008937500000000001,17,physics,0,44,2.4358004121500105,34.25952470590527,42.508928065960895,79.20425318401618,146.09495702941453,5.9030123921489493e-05,1.2261222589356369,11.189641127244846,0.995971952484398,7.077624051277092e-07,0,0.37260671074079915,0.00384364499864761,0.24088996648788452,1.0001587993809686
0.009000000000000001,17,physics,0,44,1.6847029508353843,37.810647583028036,44.91445266799502,84.40980320185844,147.19451536168995,5.9474403901667415e-05,1.284880224317554,-9.784611076269739,1.0035222609557628,7.18465726023964e-07,0,0.36946857261663396,0.0038896612325916647,0.24088996648788452,1.0001611243339592
0.009000000000000001,18,refine,0,48,1.6847029508353841,37.81064758302803,44.91445266799502,84.40980320185844,147.19451536168992,5.9474403901667415e-05,1.284880224317554,-9.784611076269739,1.0035222609557628,7.107463169120369e-07,0,0.36946857261663396,0.003516185214328019,0.23809105157852173,1.0001611243339592
0.0090625,18,physics,0,48,5.443906377480991,36.47973700046514,40.822814421299014,82.74645779924515,148.30234464621785,5.9922025785948965e-05,1.2578290222907071,-27.530735981390134,1.0099104978538398,7.206471730469843e-07,0,0.3659936132663773,0.0035586231535808563,0.23809105157852173,1.0001636281355317
0.009125,18,physics,0,48,9.738870151613913,31.17987515721791,33.94148377739582,74.86022908622763,149.41851584137382,6.037301824528751e-05,1.1586103563131211,-37.8271686108429,1.013616504794033,7.287528278610012e-07,0,0.362183828406193,0.0035986769512281066,0.23809105157852173,1.0001648800386684
0.0091875,18,physics,0,48,10.961758434785192,24.066551704670484,27.687372346548543,62.71568248600422,150.54308879808303,6.0827405462636406e-05,1.0088970906128862,-38.417114821292444,1.013828761674028,7.343595482822705e-07,0,0.3581766683264973,0.0036343197729128067,0.23809105157852173,1.0001668473181922
0.00925,18,physics,0,48,9.205081172997467,17.222575936774195,22.84355214034514,49.2712092501168,151.67612485397274,6.12852122216556e-05,0.8405400126247959,-29.65810450513153,1.0106758160808644,7.376321642382779e-07,0,0.3541469164924409,0.0036644194463968985,0.23809105157852173,1.0001673838496428
0.0093125,18,physics,0,48,7.483621974865144,11.820652255008605,17.9090461844945,37.21332041436825,152.81770300032082,6.174647043901777e-05,0.6855356100441686,-14.48000088612871,1.005212253192498,7.391399448053444e-07,0,0.35037668241242903,0.003689214090032727,0.23809105157852173,1.0001675626935238
0.009375,18,physics,0,48,8.018166313673948,8.168221064962545,12.058817784446283,28.245205163082776,153.96786223899431,6.221119587354918e-05,0.5689001228577129,2.7946584273367545,0.9989940292817913,7.40165209123234e-07,0,0.34722097974047617,0.0037094789935340523,0.23809105157852173,1.0001693511340914
0.0094375,18,physics,0,48,9.794406245470109,6.223210266373378,7.089960478219751,23.107576990063237,155.12667406915892,6.267941741471115e-05,0.5043964079193926,17.64350321868075,0.9936490145858118,7.417782885710266e-07,0,0.3448786566202185,0.0037269426635436792,0.23809105157852173,1.0001686357574806
0.0095,18,physics,0,48,9.885097767781879,5.935669900217885,6.1314034970364135,21.952171165036177,156.29420907754184,6.31511635832914e-05,0.49374600399226276,26.53078333424212,0.9904499204647252,7.448799319575984e-07,0,0.3434410971431392,0.0037432742911525136,0.23809105157852173,1.0001711395778572
0.0095,19,refine,0,60,9.885097767781877,5.935669900217884,6.1314034970364135,21.952171165036173,156.29420907754184,6.31511635832914e-05,0.49374600399226276,26.53078333424212,0.9904499204647252,5.397507498727803e-07,0,0.3636339321118939,0.0035380028231274817,0.1725849062204361,1.0001711395778572
0.0095625,19,physics,0,60,6.967689538629684,7.190825474779975,10.365206133677404,24.523721147087063,157.4705274847037,6.362645871159558e-05,0.5271416592681019,27.721596244393414,0.9900212781649148,5.435644441220695e-07,0,0.3629897347119298,0.0035540107031414945,0.1725849062204361,1.0001713184224095
0.009625,19,physics,0,60,3.273948888404668,9.602666338839084,17.34445280067358,30.221068027917333,158.65570046849686,6.410533155925746e-05,0.5932931879458131,21.54854739134413,0.9922433565684626,5.488647092377619e-07,0,0.3628704851434702,0.0035717719984185315,0.1725849062204361,1.000171497266994
0.0096875,19,physics,0,60,2.8345330872337313,12.518616194163526,22.372532687290622,37.72568196868788,159.84980999285784,6.458781524406163e-05,0.6747994315629511,10.298127174209807,0.9962930726117039,5.552202262393276e-07,0,0.3629685328914593,0.0035919588135013185,0.1725849062204361,1.0001704241999672
0.00975,19,physics,0,60,7.400256076071789,15.363677631753877,22.662241862988623,45.42617557081429,161.0528943840784,6.50739252518661e-05,0.7581650985568101,-2.365064316509746,1.000851376111129,5.619404310763796e-07,0,0.362798784672597,0.0036148215368289292,0.1725849062204361,1.0001725703351723
0.0098125,19,physics,0,60,14.023200910760009,18.027830043279828,20.014892225770442,52.065923179810284,162.26502464791866,6.556369027277006e-05,0.83530661235941,-12.499233722217044,1.0044994779350407,5.682463752876287e-07,0,0.36194651550947193,0.003640132845069292,0.1725849062204361,1.000174001094534
0.009875,19,physics,0,60,17.186915840495757,20.87822438810751,19.35025126628123,57.4153914948845,163.48628291821262,6.60571434932059e-05,0.9043462407125535,-16.998447523302477,1.0061190920553567,5.734309809213292e-07,0,0.3601027060402847,0.00366776018262612,0.1725849062204361,1.000176683773854
0.0099375,19,physics,0,60,13.912991215224775,24.320635818987835,24.04296089410273,62.27658792831534,164.71672946356222,6.655430926489047e-05,0.9680840971519384,-14.497264181187205,1.005218712746616,5.77248041366829e-07,0,0.357133840454153,0.0036973787386243083,0.1725849062204361,1.0001784722307314
0.01,19,physics,0,60,6.800895573140184,28.343085474376295,32.53918464998396,67.68316569750044,165.95643600156532,6.705521656554337e-05,1.030677031470762,-5.867779024228928,1.0021122742917936,5.797582582900421e-07,0,0.3532554381617154,0.003728837439857553,0.1725849062204361,1.0001806183832058
0.01,20,refine,0,69,6.800895573140185,28.34308547437629,32.53918464998395,67.68316569750043,165.9564360015653,6.705521656554336e-05,1.030677031470762,-5.867779024228928,1.0021122742917936,5.797582582900421e-07,0,0.3532554381617154,0.0036684821136902064,0.1725849062204361,1.0001806183832058
0.0100625,20,physics,0,69,1.7345843896789166,32.5036869073024,39.5794945470704,73.8177658440517,167.2054738080628,6.755989419439078e-05,1.1446575058181123,6.15295968567637,0.9977850648211485,5.816076553699651e-07,0,0.3487262704165266,0.0037011552206365032,0.1725849062204361,1.000184374161117
0.010125,20,physics,0,69,2.4443265732932162,36.29166986444892,41.448778362590396,80.18477480033253,168.46391427975496,6.806837099949261e-05,1.2095876470323188,17.688113630258428,0.9936326616637228,5.835378633634034e-07,0,0.3440508631799903,0.0037357871287427517,0.1725849062204361,1.000184016467375
0.0101875,20,physics,0,69,7.44743447735338,39.29682236136193,38.54868781981614,85.29294465853145,169.73183969924227,6.85806802273907e-05,1.264318241691464,25.020577076712385,0.9909931334145323,5.863690377694305e-07,0,0.3396274490810035,0.003772178662422742,0.1725849062204361,1.00018491070197
0.01025,20,physics,0,69,11.919906295181459,41.131447207583975,34.85542259315285,87.90677609591829,171.0092994985117,6.909684185123384e-05,1.2966517350270732,25.586960029385367,0.9907892494486985,5.9065924951085e-07,0,0.335834013416887,0.003809869714386309,0.1725849062204361,1.00018491070197
0.0103125,20,physics,0,69,12.372029393159904,41.2347860625818,33.68961491860591,87.29643037434761,172.29637650198853,6.961688933648989e-05,1.293783149772045,18.620865130529513,0.9932968948936391,5.966203646678987e-07,0,0.3328616865181262,0.0038478988569828577,0.1725849062204361,1.00018419531423
0.010375,20,physics,0,69,9.620639801739848,38.962622953703125,34.559238072958145,83.14250082840113,173.59311960002077,7.014084243745674e-05,1.2462292355137092,5.379034720956952,0.9980636818464947,6.039880497965555e-07,0,0.33079092794096604,0.003885189751718574,0.1725849062204361,1.0001822280005837
0.0104375,20,physics,0,69,7.4846238493230866,34.031015186819424,33.805482556919856,75.32112159306237,174.89964523001856,7.066874820103378e-05,1.1514974521385863,-11.093556299709926,1.003993397484138,6.121643831846764e-07,0,0.3294238644763363,0.003920294111458704,0.1725849062204361,1.0001833010802748
0.0105,20,physics,0,69,8.613860768763914,27.00602476606961,28.376670338427623,63.99655587326115,176.21600255263735,7.120062649073754e-05,1.0167094988095429,-26.64087103722642,1.0095900327611358,6.202030622404206e-07,0,0.32850133697840783,0.003951908397263889,0.1725849062204361,1.00018419531423
0.0105,21,refine,0,70,8.613860768763914,27.00602476606961,28.376670338427623,63.99655587326115,176.21600255263738,7.120062649073755e-05,1.0167094988095429,-26.64087103722642,1.0095900327611358,6.202030622404206e-07,0,0.32850133697840783,0.0034841234939178936,0.1725849062204361,1.00018419531423
0.0105625,21,physics,0,70,11.575759562169507,19.361971356615268,19.149021546434202,50.08675246521898,177.54227438400085,7.173651076868155e-05,0.8589508548393269,-36.6847325440002,1.0132049522969473,6.271564689797054e-07,0,0.3277142296769374,0.0035070653939193925,0.1725849062204361,1.0001877722580463
0.010625,21,physics,0,70,12.31897191235422,12.882363476811383,10.539103101070962,35.74043849023656,178.87851044010276,7.227642112276841e-05,0.7039057524533031,-38.33639455933452,1.0137993228510895,6.32318749360649e-07,0,0.32683140277821343,0.003525711517847721,0.1725849062204361,1.0001890241914042
0.0106875,21,physics,0,70,8.701955881729518,8.741089944745317,6.557529767501969,24.000575593976805,180.22482011078554,7.282040175230583e-05,0.5798773877496227,-30.54906721552377,1.0109962385516884,6.354027233257402e-07,0,0.32559287337672244,0.00354023269301714,0.1725849062204361,1.0001902761263293
0.010750000000000001,21,physics,0,70,3.347256693003143,7.072515675715759,7.3898983297113325,17.809670698430235,181.58125491254683,7.336847347269567e-05,0.5119910065661312,-14.942240891639104,1.005378495940764,6.366744056407468e-07,0,0.32391039420563145,0.003551796694059583,0.1725849062204361,1.0001918857592496
0.010812500000000001,21,physics,0,70,1.4854128732165153,7.436817898047893,9.8874814046756,18.80971217594001,182.94789195024413,7.392066743839653e-05,0.5161149383096212,4.933799907229858,0.9982240683147449,6.368650984356351e-07,0,0.32188676699949986,0.0035621330904222217,0.1725849062204361,1.0001936742433104
0.010875000000000001,21,physics,0,70,5.809612704318655,9.723923363533345,11.3353869128865,26.868922980738503,184.3248131460028,7.447701675029919e-05,0.595281692734089,24.45054885972657,0.9911989639130774,6.370701886027073e-07,0,0.31967964796687737,0.003573511525837544,0.1725849062204361,1.0001959992773704
0.010937500000000001,21,physics,0,70,13.574788369889776,14.552325353632726,12.393046030280665,40.52015975380317,185.71210203607407,7.503755516148694e-05,0.7392319657223858,39.12258019374574,0.9859175306834381,6.38379644257725e-07,0,0.3174571278131491,0.003587906812546335,0.1725849062204361,1.0001961781263682
0.011,21,physics,0,70,18.81988491739375,22.719735934779823,16.213116083969613,57.75273693614318,187.10983175922925,7.560231222390893e-05,0.9267821753545945,45.91121202073793,0.9834731162551937,6.414698852097445e-07,0,0.3153781330798305,0.003606950589032795,0.1725849062204361,1.0001985031662488
0.011,22,refine,0,72,18.819884917393754,22.719735934779834,16.21311608396961,57.752736936143194,187.10983175922928,7.560231222390894e-05,0.9267821753545945,45.91121202073793,0.9834731162551937,6.414698852097445e-07,0,0.3153781330798305,0.003606950589032795,0.1725849062204361,1.0001985031662488
0.0110625,22,physics,0,72,17.57514649043611,34.15121395735993,24.75243186101546,76.4787923088115,188.5180825540258,7.617132035820504e-05,1.1298324779884137,43.75242899149998,0.9842502070526472,6.467894895223487e-07,0,0.31351565188077557,0.0036313752192763116,0.1725849062204361,1.0001979666181042
0.011125,22,physics,0,72,11.237025397779247,47.25337424080504,36.112776372291655,94.60317601087594,189.9369279322714,7.674460926705086e-05,1.3187875946793977,32.824142176922955,0.9881841244019306,6.542687742694397e-07,0,0.31179686012470675,0.0036611350984796704,0.1725849062204361,1.0001999339627077
0.0111875,22,physics,0,72,5.200986354406881,59.19853680300348,45.37293794122487,109.77246109863523,191.3664512536387,7.732221263218263e-05,1.4673091648859635,15.768691850561545,0.9943236576654405,6.632933144956607e-07,0,0.3101166694914646,0.003695186734419254,0.1725849062204361,1.0002015436111706
0.01125,22,physics,0,72,3.947022750308178,67.14065414299898,48.5921333067483,119.67981020005547,192.80673549399802,7.790416398026003e-05,1.556923179512788,-3.37310885135436,1.0012142381970162,6.728662391708441e-07,0,0.30824901548286926,0.003731922168851208,0.1725849062204361,1.0002040475139287
0.0113125,22,physics,0,72,7.122604275462169,69.54801135161509,46.11573313859797,122.78634876567523,194.2578750688238,7.849050146015057e-05,1.5802345143682817,-20.111592742616658,1.007239691795833,6.819769362564897e-07,0,0.30596120056887655,0.0037693636017913615,0.1725849062204361,1.000204762915868
0.011375,22,physics,0,72,10.374335626529339,66.76701003918565,41.97324806785605,119.11459373357104,195.71993067601557,7.908124959703022e-05,1.5418453090526951,-30.649066808095,1.0110329044825017,6.896485249541226e-07,0,0.3031891807658797,0.003805825846425376,0.1725849062204361,1.0002072668266853
0.0114375,22,physics,0,72,10.126527564281027,60.4828409219479,39.76991223952375,110.37928072575268,197.19297495409933,7.96764377407224e-05,1.456507396025075,-32.90368570057538,1.0118445050542304,6.954065367992252e-07,0,0.2999294135548514,0.0038399334940188955,0.1725849062204361,1.000209413040946
0.0115,22,physics,0,72,7.3314639356033915,52.63502857500414,39.202983899556955,99.16947641016449,198.67710469687844,8.027610500106583e-05,1.3447748176330752,-27.066046726460893,1.0097430886282182,6.99193702047297e-07,0,0.2963476092985745,0.0038709889377953797,0.1725849062204361,1.0002124535190324
0.0115,23,refine,0,87,7.3314639356033915,52.63502857500414,39.20298389955695,99.16947641016449,198.67710469687844,8.027610500106584e-05,1.3447748176330752,-27.066046726460893,1.0097430886282182,4.827355795100632e-07,0,0.28884516949405437,0.0037435706735430936,0.11904552578926086,1.0002124535190324
0.0115625,23,physics,0,87,6.1840614221380985,44.653513869165266,36.73983334567549,87.57740863697886,200.1724131819052,8.0880289067147e-05,1.2393252696929582,-15.259962605025516,1.0054925944742756,4.842653975600795e-07,0,0.28539772618214987,0.0037738126094048604,0.11904552578926086,1.0002167459744185
0.011625,23,physics,0,87,9.3999713633496,37.55055495020682,30.347337113204535,77.29786342676096,201.67899116404521,8.148902660875295e-05,1.1331183020546534,-1.1356688267123998,1.000408766288953,4.854287638522695e-07,0,0.2821991959561252,0.0038014312135021644,0.11904552578926086,1.000216567121743
0.0116875,23,physics,0,87,14.886019215496546,31.913666348664396,21.79861883565476,68.5983043998157,203.19689149984524,8.210233898273657e-05,1.0483929099517515,11.248892692507619,0.9959508475634065,4.868793386236801e-07,0,0.27950757968410445,0.003826965269127607,0.11904552578926086,1.000217282532637
0.01175,23,physics,0,87,17.501044786311684,28.14651734462826,16.034220095112417,61.68178222605236,204.72623089236882,8.272027334333537e-05,0.9877752224525908,18.578465622384357,0.9933124950208201,4.89256193780818e-07,0,0.27748725913674827,0.003850996435365715,0.11904552578926086,1.0002194287683892
0.0118125,23,physics,0,87,13.983441303112498,26.247073150444756,16.564364995735428,56.79487944929268,206.26705956061932,8.334284998169462e-05,0.9481206439183675,19.194468955413882,0.9930907621510967,4.928349728317011e-07,0,0.2762039566747372,0.0038741645349621777,0.11904552578926086,1.0002197864747957
0.011875,23,physics,0,87,6.371911776538146,25.673695407428884,22.00470542870132,54.05031261266835,207.8194721937202,8.39701071572505e-05,0.9234113906509904,13.415721619525394,0.9951708782163246,4.97547860689452e-07,0,0.2756387549839417,0.0038967685920701586,0.11904552578926086,1.0002196076215766
0.0119375,23,physics,0,87,0.6534542674264412,25.55077401058447,26.89746384101344,53.10169211902435,209.3835866775677,8.460209250216785e-05,0.9078343274316297,3.3243745780889458,0.9988033580385216,5.031722078996381e-07,0,0.2755994646654759,0.003919158948969507,0.11904552578926086,1.0002203230346451
0.012,23,physics,0,87,1.6039170969800907,25.208345612945557,26.35879967612405,53.1710623860497,210.9594970586966,8.523884401624283e-05,0.8985202010001324,-7.768880814861841,1.0027964835442826,5.089649501854865e-07,0,0.2756433046550478,0.003941304765026151,0.11904552578926086,1.0002179979440426
0.012,24,refine,0,95,1.6039170969800909,25.208345612945553,26.358799676124047,53.17106238604969,210.9594970586966,8.523884401624281e-05,0.8985202010001324,-7.768880814861841,1.0027964835442826,4.708934282504633e-07,0,0.2756433046550478,0.0037338616574009837,0.11003081500530243,1.0002179979440426
0.0120625,24,physics,0,95,8.395365577019032,24.697702501769868,20.516611293849635,53.60967937263854,212.54725365398596,8.588038203016772e-05,0.8965287464805048,-16.172487241125317,1.005820939931798,4.757510376762756e-07,0,0.27546400307950725,0.003754631065677315,0.11003081500530243,1.0002178190911433
0.012125,24,physics,0,95,15.260437835649656,24.88062390167533,14.6596295217207,54.80069125904569,214.14695159131043,8.652674498065753e-05,0.9092688350712831,-18.907588005626252,1.0068053564544959,4.798053403476389e-07,0,0.2748121827068424,0.0037752168180128116,0.11003081500530243,1.0002196076215766
0.0121875,24,physics,0,95,16.894774967570502,26.845925175192335,14.368892455305097,58.109592598067934,215.75868565549487,8.717797116581695e-05,0.9449502376983541,-14.621669643049461,1.0052627356945385,4.827543307328594e-07,0,0.27350938089605703,0.0037959927953549206,0.11003081500530243,1.000223542399787
0.01225,24,physics,0,95,13.379352557630712,31.31357316348111,20.56746514225378,65.2603908633656,217.38255150263254,8.783409923578936e-05,1.011440675840037,-4.032163640130024,1.0014512830393132,4.845272130182815e-07,0,0.27155538289085784,0.0038177595373550953,0.11003081500530243,1.0002215750087469
0.0123125,24,physics,0,95,9.621194546801487,38.455081013336,29.02634392801502,77.10261948815251,219.01866535464865,8.849517615040683e-05,1.1121347666610606,10.544001661406188,0.9962044655054361,4.855946489357166e-07,0,0.26889798501969253,0.0038411366448340522,0.11003081500530243,1.0002228269844156
0.012375,24,physics,0,95,10.008406160132903,48.178030430684615,34.77481347046877,92.9612500612863,220.66707920985553,8.916122291974993e-05,1.2434163755192418,25.626949349576293,0.9907750587071457,4.865498768324982e-07,0,0.2659582056131589,0.0038672791439136635,0.11003081500530243,1.0002203230346451
0.0124375,24,physics,0,95,13.913613270082916,60.30246403497465,36.752173540199955,110.96825084525753,222.32788783717956,8.983227783549955e-05,1.3941365316308467,36.932244032102496,0.9867054952348175,4.882204125422617e-07,0,0.26297724022861246,0.0038966817804674332,0.11003081500530243,1.0002212173017009
0.0125,24,physics,0,95,16.48669792243746,74.24693846413602,38.17691718176405,128.91055356833752,224.00123004813136,9.05083969848803e-05,1.5470622425880611,41.3796235281141,0.9851045847674198,4.910796791435252e-07,0,0.26019575355971863,0.00392987774687113,0.11003081500530243,1.0002205018879924
0.0125,25,refine,0,98,16.486697922437465,74.24693846413604,38.17691718176404,128.91055356833755,224.0012300481314,9.050839698488031e-05,1.5470622425880611,41.3796235281141,0.9851045847674198,4.910796791435252e-07,0,0.26019575355971863,0.0036390001367682316,0.11003081500530243,1.0002205018879924
0.0125625,25,physics,0,98,13.704085786705338,88.48586921706182,42.60763362911786,144.797588632885,225.68715768225667,9.118960131382263e-05,1.6814314393060983,37.487908144115856,0.986505484816022,4.954873897844431e-07,0,0.2578667042407592,0.003670947040196732,0.11003081500530243,1.00022372125371
0.012625,25,physics,0,98,6.649933260278289,100.49466739275553,49.88716748242185,157.03176813545568,227.3857434445672,9.187592019901372e-05,1.778176470953828,25.667442915000116,0.990760502051062,5.012967907447325e-07,0,0.25585281349674904,0.0037058586422543524,0.11003081500530243,1.0002240789616514
0.0126875,25,physics,0,98,1.0014964021565673,107.33925445449191,55.59264669020448,163.93339754685294,229.09712681925922,9.256740999947896e-05,1.8216662160772688,8.208741877320808,0.9970451044420825,5.082470284634155e-07,0,0.25426411216230105,0.0037427534702891975,0.11003081500530243,1.0002247943779183
0.012750000000000001,25,physics,0,98,1.9588069427565347,107.00427317436842,54.97219008029924,163.9352701974242,230.8213805465184,9.326410010611764e-05,1.8043075163229298,-11.185976788868167,1.0040266081828335,5.156578026799251e-07,0,0.25276083393219323,0.0037802149936934162,0.11003081500530243,1.0002271194843197
0.012812500000000001,25,physics,0,98,9.205591902819167,99.49586986519793,47.48416135615588,156.185623124173,232.55862331321433,9.396603847473039e-05,1.728446909202323,-28.22147375844451,1.0101588549407035,5.22639385103219e-07,0,0.2512742476332182,0.003816653771692624,0.11003081500530243,1.0002289080313835
0.012875000000000001,25,physics,0,98,16.815319366479564,86.98378779966593,37.63289376099051,141.43200092713602,234.3089282691043,9.46732546617051e-05,1.6064907560727062,-39.06484351463292,1.0140621064765596,5.286978597140999e-07,0,0.24959317058161376,0.003850885698625489,0.11003081500530243,1.0002301600162309
0.012937500000000001,25,physics,0,98,18.60546025694058,72.73852845070323,30.97831983456328,122.32230854220708,236.07241213511375,9.538579582849655e-05,1.458639666817758,-41.17482650677491,1.0148199347759888,5.331885919446226e-07,0,0.24759765974405637,0.003881888379658188,0.11003081500530243,1.0002306965816452
0.013000000000000001,25,physics,0,98,13.894573557665353,59.5946117149515,29.116900401549334,102.60608567416618,237.84919380764586,9.610371001556796e-05,1.3084805897417613,-33.28915421233136,1.0119821742530377,5.360319086378237e-07,0,0.24532959790768685,0.003909283437764831,0.11003081500530243,1.0002315908579755
0.013000000000000001,26,refine,0,108,13.894573557665353,59.59461171495148,29.11690040154933,102.60608567416617,237.8491938076459,9.610371001556797e-05,1.3084805897417613,-33.28915421233136,1.0119821742530377,4.4494723994148444e-07,0,0.24532959790768685,0.0035177884932329514,0.09145762026309967,1.0002315908579755
0.0130625,26,physics,0,108,7.851205282145759,49.03260579361022,28.695369231297146,85.57918030705314,239.6393235987774,9.682701755167115e-05,1.1762729698070884,-18.3503272256149,1.0066053653776867,4.4619980421600784e-07,0,0.24290027290549798,0.0035407021624093505,0.09145762026309967,1.0002351679712917
0.013125,26,physics,0,108,6.204886002274941,41.500434845790025,25.618088438154455,73.32340928621942,241.44294212722014,9.755577525423601e-05,1.081248058876973,-0.7854940808654058,1.0002827456612808,4.467751590908621e-07,0,0.24057580487920913,0.0035613465527261053,0.09145762026309967,1.0002376719582249
0.0131875,26,physics,0,108,9.670731282614295,36.959322180316306,19.552950175767695,66.1830036386983,243.26012253139038,9.829001267506824e-05,1.0285490083985018,15.184161002817083,0.9945343412540688,4.476154344956739e-07,0,0.2384738199088634,0.003580658444597305,0.09145762026309967,1.0002401759514266
0.01325,26,physics,0,108,13.659084842969044,35.45384109323516,14.697339525848829,63.81026546205304,245.0910054303975,9.902978663175839e-05,1.0171393239684128,26.04210275405484,0.9906259426681544,4.491887288793344e-07,0,0.2368217630923125,0.003599436211409345,0.09145762026309967,1.000241785664652
0.0133125,26,physics,0,108,13.136217545859102,36.921960710163084,15.654003572742877,65.71218182876507,246.93564212000942,9.977511785052178e-05,1.0395318923337216,29.71151365981089,0.9893051115998373,4.517451674956869e-07,0,0.2357019337179281,0.003618456624120807,0.09145762026309967,1.000240891379207
0.013375,26,physics,0,108,7.801159175798641,40.817111258818414,22.68947043995114,71.3077408745682,248.79417428077952,0.00010052606357782873,1.0846670070665572,25.95916063574199,0.9906558066827783,4.5563232831113954e-07,0,0.23511581202970905,0.003638356630508404,0.09145762026309967,1.000241606807499
0.0134375,26,physics,0,108,2.6954145858611227,46.036478458738756,30.87293222743608,79.60482527203595,250.6666728667624,0.00010128265248288678,1.141035355012041,16.441678185463722,0.994082264739307,4.6040872625496805e-07,0,0.23486975232166318,0.0036593372970087396,0.09145762026309967,1.000241070236232
0.0135,26,physics,0,108,3.5621225200969717,51.37856326948733,34.14130508070744,89.08199087029175,252.55327522874,0.0001020449400627085,1.1996007929636734,4.178552607726251,0.998496004007914,4.6571518375060345e-07,0,0.23478054381910057,0.0036814810290641915,0.09145762026309967,1.000241606807499
0.0135,27,refine,0,110,3.5621225200969713,51.37856326948734,34.14130508070744,89.08199087029175,252.55327522874,0.00010204494006270852,1.1996007929636734,4.178552607726251,0.998496004007914,4.6571518375060345e-07,0,0.23478054381910057,0.003450645787868675,0.09145762026309967,1.000241606807499
0.0135625,27,physics,0,110,11.114014498639246,56.25250209856027,30.8187363849335,98.18525298213302,254.45406458956234,0.00010281295994374657,1.25547127404958,-6.580973553179431,1.0023687395867755,4.709590282203633e-07,0,0.23446223492572804,0.0034725423423135663,0.09145762026309967,1.0002432165230273
0.013625,27,physics,0,110,19.770661542094608,61.08674665281055,25.445924076981377,106.30333227188655,256.36917822596865,0.00010358676759309643,1.3101111201595501,-12.848827573837209,1.0046251494994094,4.755162130720687e-07,0,0.23372098096676455,0.0034957251809482706,0.09145762026309967,1.0002423222363028
0.0136875,27,physics,0,110,22.571421471929423,66.94532769937143,24.73022620702329,114.24697537832415,258.2987292335761,0.00010436640870739564,1.3680835853024047,-12.794310174876609,1.0046055110535705,4.791300156625761e-07,0,0.2324000807875538,0.0035198224252211757,0.09145762026309967,1.0002432165230273
0.01375,27,physics,0,110,17.753450993506014,74.75618847203569,31.29029726680127,123.79993673234299,260.2427709690937,0.00010515190484558915,1.435887604708739,-6.112931013436597,1.0022004462221108,4.816907512861237e-07,0,0.23037810657860547,0.003545048315099964,0.09145762026309967,1.000243574237941
0.0138125,27,physics,0,110,10.362394299787042,84.78706754923166,41.252227021772406,136.4016888707911,262.2014414084551,0.00010594331175728413,1.5183896794512104,5.540860097581222,0.9980054847470223,4.832737801052646e-07,0,0.22792551662921498,0.0035715878021285105,0.09145762026309967,1.0002464359618553
0.013875,27,physics,0,110,7.198275087494266,96.77220849848405,48.10849029253539,152.0789738785137,264.17483482216153,0.00010674066753277123,1.6160586786674,19.039196959609658,0.993146568049148,4.846545440528875e-07,0,0.22516577296365814,0.0035997001883573032,0.09145762026309967,1.0002482245434594
0.0139375,27,physics,0,110,10.270148117898296,110.28024546562222,48.87586563911017,169.42625922263068,266.1630560287832,0.0001075440145243213,1.7237073904241136,30.66627418326007,0.988961256593208,4.863010634181822e-07,0,0.22239060634320676,0.003629727601548806,0.09145762026309967,1.000250191986918
0.014,27,physics,0,110,15.210364152117167,124.7217735022691,46.49673310231646,186.42887075670274,268.1662520645164,0.00010835341214236884,1.8309735099601268,37.11970936997788,0.9866382641875001,4.887673057396571e-07,0,0.21984448906470355,0.003661723568367773,0.09145762026309967,1.0002487611185644
0.014,28,refine,0,124,15.210364152117165,124.72177350226912,46.496733102316455,186.42887075670274,268.1662520645163,0.00010835341214236884,1.8309735099601268,37.11970936997788,0.9866382641875001,3.220361577405127e-07,0,0.2062814130160229,0.0035047689162243903,0.06022249162197113,1.0002487611185644
0.0140625,28,physics,0,124,15.878950722531018,138.88165619440989,46.38600205872078,201.14660897566168,270.1845482809913,0.0001091689110356318,1.9219652561021625,36.331921806073886,0.986921845872367,3.2455468357284184e-07,0,0.2041566972850384,0.0035360836534832486,0.06022249162197113,1.0002514439984067
0.014125,28,physics,0,124,10.450413565046015,150.89704877766488,51.156466176716464,212.50392851942735,272.2180179038069,0.00010999054079114226,1.9879489096777394,27.908937914556205,0.9899538189253965,3.2800793725584754e-07,0,0.20247659526651582,0.003568952186080978,0.06022249162197113,1.0002535903074616
0.0141875,28,physics,0,124,3.4252538650315585,158.1571087045313,57.488673629168325,219.07103619873118,274.26681160124866,0.00011081836228689185,2.014711420413648,13.281706872954825,0.995219075406204,3.3226479256853757e-07,0,0.20118956779254843,0.0036029129419615853,0.06022249162197113,1.0002537691667575
0.01425,28,physics,0,124,1.5459166091950556,158.539271770234,59.35854798662304,219.44373636605206,276.33102781696516,0.00011165241529934427,1.9962437409934959,-4.584310331144404,1.0016501820420518,3.3684216749207947e-07,0,0.20012990758169752,0.003637079767677543,0.06022249162197113,1.0002525171523584
0.0143125,28,physics,0,124,7.309256572218782,151.51460292520454,53.676403338385015,212.50026283580831,278.4107810553991,0.0001124927460943775,1.9336675166830888,-21.81014229425852,1.00785085380315,3.4131272030890603e-07,0,0.19910723271299902,0.003670597732878717,0.06022249162197113,1.0002543057448368
0.014375,28,physics,0,124,16.17119591720921,138.6667211971377,43.5181291628104,198.3560462771573,280.5061922005321,0.00011333940351554207,1.8357643408964384,-34.53652220218103,1.0124318497000315,3.45278373004021e-07,0,0.1979364554713046,0.003702609095989571,0.06022249162197113,1.0002544846042605
0.0144375,28,physics,0,124,20.514426187378074,123.06150712401143,35.49914546928737,179.07507878067685,282.6173580850775,0.00011419242668839841,1.7175507654070192,-38.62344022942301,1.0139023675428092,3.4844335594641486e-07,0,0.19646683743051635,0.003732645477690943,0.06022249162197113,1.0002564520600323
0.0145,28,physics,0,124,16.873288347672432,107.82076525531299,33.60062084585036,158.2946744488358,284.7444429878964,0.00011505188199033361,1.5971623479507462,-33.494589894806104,1.0120562564247844,3.5051096780591706e-07,0,0.19467775790761427,0.0037604312301874883,0.06022249162197113,1.0002593138207905
0.0145,29,refine,0,128,16.873288347672432,107.82076525531298,33.60062084585036,158.29467444883576,284.7444429878964,0.00011505188199033363,1.5971623479507462,-33.494589894806104,1.0120562564247844,3.5051096780591706e-07,0,0.19467775790761427,0.003634356125822805,0.06022249162197113,1.0002593138207905
0.0145625,29,physics,0,128,9.234384026892577,94.93741109818316,35.57968279086717,139.7514779159429,286.8875431979096,0.00011591780832718711,1.490824682839558,-21.356292409136962,1.0076871091735238,3.5174104873192423e-07,0,0.1926340824645943,0.0036603970102252834,0.06022249162197113,1.000264858505559
0.014625,29,physics,0,128,5.0039286612950145,85.21055909191901,35.72981242897692,125.94430018219094,289.04675525966786,0.0001167902447080863,1.4133206036736052,-5.136332148055545,1.00184884714715,3.52451955620836e-07,0,0.19050075144853346,0.003684768805750335,0.06022249162197113,1.0002675414285778
0.014687500000000001,29,physics,0,128,7.738481888432039,78.78785554537171,30.933525747738855,117.4598631815426,291.22222146977964,0.00011766924862842052,1.3689744866684241,10.970081211611614,0.9960512587021314,3.5313687973825846e-07,0,0.18850914130435414,0.0037079491933845895,0.06022249162197113,1.0002696877721742
0.014750000000000001,29,physics,0,128,13.932839898649558,75.79354220491808,24.047417599359513,113.77379970292716,293.4140830926153,0.00011855487716649999,1.3566990104304615,23.068339020297206,0.9916964314334623,3.5416588417547256e-07,0,0.1868296871449625,0.0037305359115867094,0.06022249162197113,1.0002702243587929
0.014812500000000001,29,physics,0,128,16.693195393705395,76.26426746530407,21.175215436559586,114.13267829556905,295.6223932063905,0.00011944715176874365,1.3700036047377213,28.707542365798783,0.9896674522145464,3.559365406857748e-07,0,0.1855541631012243,0.0037530043620850255,0.06022249162197113,1.0002711186704636
0.014875000000000001,29,physics,0,128,12.523150257397333,79.72545659626364,25.676890196438183,117.92549705009915,297.84733751547674,0.00012034614746958319,1.399404123315471,27.352752009271107,0.990154562161416,3.587088066581143e-07,0,0.18477434178470317,0.0037757734807591647,0.06022249162197113,1.000274338199099
0.014937500000000001,29,physics,0,128,4.855556385498529,84.97802459911553,34.572916878235844,124.4064978628499,300.08901381775104,0.00012125190378455632,1.4351326781634806,19.65583660694325,0.9929250172631556,3.6234458633543935e-07,0,0.18434283215249847,0.003799020714277768,0.06022249162197113,1.000274517062105
0.015,29,physics,0,128,1.072440909112395,90.47165607327419,40.778297580497444,132.32239456288403,302.3475859352859,0.00012216448690648339,1.4696505511135407,8.04248790483626,0.997105165605326,3.665713492750914e-07,0,0.18412963537340593,0.0038227447343232284,0.06022249162197113,1.0002739804731835
0.015,30,refine,0,134,1.072440909112395,90.47165607327418,40.77829758049744,132.32239456288403,302.34758593528596,0.00012216448690648339,1.4696505511135407,8.04248790483626,0.997105165605326,3.5850557633665435e-07,0,0.18412963537340593,0.003606450546779058,0.05878870561718941,1.0002739804731835
0.0150625,30,physics,0,134,5.5814672399819365,95.11973566407167,39.37780423007344,140.07900713412704,304.62315208533323,0.00012308393652035195,1.4995267992067047,-4.043211500156809,1.0014553237341803,3.6265890113185124e-07,0,0.18394216512555578,0.0036290406330112134,0.05878870561718941,1.000277915465292
0.015125,30,physics,0,134,15.314156141474163,99.06057476456039,32.38444499767766,146.75917590371222,306.9158748942574,0.00012401031833585274,1.5261325052258905,-12.870686968219243,1.0046328905732476,3.664906698119804e-07,0,0.18354231312813976,0.003652226916438155,0.05878870561718941,1.0002780943289376
0.0151875,30,physics,0,134,22.277402551761295,103.50790466757971,27.07042173310817,152.85572895244917,309.22580856704633,0.00012494365425468054,1.5553137112054054,-15.342171092885138,1.0055225051139156,3.695400661030133e-07,0,0.18273599846171718,0.0036760686970876678,0.05878870561718941,1.000278630920066
0.01525,30,physics,0,134,21.097471750718658,109.9904259949319,29.32063738040273,160.4085351260533,311.55313923666813,0.0001258840194844427,1.5951610511557723,-11.02001646044176,1.00396671789429,3.7174435085773915e-07,0,0.18144504708853618,0.0037004469188312203,0.05878870561718941,1.0002816716085636
0.0153125,30,physics,0,134,14.18501647033154,119.46602594272298,38.13107496832968,171.78211738138418,313.89796523033965,0.00012683145375455847,1.6529422722168947,-0.627546663128247,1.000225888724506,3.731920958927048e-07,0,0.179717729962097,0.003725480716130271,0.05878870561718941,1.0002831025239962
0.015375,30,physics,0,134,9.191701082404244,132.13513390577594,46.82625807975964,188.15309306793984,316.26047305400823,0.0001277860324233387,1.7322780929401649,13.381030771792028,0.9951834309872694,3.741642480292736e-07,0,0.17767533789866427,0.003751647000509011,0.05878870561718941,1.0002829236594553
0.0154375,30,physics,0,134,11.343642810579812,147.8529635442053,49.66974830030145,208.86635465508655,318.6407377340932,0.00012874778580544263,1.8314606868108958,27.523248954559563,0.9900928935568305,3.7507406691616954e-07,0,0.17558702265229081,0.003779064835818082,0.05878870561718941,1.0002818504728808
0.0155,30,physics,0,134,18.38821032471011,166.41371120896338,47.20739975903838,232.0093212927119,321.03892398466894,0.0001297167804541066,1.9433059490670317,38.23581426987847,0.9862368592358338,3.764855254217988e-07,0,0.17359072770956058,0.0038080323228939102,0.05878870561718941,1.0002843545766789
0.0155,31,refine,0,152,18.38821032471011,166.41371120896335,47.20739975903838,232.00932129271183,321.0389239846688,0.0001297167804541066,1.9433059490670317,38.23581426987847,0.9862368592358338,2.757941715003654e-07,0,0.18939937900164722,0.0036068777561768708,0.043146226555109024,1.0002843545766789
0.0155625,31,physics,0,152,22.926273177465866,187.14259521159985,45.2512176234912,255.32008601255694,323.4551526849273,0.00013069306521094594,2.05538551754791,42.82627024736788,0.9845850732972297,2.774244931558198e-07,0,0.18747251044625723,0.003635582583625211,0.043146226555109024,1.0002879318786932
0.015625,31,physics,0,152,19.53252838254625,208.78088056163978,49.08537544969499,277.398784393881,325.88958838055265,0.0001316767065611585,2.1570188680498017,39.89217301428265,0.9856411954670192,2.797542411059341e-07,0,0.18594384542344014,0.0036659908875099176,0.043146226555109024,1.0002893628030811
0.0156875,31,physics,0,152,10.058641484632293,228.60670317139017,57.92816826563292,296.59351292165536,328.3423308144307,0.00013266774480616902,2.2348721031432164,29.827867177787734,0.9892637572092036,2.8289060427511e-07,0,0.18475115309779536,0.003697975733092557,0.043146226555109024,1.0002916880595774
0.01575,31,physics,0,152,2.1712480373819387,243.49971708500237,65.49928800357131,311.1702531259556,330.8135406548055,0.0001336662448644835,2.2801240236753846,14.677450373232176,0.9947169927074088,2.8659171036338204e-07,0,0.18385381092660258,0.003731295110531137,0.043146226555109024,1.0002931189893385
0.0158125,31,physics,0,152,2.3935506982777337,251.08766970339312,65.71375968318864,319.1949800848595,333.3033180546686,0.0001346722472032313,2.2892230946911347,-2.3010886986788077,1.0008282528509898,2.9053332184503223e-07,0,0.18304715686229708,0.0037656262084278603,0.043146226555109024,1.000292403524202
0.015875,31,physics,0,152,9.90693706770398,250.90218808766969,58.56474064718044,319.3738658025541,335.81185146136045,0.00013568582796514905,2.2648826366614214,-17.301033450693826,1.0062275858057643,2.942856109910963e-07,0,0.18214527995027757,0.003800393165751614,0.043146226555109024,1.0002954442545664
0.0159375,31,physics,0,152,17.154020409841152,244.59838769611048,50.42713602181255,312.1795441277642,338.33928236717935,0.00013670704432064214,2.215673208238238,-27.010792387130763,1.009722640382475,2.9753716024316614e-07,0,0.1809805656103034,0.003835109579917726,0.043146226555109024,1.0002961597218778
0.016,31,physics,0,152,17.102561867294764,234.9961435373807,48.094055544118035,300.1927609487935,340.885732650218,0.00013773594551493468,2.153973219783578,-29.505013836829846,1.0106204546457882,3.0003417617052714e-07,0,0.17947375801728088,0.0038693453673741087,0.043146226555109024,1.0002959808550018
0.016,32,refine,0,176,17.102561867294764,234.99614353738065,48.09405554411804,300.1927609487934,340.8857326502181,0.00013773594551493468,2.153973219783578,-29.505013836829846,1.0106204546457882,3.0003417617052714e-07,0,0.17947375801728088,0.003761457274254737,0.043146226555109024,1.0002959808550018
0.0160625,32,physics,0,176,10.16654589983266,224.51523825598423,52.12989910980946,286.81168326562636,343.45134399979696,0.00013877258879803946,2.133166216143363,-23.72188723222828,1.008538804428463,3.0179237775485003e-07,0,0.17762840854991738,0.003788052721054147,0.043146226555109024,1.0002975906580356
0.016125,32,physics,0,176,3.7793607049423086,215.07040271987694,56.73368652012929,275.58344994494854,346.0362613795661,0.00013981703274297224,2.083070341129247,-11.110540466327409,1.0039988091175067,3.0292769004347514e-07,0,0.17557847170093302,0.0038135305889298652,0.043146226555109024,1.0002986638614975
0.0161875,32,physics,0,176,4.881631435748464,207.21978297752443,55.306190308131875,267.40760472140477,348.6406365867815,0.00014086933868388864,2.0499747474605146,3.796152503552505,0.9986337247305156,3.03788566746732e-07,0,0.17349362559319162,0.0038385280624150314,0.043146226555109024,1.0003009891396148
0.01625,32,physics,0,176,13.070898891282624,201.4011617976119,47.383344556007756,261.8554052449023,351.2646156567159,0.000141929565626797,2.033486994276535,16.335611962189134,0.9941206485570856,3.047858676552546e-07,0,0.17155087954958173,0.0038636193366291213,0.043146226555109024,1.000304029896078
0.0163125,32,physics,0,176,20.97479459023403,197.88085312368398,39.08804939268401,257.94369710660203,353.9083143076076,0.00014299776032801307,2.028273593390326,23.528074763866712,0.9915320329065177,3.0629487834943337e-07,0,0.16993978650532857,0.003889325610533268,0.043146226555109024,1.0003054608434943
0.016375,32,physics,0,176,21.20643891681512,196.40107475161653,37.33887442416417,254.94638809259584,356.57194985756826,0.00014407401059559897,2.0262623318844746,23.82739153296164,0.9914243183593997,3.085006152758752e-07,0,0.1687370388867682,0.003915791535979362,0.043146226555109024,1.0003072495306433
0.0164375,32,physics,0,176,13.270916194766674,195.8672626809239,43.26120239155808,252.39938126724863,359.2556290678325,0.0001451583595667652,2.0191531305684736,17.432099211985083,0.9937260431534238,3.114561009098791e-07,0,0.1679355387369985,0.003943006385085491,0.043146226555109024,1.0003074283995341
0.0165,32,physics,0,176,4.148554482781956,194.5929562117101,50.860030632798434,249.60154132729048,361.95951729210526,0.00014625087405319297,2.0008472994338105,6.222377697941956,0.997760510739851,3.150194514134342e-07,0,0.16744856416652892,0.00397058652919252,0.043146226555109024,1.000310648045038
0.0165,33,refine,0,187,4.148554482781955,194.5929562117101,50.860030632798434,249.60154132729048,361.95951729210526,0.00014625087405319297,2.0008472994338105,6.222377697941956,0.997760510739851,2.453937080204583e-07,0,0.16744856416652892,0.0034513350064601985,0.033634260296821594,1.000310648045038
0.0165625,33,physics,0,187,1.961039249574962,191.12590515401132,52.247810562289416,245.33475496587567,364.68372837501056,0.00014735160005415832,1.9672602327500066,-6.5822916975594445,1.002369020013392,2.484117516132757e-07,0,0.1671212423459629,0.0034751792713698182,0.033634260296821594,1.0003136888308628
0.016625,33,physics,0,187,8.347333757646648,185.35550602284408,45.06413262679163,238.76697240728237,367.42846615673636,0.00014846061993192624,1.9265793048364601,-17.486551972029623,1.0062935244607327,2.512921897235288e-07,0,0.16677867924678755,0.003498207681875252,0.033634260296821594,1.0003174451084669
0.0166875,33,physics,0,187,16.757184840330176,178.66174869610393,34.733773390539874,230.152706926974,370.193844306008,0.00014957797961470033,1.8836739277241927,-23.26561257066712,1.0083734267150308,2.537356360576834e-07,0,0.1661791979317021,0.003520041261607803,0.033634260296821594,1.000320664786211
0.01675,33,physics,0,187,18.741683766494596,173.35139163323328,29.689843218245514,221.7829186179734,372.9800289146391,0.00015070374621239697,1.8496182316323568,-22.06807964581254,1.0079424306228277,2.555833411577167e-07,0,0.16526582187022365,0.0035406890599615826,0.033634260296821594,1.0003233478589142
0.0168125,33,physics,0,187,12.371055772920121,171.41881415912786,33.405198129226584,217.19506806127458,375.7871854258557,0.00015183798657286858,1.8356471164002242,-13.959790640839897,1.0050242047109685,2.5677349846375776e-07,0,0.16399366861493286,0.003561442550286017,0.033634260296821594,1.0003231689871768
0.016875,33,physics,0,187,4.278032614760059,173.8257583376282,41.3198867636482,219.42367771603648,378.6154805716851,0.00015298076806471186,1.849960190790617,-0.900688942295399,1.0003241620461911,2.5750632648424714e-07,0,0.16243634777911614,0.0035833836735073353,0.033634260296821594,1.0003247788339653
0.0169375,33,physics,0,187,3.126318765561594,180.7556142178658,45.667719894239724,229.5496528776671,381.4650798218104,0.00015413215754646938,1.895426968832871,13.82225118207756,0.9950253062746177,2.58047107237758e-07,0,0.16070736407235645,0.003605355515139221,0.033634260296821594,1.0003265675556576
0.017,33,physics,0,187,11.12259007245283,192.27679365890037,43.21930047484355,246.61868420619675,384.33609084235167,0.00015529219852097328,1.9688042427662147,26.87941686039553,0.9903258164909685,2.587213927540689e-07,0,0.1590005538307834,0.0036277551182245056,0.033634260296821594,1.0003274619177032
0.017,34,refine,0,201,11.122590072452828,192.27679365890037,43.21930047484355,246.61868420619675,384.3360908423517,0.00015529219852097328,1.9688042427662147,26.87941686039553,0.9903258164909685,2.2079210459935473e-07,0,0.1590005538307834,0.00362195820136645,0.02870587445795536,1.0003274619177032
0.0170625,34,physics,0,201,21.90504696723781,208.47267029036902,38.243969960343236,268.62168721795007,387.2287328666074,0.00015646097957012302,2.0610185039698106,36.37302581708156,0.9869076001127224,2.2160045709540533e-07,0,0.15747481076913797,0.0036458109118710034,0.02870587445795536,1.0003292506441932
0.017125,34,physics,0,201,26.529920767696737,229.17770082108223,38.17194747859405,293.87956906737304,390.14313488113396,0.00015763855281133966,2.1617925608264206,40.97920035368125,0.9852502152657239,2.2287295653455875e-07,0,0.1562570152452679,0.003671841873685172,0.02870587445795536,1.0003306816276882
0.0171875,34,physics,0,201,21.741237556467333,252.9888569539524,46.11933941508005,320.8494339254998,393.07948514240934,0.00015882499431024157,2.258057903005221,38.56415966035015,0.9861194542887695,2.247873629457331e-07,0,0.1553810650600896,0.003699763387983617,0.02870587445795536,1.000330860500769
0.01725,34,physics,0,201,12.925969971643017,277.4376109118766,57.599517514561114,347.9630983980808,396.0379348953717,0.00016002036517781852,2.3395675361178694,30.003847251217028,0.9892006157741555,2.2721234227418566e-07,0,0.15475257872001266,0.003728870245747731,0.02870587445795536,1.0003328281067687
0.0173125,34,physics,0,201,9.111832644458609,299.74177932530773,64.29291124819369,373.14652321796007,399.018629165946,0.00016122472401224871,2.400119219596997,17.678342015133772,0.993636980293038,2.2992666970367284e-07,0,0.15424676945820623,0.0037582923650065613,0.02870587445795536,1.000334437969102
0.017375,34,physics,0,201,14.398613449361386,318.0805247320848,61.74009213201845,394.21923031346466,402.02177754450565,0.0001624381554991775,2.4389397177910377,4.852207688489688,0.9982535319209931,2.3281455341361853e-07,0,0.1537107199691868,0.003787009728426467,0.02870587445795536,1.000336763330379
0.0174375,34,physics,0,201,23.785250235847585,332.47519252984216,53.82628852626465,410.0867312919544,405.04750160716105,0.0001636607087618121,2.4608374398100366,-5.115975767050736,1.0018414055112674,2.3534286430759673e-07,0,0.15300673822373362,0.0038143093464399133,0.02870587445795536,1.000336226708066
0.0175,34,physics,0,201,27.7749166316937,344.5642554659529,49.43277736871176,421.77194946635836,408.0960537481393,0.00016489248578082884,2.474916007725137,-9.667260284718388,1.0034795528712785,2.375194858572626e-07,0,0.1520113338872877,0.0038398037559721505,0.02870587445795536,1.0003378365758686
0.0175,35,refine,0,220,27.774916631693706,344.5642554659529,49.43277736871177,421.77194946635836,408.0960537481393,0.00016489248578082882,2.474916007725137,-9.667260284718388,1.0034795528712785,2.375194858572626e-07,0,0.15932773554141494,0.003720001457155381,0.02870587445795536,1.0003378365758686
0.0175625,35,physics,0,220,21.706904536290736,356.3275671057462,53.99457379534238,432.0290454373793,411.1674646157401,0.00016613349893976895,2.5037798023036597,-7.739632439978075,1.0027857361246433,2.390865327939193e-07,0,0.15789415962933923,0.0037471969840999863,0.02870587445795536,1.000341056319246
0.017625000000000002,35,physics,0,220,10.544934222329497,369.36027357553667,64.38299175508737,444.28819955295353,414.26201255628587,0.0001673838607053339,2.5330258888614647,-0.08162751348287202,1.000029381480806,2.401779628513625e-07,0,0.156156038727979,0.0037743656283816787,0.02870587445795536,1.0003444549484983
0.017687500000000002,35,physics,0,220,4.128450425980984,384.03865088670307,71.83984665088367,460.0069479635677,417.3798363363543,0.00016864362714659296,2.5783623924857877,11.023330931125939,0.996032206111753,2.4105510831873273e-07,0,0.1542376090475784,0.00380187350932919,0.02870587445795536,1.0003449915752254
0.017750000000000002,35,physics,0,220,7.670156999590464,400.3727939203202,70.62441796489142,478.66736888480204,420.5210221098226,0.00016991283307428952,2.6383057626128457,22.255863520985383,0.9919891397619073,2.4188453284779106e-07,0,0.15230000150678916,0.0038304589442105345,0.02870587445795536,1.0003444549484983
0.017812500000000002,35,physics,0,220,16.904984360161,418.22741165369797,63.33033854034563,498.4627345542046,423.6857879679417,0.00017119156660887503,2.7060097474134013,30.38157917310102,0.9890643446039191,2.429603318532258e-07,0,0.15048906356749986,0.00386031715329932,0.02870587445795536,1.0003444549484983
0.017875000000000002,35,physics,0,220,22.32265773024789,437.03296549859823,58.17366944371352,517.5292926725597,426.8743497173342,0.00017247991494768973,2.7711857375473343,32.97441224753203,0.9881310624081842,2.4452341129688204e-07,0,0.14900160183864725,0.0038915690007382607,0.02870587445795536,1.000344633824042
0.017937500000000002,35,physics,0,220,18.158124807448612,455.25903527442756,61.08316691688495,534.5003269987611,430.08678127426924,0.00017377790795683316,2.8226611697442237,28.983308606564663,0.9895676170481608,2.4669240517027886e-07,0,0.14788346382291634,0.003923817170869473,0.02870587445795536,1.0003433816959082
0.018000000000000002,35,physics,0,220,7.799957360316915,470.35578510450466,70.02173429842681,548.1774767632484,433.32323949750617,0.0001750856090155773,2.8511000711363486,18.958641314668526,0.9931759398316972,2.4946952770221774e-07,0,0.14708951733044853,0.003956691916637897,0.02870587445795536,1.0003437394466437
0.018000000000000002,36,refine,0,245,7.799957360316915,470.3557851045046,70.02173429842681,548.1774767632484,433.32323949750617,0.0001750856090155773,2.8511000711363486,18.958641314668526,0.9931759398316972,2.4946952770221774e-07,0,0.13830181388734247,0.003778685802631968,0.02870587445795536,1.0003437394466437
0.0180625,36,physics,0,245,0.7398297866416095,479.39904399179807,76.64082417851884,556.7796979569586,436.5845546781839,0.00017640335360565018,2.8494873943007684,4.943807337156476,0.9982205055762694,2.525743347803202e-07,0,0.13770183571123973,0.003810037965624686,0.02870587445795536,1.0003453493265366
0.018125,36,physics,0,245,3.715490808358039,480.9782550143575,74.28145528150404,558.9752011042195,439.87041752622156,0.0001777310167574291,2.8228746529242397,-9.954076000109035,1.0035829092894348,2.5583123886008247e-07,0,0.13713480363855285,0.0038409278860426,0.02870587445795536,1.0003478535892976
0.0181875,36,physics,0,245,14.10211520092082,475.4126569796142,64.0979670649732,553.6127392455082,443.18101746512366,0.0001790686750080731,2.774835009918785,-22.31450012509148,1.0080319546307777,2.589383889528565e-07,0,0.13658110114592928,0.003870840081678551,0.02870587445795536,1.0003483902178476
0.01825,36,physics,0,245,22.092252783726344,465.22531662755546,54.56956708356187,541.8871364948436,446.51654506250446,0.00018041640535702204,2.716448545807651,-28.77764594503474,1.010356787094787,2.6148491816257975e-07,0,0.13571069998928426,0.0038997342808641494,0.02870587445795536,1.0003492845994042
0.0183125,36,physics,0,245,20.103082372156475,453.7568127680576,53.42736528627033,527.2872604264844,449.8771023821589,0.0001817742490434713,2.6609165554790883,-25.951071208496725,1.0093413850299569,2.6343505865611395e-07,0,0.1346835559355174,0.003927481355456988,0.02870587445795536,1.000349105723029
0.018375,36,physics,0,245,10.278722891382674,443.67299196779595,60.20938354772264,514.1610984069013,453.2630228436907,0.0001831423407866537,2.620186593760326,-16.27171381760741,1.0058561978260754,2.6476761139093675e-07,0,0.13333454726441427,0.003954670505729674,0.02870587445795536,1.0003517888720168
0.0184375,36,physics,0,245,2.4167541805282244,436.3593591345598,66.86175269078032,505.6378660058683,456.67443133518975,0.00018452073104799224,2.6018346994205133,-2.531865103444773,1.0009112194991203,2.6566159050389594e-07,0,0.1318702731785644,0.003981747500126259,0.02870587445795536,1.0003539353963886
0.0185,36,physics,0,245,4.34199776609879,432.3528425438993,65.80810964447345,502.5029499544716,460.1115283890658,0.00018590950085323367,2.6073019958868517,11.718445708623605,0.9957825301362914,2.663663876134587e-07,0,0.13043912643664685,0.004009233315325803,0.02870587445795536,1.0003573340693972
0.0185,37,refine,0,260,4.34199776609879,432.35284254389927,65.80810964447345,502.50294995447155,460.1115283890658,0.00018590950085323367,2.6073019958868517,11.718445708623605,0.9957825301362914,2.556232558958983e-07,0,0.13043912643664685,0.003669971252519905,0.027507703751325607,1.0003573340693972
0.0185625,37,physics,0,260,14.371766497281513,431.8714831035442,57.35497318726708,503.5982227880928,463.5744865338078,0.00018730871991305302,2.6316702478649368,22.96493277413842,0.9917349330178137,2.564910506208667e-07,0,0.12905149037860827,0.0036962172534671504,0.027507703751325607,1.0003607327539528
0.018625,37,physics,0,260,23.032967360996714,435.0966268773965,49.39793767099562,507.5275319093888,467.0634915169414,0.0001887184632793186,2.666276505430546,28.49234180333068,0.9897456196406477,2.578641913331122e-07,0,0.12788665939064917,0.0037222947918454058,0.027507703751325607,1.0003628792975163
0.0186875,37,physics,0,260,22.02932407588211,441.22587772386214,49.72781274222665,512.9830145419709,470.57875685542774,0.00019013881722422575,2.69997010189871,27.05520197163795,0.9902628525519297,2.597394672676496e-07,0,0.12702936952887484,0.0037481725717278297,0.027507703751325607,1.0003632370552247
0.01875,37,physics,0,260,12.008792297289345,448.4334369118845,58.58943623785001,519.0316654470239,474.1204762728076,0.00019156986002237647,2.7225543375031034,19.121727131270887,0.9931180908217339,2.622717278910612e-07,0,0.1264119999249935,0.003774087548271394,0.027507703751325607,1.0003639525710253
0.0188125,37,physics,0,260,2.0995710813770723,454.2371524273875,68.0740523775907,524.4107758863553,477.68884105795746,0.0001930116689646391,2.727134689280894,6.913867556612085,0.9975118148993422,2.6524769403124553e-07,0,0.1259534732729656,0.0037999317132135224,0.027507703751325607,1.0003657413627658
0.018875,37,physics,0,260,1.5421749255224424,456.6699628544922,69.16886192710967,527.3809997071244,481.28405185244844,0.0001944643251208673,2.711922785103491,-5.539593708028257,1.0019936058972911,2.684235926864175e-07,0,0.12568822126601334,0.003826008118056286,0.027507703751325607,1.0003675301577049
0.0189375,37,physics,0,260,10.897583711452816,455.4931350225455,60.20600372857303,526.5967224625714,484.906344209818,0.00019592792366720412,2.681021434809418,-16.218590030139573,1.005836839534691,2.7147736147981066e-07,0,0.1252926537898823,0.00385217195525826,0.027507703751325607,1.000368961195959
0.019,37,physics,0,260,21.24222489106442,452.52215410541373,48.74824576601026,522.5126247624885,488.5558803298062,0.00019740253014096135,2.643693526550733,-21.856018221825227,1.007866845556151,2.7410416336692807e-07,0,0.12476367961689655,0.0038781727252565784,0.027507703751325607,1.0003707499966557
0.019,38,refine,0,278,21.242224891064417,452.52215410541373,48.74824576601025,522.5126247624884,488.5558803298062,0.00019740253014096138,2.643693526550733,-21.856018221825227,1.007866845556151,2.2742508321016465e-07,0,0.12476367961689655,0.003673389496448175,0.022864405065774918,1.0003707499966557
0.0190625,38,physics,0,278,22.671338722151766,450.6139601689516,44.64847089155958,517.9337697826629,492.2328724302316,0.0001988882302894117,2.611258507393617,-21.162189407346226,1.0076171063946864,2.2905512508941644e-07,0,0.12395548263983658,0.003697165496963613,0.022864405065774918,1.0003725388005509
0.019125,38,physics,0,278,14.10053034581367,452.47059368831503,50.77990467916878,517.3510287132975,495.93755543128884,0.000200385119032794,2.5977700959735763,-13.95868342998363,1.0050242895426835,2.30192588546174e-07,0,0.1228747388522261,0.003720134398443625,0.022864405065774918,1.000375043131378
0.0191875,38,physics,0,278,4.456531333403131,459.32501097868044,60.43242026851001,524.2139625805936,499.6701241100475,0.00020189327507139177,2.6103872059270468,-1.7112765744823553,1.0006158570158146,2.3097211609979238e-07,0,0.12160934815869417,0.0037429977428965595,0.022864405065774918,1.0003777263499354
0.01925,38,physics,0,278,3.9389448587786386,471.54441458345053,64.21119806381324,539.6945575060424,503.430854662623,0.00020341281000310862,2.6516968370299545,12.841262528835525,0.9953786654137469,2.3144315797196658e-07,0,0.12029849903386743,0.003766413155394144,0.022864405065774918,1.0003805884576626
0.0193125,38,physics,0,278,14.133303560284757,489.26436183408407,59.25799220401172,562.6556575983806,507.2198530158372,0.00020494376662800787,2.718032687843999,26.07269513755442,0.9906169174580737,2.32069670147439e-07,0,0.11901636640529596,0.0037910969479598875,0.022864405065774918,1.0003805884576626
0.019375,38,physics,0,278,26.57202149003136,512.5387066661854,51.85085514317791,590.9615832993946,511.0373553836766,0.00020648624038908895,2.800556626923359,35.13261419150564,0.9873543122502106,2.3300306573048593e-07,0,0.11790249863921122,0.0038175447751830514,0.022864405065774918,1.000381125103773
0.0194375,38,physics,0,278,30.755363315318537,540.7724894647685,51.16469961727334,622.6925523973603,514.8835978902965,0.00020804032669305474,2.887567321395343,38.38494500825983,0.9861846069609747,2.3444151509011114e-07,0,0.11704419585561905,0.0038458052515075733,0.022864405065774918,1.0003787996393736
0.0195,38,physics,0,278,23.90069875517867,572.1177556190987,60.32753381695026,656.3459881912277,518.7588182401923,0.00020960612158514927,2.96719844003716,35.40224609179682,0.9872581400262871,2.3652476954794124e-07,0,0.11640849319358848,0.0038756503802877458,0.022864405065774918,1.0003809462217044
0.0195,39,refine,0,298,23.900698755178666,572.1177556190987,60.32753381695024,656.3459881912275,518.7588182401923,0.00020960612158514927,2.96719844003716,35.40224609179682,0.9872581400262871,2.3652476954794124e-07,0,0.11640849319358848,0.0037319825993113493,0.022864405065774918,1.0003809462217044
0.0195625,39,physics,0,298,13.551205836312967,603.5129693473634,73.06014728272497,690.1243224664014,522.6631312987928,0.00021118367147710803,3.0292681961583297,27.10310814990632,0.9902451367137733,2.3901639956136494e-07,0,0.11598508579156576,0.003758149658749516,0.022864405065774918,1.000379872929963
0.019625,39,physics,0,298,10.617837748214104,632.1539781269094,79.22583684707814,721.9976527222016,526.5968481884345,0.00021277310207888338,3.070738675115431,15.791943804215254,0.9943162206081272,2.418351829902576e-07,0,0.1156500839875292,0.00378496301863868,0.022864405065774918,1.0003795151663053
0.0196875,39,physics,0,298,19.06167421775914,656.4049650296566,74.12458915995092,749.5912284073667,530.5602456191436,0.00021437452519602608,3.0913040499965083,4.56251285557731,0.9983578765538779,2.4468630854812566e-07,0,0.11521650407525874,0.003812368094682581,0.022864405065774918,1.0003814828680067
0.01975,39,physics,0,298,31.765368518758656,677.0203978707765,63.344713864809805,772.130480254345,534.5534180778066,0.00021598797900625796,3.097600132891935,-3.516026753068732,1.0012654738428877,2.472514246676378e-07,0,0.1147351465506876,0.0038403304638629835,0.022864405065774918,1.0003818406323681
0.0198125,39,physics,0,298,37.08857674313093,696.5419947679343,57.80738086395412,791.4379523750193,538.576637782339,0.00021761357350007826,3.1002523904743575,-6.192670812824095,1.0022288357472726,2.4932757725082405e-07,0,0.11399474821732668,0.003868712295892073,0.022864405065774918,1.0003816617501715
0.019875,39,physics,0,298,30.212065495055995,717.7663359289498,63.44536522208425,811.42376664609,542.6301241466531,0.0002192513973323639,3.1110236162998577,-2.6850939330057533,1.0009664039559139,2.5091723010461903e-07,0,0.11298360008694293,0.0038975717478887183,0.022864405065774918,1.0003829139262206
0.0199375,39,physics,0,298,17.997921946649964,742.4644220523396,75.54667141519077,836.0090154141803,546.7141149650907,0.00022090154658466194,3.1394770892260038,6.098625761787987,0.9978050156268166,2.519772372977515e-07,0,0.11184311854352517,0.003926798813445227,0.022864405065774918,1.000384881634607
0.02,39,physics,0,298,12.31948614267467,771.2401780144896,83.48659714084893,867.0462612980133,550.8288579666729,0.00022256412135265738,3.1902828351204,17.81645165652846,0.9935876025975959,2.5275249093681406e-07,0,0.11059540710253221,0.003956448556367057,0.022864405065774918,1.0003861338146864
0.02,40,refine,0,332,12.31948614267467,771.2401780144896,83.48659714084891,867.0462612980132,550.828857966673,0.00022256412135265733,3.1902828351204,17.81645165652846,0.9935876025975959,1.6652838219499668e-07,0,0.10246689795607167,0.0035782442378758357,0.015055622905492783,1.0003861338146864
0.0200625,40,physics,0,332,18.538132901556544,803.9961115051382,81.04420998690705,903.5784543936018,554.9745705877381,0.00022423920949218217,3.259900364569639,29.35766640864792,0.9894337457257051,1.6700502669664274e-07,0,0.10122767442930718,0.003603933613671085,0.015055622905492783,1.0003877437628057
0.020125,40,physics,0,332,30.461660027384525,840.9745220812724,72.36664323334654,943.8028253420034,559.1515003208212,0.0002259269110033686,3.345717600161756,37.7281584650451,0.9864211218438886,1.6773623912058632e-07,0,0.10013525569012321,0.0036304716583482437,0.015055622905492783,1.0003889959464676
0.0201875,40,physics,0,332,36.342062118185495,881.319271318102,67.5880092134694,985.2493426497568,563.3598423981952,0.00022762730477042642,3.4349861145593543,40.717677450602245,0.9853451479974447,1.6882296804965343e-07,0,0.09925007747841656,0.003657887994923858,0.015055622905492783,1.0003881015294063
0.02025,40,physics,0,332,29.901323301474655,923.0728379669438,73.22217686400506,1026.1963381324235,567.5998609689268,0.00022934049752361174,3.516025938375238,37.42498151109207,0.9865302538109026,1.7030447096999524e-07,0,0.09857895736580055,0.003686325518835188,0.015055622905492783,1.0003888170629913
0.0203125,40,physics,0,332,16.234886312571515,962.9406418380977,85.81095376705463,1064.9864819177237,571.8717820992979,0.0002310665806057122,3.578658829646083,28.46922422941903,0.9897535347340022,1.7214362202366818e-07,0,0.09808798699019795,0.003715576479198464,0.015055622905492783,1.000388459296135
0.020375,40,physics,0,332,7.26340311940905,997.2618334364249,94.86974786653165,1099.3949844223657,576.175746305663,0.00023280561079279993,3.616658176847744,15.834816574341513,0.9943008429883681,1.7425990073149933e-07,0,0.09774280296510413,0.003745454397600916,0.015055622905492783,1.0003888170629913
0.0204375,40,physics,0,332,10.671422623170557,1023.6520195382786,92.59094542277774,1126.914387584227,580.5119462936298,0.00023455766594817793,3.6292889836717563,2.449246538044466,0.9991184862756683,1.7639174210160038e-07,0,0.09740376066721824,0.003775518270063189,0.015055622905492783,1.0003881015294063
0.0205,40,physics,0,332,22.411239521351153,1042.27733637855,81.46571087156693,1146.1542867714682,584.880586719546,0.0002363228287638837,3.6216659284933215,-8.51941786861073,1.003066238640178,1.7843948540985374e-07,0,0.09693883181791609,0.0038055879563758843,0.015055622905492783,1.0003888170629913
0.0205,41,refine,0,356,22.41123952135115,1042.2773363785502,81.46571087156693,1146.1542867714684,584.880586719546,0.0002363228287638837,3.6216659284933215,-8.51941786861073,1.003066238640178,1.7843948540985374e-07,0,0.09693883181791609,0.003702557582081089,0.015055622905492783,1.0003888170629913
0.0205625,41,physics,0,356,30.26712414207884,1055.6098833787667,72.28148135682568,1158.158488877671,589.2825743594211,0.00023810146562559532,3.602057461461967,-14.499063277911418,1.0052183730518733,1.8007513702400518e-07,0,0.0963023846837706,0.003731286282758779,0.015055622905492783,1.0003909636668173
0.020625,41,physics,0,356,25.67297173962842,1067.5395004376578,74.04433200392572,1167.256804181212,593.7176884654393,0.00023989348733946935,3.5856763173321577,-14.171212227422618,1.0051003612446021,1.8123433243033544e-07,0,0.09548362583358519,0.0037595373266020695,0.015055622905492783,1.0003911425506773
0.0206875,41,physics,0,356,12.258992009858755,1080.7175040134568,85.08639544487949,1178.0628914681952,598.1862096893707,0.0002416990073037305,3.581854816683422,-7.908102574619794,1.0028462012666364,1.8209851759820602e-07,0,0.09445445038680347,0.003787430570601037,0.015055622905492783,1.000393646928077
0.02075,41,physics,0,356,2.407660636837929,1096.528822328417,94.83992977834893,1193.7764127436037,602.6883350164343,0.000243518105110872,3.5973124506458687,2.9109278946557207,0.9989523492460624,1.827139399779298e-07,0,0.09330412517116292,0.003815264652662589,0.015055622905492783,1.0003952568882875
0.0208125,41,physics,0,356,5.200781293174465,1115.4347157284549,94.14274856289938,1214.7782455845288,607.2243478565222,0.00024535089527354646,3.6330696531501188,15.334057049741839,0.994481238662627,1.834098455333335e-07,0,0.09215251805068998,0.003843515978269014,0.015055622905492783,1.0003963301965337
0.020875,41,physics,0,356,17.734120065194162,1137.5928793142534,84.0310119547284,1239.3580113341761,611.7945343583984,0.00024719749341105626,3.6844406462687327,25.324558058487835,0.9908856252854432,1.840671526309736e-07,0,0.09108129333774488,0.0038723043579799105,0.015055622905492783,1.0003968668510888
0.0209375,41,physics,0,356,27.987651072372394,1162.7292829567734,74.60983389158483,1265.3267679207308,616.3990922438672,0.0002490579794135141,3.7425146257663724,30.286787970968227,0.9890997038056529,1.8514709765327082e-07,0,0.09017304625054325,0.0039018681916839952,0.015055622905492783,1.000399192357487
0.021,41,physics,0,356,26.121915727354754,1189.4803565217512,75.41296087541144,1291.0152331245174,621.0382967834132,0.0002509324645048195,3.796513656330908,28.906238648885893,0.9895965913917337,1.865806016354555e-07,0,0.08950238950375461,0.003932266674735004,0.015055622905492783,1.000400802326622
0.021,42,refine,0,374,26.121915727354754,1189.4803565217512,75.41296087541144,1291.0152331245174,621.0382967834132,0.0002509324645048195,3.796513656330908,28.906238648885893,0.9895965913917337,1.8257989964354224e-07,0,0.08950238950375461,0.003708245362936829,0.014697176404297352,1.000400802326622
0.0210625,42,physics,0,374,13.622575632152543,1214.9545677097844,86.35388856072305,1314.9310319026602,625.7123758868233,0.00025282104077263415,3.8364343738437516,21.427621220474045,0.9922881706306496,1.8447940508536923e-07,0,0.08903288062094913,0.003737093995623995,0.014697176404297352,1.0004009812122414
0.021125,42,physics,0,374,2.0454586020039693,1235.8459148557235,97.5806838836945,1335.472057341422,630.4216791862716,0.0002547238494869305,3.8553404121055306,9.605988927437977,0.9965427911938269,1.8658864053833216e-07,0,0.08869765535477656,0.003765942628546858,0.014697176404297352,1.0004029489561654
0.0211875,42,physics,0,374,2.356605561150505,1249.3631718768233,98.40744110189125,1350.127218539865,635.1664190893479,0.000256640976471659,3.8511429082379403,-3.691166711592902,1.0013284567577971,1.8889562980461976e-07,0,0.08839893492667202,0.0037949700755426094,0.014697176404297352,1.000401875640818
0.02125,42,physics,0,374,14.422721240048464,1255.2219876019662,87.48054306735264,1357.1252519093673,639.9469367854631,0.0002585725595854672,3.827361082773771,-15.087142375186893,1.0054303146869572,1.9113034888107455e-07,0,0.08807551532160539,0.0038240571574586577,0.014697176404297352,1.0004033067282039
0.0213125,42,physics,0,374,26.738909206694448,1255.9091326963166,74.42866567781698,1357.076707580828,644.7633711114236,0.0002605186549258007,3.792488116724704,-21.849454450117197,1.0078636336483213,1.9305444975969995e-07,0,0.08761866877317584,0.003853025030146378,0.014697176404297352,1.0004050955903152
0.021375,42,physics,0,374,27.33760703502307,1255.440494013159,70.91337862398325,1353.6914796721653,649.616071749374,0.00026247940378282275,3.7579436399687265,-22.059114200759343,1.007939091756053,1.9453346489228788e-07,0,0.08697243247795305,0.003882112112062494,0.014697176404297352,1.0004042011588596
0.0214375,42,physics,0,374,15.575188441701039,1257.406727506741,79.4124085710414,1352.3943245194835,654.5053131993326,0.0002644549170691236,3.7350369296870776,-15.07119502237552,1.0054239258725555,1.9556988917202015e-07,0,0.08614410844709226,0.003911199193978638,0.014697176404297352,1.0004040222726645
0.021500000000000002,42,physics,0,374,2.9112176598878072,1263.8433941839844,90.89001121822608,1357.6446230620984,659.4313066293957,0.00026644528010783225,3.7319081217479466,-2.836477903433574,1.0010208120105026,1.9624202440837716e-07,0,0.08519665793510395,0.003940405455031861,0.014697176404297352,1.0004076000026447
0.021500000000000002,43,refine,0,407,2.9112176598878072,1263.8433941839844,90.89001121822608,1357.6446230620984,659.4313066293957,0.0002664452801078323,3.7319081217479466,-2.836477903433574,1.0010208120105026,1.441017811742997e-07,0,0.09394738857987427,0.0037279627069336362,0.010786556638777256,1.0004076000026447
0.021562500000000002,43,physics,0,407,1.751746925107441,1275.3375083523215,93.74320953774476,1370.8324648151738,664.3943890297588,0.00026845062906089045,3.7504440228866702,10.790783994844155,0.9961165449885669,1.4457402208734017e-07,0,0.09281310631530337,0.0037555028975341876,0.010786556638777256,1.0004086733241337
0.021625000000000002,43,physics,0,407,13.498912246981352,1292.4870491245301,85.17450411348355,1391.160465484995,669.3948199110553,0.0002704710687843803,3.790224011600328,22.393318022123154,0.9919409594904469,1.4504099876688778e-07,0,0.09174961207972251,0.003783104003615708,0.010786556638777256,1.000409388872433
0.021687500000000002,43,physics,0,407,27.34602994398564,1315.1491672690927,73.68956593672499,1416.1847631498035,674.4329143879376,0.00027250672660136203,3.8424322739483676,29.145902496377268,0.9895108198499012,1.457359912748757e-07,0,0.09089350033269919,0.003810620540857594,0.010786556638777256,1.000410104421244
0.021750000000000002,43,physics,0,407,30.529643737887334,1342.4732406001299,70.96822931917669,1443.9711136571939,679.5088730532495,0.000274557683562001,3.8970082452136365,29.764769513102525,0.9892877003259637,1.467625736495394e-07,0,0.09020577727917253,0.0038382030543192146,0.010786556638777256,1.0004088522111607
0.021812500000000002,43,physics,0,407,20.22734118166956,1372.1397069792067,80.71510479135353,1473.0821529522298,684.6230598208408,0.00027662408670682537,3.9437586087601813,25.22246364496541,0.9909224894485431,1.4809230464152287e-07,0,0.08970738627438575,0.0038657356901029283,0.010786556638777256,1.0004104621958414
0.021875000000000002,43,physics,0,407,6.289401235185461,1400.6455556182216,94.8737736438638,1501.808730497271,689.7757831365998,0.0002787060606643601,3.974748595234244,15.803701760149835,0.9943118229380723,1.4966775463420858e-07,0,0.08933231131064216,0.0038932735715559033,0.010786556638777256,1.0004113566328945
0.021937500000000002,43,physics,0,407,2.2743482706260645,1424.6860715576765,100.73631464623674,1527.6967344745392,694.967247650354,0.0002808036881240077,3.986240013913593,4.476311220130749,0.9983888714033071,1.5140495168708415e-07,0,0.08900953428833734,0.00392081492587946,0.010786556638777256,1.0004145766129078
0.022,43,physics,0,407,12.68970230113785,1442.9374220151035,92.74462379310307,1548.3717481093445,700.1978074745577,0.00028291711216601176,3.9797588791640934,-6.365943645509131,1.00229124268496,1.531337332494331e-07,0,0.08878701435882572,0.003948444809746924,0.010786556638777256,1.0004172599375025
0.022,44,refine,0,476,12.68970230113785,1442.9374220151033,92.74462379310307,1548.3717481093443,700.1978074745579,0.00028291711216601176,3.9797588791640934,-6.365943645509131,1.00229124268496,1.5302644040815497e-07,0,0.08878701435882572,0.0037084220120272853,0.010786556638777256,1.0004172599375025
0.0220625,44,physics,0,476,28.33824449853141,1456.6492022959383,77.99877819288848,1562.9862249873581,705.4677045847419,0.00028504643056134163,4.003371619874943,-13.730373811036397,1.0049418572572513,1.5458983604332835e-07,0,0.08845403505980848,0.003734754983257716,0.010786556638777256,1.0004194066023602
0.022125,44,physics,0,476,34.8637220232972,1470.2461228160823,70.10264567648451,1575.2124905158641,710.7772679361892,0.0002871917762254075,3.983997940846688,-15.340824607146875,1.0055214675141524,1.5583338797142674e-07,0,0.08793680345395269,0.0037612778671135215,0.010786556638777256,1.000418869935714
0.0221875,44,physics,0,476,26.735603084059882,1487.3158467044784,75.94153065961501,1589.9929804481533,716.126794010773,0.00028935326895263654,3.975313430588226,-10.64862020256463,1.0038326554232322,1.5676322551172453e-07,0,0.08720991891173496,0.0037879298726598305,0.010786556638777256,1.0004185121581097
0.02225,44,physics,0,476,12.843881326130031,1510.3705479445846,89.37272567440863,1612.5871549451233,721.5166239570874,0.0002915310465851844,3.9865231658855906,-0.6258260049238805,1.0002252454387062,1.5733283476038214e-07,0,0.08632841829263323,0.003814600146070621,0.010786556638777256,1.0004203010474104
0.0223125,44,physics,0,476,7.881089793507316,1540.3764166461397,97.33458590614825,1645.5920923457952,726.946935268337,0.00029372518083973506,4.021807222615402,12.381468098051803,0.9955437091001579,1.5779559525697103e-07,0,0.08538677669107628,0.0038413144311346824,0.010786556638777256,1.0004228054978053
0.022375,44,physics,0,476,18.112555319849463,1577.5998226509798,92.65186097670829,1688.3642389475376,732.4180170782596,0.0002959357885416788,4.079423431161346,25.295705272570043,0.9908956627249562,1.5822848542512689e-07,0,0.08442401752017525,0.0038682119470392407,0.010786556638777256,1.000423163276945
0.0224375,44,physics,0,476,35.48332821753691,1622.114669412133,80.84347439486791,1738.4414720245377,737.9301343026391,0.00029816297673106623,4.152434382533555,35.13821502899641,0.9873531782637147,1.5882847748116554e-07,0,0.08354092315495668,0.0038952570833439243,0.010786556638777256,1.0004254888444717
0.0225,44,physics,0,476,45.32159107080962,1673.35144330219,74.67127789902608,1793.3443122720257,743.4835215304698,0.00030040684019431367,4.230593926682473,39.763146070818955,0.9856884820036164,1.597966772237668e-07,0,0.08287259818703105,0.003922459829951924,0.010786556638777256,1.0004263832949598
0.0225,45,refine,0,497,45.32159107080962,1673.35144330219,74.67127789902608,1793.3443122720257,743.4835215304698,0.00030040684019431367,4.230593926682473,39.763146070818955,0.9856884820036164,1.244953482526511e-07,0,0.08287259818703105,0.0036584552526980735,0.008408565074205399,1.0004263832949598
0.0225625,45,physics,0,497,40.032670756765874,1729.2193904083683,81.89670023842075,1851.148761403555,749.079254122888,0.00030266781343444725,4.300385191528269,38.289877504451674,0.9862187395834245,1.2556378425898626e-07,0,0.08239362808964325,0.0036829008621742884,0.008408565074205399,1.0004274566366012
0.022625,45,physics,0,497,26.154176407373736,1786.2842921090235,97.82029871744095,1910.2587672338382,754.717048846024,0.00030494578200993775,4.35895694760546,31.335360655626207,0.988721809472101,1.269167810846738e-07,0,0.08205037413250058,0.0037079438762139196,0.008408565074205399,1.0004267410753789
0.0226875,45,physics,0,497,18.48552984436072,1840.438226510979,109.06801700625009,1967.9917733615898,760.3973316136139,0.0003072409180125612,4.397722526947626,20.845529124258015,0.9924973081552096,1.2842586372130427e-07,0,0.08178504423943884,0.003733545754795059,0.008408565074205399,1.0004254888444717
0.02275,45,physics,0,497,26.291150261204255,1889.1169581119166,105.9644686177392,2021.37257699086,766.1203365426672,0.0003095533160380269,4.416746659805997,9.671611881537766,0.9965190121905746,1.2997924159208175e-07,0,0.08149609142253322,0.0037593956718083655,0.008408565074205399,1.0004272777462475
0.0228125,45,physics,0,497,44.21386332168143,1932.7134787962063,91.8549586925148,2068.7823008104024,771.8863985032242,0.0003118831113916212,4.421476914482876,0.8787745049742043,0.9996837134655985,1.3140530263910956e-07,0,0.08114395951545073,0.0037852291744319903,0.008408565074205399,1.0004299611049094
0.022875,45,physics,0,497,56.95198670978492,1974.441286356332,80.41493338230225,2111.8082064484192,777.6958520684875,0.0003142304392586919,4.421529439408075,-3.0403848378438614,1.0010942880503004,1.3256353881274644e-07,0,0.08067175967526312,0.0038109299859244235,0.008408565074205399,1.0004308555593961
0.0229375,45,physics,0,497,53.957121655947674,2018.5325901679926,82.81376412470894,2155.303475948649,783.5490561841291,0.0003165954446723594,4.428149700684396,-0.8618351255167569,1.0003101892520228,1.33443995409266e-07,0,0.0800080920053587,0.003836358788941618,0.008408565074205399,1.0004335389276542
0.023,45,physics,0,497,39.885325207245295,2068.2139209417783,97.00154407127964,2205.100790220303,789.4462989766406,0.0003189782440510332,4.451137608623022,7.027767827097163,0.9974705880137409,1.3402419263286444e-07,0,0.07919286189470519,0.0038616714448535265,0.008408565074205399,1.000433181144804
0.023,46,refine,0,541,39.885325207245295,2068.2139209417783,97.00154407127962,2205.100790220303,789.4462989766405,0.0003189782440510332,4.451137608623022,7.027767827097163,0.9974705880137409,1.1406627820065307e-07,0,0.07919286189470519,0.0037025208705356158,0.00717646861448884,1.000433181144804
0.0230625,46,physics,0,541,30.155756306446463,2124.7726993038923,109.80955220482838,2264.7380078151673,795.3879156736607,0.0003213789728444884,4.494254753557842,18.72960224519691,0.9932589116002574,1.1448937442537498e-07,0,0.0783131708149363,0.003729461815904108,0.00717646861448884,1.000435148952064
0.023125,46,physics,0,541,35.956482973632625,2188.984218306238,109.94556828848883,2334.8862695683592,801.3742671616403,0.0003237977768700229,4.5615779117025,31.375693746387245,0.9887074018691968,1.1482958850450573e-07,0,0.0774130455544399,0.0037565767918679278,0.00717646861448884,1.0004344333853399
0.0231875,46,physics,0,541,53.56423035564154,2260.729265509116,98.67126907711838,2412.9647649418757,807.4056321996447,0.00032623476876110816,4.645210754896129,41.90575597478125,0.9849174720789717,1.1527839749447817e-07,0,0.07659599164993106,0.0037838146713644835,0.00717646861448884,1.0004364011950628
0.02325,46,physics,0,541,67.99123972127629,2339.5796584708432,88.47573721491634,2496.046635407036,813.4824580569605,0.00032869012923829734,4.736050653270828,47.82881373205509,0.9827856876269138,1.1593393089981413e-07,0,0.0759107565342937,0.003811425749992732,0.00717646861448884,1.0004405157188094
0.0233125,46,physics,0,541,67.03380214198349,2423.754790403117,91.0711286929498,2581.8597212380505,819.6050376582258,0.0003311639766587057,4.823500469517483,47.79912596272803,0.9827964157708614,1.1685472678379937e-07,0,0.07539420003942666,0.0038393811911216513,0.00717646861448884,1.0004419468614705
0.023375,46,physics,0,541,52.59890908979575,2509.6523579256445,106.22741411211629,2668.4786811275562,825.7736230293312,0.000333656412854182,4.897855496734622,41.913650269226565,0.9849146955398832,1.1797934540425101e-07,0,0.07502444414376978,0.0038677997317262563,0.00717646861448884,1.0004439146859723
0.0234375,46,physics,0,541,39.10396209375523,2592.643095234974,121.62583084320174,2753.372888171931,831.9886674736292,0.0003361676209833621,4.952596168621464,31.67450655560005,0.9885999075121066,1.1926985354904223e-07,0,0.0747580838589086,0.003896650012659193,0.00717646861448884,1.0004426624335687
0.0235,46,physics,0,541,40.20305721381457,2668.9921475271967,124.05834649236334,2833.2535512333748,838.2504720122836,0.00033869772267478807,4.985948943293774,19.664935482636196,0.992922325645205,1.2070691823851105e-07,0,0.07451619209690485,0.003925922539431155,0.00717646861448884,1.0004431991129783
0.0235,47,refine,0,592,40.20305721381456,2668.9921475271967,124.05834649236336,2833.2535512333748,838.2504720122836,0.0003386977226747881,4.985948943293774,19.664935482636196,0.992922325645205,1.2070691823851105e-07,0,0.07772988691166377,0.003785596470534684,0.00717646861448884,1.0004431991129783
0.0235625,47,physics,0,592,55.752878521128295,2737.5822794959904,111.94855632552344,2905.2837143426423,844.5593275631711,0.00034124683547473694,5.001508265341975,8.941545207679699,0.9967818189573052,1.2207494037852482e-07,0,0.07743140757458442,0.0038146777697340654,0.00717646861448884,1.0004430202198098
0.023625,47,physics,0,592,71.47262766289629,2801.440778511812,97.41768752573931,2970.3310937004476,850.9157545587987,0.00034381516966558955,5.007625718301285,2.2926172125078144,0.9991748561307937,1.232414090779345e-07,0,0.07700775578317776,0.0038434272594854674,0.00717646861448884,1.0004440935793006
0.0236875,47,physics,0,592,72.47506907244451,2864.8412877147434,94.9625137547143,3032.278870541902,857.3200381640781,0.0003464028404691197,5.0151853562029425,1.4543396631644618,0.9994765627829504,1.2422025541525254e-07,0,0.07639434589645556,0.0038718434901480734,0.00717646861448884,1.0004462403017371
0.02375,47,physics,0,592,57.88766583623447,2931.920040096489,107.59678543453727,3097.404491367261,863.7725298195534,0.0003490099898859773,5.034753910154318,6.6331360060713065,0.9976126452769961,1.2493260648227557e-07,0,0.07563399932586101,0.0039001056709536395,0.00717646861448884,1.0004469558769062
0.0238125,47,physics,0,592,41.89990748843077,3005.0061523078393,123.91161234043793,3170.817672136708,870.2735912893002,0.000351636764088068,5.073596742977064,16.452007102405243,0.9940787048911448,1.2544550465065622e-07,0,0.0747876377261981,0.003928222758660753,0.00717646861448884,1.0004476714525872
0.023875,47,physics,0,592,39.99946149606919,3084.876059224928,129.2208037632608,3254.0963244842583,876.8235948533875,0.00035428331349631636,5.133724475111131,28.332863359030068,0.9898026475314886,1.258376913781942e-07,0,0.07389509508503685,0.003956752500293132,0.00717646861448884,1.0004480292406197
0.0239375,47,physics,0,592,54.0899811975002,3171.6799645450847,119.69321969673665,3345.4631654393215,883.4228332940027,0.0003569497564102806,5.211606609880321,39.21761830517971,0.9858850929133159,1.2629475598657786e-07,0,0.0730785803506101,0.003985710645735604,0.00717646861448884,1.0004512493386695
0.024,47,physics,0,592,70.84155191865148,3265.1587236807864,105.81310615456967,3441.8133817540074,890.0716736334076,0.00035963624112645223,5.299012661102202,46.35263993613168,0.9833171191107093,1.26852716775261e-07,0,0.0723766489744979,0.004015415431343009,0.00717646861448884,1.000452501601821
0.024,48,refine,0,656,70.84155191865148,3265.1587236807864,105.81310615456968,3441.8133817540074,890.0716736334075,0.00035963624112645223,5.299012661102202,46.35263993613168,0.9833171191107093,1.2229716261913403e-07,0,0.06836867217951992,0.003799651624700313,0.006876925937831402,1.000452501601821
0.0240625,48,physics,0,656,74.30654721026488,3363.6134452009082,102.23289846303909,3540.152890874212,896.7705773308793,0.00036234295409889416,5.3978573421336336,47.95255687208112,0.9827412771326185,1.2322703035749777e-07,0,0.06786339756019592,0.003829811304573148,0.006876925937831402,1.000452501601821
0.024125,48,physics,0,656,60.73264987300205,3464.282720940537,114.12656526978438,3639.1419360833233,903.5199260972706,0.0003650700495590694,5.474665576714008,43.56656499465578,0.9843199960718648,1.2437556229372138e-07,0,0.06745953422157894,0.0038608054463931687,0.006876925937831402,1.0004514282333095
0.0241875,48,physics,0,656,42.19188284804435,3562.046728575971,131.86282507965987,3736.1014365036754,910.3200615953572,0.00036781766555689025,5.532203966101806,34.21407288101997,0.9876860388443112,1.2577971197913477e-07,0,0.0671549999406568,0.0038920380090945645,0.006876925937831402,1.0004517860226854
0.02425,48,physics,0,656,35.59540821323708,3652.2842143047483,139.86474176067705,3827.7443642786625,917.1714087059405,0.00037058597376677196,5.567347131575258,22.108654552533025,0.9920428908212369,1.2719861164356432e-07,0,0.06693286264831509,0.003923092009562379,0.006876925937831402,1.0004501759715012
0.0243125,48,physics,0,656,46.818120285220246,3732.8999569884327,131.1292355036884,3910.8473127773414,924.0744186895481,0.00037337515652194147,5.582338357284394,10.205827608221151,0.996326830256384,1.2869317966845973e-07,0,0.06669552583688795,0.003953490365694409,0.006876925937831402,1.0004516071279814
0.024375,48,physics,0,656,64.6958943110569,3805.5770261983644,114.28567717171033,3984.5585976811312,931.0293443223965,0.0003761853159574181,5.5844145433757575,1.4685455602700332,0.9994714538510814,1.3005682486522113e-07,0,0.06634128272814846,0.003983054264898444,0.006876925937831402,1.0004523227069892
0.0244375,48,physics,0,656,71.35314796455987,3874.9151552792764,105.82747169954828,4052.0957749433846,938.0365513328612,0.00037901659984689544,5.5841150408391185,-1.9145378274863103,1.0006890626988658,1.3105422880244085e-07,0,0.06589655705207706,0.004011783221700392,0.006876925937831402,1.0004537538665403
0.0245,48,physics,0,656,59.578766910503106,3945.989912979596,114.34391680315039,4119.912596693249,945.0965393755896,0.0003818692100773949,5.592466115191492,0.8686579596588928,0.9996873610746859,1.318509399439449e-07,0,0.0652884642397149,0.004039975988385332,0.006876925937831402,1.0004539327616282
0.0245,49,refine,0,706,59.578766910503106,3945.9899129795963,114.34391680315036,4119.91259669325,945.0965393755896,0.0003818692100773949,5.592466115191492,0.8686579596588928,0.9996873610746859,1.318509399439449e-07,0,0.0652884642397149,0.003698415074304903,0.006876925937831402,1.0004539327616282
0.0245625,49,physics,0,706,40.09245640653809,4022.0207902408656,132.09786429937097,4194.211110946775,952.2095324054958,0.00038474323713859934,5.617147823796638,8.979754212514521,0.9967680970797079,1.3238210527788415e-07,0,0.06457768101266054,0.003726772189083578,0.006876925937831402,1.0004551850281387
0.024625,49,physics,0,706,31.198913478877177,4104.917635733351,142.6775604891455,4278.794109701374,959.3761805252047,0.00038763894370650594,5.663780343840938,20.227248942728675,0.9927200326035199,1.3285331057488753e-07,0,0.06382298456936972,0.003755426125721707,0.006876925937831402,1.0004576895658621
0.0246875,49,physics,0,706,41.10739339159675,4194.870814479232,136.71515846858642,4372.693366339415,966.5967170938958,0.0003905564240706204,5.729266426302166,31.66384696444529,0.9886038785408482,1.3327761472226035e-07,0,0.06307651921157043,0.0037841412786983747,0.006876925937831402,1.0004591207330906
0.02475,49,physics,0,706,60.219367677569664,4291.8513709070485,120.84391350771642,4472.914652092334,973.8716377264246,0.00039349587848567385,5.80700035312153,40.362640480747416,0.9854730527735089,1.3374305218860614e-07,0,0.06242041006985805,0.0038131532808742133,0.006876925937831402,1.000458941837075
0.0248125,49,physics,0,706,70.31854522826177,4394.920224953716,111.18763922135668,4576.426409403333,981.2013599160578,0.00039645747564112535,5.887337219873073,44.134973474937546,0.9841153695507628,1.3461962122818273e-07,0,0.061901183423914166,0.0038423496123947054,0.006876925937831402,1.000458941837075
0.024875,49,physics,0,706,61.56005196094005,4501.310477153957,118.13613836234065,4681.006667477238,988.5861870370837,0.000399441338116304,5.959975677890768,42.021798997384316,0.9848761309955607,1.3579739199798255e-07,0,0.06153382146819385,0.0038716705377436164,0.006876925937831402,1.0004603730060948
0.0249375,49,physics,0,706,41.65927952364342,4606.337747493508,136.4935073620227,4784.490534379174,996.0265793152287,0.0004024476518668528,6.0163762384362816,34.48423537993804,0.9875889491164791,1.373290725581455e-07,0,0.0612469792833885,0.003901174236149741,0.006876925937831402,1.000460909695005
0.025,49,physics,0,706,28.979701919070962,4704.806687377701,149.98177354569867,4883.768162842471,1003.5230270186751,0.0004054766149871632,6.051741342921499,23.319392147236556,0.9916072282137203,1.3893583084012564e-07,0,0.06103823517083797,0.003930798453303927,0.006876925937831402,1.0004619830736894
0.025,50,refine,0,744,28.979701919070962,4704.806687377701,149.98177354569867,4883.768162842471,1003.5230270186752,0.0004054766149871632,6.051741342921499,23.319392147236556,0.9916072282137203,1.1504222108271744e-07,0,0.06103823517083797,0.0036921419582552177,0.005716101266443729,1.0004619830736894
0.0250625,50,physics,0,744,35.49569524159018,4793.252959628782,146.25906697824172,4975.007721848615,1011.0758850079808,0.0004085283708597519,6.065526585916251,11.2653508878284,0.9959455453616237,1.1648449138590417e-07,0,0.060841530801042334,0.003720696567278848,0.005716101266443729,1.0004634142470596
0.025125,50,physics,0,744,55.14232193952979,4872.604650514487,128.8981774783102,5056.6451499323275,1018.6855194334086,0.00041160306742877694,6.064931260162228,1.331837697430844,0.9995206658133331,1.1777246200495027e-07,0,0.06056667922418833,0.0037490118899902334,0.005716101266443729,1.0004678866770376
0.0251875,50,physics,0,744,69.11022746124074,4946.931325615502,114.44295730113369,5130.484510377876,1026.3524660339613,0.00041470092116125675,6.058715985172893,-3.923704946793389,1.0014121577382131,1.1880709926970224e-07,0,0.060214171232240286,0.0037768883988454184,0.005716101266443729,1.0004686022676894
0.02525,50,physics,0,744,63.88700867106799,5021.978702408151,116.82883984451368,5202.694550923732,1034.0771907372334,0.0004178221203166917,6.057984368090092,-3.0480755502830212,1.0010970482264274,1.1970148783291284e-07,0,0.059687255019952916,0.003804377920130157,0.005716101266443729,1.00047164353367
0.0253125,50,physics,0,744,44.62421896325627,5102.328784441997,133.85740029355873,5280.8104036988125,1041.8599376484499,0.0004209667635265608,6.072515301044676,3.624826003156208,0.998695373178757,1.2027834550565333e-07,0,0.05911672513910995,0.003831646422195856,0.005716101266443729,1.0004755793033682
0.025375,50,physics,0,744,30.279151351850114,5190.3009008936715,149.34424964378042,5369.924301889302,1049.7011305780948,0.00042413502203281504,6.107694669237676,14.299023182896338,0.9948535858581274,1.2067382115787958e-07,0,0.05844083716511114,0.003858881946000862,0.005716101266443729,1.000477368294713
0.025437500000000002,50,physics,0,744,35.24699912284334,5286.65150637201,148.86748924040538,5470.765994735259,1057.600940587105,0.0004273269649531608,6.163432043134874,26.235935935892947,0.9905573410959774,1.2119360137674557e-07,0,0.05771135621833466,0.0038864254724954644,0.005716101266443729,1.0004789783896584
0.025500000000000002,50,physics,0,744,55.647564254308904,5391.551184187731,133.56340975257334,5580.762158194614,1065.5596963213234,0.0004305427250779784,6.234285920444052,36.44188137778102,0.9868840728342847,1.2162985729702314e-07,0,0.05709126478128894,0.003914466932033243,0.005716101266443729,1.0004802306875185
0.025500000000000002,51,refine,0,804,55.6475642543089,5391.5511841877305,133.5634097525733,5580.762158194613,1065.5596963213234,0.0004305427250779784,6.234285920444052,36.44188137778102,0.9868840728342847,7.974910687380544e-08,0,0.05287934003342141,0.003710767300611023,0.0037639057263731956,1.0004802306875185
0.025562500000000002,51,physics,0,804,73.17845196762138,5504.2714270772,118.84897297422557,5696.298852019047,1073.5794505650047,0.0004337831318411568,6.311145341097649,42.50398498695263,0.9847025814866357,8.026848519193663e-08,0,0.052381825329254034,0.0037377366593726053,0.0037639057263731956,1.000478799490092
0.025625000000000002,51,physics,0,804,72.26009491068405,5623.24057521678,119.82613939236693,5815.32680951983,1081.659558223174,0.00043704792459005803,6.384222055972028,43.0573144843812,0.9845036069512635,8.081015145933177e-08,0,0.05200729416387123,0.00376577354104551,0.0037639057263731956,1.000479336188887
0.025687500000000002,51,physics,0,804,54.52461032656789,5743.921962883758,136.98288653774847,5935.429459748075,1089.8005027209229,0.0004403372986541016,6.44426760106578,37.927144004559246,0.9863499557964998,8.163802078797744e-08,0,0.051733113514265454,0.0037947025076820965,0.0037639057263731956,1.000478262791585
0.025750000000000002,51,physics,0,804,37.49105787954207,5860.795342700562,155.43568629032518,6053.72208687043,1098.0026884279755,0.0004436514174201373,6.485387243033927,28.418417184723108,0.9897721628942493,8.260557748940295e-08,0,0.05155506788900847,0.0038240624415034155,0.0037639057263731956,1.000478799490092
0.025812500000000002,51,physics,0,804,38.486461170209076,5969.432600376591,158.45055287081783,6166.369614417617,1106.26655956165,0.0004469904603755608,6.506430417268723,16.94851261662039,0.9939002110451868,8.351210212254043e-08,0,0.05136528128381896,0.00385337393365475,0.0037639057263731956,1.00047987288797
0.025875000000000002,51,physics,0,804,58.170245163805106,6068.935174326914,143.2497728514424,6270.355192342162,1114.5927293431741,0.0004503546752943258,6.511417900007702,6.483156393978739,0.9976667067310215,8.44269152366906e-08,0,0.05118576540421359,0.0038821800143169927,0.0037639057263731956,1.0004809462869995
0.025937500000000002,51,physics,0,804,79.35892888934451,6162.682407372833,124.16667262991434,6366.208008892092,1122.981504019527,0.0004537441859164813,6.508636244258137,-0.2134459658504464,1.0000768195143994,8.520549243939973e-08,0,0.05093618832565774,0.003910271040307273,0.0037639057263731956,1.0004827352879413
0.026000000000000002,51,physics,0,804,83.24978416669809,6256.628647640948,119.34875472524078,6459.227186532887,1131.4334293244983,0.0004571592127474701,6.508568291145067,-1.3081026647435579,1.0004707876358625,8.58223909716571e-08,0,0.05058377956467975,0.00393763729424853,0.0037639057263731956,1.000484882093294
0.026000000000000002,52,refine,0,890,83.24978416669808,6256.628647640948,119.34875472524078,6459.227186532887,1131.4334293244983,0.00045715921274747,6.508568291145067,-1.3081026647435579,1.0004707876358625,8.58223909716571e-08,0,0.05058377956467975,0.0037450289527299306,0.0037639057263731956,1.000484882093294
0.0260625,52,physics,0,890,67.8226117552247,6355.959425772964,133.3019310223637,6557.0839685505525,1139.9489216508246,0.0004605999240320784,6.519300332486899,3.664288895592262,0.9986811774646621,8.631234571510035e-08,0,0.05015668670389469,0.0037726536125295648,0.0037639057263731956,1.000487565606463
0.026125,52,physics,0,890,50.02901007339934,6464.793578620384,152.62351099470845,6667.446099688492,1148.528494697131,0.00046406652733184145,6.551809590065917,13.517054969967614,0.9951350425787067,8.657517014398757e-08,0,0.049613318435440805,0.003800447983081854,0.0037639057263731956,1.0004916803406347
0.0261875,52,physics,0,890,49.38094099053481,6583.9653739462865,159.0226851060642,6792.369000042886,1157.1726616357662,0.00046755922999565,6.605173853802506,25.697352832222535,0.9907511875564475,8.690809494282794e-08,0,0.04905589382033431,0.0038283621266579,0.0037639057263731956,1.0004923959483052
0.02625,52,physics,0,890,69.22133638504272,6713.799320343849,147.05352388699936,6930.074180615891,1165.8819086318776,0.0004710782284600514,6.675925592484226,37.2435817866791,0.9865955587509754,8.716243016237969e-08,0,0.04852689812163573,0.0038563983448053002,0.0037639057263731956,1.000494363872038
0.0263125,52,physics,0,890,93.72169761300131,6854.125634019756,129.11616142940414,7076.963493062161,1174.6567042529769,0.00047462371205121267,6.756398211745927,45.42694132613298,0.9836502659509788,8.758772551686893e-08,0,0.04805993762113133,0.0038845565597375527,0.0037639057263731956,1.0004945427743874
0.026375,52,physics,0,890,102.85691385460339,7003.466902125695,123.56399219414294,7229.8878081744415,1183.4975232077709,0.00047819587257667075,6.836690629974064,48.567906296549964,0.9825203990788102,8.814941665491478e-08,0,0.0476791371704296,0.003912728922697497,0.0037639057263731956,1.000494363872038
0.0264375,52,physics,0,890,91.01629514583058,7158.112853200071,137.37679763939593,7386.505945985297,1192.4049205585839,0.0004817949343110917,6.907037690207222,45.98296881634145,0.9834507186870796,8.889047720117557e-08,0,0.04738703084605608,0.003941093815514727,0.0037639057263731956,1.000495616189156
0.0265,52,physics,0,890,72.32510655937558,7312.468985961634,159.33109524182913,7544.125187762838,1201.3793423009483,0.0004854210774603645,6.960381723616482,38.429869668673774,0.986169078377057,8.981348997849632e-08,0,0.04718307974389386,0.003969765656966741,0.0037639057263731956,1.000494721676769
0.0265,53,refine,0,954,72.32510655937558,7312.468985961634,159.33109524182913,7544.125187762838,1201.3793423009483,0.0004854210774603645,6.960381723616482,38.429869668673774,0.986169078377057,8.800603801262236e-08,0,0.04718307974389386,0.003665052093270485,0.003674294101074338,1.000494721676769
0.0265625,53,physics,0,954,67.80646686739799,7460.790094334246,169.96957160840498,7698.566132810049,1210.4212848926045,0.0004890745026197902,6.9926513826000045,27.93464328740739,0.9899463188935208,8.901089465496173e-08,0,0.04705721944532586,0.003691102459767759,0.003674294101074338,1.000494721676769
0.026625,53,physics,0,954,85.68813015783451,7601.1117208919395,159.74832957402566,7846.548180623799,1219.5313162595764,0.0004927554392616535,7.008282598677999,17.286001675569995,0.9937787705981624,8.996151024120987e-08,0,0.04690045402235841,0.0037172769156839395,0.003674294101074338,1.0004961528969722
0.0266875,53,physics,0,954,113.1238368573179,7735.179381687581,138.38724333514705,7986.690461880045,1228.7099180514206,0.000496464081997963,7.013696797739234,9.369546789175468,0.996627909359214,9.085652052931427e-08,0,0.04671784866471256,0.00374341905486099,0.003674294101074338,1.0004988364403717
0.02675,53,physics,0,954,128.01752838259185,7868.675885855622,126.21927224754137,8122.912686485755,1237.9575650596435,0.0005002006226697104,7.018946248687969,6.416893486525986,0.9976905717367461,9.16087623537009e-08,0,0.04643949413458534,0.003769433301818225,0.003674294101074338,1.0005016988945983
0.0268125,53,physics,0,954,120.39853906750835,8008.006179287922,134.84584257654814,8263.250560931978,1247.2748687075648,0.0005039653083243987,7.0343318337950445,9.386056543420835,0.9966219820118694,9.218727736737274e-08,0,0.04609059445689111,0.0037955990898083224,0.003674294101074338,1.000500983280274
0.026875,53,physics,0,954,102.37733890485761,8157.62137818206,155.9619625586153,8415.960679645532,1256.662324006437,0.0005077583389728712,7.06762815269528,17.735222790550186,0.9936169430434556,9.257331168299751e-08,0,0.04565288155521433,0.003822975806113551,0.003674294101074338,1.0005013410873722
0.0269375,53,physics,0,954,96.47872275349599,8319.456936327762,169.55509571434405,8585.490754795603,1266.1203530583139,0.0005115798851667818,7.121949517370296,29.493783542909824,0.9893849335997116,9.284633506467799e-08,0,0.045163940772295665,0.0038504098745789765,0.003674294101074338,1.0005016988945983
0.027,53,physics,0,954,113.91757548538894,8494.043762825693,163.342283373057,8771.30362168414,1275.6495330421778,0.0005154301801171025,7.195155298118352,41.740860788611116,0.9849770729149233,9.31003647508532e-08,0,0.04468059697015283,0.0038779914692387827,0.003674294101074338,1.0005036668366296
0.027,54,refine,0,1006,113.91757548538894,8494.043762825693,163.34228337305703,8771.30362168414,1275.649533042178,0.0005154301801171025,7.195155298118352,41.740860788611116,0.9849770729149233,9.31003647508532e-08,0,0.04468059697015283,0.003764929633557735,0.003674294101074338,1.0005036668366296
0.0270625,54,physics,0,1006,144.04910973329365,8681.152066138391,144.4039461634818,8969.605122035167,1285.250443909607,0.00051930945815508,7.280501366692385,51.66492734108696,0.9814059866180674,9.35364727894238e-08,0,0.044238720654626494,0.003792049666688619,0.003674294101074338,1.0005067082092007
0.027125,54,physics,0,1006,164.56516192202992,8880.329062594308,132.2728149319032,9177.16703944824,1294.9236608494173,0.0005232179516875533,7.36909550226992,57.15537669114789,0.9794300055446468,9.406796852573495e-08,0,0.04385689297576952,0.0038194081203381048,0.003674294101074338,1.0005086761610853
0.0271875,54,physics,0,1006,162.29895582187226,9088.280684791715,140.40179936802355,9390.98143998161,1304.669613097199,0.000527155834148504,7.451167822496421,57.01365834760208,0.9794810277624673,9.484560692385459e-08,0,0.043585386638448846,0.0038468857548911097,0.003674294101074338,1.0005118964543365
0.02725,54,physics,0,1006,145.47575338187738,9299.591498620472,163.36992377868253,9608.437175781031,1314.488951569023,0.0005311233685426043,7.5188788004764335,51.50042157593943,0.9814652181395692,9.579189175212836e-08,0,0.04338469694293185,0.003874542266010761,0.003674294101074338,1.0005115386434635
0.0273125,54,physics,0,1006,136.33863203909087,9508.01609750733,181.4232989805805,9825.778028527002,1324.3822546851682,0.0005351207885823753,7.568024214163639,42.18551462432306,0.9848176269585143,9.686453417145914e-08,0,0.043238161943460064,0.0039024372259195694,0.003674294101074338,1.0005129698877235
0.027375,54,physics,0,1006,150.5515691939542,9709.393071544631,178.58689276089888,10038.531533499485,1334.3499038110938,0.0005391482483597227,7.599122707432242,31.59728214307397,0.9886282913520975,9.79717551530258e-08,0,0.04309751323701766,0.003930451484403155,0.003674294101074338,1.000514758945928
0.0274375,54,physics,0,1006,182.0780302980416,9904.035287183131,157.94532784533794,10244.058645326511,1344.3926729639338,0.0005432060606186884,7.617467437836125,22.6256735616849,0.9918571297828402,9.90516761945059e-08,0,0.042949291223830906,0.003958584953065402,0.003674294101074338,1.000513864416426
0.0275,54,physics,0,1006,208.33876650856598,10096.840359749534,139.32288808850703,10444.502014346608,1354.5110038133041,0.0005472944038172609,7.631949012278842,17.79683562320449,0.9935949948371656,9.991768834538557e-08,0,0.04273033502526503,0.003986897267570263,0.003674294101074338,1.0005145800399637
0.0275,55,refine,0,1106,208.33876650856595,10096.840359749534,139.32288808850703,10444.502014346608,1354.511003813304,0.0005472944038172609,7.631949012278842,17.79683562320449,0.9935949948371656,7.340315200110581e-08,0,0.0464209637066179,0.0037610456636677906,0.002696639159694314,1.0005145800399637
0.0275625,55,physics,0,1106,211.78063575784824,10294.316130310874,140.65710326204186,10646.753869330763,1364.7054894453386,0.000551413517593746,7.652232681660341,18.607834820345513,0.9933031352558426,7.395141654598093e-08,0,0.04604752592000862,0.003787928397805877,0.002696639159694314,1.000516726913648
0.027625,55,physics,0,1106,197.13353758912825,10502.989548715192,160.81427500832973,10860.93736131265,1374.976514797338,0.0005555635574832629,7.688874956442191,25.050887406252606,0.9909843344847143,7.432771553794733e-08,0,0.045587140709909026,0.0038149892510858864,0.002696639159694314,1.0005185159785706
0.0276875,55,physics,0,1106,186.9856596834092,10725.3818509105,180.76438206942572,11093.131892663336,1385.324341610583,0.0005597446292431946,7.745476558866785,35.677383382313145,0.9871599286177012,7.458311124253214e-08,0,0.045076455922785676,0.0038421686248432175,0.002696639159694314,1.000522273025321
0.02775,55,physics,0,1106,199.94027824401343,10962.393041044514,182.18493011456704,11344.518249403094,1395.74924154129,0.000563956842637086,7.821418916550113,47.98100809424635,0.9827319480988372,7.480637354007057e-08,0,0.04457835109309001,0.00386964465967149,0.002696639159694314,1.0005242410078206
0.0278125,55,physics,0,1106,232.8922006065452,11214.153804826368,164.99129335386598,11612.03729878678,1406.251269481303,0.0005682002198441593,7.911294937892591,59.084259515134335,0.9787360097531242,7.506606447549301e-08,0,0.04411167839277751,0.003897358465114532,0.002696639159694314,1.0005220941180129
0.027875,55,physics,0,1106,264.1757125993163,11480.086609712547,147.17203873000088,11891.434361041865,1416.8303708111875,0.0005724747387952624,8.006362159660458,66.46616919139234,0.9760793746609104,7.545117686191809e-08,0,0.04370393143498715,0.00392525112397876,0.002696639159694314,1.0005226308400328
0.0279375,55,physics,0,1106,273.89129979651614,11757.800746109247,147.65194354216715,12179.34398944793,1427.4864482756352,0.000576780360194086,8.09673392265474,68.57493945151542,0.9753203441605874,7.59848175491129e-08,0,0.0434216803208539,0.003953442058350264,0.002696639159694314,1.000523167562341
0.028,55,physics,0,1106,262.35546153910957,12042.268982555792,168.40385105591247,12473.028295150814,1438.219111556472,0.000581116926331354,8.173839243669624,65.1231435696897,0.976562626289678,7.66481269565133e-08,0,0.04323918010393449,0.003981871656209532,0.002696639159694314,1.0005251355466
0.028,56,refine,0,1218,262.35546153910957,12042.268982555792,168.40385105591247,12473.028295150814,1438.219111556472,0.000581116926331354,8.173839243669624,65.1231435696897,0.976562626289678,7.662058632007534e-08,0,0.04323918010393449,0.0037663826847310145,0.002696639159694314,1.0005251355466
0.0280625,56,physics,0,1218,250.0021599573597,12326.877458409448,192.16151971434147,12769.04113808115,1449.043584585519,0.0005854905884842567,8.231799173248744,57.1582672901231,0.9794291675398125,7.741759233681472e-08,0,0.04305527554250023,0.003794220837421879,0.002696639159694314,1.000526387902235
0.028125,56,physics,0,1218,258.57875224392257,12606.50723846339,198.16387070401674,13063.249861411328,1459.9495302366304,0.0005898971699046991,8.275247363754492,46.8708768226915,0.9831315525116656,7.831728865426146e-08,0,0.042909007873321074,0.0038223945364248184,0.002696639159694314,1.0005299660698297
0.0281875,56,physics,0,1218,290.6446212486223,12879.14576317992,181.47478439982558,13351.265168828368,1470.9375922539261,0.0005943369306995053,8.305639283916912,37.04552284632023,0.9866676652036873,7.914617672355462e-08,0,0.04273558010320117,0.0038507723995310195,0.002696639159694314,1.0005333653408972
0.02825,56,physics,0,1218,326.5137877354787,13148.389653356488,158.35489899960203,13633.258340091568,1482.0083220001725,0.0005988100936485227,8.33043984274105,30.395073524879002,0.9890611247122243,7.993324047106397e-08,0,0.0424834560430171,0.0038792580156995016,0.002696639159694314,1.0005358700743372
0.0283125,56,physics,0,1218,342.7412757244447,13421.27140254216,151.22548999028794,13915.238168256892,1493.1623515654264,0.0006033169141497147,8.359134675749996,28.864329379618884,0.9896119978284738,8.056223954611139e-08,0,0.04217542020999057,0.003907800759108717,0.002696639159694314,1.0005369435334452
0.028375,56,physics,0,1218,334.93076778360216,13704.689513129957,167.25785551359766,14206.878136427156,1504.4003315349505,0.0006078576550740896,8.400616760460013,33.059861031946134,0.9881020439530241,8.103775428480727e-08,0,0.04176565392565277,0.003936341868946675,0.002696639159694314,1.0005401639176794
0.0284375,56,physics,0,1218,322.23823850351863,14002.895564472139,191.5254882191971,14516.659291194854,1515.722960245375,0.0006124325985867453,8.460629736212807,42.0903469164068,0.9848520128138474,8.134284357197425e-08,0,0.041316841087243615,0.003964949663265951,0.002696639159694314,1.0005421319353698
0.0285,56,physics,0,1218,328.8573384814449,14317.467394427662,201.61557648289943,14847.940309392006,1527.1307638601093,0.0006170419572856515,8.54020236021561,53.83307939776669,0.980625915874919,8.155550634825209e-08,0,0.040858299716146664,0.003993636721468318,0.002696639159694314,1.0005401639176794
0.0285,57,refine,0,1326,328.8573384814449,14317.467394427658,201.6155764828994,14847.940309392003,1527.1307638601093,0.0006170419572856515,8.54020236021561,53.83307939776669,0.980625915874919,6.390535745026677e-08,0,0.040858299716146664,0.003697107729782821,0.0021021412685513496,1.0005401639176794
0.0285625,57,physics,0,1326,360.82716951543864,14648.315210618426,189.18522494635977,15198.327605080223,1538.6243798506805,0.0006216859887431705,8.67917060945983,65.5191572810289,0.9764202175079313,6.413161734997177e-08,0,0.040428323545299946,0.0037228708659854007,0.0021021412685513496,1.000542489757184
0.028625,57,physics,0,1326,400.4852185217611,14996.042565195608,167.83402904669822,15564.361812764068,1550.2044121540985,0.0006263649369819385,8.785179305326691,74.4471372580294,0.9732071620336877,6.446252953651312e-08,0,0.04002159192263396,0.0037489188248999283,0.0021021412685513496,1.000542489757184
0.0286875,57,physics,0,1326,423.2042470724687,15358.523711726979,159.8292412759487,15941.557200075396,1561.871502499755,0.0006310790612947219,8.889007402269652,78.65189014827543,0.971694375911273,6.490311754703268e-08,0,0.03973094191235291,0.0037752858654644386,0.0021021412685513496,1.0005453523363037
0.02875,57,physics,0,1326,420.26556302213726,15731.427341642771,175.23411450994345,16326.927019174853,1573.6262405721259,0.0006358285999453763,8.981539491932958,77.33960485798434,0.9721666972826769,6.551159614787144e-08,0,0.03949817851601821,0.0038018708072089544,0.0021021412685513496,1.0005482149236133
0.0288125,57,physics,0,1326,407.01844028948983,16108.00196040283,202.14739936220093,16717.16780005452,1585.4691440570195,0.0006406137621064708,9.056591461308411,71.02549632233783,0.9744391229557999,6.620570758286709e-08,0,0.039334037599811876,0.003828777576394327,0.0021021412685513496,1.0005523299072197
0.028875,57,physics,0,1326,408.93265711728213,16481.383734671625,217.27359809194616,17107.589989880853,1597.4007759694991,0.0006454347752660013,9.112150642297312,61.45818851176958,0.9778822552923351,6.696017784690868e-08,0,0.039194829532214,0.003856029285330134,0.0021021412685513496,1.0005535822968936
0.0289375,57,physics,0,1326,437.8266679545628,16847.933003150018,207.5234282242742,17493.283099328855,1609.4216581450078,0.0006502918502732097,9.151067556668897,51.21216134110021,0.9815695780579962,6.76696370049967e-08,0,0.0390603522961197,0.0038833598037243296,0.0021021412685513496,1.0005557292542677
0.029,57,physics,0,1326,480.2072886248053,17209.47980157837,182.77826909267162,17872.46535929585,1621.532226633955,0.0006551851633156277,9.180423641275445,43.066630218858975,0.9845010329959913,6.83287959546419e-08,0,0.03886574856435781,0.003910945799056174,0.0021021412685513496,1.0005555503409773
0.029,58,refine,0,1456,480.2072886248053,17209.479801578367,182.77826909267162,17872.465359295846,1621.532226633955,0.0006551851633156276,9.180423641275445,43.066630218858975,0.9845010329959913,5.726356189228463e-08,0,0.03886574856435781,0.0037463575981364627,0.00179411715362221,1.0005555503409773
0.0290625,58,physics,0,1456,509.6165922032339,17572.242899535173,167.0838551662555,18248.943346904663,1633.7365489182537,0.0006601163578720215,9.207803006294228,39.3020933496332,0.9858556880862213,5.776122158351878e-08,0,0.03859574791055906,0.003773355945493202,0.00179411715362221,1.0005555503409773
0.029125,58,physics,0,1456,512.094729812693,17945.003352217784,175.95702537003575,18633.055107400512,1646.0325938547135,0.0006650846132526462,9.249318132676322,41.122197523672675,0.985200587769824,5.81405075195107e-08,0,0.038279041426598465,0.0038005580374268853,0.00179411715362221,1.0005560870809447
0.0291875,58,physics,0,1456,499.9747674030986,18333.063944747748,201.36198575287375,19034.40069790372,1658.4211266197844,0.0006700902386294373,9.308454528259007,48.222991063592964,0.9826451299948356,5.845309658525362e-08,0,0.037882934992968825,0.003827964666378889,0.00179411715362221,1.0005569816481967
0.02925,58,physics,0,1456,500.0353471256068,18739.07424574424,219.73715794461822,19458.846750814464,1670.9029184195297,0.0006751335456106148,9.387644783294501,58.96422051926478,0.9787794727283763,5.866772845308792e-08,0,0.03745550277966754,0.0038556057406539976,0.00179411715362221,1.0005553714277189
0.029312500000000002,58,physics,0,1456,527.717183523428,19163.725108958297,214.77545601872748,19906.217748500454,1683.4787433130894,0.0006802148469571933,9.484242446203579,70.79214840512655,0.9745227774803301,5.882530729195429e-08,0,0.037020324211652945,0.003883484082360641,0.00179411715362221,1.0005569816481967
0.029375000000000002,58,physics,0,1456,572.5761778939979,19606.955216960472,192.86262419104298,20372.394019045514,1696.1492042766001,0.000685334386303565,9.591626364909716,80.9435420457458,0.9708697297342475,5.905255306970493e-08,0,0.03665846666057954,0.003911603057314043,0.00179411715362221,1.0005594864407577
0.029437500000000002,58,physics,0,1456,608.3495682314243,20067.621056285374,176.75486686932257,20852.72549138612,1708.914566457352,0.0006904922707833217,9.700230393576918,87.14432190382124,0.9686383923830986,5.931709523565584e-08,0,0.03638041964625839,0.0039399619407101535,0.00179411715362221,1.0005623490685054
0.029500000000000002,58,physics,0,1456,617.4777184697376,20542.181084805223,184.04563306164954,21343.70443633661,1721.7753159931653,0.0006956886968219693,9.800415624875043,88.07044849574022,0.968305210135872,5.975707217942271e-08,0,0.036160625487361465,0.003968533502532688,0.00179411715362221,1.0005605599252034
0.029500000000000002,59,refine,0,1594,617.4777184697376,20542.181084805223,184.04563306164954,21343.70443633661,1721.7753159931653,0.0006956886968219695,9.800415624875043,88.07044849574022,0.968305210135872,5.975707217942271e-08,0,0.0358308328140668,0.00382752840569198,0.00179411715362221,1.0005605599252034
0.029562500000000002,59,physics,0,1594,607.3872286539595,21023.87016163997,210.51279235250277,21841.770182646433,1734.7338684902672,0.0007009246404527487,9.884071636381139,83.71007610643716,0.9698745500805299,6.03429102241648e-08,0,0.035682322504871994,0.0038553631063996422,0.00179411715362221,1.000560917753608
0.029625000000000002,59,physics,0,1594,603.8368195882177,21505.95450508502,233.63592166897774,22343.427246342217,1747.7899635639908,0.0007061999964664237,9.95042172649921,75.31437197334563,0.9728959828179526,6.09202341905757e-08,0,0.035576211585888966,0.003883380560371397,0.00179411715362221,1.0005641382150068
0.029687500000000002,59,physics,0,1594,627.1538199851672,21982.439267169182,233.1614928839486,22842.754580038298,1760.9444083943379,0.0007115150910065978,9.999931206696791,65.13663947428726,0.9765587668325513,6.163474175480134e-08,0,0.03543969022886201,0.003911692932505985,0.00179411715362221,1.0005643171298328
0.029750000000000002,59,physics,0,1594,672.8011516433589,22453.050804368686,210.39984075330318,23336.251796765348,1774.197865780229,0.0007168701918792441,10.038371083846545,55.913832897401164,0.9798778829321182,6.225647286584031e-08,0,0.0352748576001277,0.003940357855533637,0.00179411715362221,1.0005646749595811
0.029812500000000002,59,physics,0,1594,715.0898677891191,22923.233689349367,187.58675381315965,23825.910310951647,1787.5509917414838,0.0007222655641512215,10.07454233041053,50.19566824371098,0.9819356363850219,6.287115184022698e-08,0,0.03508138024798441,0.003969072640828263,0.00179411715362221,1.0005641382150068
0.029875000000000002,59,physics,0,1594,731.6170081835444,23401.43215220143,187.05328947183781,24320.10244985681,1801.004696011247,0.0007277015754030499,10.118102091040274,49.64114691358969,0.9821352001250595,6.332592583646612e-08,0,0.03481349259773766,0.0039980171820865,0.00179411715362221,1.00056288581212
0.029937500000000002,59,physics,0,1594,725.1257971720618,23895.021050476047,209.84377168833078,24829.99061933644,1814.5596006612773,0.0007331784769847682,10.176602377160226,54.576809661449964,0.9803589769513024,6.360693305396126e-08,0,0.03448873876771215,0.004027254172630915,0.00179411715362221,1.0005621701540313
0.03,59,physics,0,1594,721.0447229694439,24408.078454113875,234.83093960839295,25363.95411669171,1828.2165732803817,0.0007386966194483436,10.253818534014282,63.912353076181766,0.9769993192495706,6.38886259451965e-08,0,0.034133733029133,0.0040567856935692075,0.00179411715362221,1.0005641382150068
0.03,60,refine,0,1744,721.0447229694439,24408.07845411387,234.8309396083929,25363.954116691708,1828.2165732803817,0.0007386966194483436,10.253818534014282,63.912353076181766,0.9769993192495706,6.238075389575219e-08,0,0.034133733029133,0.0037405534457244875,0.0017192314844578505,1.0005641382150068
0.0300625,60,physics,0,1744,742.9713412275744,24941.437862262523,239.20748067270108,25923.616684162796,1841.976398170997,0.0007442563196936273,10.35966498771592,75.44141644869022,0.9728502331243836,6.255982931691046e-08,0,0.03376775540061072,0.00376751154481727,0.0017192314844578505,1.0005653906194614
0.030125,60,physics,0,1744,790.2031901248062,25496.249548096413,220.43866560495383,26506.891403826172,1855.8398523763656,0.0007498578916873698,10.468968412261239,86.45305907842638,0.9688874152661031,6.279365738492981e-08,0,0.03340509910940339,0.0037952030870529977,0.0017192314844578505,1.0005661062798534
0.0301875,60,physics,0,1744,838.687135781575,26071.318217979777,198.18039283865022,27108.185746600004,1869.8071686717524,0.0007555014294831444,10.581923927446072,94.42145720927348,0.9660197855549134,6.31345162815933e-08,0,0.03309153969830363,0.0038236328935041374,0.0017192314844578505,1.0005693267579525
0.03025,60,physics,0,1744,863.6461744845748,26663.96913249824,195.71416147833685,27723.329468461154,1883.8789208110693,0.0007611871649080141,10.688825078102777,97.60919905003026,0.9648725431149427,6.356490533931944e-08,0,0.032865451623201834,0.003852805703118601,0.0017192314844578505,1.00057004242116
0.0303125,60,physics,0,1744,862.5459170476101,27268.45723475577,217.9854883218111,28348.98864012519,1898.0553547443324,0.0007669151973388524,10.781620517030035,95.45119454765792,0.9656492179247801,6.41137454238105e-08,0,0.03271448609387071,0.003882477765320236,0.0017192314844578505,1.0005720104976201
0.030375,60,physics,0,1744,857.5912258053943,27876.790528033634,246.61695591980657,28980.998709758835,1912.336110610281,0.0007726853813725951,10.855891253140438,88.67510201669319,0.9680878585280657,6.478523939534857e-08,0,0.03257614186283837,0.003912515836007122,0.0017192314844578505,1.0005741574945368
0.0304375,60,physics,0,1744,875.3871651282598,28481.763391897595,256.55483361778704,29613.70539064364,1926.7203811807162,0.0007784973908461701,10.91159594448204,79.13810685373798,0.9715200684695201,6.548792441662958e-08,0,0.0324530078268834,0.003942492886241861,0.0017192314844578505,1.0005754099115325
0.0305,60,physics,0,1744,921.9551750607127,29080.691322925675,239.49792129262255,30242.14441927901,1941.2075866157568,0.000784350991473464,10.95291574930205,69.40042519470784,0.975024458813686,6.61961472303575e-08,0,0.03235985839113386,0.00397209932448915,0.0017192314844578505,1.0005759466621533
0.0305,61,refine,0,1890,921.9551750607127,29080.691322925675,239.49792129262252,30242.14441927901,1941.2075866157568,0.000784350991473464,10.95291574930205,69.40042519470784,0.975024458813686,6.61961472303575e-08,0,0.03235985839113386,0.0037824733489128645,0.0017192314844578505,1.0005759466621533
0.0305625,61,physics,0,1890,976.4267559774819,29677.860665211418,212.25040872146494,30866.537829910365,1955.8177322124043,0.000790254266457197,10.98774390663492,62.120410654503175,0.977644360672727,6.691169129879879e-08,0,0.03219334279261373,0.003809405759414641,0.0017192314844578505,1.0005800617598126
0.030625,61,physics,0,1890,1010.7184208574474,30281.9823402796,201.3178339989254,31494.01859513597,1970.537863774897,0.0007962019816141269,11.030687376522424,59.355359903056495,0.9786394702047679,6.743733571568092e-08,0,0.03197362551287154,0.003836291223992197,0.0017192314844578505,1.0005795250069842
0.0306875,61,physics,0,1890,1016.6009402330318,30901.273368828755,217.5568161376832,32135.43112519947,1985.3688155535306,0.000802194474025691,11.088110955126874,62.01956086196121,0.977680693993678,6.786999495744792e-08,0,0.03167460371710055,0.0038631375643936225,0.0017192314844578505,1.0005788093369943
0.03075,61,physics,0,1890,1013.9121190329274,31541.546231014618,245.95272890955363,32801.4110789571,2000.3113601399223,0.0008082320558599479,11.164570923257157,69.63862991865906,0.9749383851277295,6.810790598166247e-08,0,0.03130919136526904,0.0038901143399510617,0.0017192314844578505,1.000580240677486
0.0308125,61,physics,0,1890,1031.4524117575306,32205.17788749116,260.27419619025846,33496.90449543895,2015.366248646919,0.0008143150306063895,11.26002031380732,80.44977493320519,0.9710477430428777,6.835962551576812e-08,0,0.030975251840612932,0.003917221356423752,0.0017192314844578505,1.00058202985598
0.030875,61,physics,0,1890,1079.4395042301735,32892.61155479796,248.3051772702885,34220.35623629842,2030.5343993626543,0.0008204437693022071,11.369998938945331,91.83759586510733,0.9669495956527997,6.856750722761264e-08,0,0.03064444950629572,0.003944603633598767,0.0017192314844578505,1.000586144978658
0.0309375,61,physics,0,1890,1140.0653354012786,33603.48690749911,223.24260467474397,34966.794847575125,2045.8161382310045,0.0008266184036460433,11.485991779512872,101.27011412246549,0.9635556122412724,6.887167458558e-08,0,0.03036973733269622,0.003972284675593007,0.0017192314844578505,1.0005888287634352
0.031,61,physics,0,1890,1184.4498089464018,34335.867825691734,210.95079849801678,35731.26843313615,2061.211649129243,0.0008328390079340864,11.59830678610013,106.62686854257177,0.9616279634577439,6.930403095850586e-08,0,0.03013687567193091,0.004000345213673396,0.0017192314844578505,1.0005891866019496
0.031,62,refine,0,1996,1184.4498089464016,34335.86782569174,210.95079849801678,35731.26843313616,2061.2116491292427,0.0008328390079340865,11.59830678610013,106.62686854257177,0.9616279634577439,5.750561848927306e-08,0,0.03013687567193091,0.0037976248114635056,0.0014290253166109324,1.0005891866019496
0.0310625,62,physics,0,1996,1199.5339936611215,35084.85503764511,225.57965000640795,36509.96868131264,2076.7249992812312,0.000839107225540839,11.69813841835886,106.82959943395987,0.9615549787653687,5.79729237948356e-08,0,0.02995894493155236,0.0038239804994911596,0.0014290253166109324,1.000593659594175
0.031125,62,physics,0,1996,1200.1811577275332,35843.36871769007,256.14240547987333,37299.69228089748,2092.355129508491,0.0008454226285019325,11.782401913455796,102.04994914781186,0.9632757455013223,5.850234563453684e-08,0,0.02982063102326534,0.0038506915519089884,0.0014290253166109324,1.0005968801609588
0.0311875,62,physics,0,1996,1215.691982950485,36602.84569471365,276.19214726435337,38094.72982492849,2108.102878601587,0.000851785555733316,11.849324924917525,93.6736258180432,0.9662900770799625,5.9165716326248223e-08,0,0.029734989418267667,0.0038777685510869124,0.0014290253166109324,1.000598490448238
0.03125,62,physics,0,1996,1262.5739697377398,37358.42051834746,268.3033964747013,38889.29788455991,2123.96904765763,0.0008581963309207794,11.902232044919405,83.96089532030567,0.9697854202649173,5.983639228546164e-08,0,0.029649338317703087,0.0039050598449191,0.0014290253166109324,1.0005999218168837
0.0313125,62,physics,0,1996,1328.6455112935685,38111.60086294459,240.75719377412534,39681.00356801228,2139.9547540952203,0.0008646554055608014,11.948027453000034,75.57087741014998,0.9728043382807863,6.04269176918138e-08,0,0.029512042147497128,0.003932478498430466,0.0014290253166109324,1.0005993850534016
0.031375,62,physics,0,1996,1384.1168573767081,38869.79334865956,220.25749482380817,40474.167700860075,2156.060761663702,0.0008711630882486901,11.995731516592928,70.86507771766101,0.9744978079919613,6.099180094309981e-08,0,0.029340116892089728,0.003959889007638391,0.0014290253166109324,1.0006001007381085
0.0314375,62,physics,0,1996,1410.1190226870535,39642.67644983351,226.7381213278988,41279.533593848464,2172.2879108499274,0.0008777197185857851,12.053930282680211,71.26756443662563,0.9743529468857413,6.142569830558388e-08,0,0.029056114503636373,0.003987370483033599,0.0014290253166109324,1.0006027845603183
0.0315,62,physics,0,1996,1417.1417134115563,40437.934039257016,254.35501264873147,42109.4307653173,2188.637227400494,0.0008843257110282042,12.128464733759941,76.96632076632716,0.9723018882298287,6.172984523544748e-08,0,0.028748662633710856,0.004014790535653609,0.0014290253166109324,1.0006054683897265
0.0315,63,refine,0,2132,1417.1417134115563,40437.93403925701,254.35501264873147,42109.430765317295,2188.637227400494,0.0008843257110282041,12.128464733759941,76.96632076632716,0.9723018882298287,5.8238490474593684e-08,0,0.027329586780491653,0.003752882397941525,0.001348319579847157,1.0006054683897265
0.0315625,63,physics,0,2132,1435.022322413368,41258.9447557798,277.33739561702436,42971.30447381019,2205.109671678916,0.000890981453613827,12.220349333318131,86.66055074054408,0.9688132677148503,5.8446492978703164e-08,0,0.027063165472630563,0.003779341159980456,0.001348319579847157,1.000607078690827
0.031625,63,physics,0,2132,1484.2977395784076,42107.66467570395,274.97504410197627,43866.93745938434,2221.70611373261,0.00089768729788803,12.32702829268188,98.07290885793424,0.9647063202525814,5.864843544145509e-08,0,0.02675824789883249,0.003805976505676489,0.001348319579847157,1.0006085100717583
0.0316875,63,physics,0,2132,1556.8902216112433,42983.560443149574,251.19666869110313,44791.64733345192,2238.427550805283,0.0009044436467902497,12.441009856971604,108.58159949043238,0.9609246081214072,5.8861599150361665e-08,0,0.026499504368898072,0.0038328004195788876,0.001348319579847157,1.000611909609677
0.03175,63,physics,0,2132,1624.0100015985818,43885.384724980366,230.5870046943902,45739.981731273336,2255.2746684192257,0.0009112507773079105,12.55402586099422,115.84569448528799,0.9583105961760845,5.914446798982457e-08,0,0.026264151090582565,0.003859759012300535,0.001348319579847157,1.0006153091591454
0.0318125,63,physics,0,2132,1663.1525606318692,44809.451840688314,235.08177302654352,46707.68617434672,2272.2486081736233,0.0009181091507077297,12.658481027821681,118.4430402528894,0.9573752869211579,5.9530925966555574e-08,0,0.026094487160570407,0.003886973923911932,0.001348319579847157,1.0006165616276506
0.031875,63,physics,0,2132,1678.894128998123,45748.810897355506,263.29604902877793,47691.00107538241,2289.350242518019,0.0009250191195056718,12.748745252257772,115.94325840555368,0.9582760901670296,5.999757757280126e-08,0,0.02593357311510909,0.003914352613041802,0.001348319579847157,1.000619424418692
0.0319375,63,physics,0,2132,1698.863887277079,46694.72906630863,291.3784931601688,48684.97144674588,2306.580651767031,0.0009319811202062347,12.822755216247842,109.19556357214367,0.9607044541356294,6.059911950018202e-08,0,0.025847553704927355,0.003941924647976332,0.001348319579847157,1.0006238975460913
0.032,63,physics,0,2132,1748.2669260315074,47640.37275800742,294.8105179911807,49683.45020203011,2323.940750068076,0.0009389955221735378,12.882367674654528,100.0991652123886,0.9639780036358925,6.129950591571278e-08,0,0.025772408744871134,0.0039701478088456045,0.001348319579847157,1.000628370693487
0.032,64,refine,0,2346,1748.2669260315072,47640.37275800742,294.8105179911807,49683.45020203011,2323.940750068076,0.0009389955221735378,12.882367674654528,100.0991652123886,0.9639780036358925,4.297100097971917e-08,0,0.025772408744871134,0.0037579672407765693,0.0009409764315932989,1.000628370693487
0.0320625,64,physics,0,2346,1826.1076456812755,48583.94827835635,271.4113039809955,50681.46722801862,2341.4315386481035,0.0009460627299564594,12.931694393462333,91.16663861971227,0.9671917101419341,4.333704772818694e-08,0,0.025697880189887393,0.003786100402582179,0.0009409764315932989,1.0006281917672073
0.032125,64,physics,0,2346,1905.6751268036755,49532.60304922305,243.96646483714312,51682.244640863864,2359.053906080142,0.0009531831025857084,12.982749390921711,84.92493971594526,0.9694379425666115,4.372328632484825e-08,0,0.025591297373064065,0.0038140553650549054,0.0009409764315932989,1.000630338884676
0.0321875,64,physics,0,2346,1959.8587660956441,50495.50001538272,238.8386245204095,52694.19740599878,2376.808464413156,0.0009603568873615832,13.04222491564137,83.24788460082213,0.9700418310223068,4.4017109956939755e-08,0,0.025433508722849277,0.0038418893389916267,0.0009409764315932989,1.0006340963513327
0.03225,64,physics,0,2346,1987.3546175060574,51481.97034299637,261.0506591256311,53730.37561962806,2394.6953452596226,0.0009675841374625168,13.116086018951531,86.88378760813926,0.9687334453150247,4.421863231129917e-08,0,0.02524748535312991,0.0038696631414025565,0.0009409764315932989,1.0006358856261282
0.0323125,64,physics,0,2346,2014.0977140197538,52497.57779793549,289.6913846328167,54801.36689658806,2412.7144632094987,0.0009748648183783189,13.206601169841282,95.08570720542417,0.965781899097268,4.438144429741449e-08,0,0.024992582708734938,0.0038976461636518254,0.0009409764315932989,1.0006366013369423
0.032375,64,physics,0,2346,2068.3331432239506,53544.154484638886,298.3093421399929,55910.796970002826,2430.864923694061,0.000982198568655706,13.311143876329744,106.0269509504839,0.9618446075756796,4.446768997468096e-08,0,0.024742157458327974,0.003925926054205992,0.0009409764315932989,1.0006378538320988
0.0324375,64,physics,0,2346,2153.8090463358585,54621.64422026058,280.2132129256297,57055.66647952207,2449.1452819590295,0.0009895848045372029,13.423370545553949,117.2283508718925,0.9578137210089561,4.4708778901281194e-08,0,0.024505320851774228,0.003954652998471528,0.0009409764315932989,1.0006383906162173
0.0325,64,physics,0,2346,2246.6243589889077,55728.981393606125,254.51625800905236,58230.122010604086,2467.553760697113,0.000997022807896251,13.534706958381605,126.19963586566747,0.9545853179058539,4.497116989909964e-08,0,0.024242307057061492,0.003983916399799254,0.0009409764315932989,1.0006405377555705
0.0325,65,refine,0,2524,2246.6243589889077,55728.981393606125,254.5162580090524,58230.122010604086,2467.553760697114,0.000997022807896251,13.534706958381605,126.19963586566747,0.9545853179058539,4.4147840938535436e-08,0,0.024242307057061492,0.0037238063275310176,0.0009185735252685845,1.0006405377555705
0.0325625,65,physics,0,2524,2317.9068178375755,56865.858138243886,247.88702144145554,59431.65197752292,2486.1254029938336,0.0010045267380009752,13.638645177755754,131.08091874686886,0.9528283159624369,4.4527399545302133e-08,0,0.02405749798663518,0.0037498538967806368,0.0009185735252685845,1.0006410745411287
0.032625,65,physics,0,2524,2360.3588282385986,58025.66710659927,269.5011373128638,60655.52707215073,2504.836884109469,0.001012087170417466,13.734839525018085,131.0213479192357,0.9528492645240217,4.4953115008183985e-08,0,0.02389338840780914,0.0037760205690429275,0.0009185735252685845,1.0006430427573056
0.0326875,65,physics,0,2524,2395.328921892974,59199.14121619255,302.0297063447751,61896.49984443029,2523.689124329111,0.0010197044769897907,13.81805091395914,126.29852485757641,0.954548853596473,4.540898412841434e-08,0,0.023777504817950337,0.0038023660575426154,0.0009185735252685845,1.0006435795442075
0.03275,65,physics,0,2524,2453.153951487507,60377.944592555796,317.35187176566296,63148.45041580896,2542.6830416871453,0.0010273790286526117,13.888614792472808,118.34642168526109,0.9574106972596448,4.589559576828615e-08,0,0.023680719490969927,0.003828949794498749,0.0009185735252685845,1.0006439374023022
0.0328125,65,physics,0,2524,2544.86941690439,61558.246908467634,302.59035687030246,64405.70668224232,2561.818907107856,0.0010351109348737354,13.949867349691603,109.4216725258525,0.9606225223811092,4.6363869188326174e-08,0,0.023633499680398587,0.003855593022211577,0.0009185735252685845,1.0006441163313975
0.032875,65,physics,0,2524,2651.5305654851895,62743.32081535708,272.4957511949518,65667.34713203722,2581.0963388605533,0.001042900041413686,14.008864401767681,102.05987525952588,0.963271713712132,4.676825327010194e-08,0,0.023545760139789016,0.0038824149521085338,0.0009185735252685845,1.0006460845535574
0.0329375,65,physics,0,2524,2741.9162548371437,63942.19805147193,255.91661786995707,66940.03092417902,2600.5145830438987,0.0010507460436562778,14.073223391933452,98.43033382497472,0.9645783646778652,4.7102105327212504e-08,0,0.023421193142034277,0.003909355984692973,0.0009185735252685845,1.0006487684991057
0.033,65,physics,0,2524,2802.458880790036,65165.19009285752,268.5930202940251,68236.24199394157,2620.072113801724,0.0010586483250745635,14.148565330116327,99.85030137958307,0.964067624799547,4.7369786315698614e-08,0,0.023270837239719747,0.003936595047288649,0.0009185735252685845,1.0006514524518528
0.033,66,refine,0,2673,2802.458880790036,65165.19009285752,268.5930202940251,68236.24199394157,2620.0721138017243,0.0010586483250745635,14.148565330116327,99.85030137958307,0.964067624799547,4.716841273122441e-08,0,0.023270837239719747,0.003784983765435658,0.000911187322344631,1.0006514524518528
0.0330625,66,physics,0,2673,2850.4976078695727,66421.72303763186,298.40489728820256,69570.62554278964,2639.7916878892647,0.001066616080606555,14.239447598362736,106.21223152884515,0.9617785808589824,4.7369928424245806e-08,0,0.023085031985825677,0.0038122485844720865,0.000911187322344631,1.0006544942736688
0.033125,66,physics,0,2673,2917.6704964008786,67714.84275160401,317.43165669695316,70949.94490470184,2659.659638738185,0.0010746437882326455,14.347698243277469,116.18701409590413,0.9581891037391028,4.753896654108298e-08,0,0.022845539797412943,0.0038396325820601175,0.000911187322344631,1.0006523471043682
0.0331875,66,physics,0,2673,3019.725893062019,69044.71014592172,308.8565589446823,72373.29259792842,2679.6771382215434,0.001082731921451807,14.468325850787624,127.55569351278685,0.95409806054856,4.7707201744628927e-08,0,0.022618703147195544,0.0038672740949564,0.000911187322344631,1.0006544942736688
0.03325,66,physics,0,2673,3141.9287361025945,70410.94961582457,282.80569974572603,73835.6840516729,2699.84526334391,0.0010908809154311018,14.593884339028891,137.8089552656739,0.9504084218730839,4.795081620656551e-08,0,0.022386643984051303,0.003895070785671027,0.000911187322344631,1.0006559257224288
0.0333125,66,physics,0,2673,3253.286101187176,71811.58675870653,266.42510548971194,75331.29796538342,2720.1648741541244,0.0010990911176759518,14.715999493695895,144.77125747698133,0.9479030228715509,4.82753668151759e-08,0,0.022184168805696482,0.0039231427984676125,0.000911187322344631,1.0006578939678175
0.033375,66,physics,0,2673,3335.46014398819,73241.90862304933,278.19549409826317,76855.56426113579,2740.635876460074,0.0011073624901277426,14.825684517640262,147.1085902027667,0.9470605821650865,4.869136427387841e-08,0,0.02205449192748215,0.003951423619774437,0.000911187322344631,1.0006591464896257
0.0334375,66,physics,0,2673,3399.738731707072,74693.71210441607,310.4080914013791,78403.85892752452,2761.257982845391,0.0011156949166549965,14.91826591065378,144.7450158630804,0.9479135372011757,4.914243278975049e-08,0,0.021943865570875295,0.003979970142771798,0.000911187322344631,1.000658967557843
0.0335,66,physics,0,2673,3476.7234010545853,76157.61744957685,335.8384700929142,79970.17932072435,2782.029853685056,0.001124087855978045,14.993448641203473,138.4677040324406,0.950177726584671,4.962970301392036e-08,0,0.0218839703522851,0.004008697419085865,0.000911187322344631,1.0006600411490203
0.0335,67,refine,0,2902,3476.7234010545853,76157.61744957685,335.8384700929142,79970.17932072435,2782.0298536850564,0.0011240878559780451,14.993448641203473,138.4677040324406,0.950177726584671,3.6372586720290194e-08,0,0.023081163404009064,0.0037650056125081034,0.0006741597899235785,1.0006600411490203
0.0335625,67,physics,0,2902,3587.9639230533894,77628.49025011144,332.7123671203183,81549.16654028515,2802.9683541227705,0.001132548122510861,15.074917043793317,130.13376224853735,0.9531761831274356,3.677102000665397e-08,0,0.022961536994870593,0.0037934962699671605,0.0006741597899235785,1.0006611147413496
0.033625,67,physics,0,2902,3725.782765433717,79107.30591910741,305.1696192849341,83138.25830382606,2824.064492502683,0.0011410720831468264,15.134052262995224,122.15625430408942,0.9560443648157081,3.717371654943235e-08,0,0.022829212108770067,0.0038217184971706822,0.0006741597899235785,1.0006609358092147
0.0336875,67,physics,0,2902,3860.213033195439,80600.98906243066,279.61873352510173,84740.8208291512,2845.319408205376,0.001149660198256226,15.198565808203593,116.9447862652884,0.9579199269967271,3.75167266142285e-08,0,0.022676832591902025,0.0038496126949126427,0.0006741597899235785,1.0006614726057153
0.03375,67,physics,0,2902,3967.550415331355,82120.77210364008,280.13523703507826,86368.45775600651,2866.734269513851,0.001158312939887458,15.275847161980971,116.21855297732132,0.9581813062906779,3.786548674611362e-08,0,0.022470531809342744,0.0038773874779863987,0.0006741597899235785,1.0006641565925374
0.0338125,67,physics,0,2902,4053.168980609947,83676.30374981396,305.84994861514195,88035.32267903905,2888.3101305198807,0.0011670307339495967,15.371036273054193,120.51651307447071,0.956631631386086,3.812165871863725e-08,0,0.022257662935078075,0.0039051918590044176,0.0006741597899235785,1.000665945921085
0.033875,67,physics,0,2902,4146.458356147516,85272.8560263257,332.30369554262427,89751.61807801583,2910.0471927548388,0.0011758136618720272,15.482778895418464,129.12690592824677,0.9535332038583041,3.8293634929687e-08,0,0.022037162811970407,0.003933294057576824,0.0006741597899235785,1.000669882455152
0.0339375,67,physics,0,2902,4272.766028467733,86911.87601200189,335.22802024230583,91519.87006071192,2931.9451328903388,0.0011846615930129075,15.605241477325793,140.17487158488004,0.9495576877273073,3.8433921822900194e-08,0,0.02179755807910796,0.003961992096026081,0.0006741597899235785,1.0006725664645313
0.034,67,physics,0,2902,4429.581163477864,88592.76519102187,313.6275884920591,93335.9739429918,2954.00272746308,0.0011935740330280744,15.730870396188498,151.27217486492174,0.9455643802883159,3.8577240069059826e-08,0,0.021600870532593065,0.003991465002069351,0.0006741597899235785,1.0006745347426516
0.034,68,refine,0,3186,4429.581163477865,88592.76519102187,313.6275884920591,93335.9739429918,2954.00272746308,0.0011935740330280744,15.730870396188498,151.27217486492174,0.9455643802883159,3.8577240069059826e-08,0,0.021600870532593065,0.0037980112769233085,0.0006741597899235785,1.0006745347426516
0.0340625,68,physics,0,3186,4589.405852435679,90315.18193441836,290.3589834161196,95194.94677027017,2976.235569348176,0.0012025572822674069,15.849837525071376,160.07797095241318,0.9423964677040435,3.874863718777992e-08,0,0.021444462553739566,0.0038254739675925562,0.0006741597899235785,1.0006765030246432
0.034125,68,physics,0,3186,4725.577886367741,92076.26933432123,290.43084817944407,97092.27806886841,2998.635753350117,0.0012116081466119794,15.96266532710097,165.03303124087475,0.9406133664796837,3.8985838557437085e-08,0,0.021329983822751298,0.003853092052597625,0.0006741597899235785,1.0006788291810793
0.0341875,68,physics,0,3186,4836.997547693061,93868.33446174764,317.2686601412078,99022.60066958191,3021.204520677077,0.0012207271275758353,16.0623444367474,165.20080376836302,0.9405530259366351,3.9263432505265434e-08,0,0.02124321630543077,0.0038808931353146777,0.0006741597899235785,1.0006804396002411
0.03425,68,physics,0,3186,4949.168570096674,95682.29794434077,349.21169884354526,100980.67821328099,3043.9431392276465,0.0012299147374573599,16.148115621726514,160.95397608660824,0.9420812538335576,3.959611305504035e-08,0,0.021157819917280662,0.003908817591136263,0.0006741597899235785,1.0006811553429227
0.0343125,68,physics,0,3186,5090.704791583756,97510.20669623323,359.1235470197559,102960.03503483675,3066.852649747674,0.0012391713967731671,16.223110673693807,153.72807793854895,0.9446813799181363,3.999307374158432e-08,0,0.021092920993459434,0.003936891031592353,0.0006741597899235785,1.000684376191325
0.034375,68,physics,0,3186,5266.758240732069,99349.58534611572,339.4650652602148,104955.80865210801,3089.9331079517133,0.001248497128034899,16.292467386641867,145.7045957355895,0.9475685607331683,4.039029999347578e-08,0,0.02098540164182968,0.003965173026490508,0.0006741597899235785,1.0006890285462082
0.0344375,68,physics,0,3186,5454.0609415480785,101205.37388841051,309.4973777283187,106968.9322076869,3113.1839362608107,0.0012578916978699798,16.363247071283883,139.294501442382,0.9498760598642609,4.079777671250897e-08,0,0.020853322520676208,0.00399365743771441,0.0006741597899235785,1.0006906389817842
0.0345,68,physics,0,3186,5622.918825606193,103087.98130982596,297.4240634178415,109008.32419885,3136.6036538038798,0.0012673545079278257,16.442068135273928,136.57435055302417,0.9508528793309765,4.117569396555603e-08,0,0.02067680923451689,0.004022370080357999,0.0006741597899235785,1.0006917126069415
0.0345,69,refine,0,3449,5622.918825606194,103087.98130982596,297.4240634178415,109008.32419885,3136.6036538038798,0.001267354507927826,16.442068135273928,136.57435055302417,0.9508528793309765,3.230781686625046e-08,0,0.02067680923451689,0.003760306948667696,0.0005255353171378374,1.0006917126069415
0.0345625,69,physics,0,3449,5765.6017733954895,105010.2474819881,314.0201602733406,111089.86941565694,3160.2109178317787,0.0012768930967289056,16.5479204663364,138.77680773319776,0.9500616510273096,3.245183322064796e-08,0,0.02046337597337264,0.0037849066259643144,0.0005255353171378374,1.000692249419952
0.034625,69,physics,0,3449,5903.843238569503,106979.74185739706,343.04973994272154,113226.6348359093,3183.995795443673,0.001286503450853625,16.65839794934461,145.65551607475686,0.947587636447107,3.259604142158425e-08,0,0.020256935428721368,0.003809475142516667,0.0005255353171378374,1.0006936809227212
0.0346875,69,physics,0,3449,6068.099164889198,108998.71317293929,357.242237843843,115424.05457567233,3207.95968557294,0.0012961861355453878,16.783428724803116,155.85159859860434,0.9439212681950174,3.27143903078308e-08,0,0.020050464143188455,0.0038340790140506,0.0005255353171378374,1.000694754551142
0.03475,69,physics,0,3449,6268.79711867205,111067.46428503675,344.59100696249595,117680.8524106713,3232.103781103393,0.0013059416327926253,16.91763418154435,167.23200463046632,0.9398263659515637,3.283354033101203e-08,0,0.019851977309131966,0.003859102609641063,0.0005255353171378374,1.0006951124275383
0.0348125,69,physics,0,3449,6486.974760201384,113184.9523591366,319.43636275041,119991.36348208839,3256.428992117174,0.0013157703103168737,17.05157868957735,177.41769312169222,0.9361613498910131,3.3010776334663186e-08,0,0.019709019786511156,0.0038847803952277438,0.0005255353171378374,1.0006956492423724
0.034875,69,physics,0,3449,6692.389532670617,115348.48340728786,308.577473231981,122349.45041319045,3280.934808277677,0.001325671961915036,17.175437277847227,184.37854374718904,0.9336569254151224,3.3270143973140836e-08,0,0.019604718181362286,0.003910530760207149,0.0005255353171378374,1.0006961860574948
0.0349375,69,physics,0,3449,6871.750331498724,117552.1932686643,325.883403945472,124749.82700410849,3305.6199757223294,0.0013356460809600284,17.283105980085995,186.98518707872466,0.9327155262105413,3.3586337266910907e-08,0,0.019506962705002188,0.003936476877994992,0.0005255353171378374,1.000696543934403
0.035,69,physics,0,3449,7040.91645599426,119786.96519315448,359.02039599190107,127186.90204514064,3330.482219112045,0.001345691748093993,17.372549255742594,185.06587824657646,0.9334061674684297,3.3931225829064616e-08,0,0.019435307651281115,0.003962441260187635,0.0005255353171378374,1.0006999437714141
0.035,70,refine,0,3783,7040.91645599426,119786.96519315448,359.02039599190107,127186.90204514064,3330.482219112045,0.001345691748093993,17.372549255742594,185.06587824657646,0.9334061674684297,3.3931225829064616e-08,0,0.019435307651281115,0.0037176595894593727,0.0005255353171378374,1.0006999437714141
0.0350625,70,physics,0,3783,7230.195846074128,122046.81961738007,380.42287501822307,129657.43833847242,3355.548553436856,0.0013558198788080054,17.44672155570038,179.46726524105702,0.9354199788644684,3.4277250371417333e-08,0,0.019377180387559784,0.0037440653530681762,0.0005255353171378374,1.000700122710524
0.035125,70,physics,0,3783,7456.502024702431,124326.20915590253,372.56159893042,132155.2727795354,3380.8037936157616,0.001366024337522679,17.517496450370167,171.99906187449236,0.9381080309747709,3.459751152234959e-08,0,0.019290365939585902,0.003770983882605477,0.0005255353171378374,1.0007022699823402
0.035187500000000003,70,physics,0,3783,7707.63565655875,126626.43060710985,344.03934446053347,134678.10560812915,3406.2488187676427,0.0013763054794487452,17.59165122825226,164.97937049045413,0.9406342790870222,3.489111932708516e-08,0,0.01915872733430848,0.00379844704315944,0.0005255353171378374,1.0007042383188858
0.035250000000000004,70,physics,0,3783,7953.867834750671,128956.66842038365,321.7889921956064,137232.32524732992,3431.8847936724387,0.0013866637752191781,17.677488841431853,160.68412013848203,0.9421831991844367,3.513151813905329e-08,0,0.019016241253660807,0.0038256629026664113,0.0005255353171378374,1.0007053119586333
0.035312500000000004,70,physics,0,3783,8176.083915662248,131328.82277694676,326.06050483253546,139830.96719744155,3457.7115205120426,0.00139709914490496,17.778066838518054,160.7861479381925,0.9421460637495392,3.53139490982812e-08,0,0.018834253569769643,0.0038528432273120207,0.0005255353171378374,1.0007058487789393
0.035375000000000004,70,physics,0,3783,8384.072394846287,133752.11270001373,351.8650354229063,142488.05013028294,3483.728056136746,0.0014076112074235111,17.892925389746704,165.6524184884516,0.9403951290138792,3.547011218074657e-08,0,0.0186746769237093,0.0038804092011839805,0.0005255353171378374,1.0007074592415843
0.035437500000000004,70,physics,0,3783,8607.22674484755,136230.9272489571,374.4648464993003,145212.61884030394,3509.9316302498237,0.0014181988434277888,18.01835270861527,174.49227711162084,0.9372145267589249,3.559703287692174e-08,0,0.01848088392689278,0.003908574360043225,0.0005255353171378374,1.0007069224204146
0.035500000000000004,70,physics,0,3783,8866.811733944589,138765.3532138751,373.33427830284313,148005.4992261225,3536.3186562239603,0.0014288606037298345,18.14689875332645,185.5898443745612,0.9332174929121962,3.5759541994195856e-08,0,0.018304605488456895,0.003937456784263599,0.0005255353171378374,1.0007105012336521
0.035500000000000004,71,refine,0,4120,8866.811733944589,138765.3532138751,373.33427830284313,148005.4992261225,3536.3186562239607,0.0014288606037298345,18.14689875332645,185.5898443745612,0.9332174929121962,2.950983812866067e-08,0,0.01843828368287464,0.003823373669557236,0.0004485292884055525,1.0007105012336521
0.035562500000000004,71,physics,0,4120,9156.354724913615,141361.01027638922,351.58232712708985,150868.9473284299,3562.934179995159,0.0014396146892807413,18.31549229993578,196.64527977266684,0.9292394147517632,2.949818611597266e-08,0,0.018281442863828695,0.0038493559428162015,0.0004485292884055525,1.000711753821309
0.035625000000000004,71,physics,0,4120,9448.04738444338,144012.9484640081,332.74752614400376,153793.74337459548,3589.7502759179856,0.001450449816636284,18.44311464238494,205.44296589694065,0.9260737591944229,2.9637472032106838e-08,0,0.018157005582622027,0.0038753386862880237,0.0004485292884055525,1.0007126485277382
0.035687500000000004,71,physics,0,4120,9719.025262864874,146716.18157030412,338.1958174169858,156773.40265058598,3616.767096106022,0.001461366047258432,18.56153450376237,210.3711726852436,0.9243004288768262,2.9847679883232625e-08,0,0.018034025042738697,0.0039014414654658866,0.0004485292884055525,1.00071282746912
0.035750000000000004,71,physics,0,4120,9972.525858188226,149463.28624693834,366.9967781319951,159802.80888325855,3643.9848502142154,0.0014723634658589267,18.66548632289883,210.84437107841526,0.9241376559989457,3.004613091661669e-08,0,0.01797156895466842,0.003927666145111314,0.0004485292884055525,1.00071282746912
0.035812500000000004,71,physics,0,4120,10234.69070914108,152244.70414749233,396.3294488591432,162875.72430549256,3671.4019174402947,0.0014834414175475539,18.754788148809077,207.29985093274422,0.9254147172289251,3.0375034931751015e-08,0,0.017849504117828693,0.0039540715263596225,0.0004485292884055525,1.0007144379429962
0.035875000000000004,71,physics,0,4120,10530.623657441865,155052.51728141055,402.1072237995211,165985.24816265193,3699.0157187639015,0.0014945988602630897,18.83353552506081,200.98377502624535,0.9276872175991278,3.0693309227558496e-08,0,0.01780392426011694,0.003980538395267631,0.0004485292884055525,1.0007203430360496
0.035937500000000004,71,physics,0,4120,10861.301249814685,157884.79703200975,380.9251243669685,169127.0234061914,3726.8211669340444,0.0015058337384858884,18.906305852047282,193.96089110429227,0.9302141347941267,3.1060053196085886e-08,0,0.017772561319284376,0.004007245175364409,0.0004485292884055525,1.0007232061240126
0.036000000000000004,71,physics,0,4120,11202.99477422849,160746.88354000024,353.1523203640695,172303.0306345928,3754.812631297794,0.0015171437771330577,18.97833246999268,188.52294575272626,0.9321693479691091,3.1330539052021296e-08,0,0.01766694556033647,0.004034191118584577,0.0004485292884055525,1.0007242797841105
0.036000000000000004,72,refine,0,4493,11202.99477422849,160746.88354000027,353.1523203640695,172303.03063459284,3754.8126312977934,0.0015171437771330577,18.97833246999268,188.52294575272626,0.9321693479691091,3.1330539052021296e-08,0,0.01766694556033647,0.0038160899575118696,0.0004437667957972735,1.0007242797841105
0.0360625,72,physics,0,4493,11529.44946874962,163663.83671440996,344.171324255993,175537.4575074156,3783.0726098032305,0.0015285623097581118,19.063951450842364,186.7235150192764,0.932810286623806,3.160336525809271e-08,0,0.01751880854124521,0.0038413275476082945,0.0004437667957972735,1.0007271428833364
0.036125,72,physics,0,4493,11837.304781917457,166639.10908505262,361.12723556843946,178837.54110253853,3811.5451423606182,0.001540066725512069,19.177678937997314,189.5318032942319,0.9317997409595563,3.1864793470504e-08,0,0.017401341880109174,0.003866670856738693,0.0004437667957972735,1.0007287533802507
0.0361875,72,physics,0,4493,12148.784635039792,169679.17459815976,386.98819078160454,182214.94742398118,3840.231571186074,0.0015516575667215479,19.311934940821086,196.70719626046738,0.9292179574999981,3.194646147619547e-08,0,0.017166580173760788,0.0038921284279233538,0.0004437667957972735,1.0007309007135017
0.03625,72,physics,0,4493,12490.98846786337,172786.41070359558,397.5661139079079,185674.96528536687,3869.132922644936,0.0015633352480926704,19.45859570772398,206.98728615322045,0.9255190392255953,3.199393550090695e-08,0,0.017006673216841704,0.003917753507028751,0.0004437667957972735,1.0007332269963898
0.0363125,72,physics,0,4493,12870.643760607345,175960.4499632143,384.59140343139404,189215.68512725306,3898.250257349301,0.0015751001981690717,19.60844234976678,218.35020299011373,0.9214306603590733,3.2115640813401596e-08,0,0.01692053503736726,0.003943507008960613,0.0004437667957972735,1.000735016448445
0.036375,72,physics,0,4493,13268.36034603103,179199.62090041288,363.2081760147088,192831.1894224586,3927.584159379249,0.0015869526529501362,19.753383463225756,228.55933438442509,0.9177571787941252,3.226474820650086e-08,0,0.016777388797494627,0.003969381346293589,0.0004437667957972735,1.0007368059036998
0.0364375,72,physics,0,4493,13657.198329464867,182500.60694643395,357.2952084863342,196515.10048438516,3957.1352109179425,0.001598892847668795,19.888980477580017,235.70586736650745,0.9151854499611713,3.2490587997813276e-08,0,0.01672133665219098,0.003995442641856356,0.0004437667957972735,1.0007393111464324
0.0365,72,physics,0,4493,14027.665199541629,185857.3314130994,376.77443669847565,200261.7710493395,3986.903174297812,0.0016109206862947292,20.01115100356476,238.74961055789998,0.9140889536091097,3.2702972774245576e-08,0,0.016679425313089264,0.00402170004656361,0.0004437667957972735,1.000739490092582
0.0365,73,refine,0,4896,14027.665199541629,185857.3314130994,376.7744366984757,200261.7710493395,3986.9031742978123,0.001610920686294729,20.01115100356476,238.74961055789998,0.9140889536091097,3.1923248933196686e-08,0,0.016679425313089264,0.003818247402291036,0.0004298078711144626,1.000739490092582
0.0365625,73,physics,0,4896,14396.337010392712,189264.5125574494,408.05857932347516,204068.90814716558,4016.909900211253,0.0016230449976684192,20.115094317094368,237.60951534090353,0.9145084517262446,3.221612665527118e-08,0,0.016595200263733213,0.003842532957065422,0.0004298078711144626,1.0007385953621546
0.036625,73,physics,0,4896,14790.511615468446,192713.09339176107,426.2071136527395,207929.81212088227,4047.142568097607,0.001635260601602313,20.209630265777133,232.976430949821,0.9161754735283536,3.2511004555146876e-08,0,0.016511361358219557,0.0038671051886777813,0.0004298078711144626,1.0007400269312223
0.0366875,73,physics,0,4896,15223.47171715726,196198.3899001507,417.26291309539766,211839.12453040335,4077.602739672232,0.0016475681291123808,20.299385030331543,226.55644750413154,0.9184855476431039,3.2849774456167324e-08,0,0.01644203606149848,0.00389259785088734,0.0004298078711144626,1.0007403848238092
0.03675,73,physics,0,4896,15682.624201597413,199724.2044728788,390.88817784206344,215797.7168523183,4108.2922483639995,0.0016599683210012884,20.392727129430707,220.52297687800203,0.9206563897164303,3.3174956115544793e-08,0,0.01631786056669136,0.003918517979550812,0.0004298078711144626,1.0007418163954367
0.0368125,73,physics,0,4896,16141.494442464795,203300.67909936016,371.4463115041488,219813.6198533291,4139.21265955134,0.001672461809765083,20.498185514126465,216.97865378894977,0.9219316421745427,3.3502156604470215e-08,0,0.01620856454128223,0.003944670394173386,0.0004298078711144626,1.000742711128744
0.036875,73,physics,0,4896,16584.671282433614,206940.20561755204,375.8026496704256,223900.67954965608,4170.3652124303035,0.0016850490961048009,20.620551312083755,217.43657747825986,0.9217671342214817,3.3653562603319636e-08,0,0.016072789003533688,0.003970937809922553,0.0004298078711144626,1.000743605862851
0.0369375,73,physics,0,4896,17022.354815988885,210652.11269563052,398.4198887924332,228072.88740041186,4201.74989447245,0.0016977301749582932,20.755381589484212,222.52483082496394,0.9199297709264581,3.378806034959323e-08,0,0.015897336598855758,0.003997322918049975,0.0004298078711144626,1.0007450374390863
0.037,73,physics,0,4896,17480.877005131522,214440.08292257445,417.49061139482103,232338.4505391008,4233.365017092872,0.001710504364047559,20.898320133572472,231.42963186777197,0.9167258149734542,3.393968484033391e-08,0,0.015723869053337988,0.0040238291732280235,0.0004298078711144626,1.000743605862851
0.037,74,refine,0,5196,17480.877005131522,214440.08292257448,417.49061139482103,232338.4505391008,4233.365017092872,0.0017105043640475593,20.898320133572472,231.42963186777197,0.9167258149734542,2.807021814987815e-08,0,0.015723869053337988,0.0038057924371299066,0.0003572563291527331,1.000743605862851
0.0370625,74,physics,0,5196,17978.19981118221,218307.0156844046,416.05154593644534,236701.26704152327,4265.22685846853,0.001723378240620829,21.043932795724903,242.46026623749188,0.9127566849152057,2.8152140174597625e-08,0,0.015605254620623017,0.00383026214193522,0.0003572563291527331,1.0007450374390863
0.037125,74,physics,0,5196,18507.564693284654,222251.30546564702,397.9376404170473,241156.80779934872,4297.328446590989,0.0017363489876163322,21.18433955550168,253.51091780690717,0.9087804145678129,2.8226036619116643e-08,0,0.015447579123966397,0.0038548677290616905,0.0003572563291527331,1.0007446795448356
0.0371875,74,physics,0,5196,19044.465401113957,226269.8785960597,383.70690376622804,245698.05090093988,4329.671643487177,0.0017494173573918662,21.315446952677192,262.5107039413591,0.9055406639189504,2.8267931995173944e-08,0,0.015343861359386349,0.0038796828229206003,0.0003572563291527331,1.0007470058597536
0.03725,74,physics,0,5196,19569.689954483438,230358.4517854998,391.0115053975119,250319.15324538076,4362.257712359575,0.0017625838603483423,21.43443441136478,267.9859884239508,0.9035766455532026,2.8447578515056236e-08,0,0.015254649251850407,0.003904587760313535,0.0003572563291527331,1.0007484374408526
0.0373125,74,physics,0,5196,20085.10139174254,234509.59115946546,417.8480110580041,255012.540562266,4395.070648823934,0.0017758420298642653,21.53903173273897,269.15071777744953,0.9031663291500212,2.8629026260773578e-08,0,0.015191976995963329,0.00392964139287994,0.0003572563291527331,1.0007527321964371
0.037375,74,physics,0,5196,20617.322627641064,238714.19025186275,444.0033663804155,259775.5162458842,4428.139642341865,0.0017892036600328902,21.630407090584505,266.5609210323676,0.9040981415928002,2.884176097950326e-08,0,0.015168272912280102,0.003954769400900607,0.0003572563291527331,1.000754879581141
0.0374375,74,physics,0,5196,21186.155275090823,242964.94882288063,449.04407345258574,264600.14817142405,4461.445150173512,0.0018026608545490931,21.714322559193764,261.27624543191524,0.9059996523464277,2.9208802487801205e-08,0,0.015093270585026967,0.003980078229523334,0.0003572563291527331,1.0007555953770662
0.0375,74,physics,0,5196,21792.388643065846,247260.37088782297,430.43494619968374,269483.1944770885,4494.980534400716,0.0018162109313413178,21.795589981594823,255.25592144776735,0.9081610748009761,2.9509806154237604e-08,0,0.015018371460545996,0.004005436702584454,0.0003572563291527331,1.0007588164650656
0.0375,75,refine,0,5460,21792.388643065846,247260.37088782297,430.43494619968374,269483.1944770885,4494.980534400716,0.0018162109313413174,21.795589981594823,255.25592144776735,0.9081610748009761,2.9509806154237604e-08,0,0.015018371460545996,0.0038006161086626016,0.0003572563291527331,1.0007588164650656
0.0375625,75,physics,0,5460,22415.803273813286,251622.305647192,405.69485709251956,274443.8037780978,4528.811310237936,0.0018298803620365293,21.887152630214743,250.76794302696456,0.909776198740429,2.9815737434546443e-08,0,0.014932131032046336,0.0038243771636276317,0.0003572563291527331,1.0007598901633692
0.037625,75,physics,0,5460,23034.44010834356,256054.19207463,396.5792291025935,279485.21141207614,4562.89560546368,0.001843652228032903,22.00506388787062,249.54942810539023,0.9102167634062311,3.003624904351909e-08,0,0.01480836707041607,0.0038504532031400263,0.0003572563291527331,1.0007606059628782
0.0376875,75,physics,0,5460,23644.78528973538,260566.48675757577,409.6753824593254,284620.94742977043,4597.232964022063,0.0018575263450596393,22.142196369145825,252.5820839563123,0.9091228389516981,3.023452066486245e-08,0,0.01469833221500553,0.003877463790182193,0.0003572563291527331,1.000765258672167
0.03775,75,physics,0,5460,24265.383244035547,265165.04594329203,431.4067400436633,289861.8359273712,4631.820584670821,0.001871501581266059,22.288911124761672,259.7797460079257,0.9065334074963892,3.037303031305788e-08,0,0.014539744473764035,0.003905140528684098,0.0003572563291527331,1.0007666902793768
0.0378125,75,physics,0,5460,24908.347935906924,269849.6447640896,441.5199226298268,295199.5126226263,4666.559502347967,0.0018855379495096528,22.436062228318054,269.2278124741243,0.9031430300545288,3.0511941417898865e-08,0,0.014419510609300683,0.003933721359298134,0.0003572563291527331,1.000770985113294
0.037875,75,physics,0,5460,24855.19951216827,274582.7380236782,432.9358080136479,299870.87334386015,4695.469152569996,0.001897218984025948,22.573070310616167,269.2094145968033,0.9031439894235448,3.05967731151213e-08,0,0.014287468332082226,0.003963086974524817,0.0003572563291527331,1.0007770694928946
0.0379375,75,physics,0,5460,24651.444189514918,279331.0847106661,419.04766748772016,304401.5765676687,4723.093684656807,0.0019083807625311215,22.69190608833351,269.2354645304059,0.9031447707379863,3.07008498623418e-08,0,0.014193522436791915,0.003992820345602685,0.0003572563291527331,1.0007772484457957
0.038,75,physics,0,5460,24590.459646472675,284112.4648205711,414.5722666361662,309117.49673367996,4752.0667547639805,0.0019200874220414398,22.78242559763208,269.2081609345232,0.9031453868230059,3.0831520447804905e-08,0,0.014124423804762878,0.004022323284433404,0.0003572563291527331,1.0007792169298206
0.038,76,refine,0,5820,24590.45964647267,284112.4648205711,414.5722666361662,309117.49673367996,4752.0667547639805,0.00192008742204144,22.78242559763208,269.2081609345232,0.9031453868230059,2.108496488517632e-08,0,0.014596251077900418,0.0038253902648973537,0.00023524410789832473,1.0007792169298206
0.0380625,76,physics,0,5820,24836.322745008827,288997.8181384366,423.76802190808473,314257.90890535346,4784.084091059654,0.0019330241268191964,22.881935169716343,269.2271179879515,0.9031434541198995,2.126204812213928e-08,0,0.014559776087402873,0.0038487423751246527,0.00023524410789832473,1.0007813643713548
0.038125,76,physics,0,5820,25351.20529191901,293958.0382819983,439.3877359482826,319748.63130986557,4818.628439183431,0.0019469818786291256,22.969269740214244,269.1882318293554,0.9031503166722381,2.1568300923036097e-08,0,0.014524476299553099,0.0038741659531442525,0.00023524410789832473,1.0007811854177175
0.0381875,76,physics,0,5820,26052.566264931324,298985.262454032,449.90011667557815,325487.72883563896,4854.864733925633,0.001961623266754764,23.067393576513584,268.4036924044871,0.9034365405539221,2.174823166001262e-08,0,0.014468151434586789,0.0039003546686929187,0.00023524410789832473,1.0007822591400206
0.03825,76,physics,0,5820,26787.14722092082,304076.8937082789,448.7580441479346,331312.79897334764,4891.404073396184,0.0019763871010499636,23.183804353854654,265.37513668935276,0.9045233226392023,2.1967277774592744e-08,0,0.014395511188004605,0.0039267089458467205,0.00023524410789832473,1.0007822591400206
0.0383125,76,physics,0,5820,27548.244149719576,309235.95854863507,438.704168632394,337222.90686698706,4928.217360089032,0.0019912616245763948,23.322843586971516,261.6875070990756,0.9058509504294504,2.205656279841153e-08,0,0.014288652079559655,0.003953266667373144,0.00023524410789832473,1.0007840486797521
0.038375,76,physics,0,5820,28326.034442657823,314469.83205176133,428.9312534756109,343224.7977478948,4965.303958794322,0.0020062465806755378,23.481042887801458,259.1586337924574,0.906763048908927,2.2202767624435156e-08,0,0.014164964530594506,0.003979928207383147,0.00023524410789832473,1.0007856592682465
0.0384375,76,physics,0,5820,29113.26900813837,319786.95782562194,427.27593847021365,349327.50277223054,5002.660820160981,0.0020213407372475767,23.650072104741415,259.4722398629615,0.9066408010746778,2.2275012057093597e-08,0,0.014036630730999547,0.004006766398458195,0.00023524410789832473,1.0007885225430808
0.0385,76,physics,0,5820,29911.97937413334,325193.5407109085,434.03538124048686,355539.5554662823,5040.28190782918,0.002036541655282482,23.81994452536474,263.99645856286804,0.9050136367610176,2.2346737793554867e-08,0,0.013904622786601725,0.0040337489802386986,0.00023524410789832473,1.0007890594080242
0.0385,77,refine,0,6294,29911.97937413334,325193.5407109085,434.0353812404868,355539.5554662823,5040.28190782918,0.0020365416552824813,23.81994452536474,263.99645856286804,0.9050136367610176,2.2346737793554867e-08,0,0.013324174636434458,0.0037794737598404794,0.00023251079255715013,1.0007890594080242
0.0385625,77,physics,0,6294,30645.424363479953,330697.78526378865,442.49663325325815,361785.70626052184,5077.51428924273,0.0020515855153384155,23.988948138730862,269.24190185557114,0.9031429456149646,2.2437481206338803e-08,0,0.013170998034075742,0.0038049839513914882,0.00023251079255715013,1.000791206870678
0.038625,77,physics,0,6294,30586.223657441024,336213.95283729956,446.4885110696549,367246.66500581027,5108.346194307869,0.0020640432429138876,24.159969236674375,269.2138285734114,0.9031430860531656,2.2547448352838765e-08,0,0.013081470908362165,0.003830688888134404,0.00023251079255715013,1.0007935332937528
0.0386875,77,physics,0,6294,30172.151777755556,341733.8178695561,447.6638673506193,372353.6335146622,5136.29599504394,0.00207533644723487,24.32054452025352,269.2325597471311,0.903143158348622,2.2696276857914176e-08,0,0.013024449258631634,0.003856595642515762,0.00023251079255715013,1.0007963965911149
0.03875,77,physics,0,6294,29786.88674101323,347291.58978259424,448.54718191009283,377527.0237055175,5164.5446947292385,0.0020867504226104797,24.46079416020614,269.22475181654914,0.903144136052489,2.286586919808537e-08,0,0.012960660615280888,0.003882703761125074,0.00023251079255715013,1.000797828242868
0.0388125,77,physics,0,6294,29652.065394324636,352930.1769314471,449.087630270335,383031.3299560421,5195.000683547749,0.00209905626005998,24.57833240850105,269.22403262424285,0.9031433831560267,2.3075159560903584e-08,0,0.012887471654893725,0.003909057628536741,0.00023251079255715013,1.0007997967673725
0.038875,77,physics,0,6294,29864.073413134767,358653.67919359595,448.5685804312314,388966.32118716196,5228.5184359302475,0.002112599212648187,24.6732394860411,269.23570498700394,0.9031433443793033,2.3205954491345434e-08,0,0.012794644852460712,0.003935471329184887,0.00023251079255715013,1.000800691552518
0.0389375,77,physics,0,6294,30370.62417988079,364446.5866757743,447.9164991499237,395265.127354805,5264.674199770254,0.0021272080620097634,24.750432267240246,269.221021125546,0.9031455784493251,2.3380628988434152e-08,0,0.012741141353897041,0.003962063844733343,0.00023251079255715013,1.0008024811252094
0.039,77,physics,0,6294,31139.111748897478,370306.42407149164,449.5368675322152,401895.07268792135,5303.186556026153,0.0021427690999016027,24.8105609815419,269.22742452259854,0.9031428032135708,2.359514716943072e-08,0,0.012690683101856613,0.003988783638125514,0.00023251079255715013,1.0008053444481717
0.039,78,refine,0,6785,31139.11174889748,370306.42407149164,449.5368675322152,401895.07268792135,5303.186556026154,0.002142769099901603,24.8105609815419,269.22742452259854,0.9031428032135708,2.2945972233401365e-08,0,0.012690683101856613,0.0037671291151429673,0.00022964338131714612,1.0008053444481717
0.0390625,78,physics,0,6785,32034.788512690655,376292.1150996551,454.2971568714896,408781.2007692172,5343.08335984291,0.002158889528157189,24.876009002865537,268.76012175453997,0.9033073921114787,2.3140284355349616e-08,0,0.012640636712198793,0.0037922420351750867,0.00022964338131714612,1.0008073129874602
0.039125,78,physics,0,6785,32955.95975690192,382365.51658469404,459.0318077014522,415780.5081492974,5383.297296712633,0.002175138095014019,24.97961622788649,267.26911948129543,0.9038406674287864,2.3291959472260303e-08,0,0.012539423175522429,0.003817471132840038,0.00022964338131714612,1.0008105342419207
0.0391875,78,physics,0,6785,33906.378571636174,388531.16934856924,459.1150307642799,422896.66295096965,5423.813921339768,0.0021915089638051,25.112665210341166,266.06300886590805,0.9042749327644077,2.3390221315366904e-08,0,0.012443508009449529,0.0038428195846921184,0.00022964338131714612,1.0008130396692247
0.03925,78,physics,0,6785,34887.31525481496,394795.44612632925,453.8048922547135,430136.56627339893,5464.634909181042,0.0022080028115039592,25.276060188448223,266.9014350026551,0.9039655365212623,2.3525510428612493e-08,0,0.012318020241245422,0.0038682278043017525,0.00022964338131714612,1.000814471344786
0.0393125,78,physics,0,6785,35836.96104605771,401157.7076342234,447.6673034151677,437442.3359836963,5505.295432644214,0.0022244318230677973,25.457369954782568,269.2276879866218,0.9031430209115103,2.3673909943511275e-08,0,0.012207469403766737,0.003893821065134852,0.00022964338131714612,1.0008173347020524
0.039375,78,physics,0,6785,36131.35548687279,407497.66178403446,446.75983675855207,444075.7771076658,5540.7837364359075,0.002238770983106363,25.638540084123107,269.2275961705834,0.9031429646323493,2.3764698653394583e-08,0,0.012111570583445861,0.003919626005968355,0.00022964338131714612,1.000818050542649
0.0394375,78,physics,0,6785,35767.772759464235,413770.6059433855,455.2065455822242,449993.58524843195,5571.073529718611,0.0022510096687345716,25.80751719369173,269.2329959136332,0.9031433570219711,2.3911330693238162e-08,0,0.012030373458907668,0.003945554721327702,0.00022964338131714612,1.000822166636016
0.0395,78,physics,0,6785,35283.16672264102,420089.917423547,469.0349376928331,455842.11908388085,5600.497135589243,0.00226289836862891,25.954226756245287,269.23598717121627,0.9031435293965547,2.4100541118343712e-08,0,0.011980685436857413,0.003971604142958341,0.00022964338131714612,1.0008250300152988
0.0395,79,refine,0,7136,35283.16672264103,420089.917423547,469.0349376928332,455842.11908388085,5600.497135589243,0.00226289836862891,25.954226756245287,269.23598717121627,0.9031435293965547,2.4100541118343712e-08,0,0.011980685436857413,0.0038018110509988714,0.00022779683058615774,1.0008250300152988
0.0395625,79,physics,0,7136,34885.78118108912,426530.9477458455,477.82746225084674,461894.5563891854,5630.765116668091,0.002275128240964221,26.086565994548145,269.2481399980031,0.9031429816640073,2.4308635104830537e-08,0,0.011932645142626876,0.0038268352630619587,0.00022779683058615774,1.0008268196315107
0.039625,79,physics,0,7136,34695.43588774676,433077.75517294096,474.69844194554065,468247.88950263325,5662.772497224164,0.0022880609230893105,26.21735253927861,269.2367098971319,0.9031432373225573,2.4524432262751388e-08,0,0.0118854511941259,0.0038519815567257727,0.00022779683058615774,1.0008246720924405
0.0396875,79,physics,0,7136,34781.178913582364,439717.2038343081,462.7352887604667,474961.1180366509,5697.1664068690425,0.002301957889753206,26.342599405493853,269.25167893280496,0.9031428556199554,2.473157678650751e-08,0,0.011832947165648226,0.003877249876737668,0.00022779683058615774,1.0008275354788916
0.03975,79,physics,0,7136,35152.17756692844,446450.6038218277,453.0003537960668,482055.7817425522,5734.161530255662,0.0023169058849599952,26.4686785572477,269.2410851199298,0.9031435884466449,2.494999717939094e-08,0,0.01178828410306933,0.0039026977062240247,0.00022779683058615774,1.0008309357609426
0.0398125,79,physics,0,7136,35822.149125209915,453283.3249394009,455.026169091005,489560.5002337018,5773.964546670044,0.0023329884181201004,26.602785201586713,269.24069534178835,0.9031434198143258,2.51657712446729e-08,0,0.0117167122644946,0.00392820449015432,0.00022779683058615774,1.0008327253877147
0.039875,79,physics,0,7136,36724.18989157777,460218.5132238687,468.16332885011775,497410.86644429655,5815.964482670351,0.002349958623506272,26.752588288464718,269.2507621653804,0.903142976310935,2.5343187104454072e-08,0,0.011617022270423508,0.003953768879520239,0.00022779683058615774,1.0008346939808603
0.0399375,79,physics,0,7136,37797.63155144855,467259.11785331345,481.91439704013885,505538.66380180215,5859.503601638302,0.0023675507405797836,26.912784604219606,269.2366811054733,0.9031438192166672,2.5544997228621505e-08,0,0.011504058525752684,0.003979388888634667,0.00022779683058615774,1.000837378432299
0.04,79,physics,0,7136,38932.930771457715,474402.82863048627,485.078912697506,513820.8383146415,5903.530421018316,0.0023853399145295556,27.072948485622174,269.23175935636374,0.9031427699565208,2.569393098283969e-08,0,0.01140493052946117,0.004005302306311669,0.00022779683058615774,1.000837378432299
0.04,80,refine,0,7566,38932.930771457715,474402.82863048627,485.078912697506,513820.8383146415,5903.530421018316,0.0023853399145295556,27.072948485622174,269.23175935636374,0.9031427699565208,2.34760699768799e-08,0,0.01140493052946117,0.0038246858687486862,0.00022070750128477812,1.000837378432299
0.0400625,80,physics,0,7566,40020.23460236534,481647.96617043065,475.86182237925266,522144.06259517523,5947.164507269427,0.0024029704034282022,27.232048628949414,269.208127499861,0.9031474157749282,2.3602796161981112e-08,0,0.011277592633596444,0.0038508598176673035,0.00022070750128477812,1.0008380942872321
0.040125,80,physics,0,7566,40713.73751825285,488844.7010436093,463.6511602746294,530022.0897221367,5987.659495560747,0.002419332529990225,27.39358354104684,269.2238959177818,0.9031430918046707,2.3708804697264408e-08,0,0.011198550133598988,0.0038772902482438814,0.00022070750128477812,1.00084059978353
0.0401875,80,physics,0,7566,40883.55445011733,495965.5170365621,461.3002261243833,537310.3717128037,6024.08467120895,0.0024340502360353164,27.549822404638245,269.2371007164555,0.9031437826248415,2.383601493960441e-08,0,0.011120121827890945,0.003903928871529795,0.00022070750128477812,1.0008432842508093
0.04025,80,physics,0,7566,40716.062177023894,503148.4060017684,472.44568725032775,544336.9138660426,6058.03127654229,0.002447766467995302,27.689638600305525,269.2469587751214,0.9031432832704268,2.4004692456003373e-08,0,0.011075501487212555,0.003930676587019733,0.00022070750128477812,1.0008468635517156
0.0403125,80,physics,0,7566,40396.316205517884,510441.5698923312,488.4388736158495,551326.3249714649,6090.923782281907,0.002461056787720635,27.808685950265765,269.2478102697408,0.9031432465919565,2.4101983520097292e-08,0,0.011046003266245307,0.003957514648255508,0.00022070750128477812,1.0008495480357957
0.040375,80,physics,0,7566,40052.99020601806,517829.9319714821,496.55902868726923,558379.4812061875,6123.65768195147,0.002474283022167251,27.908390890930715,269.25036851100117,0.9031430028338491,2.4257149178197324e-08,0,0.011002842212866603,0.003984501776079355,0.00022070750128477812,1.0008538432253007
0.0404375,80,physics,0,7566,39788.420304146144,525292.8394606736,491.05418638990534,565572.3139512097,6156.9903591346,0.0024877511945354453,27.991140651368053,269.2444490662402,0.9031427882412932,2.4375877316629128e-08,0,0.010948965515193193,0.004011667613005575,0.00022070750128477812,1.000854917025557
0.0405,80,physics,0,7566,39712.93091335216,532828.0009166296,477.74049932100013,573018.6723293028,6191.88948456953,0.0025018522952182107,28.05547948034303,269.2287322438166,0.9031433383979515,2.4531733977539732e-08,0,0.010850665977974645,0.004038947427018727,0.00022070750128477812,1.0008567066952112
0.0405,81,refine,0,8196,39712.93091335216,532828.0009166297,477.7404993210002,573018.6723293029,6191.8894845695295,0.0025018522952182107,28.05547948034303,269.2287322438166,0.9031433383979515,1.8908090204661274e-08,0,0.010850665977974645,0.0038167976859018455,0.00016853994748089463,1.0008567066952112
0.0405625,81,physics,0,8196,39900.28066723599,540529.262045312,468.4576978833097,580898.0004104313,6229.346202301813,0.0025169867990591675,28.121036536339506,269.2516537064592,0.9031431634929027,1.9004637863417864e-08,0,0.010760494158042694,0.003843320189046026,0.00016853994748089463,1.000857959465873
0.040625,81,physics,0,8196,40377.54919848376,548345.0509005879,470.68113663995945,589193.2812357115,6269.505083545442,0.0025332131205109644,28.227340947441018,269.25365495606763,0.9031429727025152,1.9068617795881e-08,0,0.010671031965573006,0.0038700996373275272,0.00016853994748089463,1.0008590332705458
0.0406875,81,physics,0,8196,41154.75869950981,556279.5390941428,481.87816079992643,597916.1759544526,6312.423524072878,0.0025505544505180066,28.372993760534655,269.24705968354476,0.9031438439275691,1.919829717422768e-08,0,0.010582195108324578,0.0038970411753698774,0.00016853994748089463,1.0008617177872676
0.04075,81,physics,0,8196,42183.17420832658,564332.101155334,493.0176421415566,607008.2930058022,6357.57690486553,0.0025687988151253858,28.55113033819237,269.2696483698725,0.9031430598210269,1.9294854602946975e-08,0,0.010473829637040072,0.003924247664948471,0.00016853994748089463,1.0008627915959725
0.0408125,81,physics,0,8196,43328.3185889499,572476.8177407307,496.5688645026063,616301.7051941832,6403.734834441877,0.0025874490708057483,28.745300458031224,269.2489414574661,0.9031427100368178,1.942454019854265e-08,0,0.010390046319822049,0.003951795378504683,0.00016853994748089463,1.0008667289044137
0.040875,81,physics,0,8196,44251.33067162487,580547.3003224418,492.26124644647683,625290.8922405132,6448.0774440656805,0.002605365840793062,28.935017890826618,269.2534569664675,0.9031431033807137,1.958490170039796e-08,0,0.010305728043638648,0.0039795560526919805,0.00016853994748089463,1.0008683396259677
0.0409375,81,physics,0,8196,44932.651562915285,588584.4604897632,486.61926050864224,634003.7313131872,6490.486730310912,0.002622501445425177,29.1118040854942,269.24863787801667,0.9031429510139249,1.9715434618206005e-08,0,0.010240450309003023,0.004007644307749075,0.00016853994748089463,1.0008722769562344
0.041,81,physics,0,8196,45398.84918914864,596678.3716263112,485.84804641192943,642563.0688618717,6531.261006921091,0.0026389764193041404,29.263399425591206,269.24072113777396,0.9031429804378898,1.98496392656011e-08,0,0.010163875579093134,0.004036154918919519,0.00016853994748089463,1.000874782538105
0.041,82,refine,0,8834,45398.84918914865,596678.3716263111,485.84804641192954,642563.0688618716,6531.261006921091,0.0026389764193041404,29.263399425591206,269.24072113777396,0.9031429804378898,1.6417526005341194e-08,0,0.010163875579093134,0.0038268657530021433,0.00013138382928445935,1.000874782538105
0.0410625,82,physics,0,8834,45552.52196918195,604900.7660986937,490.856260098484,650944.1443279742,6569.816007815774,0.00265455468789298,29.411928190105098,269.25133563851597,0.9031430995733268,1.6531958912935375e-08,0,0.0101251635432659,0.003845242343191216,0.00013138382928445935,1.0008769301847007
0.041125,82,physics,0,8834,45478.226352325495,613220.8475528206,497.9367070892323,659197.0106122353,6606.704705246368,0.0026694596813601223,29.544245127331408,269.26590263835124,0.9031428918257415,1.6621882537037884e-08,0,0.010068862085048457,0.0038636209941964343,0.00013138382928445935,1.0008785409226717
0.0411875,82,physics,0,8834,45222.21395353524,621632.9450063518,502.37612540150553,667357.5350852885,6642.240475927045,0.002683818020541236,29.67851642021793,269.25687050263326,0.9031434322173872,1.6736656505145213e-08,0,0.010025974001522551,0.0038867132668754245,0.00013138382928445935,1.0008803306345688
0.04125,82,physics,0,8834,44926.30912714307,630142.9732483516,502.59192508597783,675571.8743005807,6677.5324546146985,0.0026980778548058556,29.82563402009368,269.24482877088474,0.903143214675023,1.6879638131683822e-08,0,0.00998403847023157,0.003913275508250043,0.00013138382928445935,1.0008822993213518
0.0413125,82,physics,0,8834,44695.03191091803,638754.8116196212,500.20897815226175,683950.0525086916,6713.434480325865,0.002712584180476224,29.983759885076672,269.2444572056626,0.9031428737455423,1.702357277366672e-08,0,0.0099315025121353,0.0039400233020062915,0.00013138382928445935,1.0008855208171674
0.041375,82,physics,0,8834,44667.42902244759,647470.2225837631,497.75906334660993,692635.4106695573,6751.129678631908,0.002727815043137619,30.146193382823242,269.24671509892255,0.9031430374851723,1.71681415750413e-08,0,0.009849015824305465,0.003966916324283759,0.00013138382928445935,1.000883552124048
0.0414375,82,physics,0,8834,44894.47055318458,656290.679363135,496.7349260140635,701681.8848423337,6791.081572088891,0.0027439577305267875,30.306914606865192,269.2405582329296,0.9031431510788692,1.7314982336813514e-08,0,0.00974965580612979,0.003993917791908977,0.00013138382928445935,1.0008865946514103
0.0415,82,physics,0,8834,45419.72443517609,665194.8199125372,497.62656373294544,711112.1709114463,6833.681682288736,0.0027611704381690465,30.465352994774992,269.2555535858696,0.9031428274695897,1.746126354618126e-08,0,0.009656952461117384,0.004021124019724794,0.00013138382928445935,1.0008880264321927
0.0415,83,refine,0,9556,45419.72443517609,665194.8199125372,497.6265637329455,711112.1709114463,6833.681682288735,0.0027611704381690465,30.465352994774992,269.2555535858696,0.9031428274695897,1.57452433313665e-08,0,0.010080158895292889,0.0038198373412363777,0.00011625539627857506,1.0008880264321927
0.0415625,83,physics,0,9556,46171.797312541705,674209.2221321878,500.70789800235286,720881.7273427319,6878.476543647188,0.002779269941875666,30.6208689797409,269.25686917337646,0.9031428525094933,1.5840598166505492e-08,0,0.010013344047291319,0.003839043307308409,0.00011625539627857506,1.000889816161051
0.041625,83,physics,0,9556,47039.72170191302,683254.5929332011,506.07929687084317,730800.393931985,6924.423604038271,0.0027978349952035315,30.785490335427085,269.26854919368435,0.9031429202824157,1.586829689870229e-08,0,0.009897633848600713,0.0038642482640664174,0.00011625539627857506,1.000892858707455
0.0416875,83,physics,0,9556,47961.39721335242,692327.582307054,512.3513585354785,740801.3308789418,6970.94648595191,0.0028166327110205314,30.945211938365272,269.2648761814658,0.9031428994790068,1.5964083388553246e-08,0,0.009817941153226751,0.003890927674360078,0.00011625539627857506,1.0008944694710604
0.04175,83,physics,0,9556,48827.06975672068,701463.2246137309,516.5384466625294,750806.8328171141,7017.080482245678,0.002835273296383189,31.105290412168927,269.2446691074831,0.9031429967101319,1.609062927343527e-08,0,0.009762968533480056,0.00391783197997504,0.00011625539627857506,1.0008973330572037
0.0418125,83,physics,0,9556,49572.405063658414,710698.6899088547,515.8527398874189,760786.9477124005,7062.29046860756,0.002853540532648094,31.258149481398785,269.25706152172876,0.9031431402297778,1.6229545707346915e-08,0,0.009707206391382218,0.003944946231891103,0.00011625539627857506,1.0009001966515398
0.041875,83,physics,0,9556,50082.250057969344,720010.7311917867,510.89768982960425,770603.8789395856,7105.66836194661,0.002871067506000494,31.397929446144946,269.2529417781806,0.9031429157792942,1.6380084844058725e-08,0,0.00966366490938799,0.0039722848831160425,0.00011625539627857506,1.0009025233279705
0.0419375,83,physics,0,9556,50312.68569837618,729393.5135057087,506.39707168397547,780212.5962757688,7146.915885757035,0.0028877336968864127,31.519455589055596,269.2620631412706,0.9031430105605636,1.6524680290785903e-08,0,0.00961666107350722,0.003999818910395119,0.00011625539627857506,1.0009023443526683
0.042,83,physics,0,9556,50269.768571809356,738834.7053242252,507.6449553355915,789612.1188513702,7186.105154799954,0.002903568243501029,31.632133691230372,269.2572804319213,0.9031428675710255,1.6664166935242928e-08,0,0.009571053732217637,0.0040276203857363595,0.00011625539627857506,1.000905386937156
0.042,84,refine,0,10393,50269.768571809356,738834.7053242252,507.6449553355915,789612.1188513702,7186.105154799954,0.0029035682435010284,31.632133691230372,269.2572804319213,0.9031428675710255,1.5118423846161042e-08,0,0.009188088088174838,0.0038164537388802886,0.00011094169894931838,1.000905386937156
0.0420625,84,physics,0,10393,50020.66326486155,748398.4570419684,515.4320280795994,798934.5523349096,7223.8894446761915,0.0029188351038906654,31.746271861068838,269.2793343887956,0.9031428983487367,1.5204530967594077e-08,0,0.0091234862918953,0.00384032596648527,0.00011094169894931838,1.0009062818167067
0.042125,84,physics,0,10393,49707.96589464152,758060.2889077845,524.4410672778828,808292.6958697039,7261.266028627063,0.0029339372294241665,31.885394845534005,269.261547174269,0.903142872622129,1.5264960850913634e-08,0,0.009059477926812295,0.0038677316576131516,0.00011094169894931838,1.000907713625652
0.0421875,84,physics,0,10393,49463.330503911726,767821.8427073809,527.356056232667,817812.5292675253,7299.242966054553,0.0029492819296571405,32.04068613270059,269.26420499530013,0.9031429903633412,1.5338398107189746e-08,0,0.008965932749454418,0.003895406030984127,0.00011094169894931838,1.0009080715782084
0.04225,84,physics,0,10393,49398.1968299241,777681.4603895458,521.8061437795075,827601.4633632494,7338.751719689641,0.0029652455650161155,32.21896415209372,269.2737937383406,0.9031429271123805,1.5411693254918626e-08,0,0.008904104601488182,0.003923319343358331,0.00011094169894931838,1.0009102192962347
0.0423125,84,physics,0,10393,49573.57385603188,787621.8062627297,513.063666951819,837708.4437857134,7380.395309407104,0.0029820717875653317,32.40837255710599,269.2630240942625,0.9031432487476053,1.5459904467718375e-08,0,0.008827337391439129,0.003951486668121282,0.00011094169894931838,1.0009121880418073
0.042375,84,physics,0,10393,50025.30644156365,797635.1121698209,509.93902904851564,848170.3576404331,7424.581842380521,0.002999925494285307,32.59331517859924,269.25717531682346,0.9031430009917243,1.5551703036464888e-08,0,0.00870618294407558,0.00397992276406417,0.00011094169894931838,1.0009121880418073
0.0424375,84,physics,0,10393,50688.3319788833,807686.6788869828,517.2344822764871,858892.2453481427,7470.784377901292,0.0030185937731365383,32.76122712353416,269.2649749531663,0.9031429666093354,1.5618707216447072e-08,0,0.008645710653180705,0.004008642704016235,0.00011094169894931838,1.000914514746113
0.0425,84,physics,0,10393,51545.479454087035,817818.2034864757,530.9486468585087,869894.6315874212,7518.76056177059,0.003037978700144655,32.90744158956423,269.26363352929667,0.9031431035144377,1.5855523116670176e-08,0,0.008585591334867426,0.004037646151702687,0.00011094169894931838,1.0009157675891331
0.0425,85,refine,0,11196,51545.479454087035,817818.2034864757,530.9486468585087,869894.6315874212,7518.760561770589,0.003037978700144655,32.90744158956423,269.26363352929667,0.9031431035144377,1.5855523116670176e-08,0,0.008585591334867426,0.0038295911003109503,0.00011094169894931838,1.0009157675891331
0.0425625,85,physics,0,11196,52529.80363197915,828104.3705059125,541.0688126267112,881175.2429505184,7567.973758182772,0.0030578634459373366,33.04054030363348,269.25941704869825,0.9031428688461464,1.5953251164546587e-08,0,0.008526059904504535,0.003856712023446961,0.00011094169894931838,1.0009182732798783
0.042625,85,physics,0,11196,53495.587291272095,838499.3705973844,540.1993951865223,892535.157283843,7617.0368297603545,0.0030776875333237497,33.16881773908934,269.2608385534282,0.9031428727935649,1.60399906690145e-08,0,0.008466865578548208,0.0038838926385686445,0.00011094169894931838,1.0009209579554945
0.0426875,85,physics,0,11196,54324.07175113729,848978.4510528549,529.9539605323204,903832.4767645245,7665.0051126205635,0.003097069267906932,33.30129987414,269.25704904526236,0.9031428390662245,1.6054830354050854e-08,0,0.008408252766248642,0.003911222415606323,0.00011094169894931838,1.0009229267221895
0.04275,85,physics,0,11196,54885.343808464604,859525.390805817,520.1672658670318,914930.9018801486,7710.928501755024,0.003115624756788269,33.446768291921984,269.2818953607261,0.9031428271341316,1.6199338759292914e-08,0,0.008350410767120519,0.0039387636252142325,0.00011094169894931838,1.000927401206353
0.0428125,85,physics,0,11196,55118.3883290902,870138.916422362,520.2608540711637,925777.5656055233,7754.407874928396,0.0031331927333814826,33.601816088986936,269.2596423017639,0.9031428627352296,1.6287135196080235e-08,0,0.008292369667264831,0.003966456474359005,0.00011094169894931838,1.0009272222266024
0.042875,85,physics,0,11196,55068.22083363992,880817.1979027106,531.093192016297,936416.5119283668,7795.7978744815455,0.003149916492033829,33.75891961563048,269.262543644651,0.9031429007162763,1.6493650889515285e-08,0,0.008235128061600885,0.003994297534653391,0.00011094169894931838,1.0009293699857216
0.0429375,85,physics,0,11196,54771.609140213004,891536.2726765178,544.3809209495132,946852.2627376803,7835.271922006297,0.003165866104279498,33.91831838560363,269.2604989653912,0.9031426569194365,1.6508971079076676e-08,0,0.008193085014908064,0.004022348906416395,0.00011094169894931838,1.0009308018276948
0.043000000000000003,85,physics,0,11196,54410.653256845835,902298.5223318693,549.9774323029679,957259.1530210181,7874.187259829007,0.003181589968126953,34.06815986434366,269.26629921677454,0.903142756168014,1.6463312491055152e-08,0,0.008095614062832508,0.004050579181841464,0.00011094169894931838,1.0009325916330416
0.043000000000000003,86,refine,0,11957,54410.653256845835,902298.5223318693,549.9774323029678,957259.1530210181,7874.187259829007,0.003181589968126953,34.06815986434366,269.26629921677454,0.903142756168014,1.5436487643682995e-08,0,0.008095614062832508,0.0038207988319623435,0.00010745196777861565,1.0009325916330416
0.043062500000000004,86,physics,0,11957,54101.27101142003,913218.1785193967,544.5158059786556,967863.9653367954,7913.664099573057,0.0031975407085757315,34.21279267101353,269.2555200799,0.9031430030700379,1.5527628072220526e-08,0,0.008025973367199018,0.003843199824399851,0.00010745196777861565,1.000934918384777
0.043125000000000004,86,physics,0,11957,53969.422667211074,924210.741831738,534.2425101562753,978714.4070091053,7954.70322750504,0.0032141226964518743,34.37296550100194,269.25589260738025,0.9031434211584484,1.56577870669139e-08,0,0.007943839196801302,0.0038656636501581453,0.00010745196777861565,1.000936708197485
0.043187500000000004,86,physics,0,11957,54069.37065059326,935288.4889703788,529.1495769546747,989887.0091979267,7997.880979258478,0.0032315688019653975,34.54704697247385,269.2616756218242,0.9031429179101841,1.5700912570082424e-08,0,0.00787579124653506,0.00388868807391941,0.00010745196777861565,1.00093867699516
0.043250000000000004,86,physics,0,11957,54504.94266032685,946504.0665999415,534.5351361667238,1001543.544396435,8044.135875861392,0.003250258237472217,34.722189784748764,269.272974164845,0.9031430390147137,1.5759750837673885e-08,0,0.007821997686800381,0.003913478683486837,0.00010745196777861565,1.0009381400499555
0.043312500000000004,86,physics,0,11957,55231.27421565646,957853.001150186,546.6683404846242,1013630.9437063271,8093.038350539002,0.0032700174351744608,34.88431790519128,269.2802551106645,0.903142796329905,1.589986808880896e-08,0,0.0077822041490627405,0.00394231232586591,0.00010745196777861565,1.0009415407077822
0.043375000000000004,86,physics,0,11957,56180.47584814672,969299.6779124051,556.7022303452133,1026036.855990897,8143.892219687701,0.003290565099911812,35.02959021002658,269.2575370194588,0.9031427961258681,1.596803222980726e-08,0,0.007649383944431222,0.0039713808118999275,0.00010745196777861565,1.0009444044285976
0.043437500000000004,86,physics,0,11957,57268.65906178739,980833.085714533,558.2456521018485,1038659.9904284222,8195.879752056153,0.0033115708248187643,35.15471874343831,269.2584546971524,0.9031436936818702,1.6093435917241566e-08,0,0.00762425924754888,0.004000688792284532,0.00010745196777861565,1.000946552224586
0.043500000000000004,86,physics,0,11957,58332.469948045895,992416.3869258602,552.0567697945382,1051300.9136437005,8247.617663640156,0.0033324756896657894,35.24863331465701,269.28472555128496,0.9031428040640458,1.620372636068623e-08,0,0.0075470112553895855,0.004030170341082339,0.00010745196777861565,1.0009485210416238
0.043500000000000004,87,refine,0,12699,58332.469948045895,992416.3869258603,552.0567697945384,1051300.9136437008,8247.617663640154,0.003332475689665789,35.24863331465701,269.28472555128496,0.9031428040640458,1.620372636068623e-08,0,0.0075470112553895855,0.0038316697843925334,0.00010745196777861565,1.0009485210416238
0.043562500000000004,87,physics,0,12699,59198.890745739234,1004180.1408837584,544.8912647620962,1063923.9228942597,8298.033106693156,0.0033528462069707422,35.33169196281314,269.27004093533617,0.9031430519019722,1.62542690418377e-08,0,0.007483452814363418,0.0038495537366679293,0.00010745196777861565,1.0009508478303886
0.043625000000000004,87,physics,0,12699,59781.46007598551,1016014.1462012288,543.4131516504019,1076339.0194288648,8346.30063185801,0.0033723488513401085,35.45931292408224,269.274652071898,0.9031429631706229,1.6330687913068654e-08,0,0.007420348381281445,0.0038779705785067786,0.00010745196777861565,1.000953711577832
0.043687500000000004,87,physics,0,12699,60007.1367668571,1027894.1512282484,548.8633283628217,1088450.1513234682,8391.850067947798,0.0033907532433217077,35.623499546825514,269.27932597346614,0.9031431002180508,1.6407465608381267e-08,0,0.007383228549813352,0.0039065618482831,0.00010745196777861565,1.0009540695468384
0.043750000000000004,87,physics,0,12699,59891.74332615822,1039816.919757202,557.2893633210817,1100265.9524466814,8434.762319562204,0.003408092072675201,35.80751237057139,269.28203942310955,0.9031427441458175,1.6467189389857113e-08,0,0.007281993597856402,0.003935272485958493,0.00010745196777861565,1.0009574702587851
0.043812500000000004,87,physics,0,12699,59547.92395986138,1051759.774668865,563.4688374307486,1111871.1674661569,8475.869854883022,0.0034247017007693445,35.99471610452554,269.2752264680915,0.903142869776824,1.6569419614143004e-08,0,0.0072333903762702495,0.003964227388821306,0.00010745196777861565,1.0009578282291358
0.043875000000000004,87,physics,0,12699,59107.49526851463,1063719.929766589,564.865790018682,1123392.2908251223,8516.182942242514,0.003440990329679994,36.17190573312514,269.2632313016231,0.9031429417024442,1.6612796471804372e-08,0,0.007147650194407222,0.003993429376725614,0.00010745196777861565,1.0009608709822857
0.043937500000000004,87,physics,0,12699,58701.42659910617,1075697.4156994047,562.4275000361021,1134961.269798547,8556.765190485006,0.003457387713887912,36.31518332092277,269.26769447172177,0.9031431359142463,1.668054849801594e-08,0,0.007100882669181484,0.004022879793157685,0.00010745196777861565,1.0009631977997588
0.044,87,physics,0,12699,58540.56583539203,1087758.3933207365,559.0096424533087,1146857.968798582,8599.408885593712,0.0034746180321462185,36.40085264868946,269.2776370675723,0.9031428246612608,1.674739458223941e-08,0,0.007029393090318382,0.004052578547746617,0.00010745196777861565,1.0009646296901231
0.044,88,refine,0,13430,58540.56583539203,1087758.3933207367,559.0096424533086,1146857.9687985822,8599.408885593712,0.003474618032146219,36.40085264868946,269.2776370675723,0.9031428246612608,1.1755494355725231e-08,0,0.007029393090318382,0.0038233714339955937,6.482925527961925e-05,1.0009646296901231
0.0440625,88,physics,0,13430,58694.50243476738,1100166.1949755826,557.5951078476656,1159418.2925181976,8645.149435646385,0.003493099644320332,36.4706582653454,269.2803549743368,0.9031428303709834,1.1969770730146932e-08,0,0.006958311648220749,0.003847343784009073,6.482925527961925e-05,1.000966419555959
0.044125,88,physics,0,13430,59191.380140732945,1112740.417486288,559.7559627390533,1172491.5535897599,8693.965720783648,0.003512824016867343,36.58039367185655,269.27498966805825,0.9031432066315438,1.2044616415352035e-08,0,0.00686343065962593,0.003875437023037867,6.482925527961925e-05,1.0009680304379478
0.0441875,88,physics,0,13430,60034.45856592641,1125476.5489358,564.8409632537682,1186075.8484649803,8745.87567776403,0.0035337983971919368,36.717065977904866,269.2757908321988,0.903142866368229,1.2119831138690535e-08,0,0.006782174429494149,0.0039036947211448956,6.482925527961925e-05,1.0009696413225289
0.04425,88,physics,0,13430,61110.57001885508,1138345.70122486,571.0310622355676,1200027.3023059508,8799.87334147855,0.0035556163219490375,36.875116751294065,269.263089691673,0.9031428060504184,1.2234095514429565e-08,0,0.006714267306395731,0.003932115676498044,6.482925527961925e-05,1.0009699992972323
0.0443125,88,physics,0,13430,62278.75083005622,1151324.5846763276,575.9919633202437,1214179.327469704,8854.716407283737,0.0035777758340607303,37.05840604604862,269.2742672183123,0.903143130838041,1.2308756236478754e-08,0,0.006671061231028885,0.00396073026911927,6.482925527961925e-05,1.0009737580393476
0.044375,88,physics,0,13430,63398.83309834292,1164374.1730924682,577.5959059842113,1228350.6020967953,8909.202791193478,0.0035997912277385916,37.25554206693934,269.27626895672046,0.903142948210118,1.2384183012414944e-08,0,0.00660462067448254,0.003989479723174444,6.482925527961925e-05,1.0009741160155232
0.0444375,88,physics,0,13430,64301.63131528533,1177462.0169482683,575.5648830562843,1242339.21314661,8961.940277218491,0.003621099973758468,37.44983428499398,269.27513617644365,0.9031440374791844,1.2473517774225237e-08,0,0.006550871931386684,0.004018407775510968,6.482925527961925e-05,1.0009769798295374
0.0445,88,physics,0,13430,64872.08457943589,1190534.3269537217,572.5944841111775,1255979.0060172686,9012.022575818453,0.0036413358830058385,37.63752907789382,269.2741423092937,0.903142946034773,1.2541918614772388e-08,0,0.0065091785101230116,0.0040475155209296,6.482925527961925e-05,1.0009776957843213
0.0445,89,refine,0,14281,64872.0845794359,1190534.3269537217,572.5944841111774,1255979.0060172686,9012.022575818453,0.0036413358830058385,37.63752907789382,269.2741423092937,0.903142946034773,1.0201908651197295e-08,0,0.007072987973833497,0.0038146421304935817,5.881102697458118e-05,1.0009776957843213
0.0445625,89,physics,0,14281,65035.479677060706,1203702.4187010345,572.9237335825475,1269310.8221116776,9059.068149346824,0.0036603447939932265,37.81273668676127,269.2782658858833,0.9031427685166942,1.025375517826889e-08,0,0.007042371532651154,0.0038425764852782103,5.881102697458118e-05,1.0009768008409214
0.044625,89,physics,0,14281,64840.279996510515,1216877.1352894248,579.016179661548,1282296.431465597,9103.372524096936,0.0036782461150450005,37.988625704325656,269.2917279173525,0.9031428791429741,1.0306367315138238e-08,0,0.0069989307423527014,0.003870737259145451,5.881102697458118e-05,1.0009798436517452
0.0446875,89,physics,0,14281,64406.026620054225,1230111.1382094133,588.837073649478,1295106.001903117,9145.864392915257,0.0036954150874128535,38.16369074401246,269.2679259737202,0.9031430030928066,1.0377563697261384e-08,0,0.0069568785798840484,0.003899096571469519,5.881102697458118e-05,1.000979485673521
0.04475,89,physics,0,14281,63919.54516373039,1243462.8300914874,596.7175108924619,1307979.0927661103,9188.000441821581,0.003712440289634278,38.329346052793476,269.28806221351886,0.9031428795803088,1.0447454457107613e-08,0,0.006914644359356035,0.003927609698634226,5.881102697458118e-05,1.000979664662617
0.0448125,89,physics,0,14281,63550.038887803676,1256957.5783611117,597.4271646956951,1321105.044413611,9231.12607308997,0.003729865335701501,38.47358343007542,269.28423600853307,0.9031429077809857,1.0500304625793431e-08,0,0.006872893159933912,0.003956259783602649,5.881102697458118e-05,1.0009802016300973
0.044875,89,physics,0,14281,63438.57012741717,1270590.7686131462,590.9853760454761,1334620.3241166088,9276.429593446688,0.0037481703646590906,38.598019858321756,269.28653999116324,0.9031431422636185,1.0550575524348465e-08,0,0.006843936307492099,0.00398515010187354,5.881102697458118e-05,1.0009798436517452
0.0449375,89,physics,0,14281,63677.12852065417,1284363.9302550484,583.4333918364475,1348624.4921675392,9324.74830820342,0.003767693692339653,38.697447375432226,269.26702975121265,0.9031432448262021,1.0622098756130075e-08,0,0.006803178440640943,0.004014234036026028,5.881102697458118e-05,1.0009809175871853
0.045,89,physics,0,14281,64290.18005966145,1298252.4974963889,582.142386970897,1363124.819943021,9376.35472656161,0.0037885454269323635,38.7520175922927,269.27877084782057,0.9031432956580703,1.0693678831330541e-08,0,0.006762935696215472,0.004043464975705629,5.881102697458118e-05,1.0009832444512585
0.045,90,refine,0,15229,64290.18005966144,1298252.4974963889,582.1423869708971,1363124.819943021,9376.354726561613,0.0037885454269323635,38.7520175922927,269.27877084782057,0.9031432956580703,1.0693678831330541e-08,0,0.006762935696215472,0.0038203176866938135,5.812769813928753e-05,1.0009832444512585
0.0450625,90,physics,0,15229,65194.67603001658,1312449.5692171843,590.0190518786903,1378234.2642990795,9430.877484350243,0.003810575517587924,38.79636846920304,269.27771594612733,0.9031430396202107,1.0785647930333658e-08,0,0.006771437944210449,0.00384834717679722,5.812769813928753e-05,1.0009843183903475
0.045125,90,physics,0,15229,66357.76324281389,1326795.0044695705,602.4428024343791,1393755.2105148188,9487.72602531919,0.0038335453482048736,38.8906933436415,269.27391669720953,0.9031429595438414,1.0857469590064295e-08,0,0.006731896032580228,0.0038764314968941687,5.812769813928753e-05,1.0009843183903475
0.0451875,90,physics,0,15229,67605.56810593602,1341224.0974922194,610.6570135972391,1409440.3226117527,9545.32037826612,0.0038568165264818944,39.019052184340566,269.2724997299762,0.9031428130045462,1.0928712157465255e-08,0,0.00668114950919482,0.0039046078665189317,5.812769813928753e-05,1.0009853923305887
0.04525,90,physics,0,15229,68744.93773574545,1355678.0738718864,609.5357037661819,1425032.547311398,9601.992554117842,0.003879715096223456,39.16140199957114,269.2819692395566,0.9031427722536625,1.1018775225579704e-08,0,0.006637660014711737,0.003932898994084748,5.812769813928753e-05,1.0009868242527025
0.0453125,90,physics,0,15229,69633.50292370698,1370105.07946875,602.3288067594137,1440340.9111992163,9656.601103045236,0.0039017798510531526,39.31115719783137,269.3022651995532,0.9031433186996046,1.1049964498965898e-08,0,0.006561098283163252,0.003961263344192396,5.812769813928753e-05,1.0009891511305062
0.045375,90,physics,0,15229,70154.02744395356,1384467.9817517407,597.8945235625429,1455219.9037192569,9708.271659684462,0.003922657500918908,39.43639910740285,269.2920471304999,0.9031430492249283,1.11228928290075e-08,0,0.006488226570392498,0.003989741222503544,5.812769813928753e-05,1.0009921939788728
0.0454375,90,physics,0,15229,70261.05381429112,1398760.8322166842,602.8583190354208,1469624.7443500108,9756.691140638743,0.003942221543497241,39.51130004124196,269.29836857378666,0.9031428407395623,1.1235821162358648e-08,0,0.006438271251259659,0.0040183431919593995,5.812769813928753e-05,1.000993446919124
0.0455,90,physics,0,15229,70039.51577754549,1413055.5794888542,615.8997172290501,1483710.9949836286,9802.525371076168,0.00396074100752258,39.53726902908213,269.2803467019233,0.9031428183312776,1.1265045785080497e-08,0,0.006377690799007679,0.004047111988586656,5.812769813928753e-05,1.0009954158284016
0.0455,91,refine,0,16175,70039.51577754549,1413055.5794888544,615.8997172290502,1483710.9949836289,9802.525371076166,0.00396074100752258,39.53726902908213,269.2803467019233,0.9031428183312776,9.366340592009727e-09,0,0.006377690799007679,0.003828922591058747,5.812769813928753e-05,1.0009954158284016
0.0455625,91,physics,0,16175,69598.67253221084,1427752.20951396,628.9066786575564,1497979.7887248283,9847.079837087189,0.003978743378730161,39.557304992059954,269.29127343516217,0.9031427650987757,9.393577915517433e-09,0,0.006357333904868423,0.003856659528792861,5.812769813928753e-05,1.00099487885276
0.045625,91,physics,0,16175,69154.26186805517,1442641.0256069216,633.6156127950837,1512428.903087772,9891.637393349756,0.003996746998562865,39.63272007295212,269.29113588975434,0.9031428176031513,9.42207600829193e-09,0,0.006301740041558282,0.0038846957796123114,5.812769813928753e-05,1.0009955948203462
0.0456875,91,physics,0,16175,68821.62757037047,1457679.1188940103,628.0700604888617,1527128.8165248695,9937.136101167944,0.004015130893625262,39.7597227118656,269.280080950929,0.9031427855028155,9.459757865926118e-09,0,0.0062479751201021776,0.003912913075271676,5.812769813928753e-05,1.0009982797033552
0.04575,91,physics,0,16175,68778.65312074154,1472919.450467858,618.7119178810165,1542316.8155064804,9985.144145779228,0.004034528694058194,39.929542777129306,269.2800063131259,0.9031427919412993,9.51341050381412e-09,0,0.006209815118453698,0.003941371096079716,5.812769813928753e-05,1.0010007856006609
0.0458125,91,physics,0,16175,69104.72310659377,1488347.7828649338,614.6426594158409,1558067.1486309436,10036.440029989382,0.004055254956357187,40.12176266448328,269.30303708281207,0.903142812402348,9.576624382390272e-09,0,0.0061374372420854644,0.003970010948321358,5.812769813928753e-05,1.0010029335176303
0.045875,91,physics,0,16175,69797.99320893585,1503920.2498067776,620.3903989487346,1574338.6334146622,10091.046757155433,0.004077318975098902,40.32133568444022,269.29554337764887,0.9031432332351458,9.596736294525989e-09,0,0.0060949677876543,0.003998891762908973,5.812769813928753e-05,1.0010079453418155
0.0459375,91,physics,0,16175,70795.62127821986,1519586.7037600584,632.8216030308674,1591015.1466413091,10148.364270212252,0.004100478295350015,40.511804273324785,269.2925119953162,0.9031427581951357,9.610016782346485e-09,0,0.006026837843132961,0.00402795437396968,5.812769813928753e-05,1.001009914279611
0.046,91,physics,0,16175,72030.1671138089,1535291.018526686,644.1195854863652,1607965.3052259812,10207.700751874145,0.004124453386177932,40.66019883218632,269.29388959089323,0.9031430123533604,9.657633359694263e-09,0,0.005981340996740685,0.004057258902447405,5.812769813928753e-05,1.0010115252315968
0.046,92,refine,1,16384,72030.1671138089,1535291.0185266857,644.1195854863652,1607965.305225981,10207.700751874143,0.004124453386177932,40.66019883218632,269.29388959089323,0.9031430123533604,9.657633359694263e-09,0,0.005981340996740685,0.004057258902447405,5.812769813928753e-05,1.0010115252315968
0.0460625,92,physics,1,16384,66715.9565164443,1540627.5179977706,641.9425468948749,1607985.4170611096,10207.700751874143,0.004124453386177932,40.74439854555918,257.44580048351963,0.907392601137819,9.711369486353793e-09,0,0.005915631304265971,0.004086626356766321,5.812769813928753e-05,1.001011883221279
0.046125,92,physics,1,16384,61647.87929548269,1545725.010899798,630.7008106243578,1608003.591005905,10207.700751874143,0.004124453386177932,40.75045240424781,246.62880902867778,0.9112784753753271,9.727683547566822e-09,0,0.005872351601585786,0.0041161173316191695,5.812769813928753e-05,1.001015105134181
0.0461875,92,physics,1,16384,56803.78672003569,1550587.8227519556,627.7173862607909,1608019.326858252,10207.700751874143,0.004124453386177932,40.675840270004436,237.73453224165561,0.9144781070129806,9.74139702236698e-09,0,0.0057810372922063105,0.004145790816698975,5.812769813928753e-05,1.00101635810311
0.04625,92,physics,1,16384,52165.12846065046,1555221.760194452,646.8152102468164,1608033.7038653493,10207.700751874143,0.004124453386177932,40.53890761205751,231.09850114004558,0.916865570380215,9.75980629647212e-09,0,0.005711849451290464,0.00417570608716092,5.812769813928753e-05,1.0010181480614435
0.0463125,92,physics,1,16384,47735.43175218288,1559632.11838159,682.4210545249505,1608049.9711882975,10207.700751874143,0.004124453386177932,40.36934569005986,226.5470989755196,0.9184975566209842,9.756641716762727e-09,0,0.005630304314823489,0.004205804116366638,5.812769813928753e-05,1.0010190430418104
0.046375,92,physics,1,16384,43537.272245518805,1563821.7585820411,711.0306434980689,1608070.061471058,10207.700751874143,0.004124453386177932,40.19766161582949,223.70714749376265,0.9195168497922017,9.789260513315422e-09,0,0.005562584361073983,0.004236084535268483,5.812769813928753e-05,1.0010204750120621
0.0464375,92,physics,1,16384,39591.12849455615,1567715.063571819,712.9099433374809,1608019.1020097127,10207.700751874143,0.004124453386177932,40.035148898154155,221.36416884861728,0.9203634718077168,9.74782654594719e-09,0,0.005492348325271998,0.004266428231548079,5.812769813928753e-05,1.0010204750120621
0.0465,92,physics,1,16384,35904.649468199095,1570068.3142329429,881.1738297888027,1606854.1375309308,10207.700751874143,0.004124453386177932,39.9793799410562,290.9348869788434,0.8953276405369821,9.723214233758891e-09,0,0.005407338368974516,0.0042967751288136395,5.812769813928753e-05,1.0010204750120621
0.0465,93,refine,1,16384,35904.649468199095,1570068.3142329429,881.1738297888027,1606854.1375309308,10207.700751874143,0.004124453386177932,39.9793799410562,290.9348869788434,0.8953276405369821,9.723214233758891e-09,0,0.005407338368974516,0.0042967751288136395,5.812769813928753e-05,1.0010204750120621
0.0465625,93,physics,1,16384,32645.731109426062,1569741.5877569146,1678.0991277077421,1604065.4179940484,10207.700751874143,0.004124453386177932,40.21214690297917,792.9043612172229,0.728859636061454,9.735623862638925e-09,0,0.005351071014602941,0.004327243839577138,5.812769813928753e-05,1.0527594117373704
0.046625,93,physics,1,16384,30096.084232698806,1566901.4825696186,3113.5410438486806,1600111.1078461662,10207.700751874143,0.004124453386177932,40.53115512299236,1587.398040186927,0.7314639262326899,9.637219022806679e-09,0,0.00530019179070473,0.004357834303442326,5.812769813928753e-05,2.1320551980106437
0.0466875,93,physics,1,16384,28483.05336295952,1561843.7581575639,4887.641691493893,1595214.4532120172,10207.700751874143,0.004124453386177932,40.758472872668065,2402.089635238659,0.7387010123927135,7.4047861176040764e-09,0,0.005222431359093616,0.004388548993521912,5.812769813928753e-05,3.3201166852632884
0.04675,93,physics,1,16384,27569.300044389936,1554535.719656548,6704.568867278907,1588809.588568217,10207.700751874143,0.004124453386177932,40.827938472071395,2293.2321264302573,0.7474692754388075,5.785132373148377e-09,0,0.005167875006183101,0.004419266319402803,5.812769813928753e-05,3.3201166852632884
0.0468125,93,physics,1,16384,27185.74408873461,1545062.1974380063,8261.541587866266,1580509.4831146072,10207.700751874143,0.004124453386177932,40.7338607110298,2153.530791019209,0.7567321427067151,4.5890917732549455e-09,0,0.005114120193461826,0.004476758834710921,5.812769813928753e-05,3.3201166852632884
0.046875,93,physics,1,16384,27112.50841569538,1533756.1276117777,9366.29366754511,1570234.929695018,10207.700751874143,0.004124453386177932,40.527618976475864,2038.0524951127586,0.7628703283886754,3.695831196637308e-09,0,0.005072070577322709,0.004526486436754168,5.812769813928753e-05,3.3201166852632884
0.0469375,93,physics,1,16384,27287.475491863835,1521143.1545530008,9987.275322428533,1558417.9053672932,10207.700751874143,0.004124453386177932,40.20469288555575,1981.9865779364302,0.7642246671905062,2.999941628445407e-09,0,0.0050179619542210525,0.004548408905900504,5.812769813928753e-05,3.3201166852632884
0.047,93,physics,1,16384,27694.70635797468,1507549.7649869872,10241.714171404257,1545486.1855163663,10207.700751874143,0.004124453386177932,39.88774221233386,2008.1999032812978,0.7592298447667759,2.467597681743422e-09,0,0.004982483495444467,0.004591172283153495,5.812769813928753e-05,3.3201166852632884
0.047,94,refine,1,16384,27694.70635797468,1507549.7649869872,10241.714171404257,1545486.1855163663,10207.700751874143,0.004124453386177932,39.88774221233386,2008.1999032812978,0.7592298447667759,2.467597681743422e-09,0,0.004982483495444467,0.004591172283153495,5.812769813928753e-05,3.3201166852632884
0.0470625,94,physics,1,16384,28336.760211493747,1493174.253152108,10214.278031600781,1531725.2913952027,10207.700751874143,0.004124453386177932,39.61419680924759,2074.3437286987573,0.7501860009959541,2.046842695335726e-09,0,0.004935002129632324,0.004574960985272322,5.812769813928753e-05,3.3201166852632884
0.047125,94,physics,1,16384,29279.633742136917,1478124.8785821525,9934.65648959886,1517339.1688138882,10207.700751874143,0.004124453386177932,39.3528151003337,2167.9103864332565,0.7418969981358426,1.7265566754076653e-09,0,0.004863359530772995,0.0046038926611366065,5.812769813928753e-05,3.3201166852632884
0.0471875,94,physics,1,16384,30577.380527626337,1462497.062208521,9480.753053686556,1502555.1957898338,10207.700751874143,0.004124453386177932,39.07325024326008,2232.727657318901,0.736198402479434,1.4901218037266494e-09,0,0.004829633452544372,0.004643536444211614,5.812769813928753e-05,3.3201166852632884
0.04725,94,physics,1,16384,32204.827418816476,1446395.8103044992,8954.893066841065,1487555.530790157,10207.700751874143,0.004124453386177932,38.77918245942567,2240.6428050374343,0.7352745363987097,1.3228209638782548e-09,0,0.00479627105358169,0.0046689148148362815,5.812769813928753e-05,3.3201166852632884
0.0473125,94,physics,1,16384,34153.47784129667,1429910.8543139864,8439.50489381497,1472503.837049098,10207.700751874143,0.004124453386177932,38.446356485425895,2223.103964425084,0.7375854518908861,1.2050094255755558e-09,0,0.004736614747813346,0.004695473455054737,5.812769813928753e-05,3.3201166852632884
0.047375,94,physics,1,16384,36456.771703783044,1413109.5457122973,7952.445543088699,1457518.762959169,10207.700751874143,0.004124453386177932,38.085372260377035,2185.4786292081994,0.7417207137642324,1.1180354420048382e-09,0,0.004704098260575032,0.004725921025358293,5.812769813928753e-05,3.3201166852632884
0.0474375,94,physics,1,16384,39054.713575875474,1396028.9555517617,7539.8335678875255,1442623.5026955246,10207.700751874143,0.004124453386177932,37.6702849245929,2165.386146362015,0.7448367407396237,1.0544400907974713e-09,0,0.004635471039422962,0.004778083003635574,5.812769813928753e-05,3.3201166852632884
0.0475,94,physics,1,16384,41843.260996166966,1378701.4435847031,7259.379933621965,1427804.084514492,10207.700751874143,0.004124453386177932,37.29979179463183,2177.7208803373446,0.7464011133224504,9.964100655679404e-10,0,0.004608926779932357,0.004819535418344252,5.812769813928753e-05,3.3201166852632884
0.0475,95,refine,1,16384,41843.260996166966,1378701.4435847031,7259.379933621965,1427804.084514492,10207.700751874143,0.004124453386177932,37.29979179463183,2177.7208803373446,0.7464011133224504,9.964100655679404e-10,0,0.004608926779932357,0.004819535418344252,5.812769813928753e-05,3.3201166852632884
0.0475625,95,physics,1,16384,44820.658403863716,1361209.4284701257,7113.798721797097,1413143.8855957864,10207.700751874143,0.004124453386177932,37.005882888527154,2197.831645453214,0.7457095900561651,9.5531049737474e-10,0,0.004565357480856786,0.004815492244571695,5.812769813928753e-05,3.3201166852632884
0.047625,95,physics,1,16384,48037.74700298785,1343623.6426327564,7081.22527095103,1398742.6149066952,10207.700751874143,0.004124453386177932,36.736177928711705,2202.3407162731146,0.7441746870220226,9.278515733512898e-10,0,0.004538424014886334,0.004849440684516307,5.812769813928753e-05,3.3201166852632884
0.0476875,95,physics,1,16384,51529.14723508954,1326017.1983909444,7143.022344710662,1384689.3679707446,10207.700751874143,0.004124453386177932,36.47645660326402,2186.643936960661,0.7422842732572703,9.134595302384693e-10,0,0.0044883839064421725,0.004888480105172867,5.812769813928753e-05,3.3201166852632884
0.04775,95,physics,1,16384,55298.06348611506,1308434.469245356,7302.745630384776,1371035.278361856,10207.700751874143,0.004124453386177932,36.188344837827934,2152.235319360455,0.7425091040371857,9.107026244237209e-10,0,0.004458789925537799,0.00490903325040417,5.812769813928753e-05,3.3201166852632884
0.0478125,95,physics,1,16384,59087.31086596164,1290864.6752591494,7506.798043746303,1357458.7841688574,10207.700751874143,0.004124453386177932,35.86898284533425,2108.9813292841277,0.7433372813233962,9.142535617456818e-10,0,0.004433432366004362,0.0049322520472694364,5.812769813928753e-05,3.3201166852632884
0.047875,95,physics,1,16384,62480.7182305247,1273294.3525729245,7684.539808109851,1343459.6106115591,10207.700751874143,0.004124453386177932,35.514797461176066,2066.4447525865367,0.7444945325198552,9.233218634108183e-10,0,0.004403001950174163,0.004960978936094619,5.812769813928753e-05,3.3201166852632884
0.0479375,95,physics,1,16384,65687.73161642873,1255681.1345496199,7791.981919787528,1329160.8480858363,10207.700751874143,0.004124453386177932,35.120815941067455,2049.807892384371,0.7451946393048337,9.33056298890733e-10,0,0.004383759534153564,0.004989407547565727,5.812769813928753e-05,3.3201166852632884
0.048,95,physics,1,16384,68840.23240817216,1238008.118166277,7789.357598907076,1314637.7081733563,10207.700751874143,0.004124453386177932,34.782210166082535,2081.827821150433,0.7449900980732943,9.45711065014621e-10,0,0.004322115194450882,0.005017716469360905,5.812769813928753e-05,3.3201166852632884
0.048,96,refine,1,16384,68840.23240817216,1238008.118166277,7789.357598907076,1314637.7081733563,10207.700751874143,0.004124453386177932,34.782210166082535,2081.827821150433,0.7449900980732943,9.45711065014621e-10,0,0.004322115194450882,0.005017716469360905,5.812769813928753e-05,3.3201166852632884
0.0480625,96,physics,1,16384,71801.14340835935,1220331.756430507,7683.715345918767,1299816.6151847849,10207.700751874143,0.004124453386177932,34.491682716937476,2129.712882272221,0.7437951930621562,9.534453226933672e-10,0,0.0042069899436403295,0.005045664066536776,5.812769813928753e-05,3.3201166852632884
0.048125,96,physics,1,16384,74825.94441823615,1202806.863706387,7525.183462394127,1285157.9915870174,10207.700751874143,0.004124453386177932,34.22686612833637,2145.9960319690376,0.7417976684490943,9.636984543703852e-10,0,0.00406020347183046,0.00507342879822993,5.812769813928753e-05,3.3201166852632884
0.0481875,96,physics,1,16384,78110.62309615233,1185475.7789478232,7385.493628079415,1270971.8956720547,10207.700751874143,0.004124453386177932,33.93302425457946,2135.405482668579,0.7398203525554394,9.74097247308237e-10,0,0.003972500170859259,0.005101130678612567,5.812769813928753e-05,3.3201166852632884
0.04825,96,physics,1,16384,81799.12973387053,1168327.5953099048,7278.975480994186,1257405.7005247695,10207.700751874143,0.004124453386177932,33.61399624895652,2110.5496501840225,0.7393151890694244,9.864642436241409e-10,0,0.003885186177421495,0.005128590845023532,5.812769813928753e-05,3.3201166852632884
0.0483125,96,physics,1,16384,86000.30531979386,1151324.6145417176,7193.655149708145,1244518.5750112194,10207.700751874143,0.004124453386177932,33.25343073898357,2085.3356887005816,0.7400667114788202,9.965255287625058e-10,0,0.0037958597808461013,0.005155866425789657,5.812769813928753e-05,3.3201166852632884
0.048375,96,physics,1,16384,90627.22495554065,1134391.6104050577,7121.713655881665,1232140.5490164799,10207.700751874143,0.004124453386177932,32.855236352214575,2056.7312765182505,0.7409502236731715,9.995666516715588e-10,0,0.0036244588287199417,0.005182840383965955,5.812769813928753e-05,3.3201166852632884
0.0484375,96,physics,1,16384,95501.84921751622,1117494.289226899,7046.193947327154,1220042.3323917422,10207.700751874143,0.004124453386177932,32.55331127969217,2042.4864017963553,0.7419174525010157,9.989928884124319e-10,0,0.0034984622922656665,0.005209750829025706,5.812769813928753e-05,3.3201166852632884
0.0485,96,physics,1,16384,100703.16753641568,1100634.040955143,6970.477513760982,1208307.6860053197,10207.700751874143,0.004124453386177932,32.29311443840153,2029.5828942582993,0.7431962765654675,9.97772531263764e-10,0,0.003373501972450612,0.005236478515264021,5.812769813928753e-05,3.3201166852632884
0.0485,97,refine,1,16384,100703.16753641568,1100634.040955143,6970.477513760982,1208307.6860053197,10207.700751874143,0.004124453386177932,32.29311443840153,2029.5828942582993,0.7431962765654675,9.97772531263764e-10,0,0.003373501972450612,0.005236478515264021,5.812769813928753e-05,3.3201166852632884
0.0485625,97,physics,1,16384,106249.54122601179,1083847.9675367605,6919.145292098485,1197016.6540548706,10207.700751874143,0.004124453386177932,32.02336646440884,2093.061828452085,0.7436651926168764,9.943370571363626e-10,0,0.0032219839590502766,0.005262963770978158,5.812769813928753e-05,3.3201166852632884
0.048625,97,physics,1,16384,111476.30904037709,1067219.8912312256,6915.122601347595,1185611.3228729502,10207.700751874143,0.004124453386177932,31.751108522143426,2116.6052357534404,0.7421187226007069,9.898997177515406e-10,0,0.003063699540548667,0.005289026636640498,5.812769813928753e-05,3.3201166852632884
0.0486875,97,physics,1,16384,116506.70795099673,1050930.6912593166,6951.012841428216,1174388.4120517415,10207.700751874143,0.004124453386177932,31.44541573140834,2103.2553382274564,0.7398973663668547,9.84764270128838e-10,0,0.002941487139688743,0.005314545505696583,5.812769813928753e-05,3.3201166852632884
0.04875,97,physics,1,16384,121339.42090870251,1034946.862292333,6990.349427955481,1163276.632628991,10207.700751874143,0.004124453386177932,31.111084502739857,2080.0175775620905,0.7398927123293266,9.879528306555587e-10,0,0.002761702426896309,0.005339521445441648,5.812769813928753e-05,3.3201166852632884
0.0488125,97,physics,1,16384,126101.56183844667,1019187.4938179244,6996.436013807581,1152285.4916701787,10207.700751874143,0.004124453386177932,30.841043785085816,2055.5694179943866,0.7399052664137615,9.824443480965758e-10,0,0.0025947971262746073,0.005363892402411477,5.812769813928753e-05,3.3201166852632884
0.048875,97,physics,1,16384,130990.43066204345,1003580.783744755,6950.1874652048555,1141521.4018720032,10207.700751874143,0.004124453386177932,30.604704488455578,2037.7841874057933,0.7411189030432204,9.78056746703258e-10,0,0.002440534335448516,0.005387543987116928,5.812769813928753e-05,3.3201166852632884
0.0489375,97,physics,1,16384,136143.45469902543,988069.5999108399,6856.304825046105,1131069.3594349115,10207.700751874143,0.004124453386177932,30.40029823733364,2014.5655542088348,0.7422932295017103,9.774367981663086e-10,0,0.002298731911397788,0.005410771522615825,5.812769813928753e-05,3.3201166852632884
0.049,97,physics,1,16384,141627.2450582024,972656.7104951963,6764.29879103683,1121048.2543444356,10207.700751874143,0.004124453386177932,30.156846089866775,1997.7461694365195,0.7434374202750944,9.749605567321844e-10,0,0.002177078492689776,0.005434408734943125,5.812769813928753e-05,3.3201166852632884
0.049,98,refine,1,16384,141627.2450582024,972656.7104951963,6764.29879103683,1121048.2543444356,10207.700751874143,0.004124453386177932,30.156846089866775,1997.7461694365195,0.7434374202750944,9.749605567321844e-10,0,0.002177078492689776,0.005434408734943125,5.812769813928753e-05,3.3201166852632884
0.0490625,98,physics,1,16384,147389.7170971305,957380.1907922431,6702.352651197354,1111472.260540571,10207.700751874143,0.004124453386177932,29.917841047757513,2036.1188114359554,0.7424444042787893,9.768896802597715e-10,0,0.0020676169603660714,0.005459412106248246,5.812769813928753e-05,3.3201166852632884
0.049125,98,physics,1,16384,152782.81595207832,942296.3151701593,6688.1489348282685,1101767.280057066,10207.700751874143,0.004124453386177932,29.629101773853414,2061.840713049683,0.7402510336534025,9.79012426682856e-10,0,0.0019779473272650474,0.00548697393865994,5.812769813928753e-05,3.3201166852632884
0.0491875,98,physics,1,16384,157475.55345202127,927493.1943410358,6722.529668155035,1091691.2774612121,10207.700751874143,0.004124453386177932,29.413249569501588,2050.459553639486,0.7394707957355985,9.898659669715928e-10,0,0.0018697987920040407,0.005519117901699212,5.812769813928753e-05,3.3201166852632884
0.04925,98,physics,1,16384,161952.8214446006,912953.4226501386,6785.283214481936,1081691.5273092212,10207.700751874143,0.004124453386177932,29.22253172563738,2032.1365617431793,0.7403482387197979,9.890754881780597e-10,0,0.0017547531091278035,0.005557983206256033,5.812769813928753e-05,3.3201166852632884
0.0493125,98,physics,1,16384,166513.679210598,898599.722821582,6844.107649623598,1071957.5096818036,10207.700751874143,0.004124453386177932,29.049079181445084,2017.5161916913814,0.7419938056485074,9.91487780765965e-10,0,0.0016403901754079512,0.005605406684690414,5.812769813928753e-05,3.3201166852632884
0.049375,98,physics,1,16384,171291.63659363054,884388.6726923091,6898.7407754399055,1062579.0500613796,10207.700751874143,0.004124453386177932,28.843896588601694,2004.8392197793746,0.7427206200003285,9.9286801003018e-10,0,0.0015491862923908346,0.005661499773987058,5.812769813928753e-05,3.3201166852632884
0.0494375,98,physics,1,16384,176295.57003883412,870339.0734864676,6961.456882932126,1053596.100408234,10207.700751874143,0.004124453386177932,28.624188331033576,1999.3583151728326,0.7429556929030884,9.967671132926613e-10,0,0.0014809049758983362,0.0057233885994007186,5.812769813928753e-05,3.3201166852632884
0.0495,98,physics,1,16384,181187.9240065572,856474.551971704,7033.0983783587235,1044695.57435662,10207.700751874143,0.004124453386177932,28.40218439119728,1963.116961998565,0.740062748874731,9.955627433555504e-10,0,0.0013866287542153553,0.005780862226108025,5.812769813928753e-05,3.3201166852632884
0.0495,99,refine,1,16384,181187.9240065572,856474.551971704,7033.0983783587235,1044695.57435662,10207.700751874143,0.004124453386177932,28.40218439119728,1963.116961998565,0.740062748874731,9.955627433555504e-10,0,0.0013866287542153553,0.005780862226108025,5.812769813928753e-05,3.3201166852632884
0.0495625,99,physics,1,16384,185699.20124375683,842817.8062813357,7100.4318902218265,1035617.4394153142,10207.700751874143,0.004124453386177932,28.213042932360647,2046.5898023783304,0.7380364463356519,9.98294780174544e-10,0,0.0012443767425773153,0.005816078039276944,5.812769813928753e-05,3.3201166852632884
0.049625,99,physics,1,16384,189739.26460057092,829372.119686137,7162.094163118012,1026273.4784498259,10207.700751874143,0.004124453386177932,28.059661574118444,2039.3673034073781,0.7389817849183751,9.981935278347028e-10,0,0.0011548468900683935,0.005805280861057852,5.812769813928753e-05,3.3201166852632884
0.0496875,99,physics,1,16384,193593.44083772783,816157.2814418045,7215.087864054476,1016965.8101435868,10207.700751874143,0.004124453386177932,27.880688066762364,2020.6929773023337,0.741056747994291,9.981206972042868e-10,0,0.0010842960397175053,0.005725502431716549,5.812769813928753e-05,3.3201166852632884
0.04975,99,physics,1,16384,197585.85372824478,803141.929442999,7249.307109960404,1007977.0902812041,10207.700751874143,0.004124453386177932,27.687854298964844,2008.5079183293024,0.7436891646129651,9.973852854727753e-10,0,0.0009845844358967652,0.00569810350426476,5.812769813928753e-05,3.3201166852632884
0.0498125,99,physics,1,16384,201703.30442894498,790334.3638766126,7273.347354845051,999311.0156604026,10207.700751874143,0.004124453386177932,27.43585099492799,2000.917923902474,0.7450574447155182,1.0038370135134739e-09,0,0.0008965385644446227,0.005751808239558219,5.812769813928753e-05,3.3201166852632884
0.049875,99,physics,1,16384,205544.77843668993,777761.0732354148,7309.764776533453,990615.6164486383,10207.700751874143,0.004124453386177932,27.182300733977574,1952.3365899371709,0.7423880700917941,1.0045546616765922e-09,0,0.0008752493287460125,0.005810563522920512,5.812769813928753e-05,3.3201166852632884
0.0499375,99,physics,1,16384,208957.39374707686,765440.7450483668,7365.579443728035,981763.7182391718,10207.700751874143,0.004124453386177932,27.009253558511833,1941.7078123988147,0.7407327759063088,-2.731879167328055e-10,1,-0.0003209463205030569,0.005868881821890867,5.812769813928753e-05,3.3201166852632884
0.05,99,physics,1,16384,212047.4330420129,753385.8273168108,7435.599126151549,972868.8594849752,10207.700751874143,0.004124453386177932,26.824804122742307,2018.4703752096764,0.7425891966694299,-1.6552644810374742e-09,1,-0.0019436762266541742,0.005913086783393279,5.812769813928753e-05,3.3201166852632884
0.05,100,refine,1,16384,212047.4330420129,753385.8273168108,7435.599126151549,972868.8594849752,10207.700751874143,0.004124453386177932,26.824804122742307,2018.4703752096764,0.7425891966694299,-1.6552644810374742e-09,1,-0.0019436762266541742,0.005913086783393279,5.812769813928753e-05,3.3201166852632884
0.0500625,100,physics,1,16384,214963.78028849416,741581.6347667844,7521.512082594696,964066.9271378733,10207.700751874143,0.004124453386177932,26.600684938450808,2009.0964284684328,0.7434780008698465,-3.084362626415431e-09,1,-0.0036233240707864976,0.005919706726560892,5.812769813928753e-05,3.3201166852632884
0.050125,100,physics,1,16384,217770.94074431143,730042.9599258511,7616.615067503101,955430.5157376656,10207.700751874143,0.004124453386177932,26.367434941381525,1997.7678209016042,0.7470084788161598,-4.563244060395988e-09,2,-0.005363640807597789,0.005884585207406337,5.812769813928753e-05,3.3201166852632884
0.0501875,100,physics,1,16384,220481.10645807628,718801.1435278147,7717.476813080464,946999.7267989714,10207.700751874143,0.004124453386177932,26.1026074041806,1991.4418767153852,0.746677314252886,-6.0777103350062564e-09,2,-0.007143190497977024,0.005939586976614378,5.812769813928753e-05,3.3201166852632884
0.05025,100,physics,1,16384,222744.23404091437,707874.8179298217,7833.1897990184025,938452.2417697544,10207.700751874143,0.004124453386177932,25.912401115815324,1932.2417861631545,0.7451695717784518,-7.639960691863115e-09,2,-0.008966655143258947,0.005974895198953349,5.812769813928753e-05,3.3201166852632884
0.0503125,100,physics,1,16384,224530.2534141956,697285.3870214005,7963.255185375627,929778.8956209717,10207.700751874143,0.004124453386177932,25.71534105784701,1829.5961638496367,0.742654522567883,-9.24992504813817e-09,2,-0.01082066130391286,0.005969142860814616,5.812769813928753e-05,3.3201166852632884
0.050375,100,physics,1,16384,225966.88607264892,687006.3089609379,8101.836501564972,921075.0315351518,10207.700751874143,0.004124453386177932,25.525273298507276,1861.3979173670916,0.7431133344703619,-1.092241197486741e-08,2,-0.012707374965361957,0.005903051033326271,5.812769813928753e-05,3.3201166852632884
0.0504375,100,physics,1,16384,227232.43619412,677021.0980913623,8249.332297827994,912502.8665833103,10207.700751874143,0.004124453386177932,25.300956585058294,1905.2686898716718,0.7450839113574594,-1.2655840320174844e-08,3,-0.014609681700497978,0.005896392798284256,5.812769813928753e-05,3.3201166852632884
0.0505,100,physics,1,16384,228368.31082536618,667324.1606116928,8413.181549280622,904105.6529863396,10207.700751874143,0.004124453386177932,25.03431693266522,1919.9324655152739,0.7474289795675018,-1.4502923584291906e-08,3,-0.016574150436086982,0.005954134038998044,5.812769813928753e-05,3.3201166852632884
0.0505,101,refine,1,16384,228368.31082536618,667324.1606116928,8413.181549280622,904105.6529863396,10207.700751874143,0.004124453386177932,25.03431693266522,1919.9324655152739,0.7474289795675018,-1.4502923584291906e-08,3,-0.016574150436086982,0.005954134038998044,5.812769813928753e-05,3.3201166852632884
0.0505625,101,physics,1,16384,229306.01199464608,657931.5518533984,8590.765499786254,895828.3293478307,10207.700751874143,0.004124453386177932,24.821079814595205,1899.5137087799562,0.7491316431530936,-1.644346642182271e-08,3,-0.01856448153596385,0.006002100944897885,5.812769813928753e-05,3.3201166852632884
0.050625,101,physics,1,16384,229914.453257498,648869.3008348673,8775.34386282061,887559.0979551859,10207.700751874143,0.004124453386177932,24.61591775098196,1830.0091230173564,0.7474126185269391,-1.8478358260187733e-08,4,-0.02057087685094717,0.006024083971063071,5.812769813928753e-05,3.3201166852632884
0.0506875,101,physics,1,16384,230245.64074670296,640141.7497391724,8959.75359689018,879347.1440827654,10207.700751874143,0.004124453386177932,24.427309623408437,1721.1810485687233,0.7441609888775927,-2.0626679447799423e-08,7,-0.02260597434879122,0.0060016076132918756,5.812769813928753e-05,3.3201166852632884
0.05075,101,physics,1,16384,230475.66282578855,631711.9875358426,9131.948774962744,871319.5991365938,10207.700751874143,0.004124453386177932,24.19273987254676,1595.3719987695176,0.7442525575051105,-2.2929303955532283e-08,8,-0.024707088454303267,0.005916791927932011,5.812769813928753e-05,3.3201166852632884
0.050812500000000003,101,physics,1,16384,230787.52429296257,623529.0023927167,9281.686029840246,863598.2127155196,10207.700751874143,0.004124453386177932,23.932847426995394,1616.1740717840873,0.7465202102686345,-2.535913617984774e-08,9,-0.02683923981426272,0.005804873833589734,5.812769813928753e-05,3.3201166852632884
0.050875000000000004,101,physics,1,16384,231298.51628432277,615550.4649216065,9401.447786903776,856250.4289928331,10207.700751874143,0.004124453386177932,23.742366757585714,1609.1908345002985,0.7493181298517444,-2.7900730975582985e-08,10,-0.02898507234092382,0.005843913228104125,5.812769813928753e-05,3.3201166852632884
0.050937500000000004,101,physics,1,16384,231940.9408635715,607745.7377855192,9476.004431193644,849162.6830802844,10207.700751874143,0.004124453386177932,23.56844998012324,1559.2033881341629,0.7511971164659937,-3.049341620875444e-08,12,-0.031085574531669182,0.005859076106724332,5.812769813928753e-05,3.3201166852632884
0.051000000000000004,101,physics,1,16384,232828.65251519752,600076.9736798801,9487.306006966228,842392.932202044,10207.700751874143,0.004124453386177932,23.375258130875178,1469.3356854804235,0.7491430713946151,-3.3167444846160554e-08,14,-0.03318050091802437,0.0058334106858730795,5.812769813928753e-05,3.3201166852632884
0.051000000000000004,102,refine,1,16384,232828.65251519752,600076.9736798801,9487.306006966228,842392.932202044,10207.700751874143,0.004124453386177932,23.375258130875178,1469.3356854804235,0.7491430713946151,-3.3167444846160554e-08,14,-0.03318050091802437,0.0058334106858730795,5.812769813928753e-05,3.3201166852632884
0.051062500000000004,102,physics,1,16384,234026.90596174198,592498.3868947756,9419.750542516287,835945.0433990337,10207.700751874143,0.004124453386177932,23.158180019716443,1352.8979278139361,0.7456879709351986,-3.614896970649536e-08,17,-0.03519645260585501,0.005816497720679698,5.812769813928753e-05,3.3201166852632884
0.051125000000000004,102,physics,1,16384,235649.10232863217,584945.9726166243,9260.63718756459,829855.7121328211,10207.700751874143,0.004124453386177932,22.935587144678255,1370.466415601273,0.7461115778436486,-4.034055689494666e-08,21,-0.03715651456526018,0.005821574071519971,5.812769813928753e-05,3.3201166852632884
0.051187500000000004,102,physics,1,16384,237836.36562677516,577356.6721254317,9019.374143244586,824212.4118954515,10207.700751874143,0.004124453386177932,22.770085743364675,1362.264632972067,0.7490305635462443,-4.447404550189661e-08,24,-0.038985738384219974,0.005827441258968845,5.812769813928753e-05,3.3201166852632884
0.051250000000000004,102,physics,1,16384,240573.1980514884,569682.453973351,8727.979510095383,818983.6315349349,10207.700751874143,0.004124453386177932,22.588234851940996,1317.6710399855237,0.7528563030218113,-4.8441102573626484e-08,25,-0.04064758942154627,0.005855650101734563,5.812769813928753e-05,3.3201166852632884
0.051312500000000004,102,physics,1,16384,243774.41169327512,561909.2496844115,8422.40816946197,814106.0695471485,10207.700751874143,0.004124453386177932,22.406793335086952,1239.0525877128932,0.7558398711528599,-5.218497289849464e-08,28,-0.042155438503992296,0.005888718594484235,5.812769813928753e-05,3.3201166852632884
0.051375000000000004,102,physics,1,16384,247438.59879930856,554052.9376517542,8123.554533181821,809615.0909842446,10207.700751874143,0.004124453386177932,22.20449268540528,1155.6637560204854,0.7571827174278293,-5.565178340383175e-08,30,-0.04346503998089604,0.005926281934940175,5.812769813928753e-05,3.3201166852632884
0.051437500000000004,102,physics,1,16384,251471.89522491876,546153.7338874992,7835.428727553646,805461.0578399716,10207.700751874143,0.004124453386177932,22.04566358568507,1183.0114805928952,0.7525875503580394,-5.871390801326374e-08,31,-0.04455255971060937,0.0059678074190831765,5.812769813928753e-05,3.3201166852632884
0.051500000000000004,102,physics,1,16384,255744.66738801415,538254.6398028808,7550.715486373331,801550.0226772683,10207.700751874143,0.004124453386177932,21.917378803002364,1189.4865068276126,0.7526846114113981,-6.137017846685733e-08,31,-0.04547665789060941,0.006011817730489565,5.812769813928753e-05,3.3201166852632884
0.051500000000000004,103,refine,1,16384,255744.66738801415,538254.6398028808,7550.715486373331,801550.0226772683,10207.700751874143,0.004124453386177932,21.917378803002364,1189.4865068276126,0.7526846114113981,-6.137017846685733e-08,31,-0.04547665789060941,0.006011817730489565,5.812769813928753e-05,3.3201166852632884
0.051562500000000004,103,physics,1,16384,260215.34565270747,530399.737210623,7268.871079863871,797883.9539431944,10207.700751874143,0.004124453386177932,21.76995602851344,1173.2928043674583,0.7568577154752459,-6.35076169430704e-08,36,-0.04618168950994651,0.006054117488584968,5.812769813928753e-05,3.3201166852632884
0.051625000000000004,103,physics,1,16384,264760.49235780595,522653.60134126514,6996.788057922435,794410.8817569935,10207.700751874143,0.004124453386177932,21.593831556760527,1128.1984116224812,0.7603042819658496,-6.512561517846302e-08,39,-0.04663983422563518,0.0060883181929400525,5.812769813928753e-05,3.3201166852632884
0.051687500000000004,103,physics,1,16384,269278.86078686506,515070.6256772936,6749.6012952056335,791099.0877593643,10207.700751874143,0.004124453386177932,21.443866549914524,1057.3462530604857,0.7642102941691408,-6.622159171021388e-08,39,-0.046872902132230304,0.006105842492563234,5.812769813928753e-05,3.3201166852632884
0.051750000000000004,103,physics,1,16384,273721.60729838716,507698.0126530344,6534.756228373264,787954.3761797949,10207.700751874143,0.004124453386177932,21.292704030286437,1032.9848575053286,0.7670755142133009,-6.681699421529073e-08,41,-0.04697404127069913,0.006097406164223551,5.812769813928753e-05,3.3201166852632884
0.051812500000000004,103,physics,1,16384,278061.5414925657,500567.0449550095,6346.26765484737,784974.8541024225,10207.700751874143,0.004124453386177932,21.14461189756946,1036.4022337872204,0.7638062362571806,-6.693898213505631e-08,42,-0.04689127525220008,0.006056962927113857,5.812769813928753e-05,3.3201166852632884
0.051875000000000004,103,physics,1,16384,282206.21839123353,493692.787778555,6165.428850279822,782064.4350200683,10207.700751874143,0.004124453386177932,20.99516237468597,1041.0565412174428,0.7609994944376742,-6.661200013802213e-08,44,-0.04664593606051319,0.006083678940874984,5.812769813928753e-05,3.3201166852632884
0.051937500000000004,103,physics,1,16384,286094.6234344533,487069.4090800488,5975.870682757826,779139.9031972599,10207.700751874143,0.004124453386177932,20.817394321079416,1046.3412612159614,0.7638447804500814,-6.585874601228167e-08,43,-0.04626401165753596,0.006092948850561301,5.812769813928753e-05,3.3201166852632884
0.052000000000000005,103,physics,1,16384,289769.5860835463,480685.51443817245,5778.075934898796,776233.1764566175,10207.700751874143,0.004124453386177932,20.666032092895453,1051.5943012456905,0.7673244633229345,-6.480088121652026e-08,42,-0.04579481414122253,0.006074785221542057,5.812769813928753e-05,3.3201166852632884
