t,macro,phase,capacity_blocked,samples,elastic_energy,kinetic_energy,affine_kinetic_energy,total_energy,mass,grown_rest_area,max_speed,max_volumetric_pressure,min_elastic_det,min_triangle_area,inverted_triangles,min_triangle_quality,max_edge,min_weight,max_hardening
0.0,0,initial,0,10,0.0,0.0,0.0,0.0,50.0,2.0202495988996816e-05,0.0,-0.0,1.0,2.0202199486618594e-06,0,0.8548107181185775,0.002621869394860768,0.49999263882637024,1.0
0.0,0,refine,0,10,0.0,0.0,0.0,0.0,50.0,2.0202495988996816e-05,0.0,-0.0,1.0,2.0202199486618594e-06,0,0.8548107181185775,0.002621869394860768,0.49999263882637024,1.0
6.25e-05,0,physics,0,10,1.4244871558658567,0.007499649268141543,0.08278327669544393,1.5147700818294423,50.37621788448631,2.0354506795043284e-05,0.02316233345273849,19.653084766243296,0.9929248565907389,2.0207867361676794e-06,0,0.8546869113758513,0.0026226480196576978,0.49999263882637024,0.9999985694895486
0.000125,0,physics,0,10,4.29790511842422,0.11099149732393036,1.2205227272979084,5.6294193430460595,50.755262305874204,2.0507659663098104e-05,0.08906842609837955,33.06303535948315,0.9880971965949711,2.0260880830846864e-06,0,0.854013328636879,0.0026282561030931033,0.49999263882637024,0.9999982118622555
0.0001875,0,physics,0,10,5.884739479293398,0.4549025362842833,4.953923580520061,11.293565596097743,51.137163111662154,2.0661966653040623e-05,0.18061585101486258,36.21597829488332,0.9869620566432359,2.0386712158426673e-06,0,0.8522972167518345,0.002641939016813562,0.49999263882637024,1.0000005364419469
0.00025,0,physics,0,10,4.841144829450197,1.0511136222658164,11.25385376106172,17.146112212777734,51.52193104037073,2.0817432103769223e-05,0.27540269708087717,28.218280711687093,0.9898412154942207,2.059621778016664e-06,0,0.849262439266638,0.0026651589288944305,0.49999263882637024,0.9999949932223728
0.0003125,0,physics,0,10,2.3956144910135064,1.6929465822102823,17.699743438072655,21.788304511296445,51.90959537606237,2.0974067847506977e-05,0.35068438117693057,11.505243547156365,0.9958580278906588,2.0873528558951193e-06,0,0.84489365823919,0.0026970457168445225,0.49999263882637024,1.0000010728841815
0.000375,0,physics,0,10,0.9568074689636245,2.0706989794401336,21.048568377956517,24.076074826360276,52.30017570578443,2.11318817983988e-05,0.3882041470024743,-8.80736759436439,1.0031707339768041,2.118246353433053e-06,0,0.8394293828779307,0.0027345498468515543,0.49999263882637024,1.0000014305124978
0.0004375,0,physics,0,10,1.6615793298269328,1.999656743886081,19.768791019627816,23.43002709334083,52.69369496866584,2.129088322499788e-05,0.3789941059751856,-26.353697420144186,1.0094875176844567,2.147800012508582e-06,0,0.8332961763507891,0.0027732779356682397,0.49999263882637024,1.000000715255993
0.0005,0,physics,0,10,3.415204449508068,1.5582828510335032,15.102026650114514,20.075513950656084,53.090175051471505,2.145108097064985e-05,0.32660831351886793,-35.475935370991394,1.012771615347138,2.1709095570088283e-06,0,0.8269274231034792,0.0028086812782939768,0.49999263882637024,0.9999982118622555
0.0005,1,refine,0,10,3.415204449508068,1.5582828510335032,15.102026650114514,20.075513950656084,53.090175051471505,2.145108097064985e-05,0.32660831351886793,-35.475935370991394,1.012771615347138,2.1709095570088283e-06,0,0.8269274231034792,0.0028086812782939768,0.49999263882637024,0.9999982118622555
0.0005625000000000001,1,physics,0,10,4.355190340835792,1.0008503616217568,9.682252121318932,15.03829282377648,53.48965765996148,2.16124918865637e-05,0.24698588365501542,-33.17602723329573,1.0119436559833015,2.185286622768956e-06,0,0.8209990173318581,0.002837159713853161,0.49999263882637024,0.999996781354362
0.000625,1,physics,0,10,3.942272028632243,0.5399578061622436,5.331768118145868,9.813997952940355,53.89209477302975,2.1775096569815408e-05,0.1634923712413837,-20.230606274926117,1.0072831979793013,2.191670507301067e-06,0,0.816064825450815,0.002857149848011865,0.49999263882637024,1.0
0.0006875,1,physics,0,10,3.219577864952629,0.23595710718199278,2.3793608150875474,5.83489578722217,54.29758237946488,2.1938933804667274e-05,0.09862468654007951,-0.8878631437467195,1.0003196386191573,2.1929201139414536e-06,0,0.812437126932999,0.0028695107154735606,0.49999263882637024,1.000000715255993
0.00075,1,physics,0,10,3.1887052784368457,0.07929618784979155,0.7579004207982052,4.025901887084842,54.706124056123514,2.2104005036347943e-05,0.06731119833084201,18.643448764640652,0.9932881904237217,2.1937376128988717e-06,0,0.8101862320456575,0.0028772728912187994,0.49999263882637024,0.9999960661011826
0.0008125000000000001,1,physics,0,10,3.537745185346062,0.1027536626643394,0.9774604151775633,4.617959263187965,55.11772982345837,2.227031431362054e-05,0.07653615153835526,32.2809346801042,0.9883785518078118,2.199283350989842e-06,0,0.8091701214360927,0.002884167516615093,0.49999263882637024,0.9999896288455898
0.000875,1,physics,0,10,3.284806433868334,0.3567542225682127,3.567831752900961,7.209392409337507,55.53247090202576,2.2437890413145104e-05,0.11963099988947581,35.89517218645014,0.9870773636772141,2.2129696759520795e-06,0,0.8089611443554253,0.002893817217576748,0.49999263882637024,0.9999885559736865
0.0009375,1,physics,0,10,2.356410688912565,0.7906016032181074,7.80317554256347,10.950187834694143,55.95031317538932,2.2606719550178308e-05,0.17953222676844827,28.4244351221009,0.9897669105891953,2.2353605526603798e-06,0,0.8088404741672658,0.0029087411599539544,0.49999263882637024,0.9999885559736865
0.001,1,physics,0,10,1.9784943784377262,1.2157444078923274,11.581351074854654,14.775589861184708,56.37129963309379,2.2776819094642244e-05,0.23872322330714552,12.15689027209663,0.9956234052445021,2.2660908527427654e-06,0,0.808510098240967,0.0029297680172174242,0.49999263882637024,0.9999889135975264
0.001,2,refine,0,10,1.9784943784377262,1.2157444078923274,11.581351074854654,14.775589861184708,56.37129963309379,2.2776819094642244e-05,0.23872322330714552,12.15689027209663,0.9956234052445021,2.2660908527427654e-06,0,0.808510098240967,0.0029297680172174242,0.49999263882637024,0.9999889135975264
0.0010625,2,physics,0,10,3.1963548941254123,1.438122405552826,13.047329987572938,17.681807287251175,56.79544417956586,2.2948194664619383e-05,0.2826852789393999,-7.872551038010525,1.0028341954052689,2.299686553186577e-06,0,0.8070651501088009,0.0029560811014460587,0.49999263882637024,0.9999917745928498
0.0011250000000000001,2,physics,0,10,5.222561562533231,1.4375677241803415,12.367299601484374,19.027428888197946,57.222794656757976,2.3120865590646772e-05,0.3032226601473741,-25.323184258488126,1.0091165908557982,2.331524513010663e-06,0,0.8042663876420236,0.002985735397844279,0.49999263882637024,0.9999960661011826
0.0011875,2,physics,0,10,5.869270510678265,1.3773606289655123,11.513691416560054,18.760322556203832,57.65335321910583,2.3294832743223998e-05,0.30039859674568137,-34.551514788920905,1.0124389590293434,2.356783713963751e-06,0,0.7999095050689299,0.0030161310096533064,0.49999263882637024,0.9999949932223728
0.00125,2,physics,0,10,3.9973173618923896,1.402722959748921,12.005914091465183,17.405954413106492,58.087152909709275,2.3470109473412873e-05,0.2815702987562475,-32.56457788046086,1.0117236631077744,2.372745825596214e-06,0,0.794211085436382,0.003045210551422199,0.49999263882637024,0.9999982118622555
0.0013125,2,physics,0,10,1.1712114726052134,1.4666579560641044,13.143114291356738,15.780983720026057,58.52420985488465,2.364670229705025e-05,0.2576141034237983,-20.097942325022743,1.0072355154070467,2.3799977810767805e-06,0,0.7875889122726153,0.003071804712869318,0.49999263882637024,0.9999982118622555
0.001375,2,physics,0,10,0.2740387358478446,1.408499613219623,12.909482216858455,14.592020565925923,58.96455976646587,2.3824625643499743e-05,0.2381514986240964,-1.3069872073062951,1.000470530202572,2.3815468788157524e-06,0,0.7805587852364869,0.0030960135010188994,0.49999263882637024,1.0000010728841815
0.0014375,2,physics,0,10,2.4496619479932478,1.1830065306026254,10.53969333760841,14.172361816204283,59.40823003601204,2.4003890580318608e-05,0.22899183735841588,17.78112482488285,0.9935985569766896,2.3826687032268966e-06,0,0.7738663415261313,0.0031188490937751013,0.49999263882637024,1.0000010728841815
0.0015,2,physics,0,10,5.7802778158845065,0.9510789885726689,7.720763098800025,14.4521199032572,59.85523539314326,2.4184503059008683e-05,0.2315089724209506,31.245876580371412,0.9887510459392111,2.389156677828905e-06,0,0.7682682447033924,0.003141638276441011,0.49999263882637024,1.0
0.0015,3,refine,0,10,5.7802778158845065,0.9510789885726689,7.720763098800025,14.4521199032572,59.85523539314326,2.4184503059008683e-05,0.2315089724209506,31.245876580371412,0.9887510459392111,2.389156677828905e-06,0,0.7682682447033924,0.003141638276441011,0.49999263882637024,1.0
0.0015625,3,physics,0,10,7.134374528856296,0.928260189871133,7.021260458433371,15.0838951771608,60.30559927741745,2.436647255032144e-05,0.24203380376878642,35.05324382480008,0.987380335787039,2.4037995860481946e-06,0,0.7640464867746686,0.00316532570109384,0.49999263882637024,0.9999942779704725
0.0016250000000000001,3,physics,0,10,5.239305856677966,1.1578013775567664,9.200858186315905,15.597965420550636,60.75936210785239,2.4549815385557794e-05,0.252321725655376,28.077739635921887,0.989891605239387,2.4280291777145627e-06,0,0.7613770538738039,0.003190206930922036,0.49999263882637024,0.9999921322178408
0.0016875,3,physics,0,10,1.9281535012358955,1.434669256375145,12.176821670763585,15.539644428374626,61.216543036786916,2.473453930321872e-05,0.2529834695472849,12.392760146125747,0.9955384212633861,2.4603595818462054e-06,0,0.7600887569728453,0.003215560940494182,0.49999263882637024,0.9999874831029342
0.00175,3,physics,0,10,0.35457323591672996,1.4655735194616069,12.796038451972422,14.616185207350759,61.677152463131975,2.492064850498332e-05,0.23811913738497256,-7.270480110335582,1.002617483295417,2.496703512377964e-06,0,0.7598475767352576,0.003240073071852702,0.49999263882637024,0.9999867678564055
0.0018125,3,physics,0,10,1.886508917317197,1.1408139064790952,9.837229134018832,12.864551957815124,62.14122569280596,2.5108157256205105e-05,0.20879240614092023,-24.78483739859956,1.0089229243856508,2.5315837373085485e-06,0,0.7599614689220081,0.003262326627959221,0.49999263882637024,0.9999856949875716
0.001875,3,physics,0,10,4.808329238317765,0.6615902261797215,5.30225381061434,10.772173275111827,62.60879728392914,2.5297079520089815e-05,0.1740499631599685,-34.50510032826492,1.0124223114635111,2.559390896550441e-06,0,0.7596581557322315,0.0032811980289727885,0.49999263882637024,0.9999928474682064
0.0019375,3,physics,0,10,6.238856246621806,0.37087973765126586,2.5958026196998234,9.205538603972895,63.079882122975825,2.5487421311516173e-05,0.14899113116243148,-33.16001920848356,1.0119380381141543,2.577452372420907e-06,0,0.7583801902849185,0.0032971673315232383,0.49999263882637024,0.9999949932223728
0.002,3,physics,0,10,5.17642125981015,0.45180416641745835,3.460162897782639,9.088388324010246,63.5545237715271,2.5679200231537537e-05,0.14850325591108401,-21.100225048515096,1.0075963662626988,2.5855193124257897e-06,0,0.7557175217644447,0.003311750372268199,0.49999263882637024,0.9999946355963587
0.002,4,refine,0,10,5.17642125981015,0.45180416641745835,3.460162897782639,9.088388324010246,63.5545237715271,2.5679200231537537e-05,0.14850325591108401,-21.100225048515096,1.0075963662626988,2.5855193124257897e-06,0,0.7557175217644447,0.003311750372268199,0.49999263882637024,0.9999946355963587
0.0020625,4,physics,0,10,3.2502798839026834,0.8264692136318849,6.885765097806436,10.962514195341004,64.0327199281115,2.5872415350244537e-05,0.17835183764004556,-2.191804128773569,1.0007890796808474,2.5874666045311297e-06,0,0.7514657746700227,0.0033277508363660497,0.49999263882637024,0.9999942779704725
0.002125,4,physics,0,10,2.545816948486607,1.3351540682746394,10.817673194070228,14.698644210831475,64.5145184034058,2.606708598553729e-05,0.23445891108282232,17.57780318432222,0.993671753226578,2.5882747749506014e-06,0,0.7457795635167423,0.0033480637502840836,0.49999263882637024,0.9999989271169696
0.0021875,4,physics,0,10,3.3087184358424753,1.9214762664161351,14.277938174131302,19.50813287638991,64.99994558580124,2.626322279964316e-05,0.3063387773193809,32.078545266232666,0.9884512817872592,2.5939828542931284e-06,0,0.7391062678788916,0.003374948261384216,0.49999263882637024,0.9999953508485149
0.0022500000000000003,4,physics,0,10,4.113135785255547,2.5839139724972835,17.491075074104796,24.188124831857625,65.48903166368328,2.6460837990176904e-05,0.3775565786230178,36.90056930132435,0.9867152867059935,2.6091705791486666e-06,0,0.7321090056222245,0.0034093805548364273,0.49999263882637024,0.9999996423721953
0.0023125,4,physics,0,10,3.913543058416497,3.190241583141236,20.3431847270713,27.446969368629034,65.9817854172737,2.6659935104786376e-05,0.4284906506045341,30.555650737576975,0.9889995329948915,2.6349107979939386e-06,0,0.7253439920644728,0.0034501896039949758,0.49999263882637024,0.9999996423721953
0.002375,4,physics,0,10,3.338009121942119,3.4335505550004557,21.441131656135127,28.2126913330777,66.47825008782208,2.6860531615095014e-05,0.44172833205816264,14.840698938032087,0.9946571362924955,2.6698235302546887e-06,0,0.71940925410302,0.0034943689092077515,0.49999263882637024,1.000001609326704
0.0024375,4,physics,0,10,3.7270458124405024,3.0516867497855515,19.149428458045893,25.928161020271947,66.97844868772349,2.7062636819259217e-05,0.4078749361215453,-5.6150929621638825,1.002021514435146,2.71012083352673e-06,0,0.7148405241194263,0.003537240160656663,0.49999263882637024,0.9999974966080529
0.0025,4,physics,0,10,5.144899774229243,2.116829856694958,13.548189123346999,20.8099187542712,67.4824093605142,2.7266262088672545e-05,0.3302557185276717,-24.596851698196247,1.0088552181272528,2.7491454064332313e-06,0,0.7116372247217729,0.003574352449485812,0.49999263882637024,1.0000003576279326
0.0025,5,refine,0,10,5.144899774229243,2.116829856694958,13.548189123346999,20.8099187542712,67.4824093605142,2.7266262088672545e-05,0.3302557185276717,-24.596851698196247,1.0088552181272528,2.7491454064332313e-06,0,0.7116372247217729,0.003574352449485812,0.49999263882637024,1.0000003576279326
0.0025625,5,physics,0,10,5.929093304775924,1.058749704611515,6.974015598864019,13.961858608251458,67.99016980827086,2.7471422656856056e-05,0.226104995156251,-36.15786389976468,1.0130173291178692,2.7811179030834435e-06,0,0.7097720348352324,0.003601950518241896,0.49999263882637024,1.000002145769514
0.002625,5,physics,0,10,4.61695703924976,0.3302734036942529,2.231386107562493,7.178616550506506,68.50174436116248,2.7678124313913366e-05,0.12274348882160788,-36.578979027863745,1.0131689693323962,2.80275816066933e-06,0,0.7089805610674214,0.0036189039667592223,0.49999263882637024,1.0000030398415038
0.0026875000000000002,5,physics,0,10,2.055194432898994,0.04863316961739678,0.3048819358097836,2.4087095383261747,69.01716118863293,2.7886378441706036e-05,0.0492691921983839,-25.687005004396223,1.009247652517495,2.8126834186181773e-06,0,0.7085304149771691,0.003626944271383488,0.49999263882637024,1.0
0.00275,5,physics,0,10,0.9068950352399648,0.021506908077120763,0.16195068723870706,1.0903526305557927,69.53646074539421,2.8096201385957193e-05,0.028147004727695542,-6.8717239793288805,1.0024739648440353,2.814850415866492e-06,0,0.7080089977382569,0.003630274512299147,0.49999263882637024,1.0000055432473278
0.0028125,5,physics,0,10,2.80954314063234,0.10866094499934395,0.779878430704854,3.6980825163365383,70.05966754336065,2.8307603050703844e-05,0.06596309444235268,14.08300189177211,0.9949298699237793,2.8151724764669005e-06,0,0.7069171143890979,0.003634556271159074,0.49999263882637024,1.0000042915436325
0.002875,5,physics,0,10,6.356631617321542,0.47104630830769434,2.8482607614479587,9.675938687077196,70.5868175119403,2.852059795322046e-05,0.15426279036711327,30.92293396194329,0.9888670430595564,2.8190642886727363e-06,0,0.7047539431231338,0.0036454552118943516,0.49999263882637024,1.0000069737677553
0.0029375,5,physics,0,10,8.246649745281786,1.4125239528077533,8.017193575279686,17.676367273369223,71.11793316318148,2.8735195189498318e-05,0.2738156487521109,38.77415141968205,0.9860404118890608,2.8316747737733277e-06,0,0.7013398337586746,0.003667145962518445,0.49999263882637024,1.000010550077777
0.003,5,physics,0,10,6.509898611642794,2.973581167718396,16.4287638345971,25.91224361395829,71.65304349680628,2.895140647687285e-05,0.39752487963085836,35.40845122091767,0.9872521552044378,2.856330798550748e-06,0,0.6965853129924592,0.003701342746378129,0.49999263882637024,1.0000053644324183
0.003,6,refine,0,10,6.509898611642794,2.973581167718396,16.4287638345971,25.91224361395829,71.65304349680628,2.895140647687285e-05,0.39752487963085836,35.40845122091767,0.9872521552044378,2.856330798550748e-06,0,0.6965853129924592,0.003701342746378129,0.49999263882637024,1.0000053644324183
0.0030625,6,physics,0,10,2.5810159715940215,4.678902888574978,25.243605568200028,32.503524428369026,72.19218253678058,2.91692455627247e-05,0.49668281949516396,21.773884245602485,0.992161048447672,2.8922767771888428e-06,0,0.6907330948482865,0.0037468414868828378,0.49999263882637024,1.0000010728841815
0.003125,6,physics,0,10,0.09544434006912628,5.720187600887556,30.02034508427294,35.835977025229624,72.73538183410079,2.938872519523147e-05,0.5470199196103294,1.7572967008092253,0.9993673426438993,2.9351654777798326e-06,0,0.6841716929165059,0.0037998371238925368,0.49999263882637024,0.9999960661011826
0.0031875000000000002,6,physics,0,10,1.4115405907538336,5.5049608174688025,28.043966150133198,34.96046755835583,73.2826555188172,2.9609851083638793e-05,0.5348429009023835,-18.787801297680264,1.00676406322717,2.979409405412524e-06,0,0.6774253923846534,0.0038546798532105232,0.49999263882637024,0.9999935627190837
0.0032500000000000003,6,physics,0,10,5.235840885443785,4.142780506969122,20.5870089133354,29.965630305748306,73.83404629684625,2.9832640483268816e-05,0.46198008845395416,-33.67369571326018,1.0121233672091134,3.0177209779935765e-06,0,0.6710532961249063,0.003904945225625315,0.49999263882637024,0.9999960661011826
0.0033125,6,physics,0,10,7.904080113580095,2.386517777598076,11.81744199597325,22.10803988715142,74.3895885936407,3.0057107303722965e-05,0.34702375386922074,-38.35742033177841,1.01380963927304,3.044994915768482e-06,0,0.6655648846027545,0.0039453973285370385,0.49999263882637024,0.9999964237277084
0.003375,6,physics,0,10,7.10699562556093,1.026522309269963,5.368210585205149,13.501728520036043,74.94931902851548,3.0283266341032502e-05,0.2206518277664899,-31.451915306203738,1.0113234589051432,3.0607110304004e-06,0,0.6610964438717158,0.003973376924031645,0.49999263882637024,0.9999996423721953
0.0034375,6,physics,0,10,4.073815105647157,0.3333149945686281,2.027404465643704,6.434534565859489,75.51325501722661,3.051112463203226e-05,0.11608479000050666,-15.224922047405295,1.005481360060173,3.0663167649436227e-06,0,0.6578273057357544,0.003989560009222649,0.49999263882637024,0.9999982118622555
0.0035,6,physics,0,10,1.9330407323029666,0.09191227383552954,0.5973684032846541,2.62232140942315,76.08143320219463,3.07406969820893e-05,0.05832228641472389,5.229592153130061,0.9981172188955708,3.0667950481344528e-06,0,0.6559617043955487,0.003997625783613058,0.49999263882637024,0.9999989271169696
0.0035,7,refine,0,10,1.9330407323029666,0.09191227383552954,0.5973684032846541,2.62232140942315,76.08143320219463,3.07406969820893e-05,0.05832228641472389,5.229592153130061,0.9981172188955708,3.0667950481344528e-06,0,0.6559617043955487,0.003997625783613058,0.49999263882637024,0.9999989271169696
0.0035625,7,physics,0,10,2.3721734333634488,0.07037208123260875,0.33763980844193997,2.7801853230379976,76.65389390832654,3.097199968447902e-05,0.058769887114357,23.75306717764309,0.9914483147548062,3.0692852339697656e-06,0,0.6550737435443341,0.004002920799756026,0.49999263882637024,0.9999985694895486
0.003625,7,physics,0,10,4.3039653756943705,0.32780692432478503,1.9630708138003397,6.594843113819495,77.2306688510013,3.1205045553797825e-05,0.11445801930647134,35.000261551548824,0.987399058657737,3.079694960383959e-06,0,0.6546056779062478,0.004011316809746098,0.49999263882637024,1.0
0.0036875000000000002,7,physics,0,10,5.572589517202574,1.071727454249846,6.31521845797258,12.959535429425,77.8117749898758,3.1439841442593664e-05,0.2071782633431063,35.91910918259992,0.9870686397432682,3.101959626938818e-06,0,0.654231352750014,0.004027557269205906,0.49999263882637024,0.9999992847445185
0.00375,7,physics,0,10,5.393054194374926,2.3092896500419497,12.597365361258337,20.299709205675214,78.39726185999515,3.1676407365497623e-05,0.31300146294773995,26.46734465182717,0.990471299300608,3.136160042771507e-06,0,0.6531690842431461,0.004053852449565873,0.49999263882637024,0.9999935627190837
0.0038125,7,physics,0,10,4.818519479232962,3.6969319700167365,18.400418752386535,26.915870201636235,78.98715787726556,3.1914754803954236e-05,0.4075796800808688,9.560638671018317,0.9965578857301052,3.1791724337537664e-06,0,0.6509773105186144,0.004090500120318474,0.49999263882637024,0.9999896288455898
0.003875,7,physics,0,10,5.011613681415256,4.737993128317424,21.615922974615774,31.365529784348453,79.581478339867,3.215488993919191e-05,0.47123199927366644,-9.702683776802697,1.0034932609790523,3.2254070774229183e-06,0,0.6474834495623752,0.004135061416525918,0.49999263882637024,0.9999864102333329
0.0039375,7,physics,0,10,5.578360280303885,5.123556199221083,22.134066898985544,32.83598337851051,80.18026955144327,3.2396831480194246e-05,0.4933284185696097,-25.488911473366365,1.0091767924654302,3.268068811124178e-06,0,0.6424634418422821,0.004183868611681815,0.49999263882637024,0.9999860526103883
0.004,7,physics,0,10,5.116580668780526,4.8851271250870765,21.377710599332566,31.37941839320017,80.78358006391036,3.264059904435898e-05,0.4745141291834716,-33.02817593422675,1.011891146908874,3.3014786522400675e-06,0,0.6362101571021956,0.004232642594769306,0.49999263882637024,0.9999889135975264
0.004,8,refine,0,10,5.116580668780526,4.8851271250870765,21.377710599332566,31.37941839320017,80.78358006391036,3.264059904435898e-05,0.4745141291834716,-33.02817593422675,1.011891146908874,3.3014786522400675e-06,0,0.6362101571021956,0.004232642594769306,0.49999263882637024,0.9999889135975264
0.0040625,8,physics,0,10,3.34641351080522,4.24993464025012,20.25042655895546,27.8467747100108,81.39139532553881,3.2886186752060956e-05,0.42568961739453703,-30.178477675442426,1.0108651572895888,3.3228626383774436e-06,0,0.629142727998957,0.004277572810246157,0.49999263882637024,0.9999917745928498
0.004125,8,physics,0,10,2.00258139683184,3.421969233394038,18.08151299055749,23.506063620783365,82.00377249687068,3.313361769901266e-05,0.36382772124005347,-18.109173354777006,1.0065198340077959,3.333337652122735e-06,0,0.6218742294518919,0.004316577434661973,0.49999263882637024,0.9999921322178408
0.0041875,8,physics,0,10,3.062363121232987,2.5388232260150345,13.963065383918659,19.56425173116668,82.62080787094916,3.338293079241046e-05,0.3061549855304155,-0.8123888378102153,1.0002924746248358,3.337248955403994e-06,0,0.6150944463174396,0.004349498613045745,0.49999263882637024,0.9999949932223728
0.00425,8,physics,0,10,6.2474253201342815,1.7740017845348979,8.809274820768806,16.830701925437985,83.24247955742908,3.363411718746212e-05,0.2653900761188762,16.2883688212235,0.9941358495875181,3.3418649287852986e-06,0,0.6096314565740969,0.0043775887554903725,0.49999263882637024,0.9999874831029342
0.0043125,8,physics,0,10,8.794564734837161,1.3665813477032613,5.452151454333492,15.613297536873915,83.86882148284653,3.3887190592181844e-05,0.2476160040921295,28.05660449125076,0.989899015519264,3.352467373929357e-06,0,0.6056304095251418,0.004402846506950166,0.49999263882637024,0.9999867678564055
0.004375,8,physics,0,10,8.014872566473954,1.477271148602409,6.284131287552292,15.776275002628655,84.49987327565036,3.414216701844123e-05,0.2513764976505493,31.101357877385055,0.9888028224246113,3.373883149748734e-06,0,0.603280981039264,0.004427611635675649,0.49999263882637024,0.9999810459025926
0.0044375000000000005,8,physics,0,10,4.147041051232872,2.0023795056950013,10.71152302020824,16.860943577136112,85.13568318057416,3.439906595952096e-05,0.2682904713690838,24.630395883212813,0.9911325120419583,3.407132728838748e-06,0,0.6023935540429224,0.004453493649263193,0.49999263882637024,0.9999817611450287
0.0045000000000000005,8,physics,0,10,0.5533197025664494,2.5628155989443604,15.113037357954848,18.229172659465657,85.77627647127935,3.4657897627241915e-05,0.28711496574211354,10.629152680707445,0.9961732628096397,3.449885356943128e-06,0,0.6024962527685492,0.004481021477636919,0.49999263882637024,0.9999781849379641
0.0045000000000000005,9,refine,0,10,0.5533197025664494,2.5628155989443604,15.113037357954848,18.229172659465657,85.77627647127935,3.4657897627241915e-05,0.28711496574211354,10.629152680707445,0.9961732628096397,3.449885356943128e-06,0,0.6024962527685492,0.004481021477636919,0.49999263882637024,0.9999781849379641
0.0045625,9,physics,0,10,0.7343592881842322,2.7556820458757545,15.776060806357956,19.266102140417942,86.42168527424927,3.4918675002307196e-05,0.2990569328973173,-6.62835389700371,1.0023863610152337,3.496923680401666e-06,0,0.6028404014349753,0.004510109707491114,0.49999263882637024,0.9999756816006287
0.004625,9,physics,0,10,4.809063389924683,2.499702116859516,12.334556335749513,19.643321842533712,87.0719372046911,3.518140924263895e-05,0.3014902553001674,-21.748898834104917,1.0078301048114358,3.5416764063711534e-06,0,0.6027234758579715,0.004539720624480249,0.49999263882637024,0.999974251124965
0.0046875,9,physics,0,10,9.097177592313178,2.136894242920676,8.299785519661931,19.533857354895787,87.72708292246378,3.5446120817349166e-05,0.2990363364609003,-29.859541441273176,1.010750096158365,3.578154215588827e-06,0,0.6014369300446469,0.004569292663283823,0.49999263882637024,0.9999735358879005
0.00475,9,physics,0,10,9.642873159991096,2.1325849273989084,7.817309890033103,19.592767977423108,88.38715424687362,3.5712822583025986e-05,0.30112709171773067,-28.23958012396361,1.0101671578187372,3.6026691834223395e-06,0,0.5985411392977678,0.004598844631085625,0.49999263882637024,0.999974608743689
0.0048125,9,physics,0,10,6.172955262889299,2.6627791614384386,11.782280637118504,20.618015061446243,89.05220093846462,3.598153464541326e-05,0.3168753031077568,-17.330618003200833,1.0062395669294948,3.6154954905498433e-06,0,0.59393124435076,0.00462927821839712,0.49999263882637024,0.9999756816006287
0.004875,9,physics,0,10,2.223664523763857,3.536331092425458,17.31853361978987,23.078529235979186,89.72224470379776,3.625226577504515e-05,0.3503669200478614,-0.5712041572434887,1.0002056507792971,3.620427390771394e-06,0,0.5879200194766099,0.004661969960545513,0.49999263882637024,0.9999778273179611
0.0049375,9,physics,0,10,1.3859606655385959,4.481018704510624,20.934552538341755,26.801531908390974,90.39735099449419,3.6525042417643996e-05,0.3991243942180298,16.790322732097557,0.9939551271274936,3.6249725514636587e-06,0,0.5809963438347795,0.004698758547631673,0.49999263882637024,0.9999781849379641
0.005,9,physics,0,10,3.885277197503539,5.383877321468599,21.730648859054067,30.999803378026208,91.07753463294297,3.679987056219484e-05,0.4544327070493291,29.40962875019126,0.9894118937335521,3.6351238499321425e-06,0,0.5739137898104528,0.004740798835404121,0.49999263882637024,0.9999763968392279
0.005,10,refine,0,10,3.885277197503539,5.383877321468599,21.730648859054067,30.999803378026208,91.07753463294297,3.679987056219484e-05,0.4544327070493291,29.40962875019126,0.9894118937335521,3.6351238499321425e-06,0,0.5739137898104528,0.004740798835404121,0.49999263882637024,0.9999763968392279
0.0050625,10,physics,0,10,6.8963245330205805,6.209378304142251,21.439798898937923,34.54550173610075,91.76283405675535,3.707676573941154e-05,0.502590849324047,33.429482690383146,0.9879646717606514,3.656326871492869e-06,0,0.5673787397172966,0.0047881014244332805,0.49999263882637024,0.999974608743689
0.005125,10,physics,0,10,7.724834737601007,6.771776327625317,21.809978963250956,36.30659002847728,92.45329216878172,3.735574528418719e-05,0.5279843139485397,27.507580617794382,0.9900966086964683,3.6907211953263177e-06,0,0.5619266805292717,0.004839045180838469,0.49999263882637024,0.9999692444762567
0.0051875,10,physics,0,10,6.328358170746217,6.70715113547594,22.398303799963028,35.433813106185184,93.14894231746761,3.7636822670958635e-05,0.5177207816248834,13.133712484755703,0.9952715134734628,3.736920010766197e-06,0,0.5578419622242883,0.0048905899944627455,0.49999263882637024,0.9999670987773411
0.00525,10,physics,0,10,4.826917439525402,5.75003636447086,21.026998884098703,31.603952688094964,93.8498206052894,3.792001248692851e-05,0.46653684041170757,-5.724583481339277,1.0020610048327507,3.7897531637298656e-06,0,0.5552005832889434,0.004938799955883763,0.49999263882637024,0.9999667411613028
0.0053125,10,physics,0,10,4.861629770060073,4.060770815596174,16.297851733378657,25.220252319034905,94.55596878522735,3.8205331602385176e-05,0.38022629440747163,-23.603485208313906,1.0084978533505324,3.841973197804552e-06,0,0.5536827973074744,0.004980037074296568,0.49999263882637024,0.9999703173274411
0.0053750000000000004,10,physics,0,10,5.7968063227722,2.237321441711038,9.46519458556854,17.499322350051777,95.26741772314499,3.8492792488678315e-05,0.2760921396593325,-35.07790305508815,1.0126289167450977,3.8856908766149445e-06,0,0.5529836098370365,0.005011652370339354,0.49999263882637024,0.9999706749447583
0.0054375000000000005,10,physics,0,10,5.767176975815744,0.9196072352359883,3.6219319882959597,10.308716199347693,95.98424175153306,3.878242517984486e-05,0.1794979244226433,-36.46129430992676,1.013126915637779,3.916235505663223e-06,0,0.5526346459983794,0.005033305215622104,0.49999263882637024,0.9999710325622035
0.0055,10,physics,0,10,4.296776757354619,0.35069824193663596,1.0399217103880467,5.687396709679302,96.70644819865639,3.9074232636869565e-05,0.11737752618087746,-27.040423969526877,1.0097353986331856,3.932107397019995e-06,0,0.5519362322299274,0.005047131507895076,0.49999263882637024,0.9999660259296098
0.0055,11,refine,0,10,4.296776757354619,0.35069824193663596,1.0399217103880467,5.687396709679302,96.70644819865639,3.9074232636869565e-05,0.11737752618087746,-27.040423969526877,1.0097353986331856,3.932107397019995e-06,0,0.5519362322299274,0.005047131507895076,0.49999263882637024,0.9999660259296098
0.0055625,11,physics,0,10,3.214138626232113,0.37144531125840785,1.5963719623405528,5.181955899831074,97.43408756254586,3.936823526347782e-05,0.11022167475731194,-9.383499214101306,1.003378353295289,3.936545406091341e-06,0,0.5505926524171284,0.005057657303648715,0.49999263882637024,0.9999653106984284
0.005625,11,physics,0,10,4.55331234518364,0.855447975176773,3.9107654149712436,9.319525735331656,98.16720505329634,3.9664451326804805e-05,0.16334355094546887,11.493922954393481,0.9958619272839531,3.936036803153793e-06,0,0.5481385178925421,0.005070486237953912,0.49999263882637024,0.9999670987773411
0.0056875,11,physics,0,10,7.841333545664058,2.0556674868980083,7.561339007137471,17.458340039699536,98.90584722905058,3.996289963866439e-05,0.2680943610893665,29.70890141630173,0.9893038915816,3.939102206196311e-06,0,0.5447172510887576,0.005091188120213602,0.49999263882637024,0.9999692444762567
0.00575,11,physics,0,10,10.056937417210307,4.402535733409359,13.547240899466056,28.00671405008572,99.65004095296547,4.026359105311294e-05,0.40488428587646325,40.18907674493938,0.9855305015373416,3.952266019346951e-06,0,0.540374936581464,0.005123927132839159,0.49999263882637024,0.9999670987773411
0.0058125,11,physics,0,10,8.57014675355115,7.883882084844463,22.362393047262454,38.816421885658066,100.39983923141898,4.056654698737318e-05,0.5457886087242546,40.012739633029135,0.9855944606765074,3.981238972272654e-06,0,0.5354729887574047,0.005170284332022457,0.49999263882637024,0.9999660259296098
0.005875,11,physics,0,10,4.100726724375655,11.596448186105343,31.90111874958466,47.598293660065664,101.15527898320539,4.0871782358481014e-05,0.6602019939094355,29.084301175077123,0.9895287528611904,4.0250483230863665e-06,0,0.5302219586429922,0.005228958721558178,0.49999263882637024,0.9999670987773411
0.0059375,11,physics,0,10,0.5226202862166627,13.994716353682831,37.81873168552775,52.33606832542725,101.91641223609811,4.117931818825414e-05,0.7215806221602595,10.169095062766468,0.9963388115485641,4.080414894414019e-06,0,0.5248593580210267,0.005295866385861609,0.49999263882637024,0.9999688868594511
0.006,11,physics,0,10,1.3731190172283934,13.812666196669623,36.53469521810044,51.72048043199845,102.68326300774814,4.14891641810225e-05,0.7135948618493974,-11.717866404074902,1.00421880304448,4.140674832786576e-06,0,0.519681937190608,0.005364956976553387,0.49999263882637024,0.9999738935063688
0.006,12,refine,0,10,1.3731190172283934,13.812666196669623,36.53469521810044,51.72048043199845,102.68326300774814,4.14891641810225e-05,0.7135948618493974,-11.717866404074902,1.00421880304448,4.140674832786576e-06,0,0.519681937190608,0.005364956976553387,0.49999263882637024,0.9999738935063688
0.0060625,12,physics,0,10,6.250521113241891,11.02189046200273,28.316092818016788,45.58850439326141,103.45587413622839,4.180133764550604e-05,0.6354318413992389,-30.579903532512354,1.0110098676984527,4.1968085566779215e-06,0,0.5149473805285849,0.0054293151550363385,0.49999263882637024,0.9999756816006287
0.006125,12,physics,0,10,10.850417000167196,6.963764964950672,17.36169970332593,35.17588166844379,104.23429811094726,4.2115859790046e-05,0.5038284660304126,-41.114485652644305,1.0148026970406978,4.2414956133995955e-06,0,0.5108427021599233,0.005483150062641155,0.49999263882637024,0.9999792577987406
0.0061875,12,physics,0,10,11.00562498840277,3.4007327018799947,8.529053541049146,22.935411231331912,105.01857126747805,4.243274529602783e-05,0.3497259345950571,-40.36512295127484,1.0145328422822033,4.2699496787257365e-06,0,0.5074475709582064,0.005522982013957988,0.49999263882637024,0.9999860526103883
0.00625,12,physics,0,10,6.743299649330172,1.2990968994342784,3.8050151150510922,11.847411663815542,105.80875253572368,4.2752017974074086e-05,0.20996471584042847,-28.642484900082952,1.0103122312585724,4.282955927248361e-06,0,0.504762806200194,0.0055485658444410614,0.49999263882637024,0.9999899864698134
0.0063125,12,physics,0,10,2.1366135340803925,0.46728049146722017,1.908364715770224,4.5122587413178366,106.60491401587696,4.3073706956261875e-05,0.11668470129402944,-9.43212479579241,1.0033958648838492,4.2846147847441835e-06,0,0.5025735984378754,0.005563104106998902,0.49999263882637024,0.9999917745928498
0.0063750000000000005,12,physics,0,10,1.1986394734517336,0.26018106957134746,0.9825029143086803,2.4413234573317615,107.40698736341398,4.3397784627991856e-05,0.08850829968787746,11.819375479864583,0.9957446459076499,4.283396771942449e-06,0,0.5010550460714079,0.005571985562114599,0.49999263882637024,0.9999989271169696
0.0064375000000000005,12,physics,0,10,4.212521367271852,0.4723302561313247,1.1335862373395136,5.81843786074269,108.21516718677307,4.3724329620787855e-05,0.12876094881572261,29.36563580324389,0.9894274145481537,4.287557799464989e-06,0,0.5000193482352461,0.005581713815360727,0.49999263882637024,0.9999982118622555
0.006500000000000001,12,physics,0,10,8.00592424172583,1.5195808122713381,4.14159256325651,13.667097617253678,109.0294451622498,4.4053338571457816e-05,0.2257791718879709,38.71204632962504,0.9860624870424142,4.30412399188285e-06,0,0.49905927623577984,0.005598217712185692,0.49999263882637024,1.000002682212612
0.006500000000000001,13,refine,0,10,8.00592424172583,1.5195808122713381,4.14159256325651,13.667097617253678,109.0294451622498,4.4053338571457816e-05,0.2257791718879709,38.71204632962504,0.9860624870424142,4.30412399188285e-06,0,0.49905927623577984,0.005598217712185692,0.49999263882637024,1.000002682212612
0.0065625,13,physics,0,10,9.381075184116206,3.8647627830450992,10.96549830008977,24.211336267251077,109.84982253740512,4.43848119840786e-05,0.3559017784214164,37.716346087401256,0.9864210810773666,4.336439429764026e-06,0,0.49806502701425137,0.005625637134276967,0.49999263882637024,1.0000003576279326
0.006625,13,physics,0,10,8.006602535936116,7.337919847473982,19.91869405961599,35.26321644302609,110.67633635461243,4.4718764825618183e-05,0.490941621088297,27.00301192584719,0.9902783629226043,4.383579263578246e-06,0,0.49656610397460865,0.005665576042775344,0.49999263882637024,1.0000012516983237
0.0066875,13,physics,0,10,6.1027487803078815,10.989691605937185,27.53532736936612,44.62776775561119,111.50910978501511,4.505524686336724e-05,0.6040972644085454,9.732760161884322,0.9964959995816688,4.441095840856943e-06,0,0.494256118155814,0.005717127159391889,0.49999263882637024,1.0000087619211675
0.00675,13,physics,0,10,5.638105079142726,13.595934409785635,31.30507588246721,50.53911537139557,112.34814746601151,4.53942599710662e-05,0.6751353128377331,-9.206714594659529,1.0033146057265845,4.5007958928699995e-06,0,0.49102796643504587,0.00577700918318479,0.49999263882637024,1.0000123382375838
0.0068125,13,physics,0,10,6.246576470775945,14.386082315450691,31.460487844117623,52.09314663034426,113.19347427791615,4.57358142016041e-05,0.6944034506516649,-24.52098709791408,1.0088282151886878,4.554787228716608e-06,0,0.4866852097543554,0.005840559902294177,0.49999263882637024,1.0000135899513514
0.006875,13,physics,0,10,6.124006890348465,13.406993336994496,29.955478332923956,49.48647856026692,114.04517364724046,4.607994326345621e-05,0.6642564929219139,-32.03919291861002,1.0115349385892147,4.596336082407507e-06,0,0.48147015537591586,0.0059030420372617135,0.49999263882637024,1.0000141264005884
0.0069375,13,physics,0,10,4.711006896028622,11.29131191112674,27.884925210537673,43.887244017693035,114.90326935969249,4.642665676723598e-05,0.597979573686904,-30.00143657925148,1.010801258806652,4.622577059798521e-06,0,0.47570998774050144,0.0059605581598817315,0.49999263882637024,1.0000180603704534
0.007,13,physics,0,10,3.7526018334928453,8.771866097185256,24.440832586700296,36.965300517378395,115.76783563523342,4.6775984701512724e-05,0.5148621013809649,-19.53814614524756,1.007034200503188,4.635853295020812e-06,0,0.46992973444928776,0.006010763712196866,0.49999263882637024,1.0000177027361898
0.007,14,refine,0,10,3.7526018334928453,8.771866097185256,24.440832586700296,36.965300517378395,115.76783563523342,4.6775984701512724e-05,0.5148621013809649,-19.53814614524756,1.007034200503188,4.635853295020812e-06,0,0.46992973444928776,0.006010763712196866,0.49999263882637024,1.0000177027361898
0.0070625,14,physics,0,10,5.280562158325146,6.399572883749262,18.653373893924073,30.33350893599848,116.63889284398302,4.712793529683172e-05,0.43442835662191304,-4.176521630929712,1.0015036435026663,4.64137987110647e-06,0,0.4646096463934469,0.006053348018085165,0.49999263882637024,1.0000209214491667
0.007125,14,physics,0,10,8.854767838942367,4.5553541683902,11.749228000866067,25.159350008198636,117.51650681563774,4.748253515167661e-05,0.37165840692211977,11.356230501349353,0.9959114967628376,4.6469164822759995e-06,0,0.4602872565737946,0.006089216935865767,0.49999263882637024,1.0000277165439169
0.0071875,14,physics,0,10,11.382469171770493,3.518733287990211,7.134119581997988,22.03532204175869,118.40073862771935,4.783980894441511e-05,0.33456802285158643,22.577280757133746,0.9918716527913093,4.659829440534223e-06,0,0.457206137010235,0.006120614882180994,0.49999263882637024,1.0000298623729043
0.00725,14,physics,0,10,9.985402582731618,3.4014252743445,7.630615335979399,21.017443193055517,119.29161987515738,4.8199769440975944e-05,0.3236247495041862,26.448764676608654,0.9904778794408372,4.68542962517304e-06,0,0.45550079267475263,0.00614995797662924,0.49999263882637024,1.0000286106387688
0.0073125,14,physics,0,10,5.134126508301117,4.011378231723697,12.591014444906705,21.736519184931517,120.18921849802823,4.8562444092541455e-05,0.33274029341892297,22.15255995849973,0.9920245964032127,4.725186288467854e-06,0,0.4549898508679135,0.00617921012313049,0.49999263882637024,1.0000309352891246
0.0073750000000000005,14,physics,0,10,0.8091376655014964,4.860485367797644,17.863872707603736,23.533495740902875,121.09357162721008,4.89278479018401e-05,0.3524016150803814,11.19547114582891,0.9959693723735668,4.776728685040863e-06,0,0.4552943520010801,0.006209730560906879,0.49999263882637024,1.000033438764782
0.0074375000000000005,14,physics,0,10,1.1301106745748326,5.4377141149844235,19.11002785114461,25.67785264070387,122.00472835460333,4.9296000704450275e-05,0.3741015263151698,-2.955416652562778,1.0010640146815777,4.8333655522370165e-06,0,0.45585691882834717,0.006241996975401017,0.49999263882637024,1.0000303988308705
0.0075,14,physics,0,10,6.318320885339755,5.599310203558218,15.740269838584563,27.657900927482537,122.92273507708693,4.966692124702723e-05,0.3939043624874685,-15.808325398920527,1.0056913227943969,4.8907892375993364e-06,0,0.45589054377726457,0.006278532834785151,0.49999263882637024,1.0000291470960636
0.0075,15,refine,0,10,6.318320885339755,5.599310203558218,15.740269838584563,27.657900927482537,122.92273507708693,4.966692124702723e-05,0.3939043624874685,-15.808325398920527,1.0056913227943969,4.8907892375993364e-06,0,0.45589054377726457,0.006278532834785151,0.49999263882637024,1.0000291470960636
0.0075625,15,physics,0,10,12.050750497226842,5.7118819291919145,11.6806672528725,29.443299679291254,123.8476426491138,5.004063007730853e-05,0.41338348180255313,-23.1828868449199,1.0083462959364853,4.940664628083626e-06,0,0.4548150564044351,0.006318921231116483,0.49999263882637024,1.0000305776502565
0.007625,15,physics,0,10,13.340260794386607,6.346490642205352,11.82493159573992,31.51168303233188,124.7795147244407,5.041715291458957e-05,0.43786740538663144,-22.581599549169752,1.0081297770538085,4.976725212380017e-06,0,0.45233382355382745,0.0063614521062264565,0.49999263882637024,1.0000346905049609
0.0076875,15,physics,0,10,9.324698610598592,7.789525168748141,17.41983445883289,34.534058238179625,125.71839666427815,5.079650808706374e-05,0.4729662868494616,-14.040108719681038,1.0050546560567353,4.999013493378608e-06,0,0.4484127827167671,0.006406958778031782,0.49999263882637024,1.0000312929281205
0.00775,15,physics,0,10,3.9433920924052606,9.888582802573646,25.097355639729514,38.92933053470842,126.66435552801167,5.117872269007038e-05,0.5214844860182511,-0.15104967784830242,1.0000543801204818,5.011551941436208e-06,0,0.44327878257357045,0.006456553304043394,0.49999263882637024,1.000028253000732
0.0078125,15,physics,0,10,1.9125578174893167,12.274348823022935,30.264457212337465,44.45136385284972,127.61739165219053,5.1563796859592154e-05,0.5806396810188613,14.8066993676611,0.9946693728109598,5.021497130996976e-06,0,0.4373883899860298,0.006511593735775897,0.49999263882637024,1.0000341540446924
0.007875,15,physics,0,10,4.329908731360469,14.630442210987345,31.23698667863877,50.19733762098659,128.57755734466076,5.195175173061012e-05,0.642105525128138,26.234936023505135,0.9905550751278056,5.038328456663522e-06,0,0.43134457785017416,0.0065727711083755115,0.49999263882637024,1.000032902305185
0.0079375,15,physics,0,10,8.222538465603806,16.654491122899213,30.00552072034348,54.882550308846504,129.5449592721585,5.2342630401810385e-05,0.6931780838788358,30.55895004610963,0.9889983255245844,5.068171523348043e-06,0,0.42585732390833264,0.006639712726739634,0.49999263882637024,1.0000298623729043
0.008,15,physics,0,10,9.943301694378961,17.86360867987706,29.39323116865218,57.2001415429082,130.51965022656523,5.273645420374848e-05,0.7195058665970804,26.156922890873027,0.990583147419186,5.114270330341951e-06,0,0.421218038108751,0.006710644182379985,0.49999263882637024,1.0000339752246667
0.008,16,refine,0,10,9.943301694378961,17.86360867987706,29.39323116865218,57.2001415429082,130.51965022656523,5.273645420374848e-05,0.7195058665970804,26.156922890873027,0.990583147419186,5.114270330341951e-06,0,0.421218038108751,0.006710644182379985,0.49999263882637024,1.0000339752246667
0.0080625,16,physics,0,10,8.685180858971533,17.619012944335996,29.833308766518783,56.13750256982631,131.5017676767308,5.313327868070231e-05,0.7089677946523509,13.811807434871232,0.9950275803901125,5.175897067388749e-06,0,0.41767894369817316,0.006782343803634266,0.49999263882637024,1.0000384457348985
0.008125,16,physics,0,10,6.767584007002078,15.507758242935235,28.950472078713847,51.22581432865116,132.49127474842953,5.353308893364373e-05,0.6557786031181607,-3.445235967411103,1.0012403230950544,5.247246050554818e-06,0,0.41532257745997986,0.006850701905199257,0.49999263882637024,1.0000405915869082
0.0081875,16,physics,0,10,6.735303084336356,11.805190640570128,24.218639148835948,42.75913287374243,133.48823419027002,5.393591031614309e-05,0.5636578789009524,-21.038910517154154,1.0075742082308712,5.319929592850771e-06,0,0.41380279200966347,0.006911570664068903,0.49999263882637024,1.0000486385729537
0.00825,16,physics,0,10,8.409224030359578,7.553198067568274,15.982533349687843,31.944955447615698,134.49269524033443,5.434176272284354e-05,0.4469413445801119,-33.98540836149543,1.0122350270444789,5.384564082611122e-06,0,0.41285982650757497,0.006961836515120751,0.49999263882637024,1.0000575797445028
0.0083125,16,physics,0,10,9.123621343070987,4.035152107801011,7.703439806096341,20.86221325696834,135.504692819289,5.475066026343749e-05,0.32864689338556485,-38.340583582828046,1.0138028569019262,5.433346107253101e-06,0,0.41216196060023896,0.007000085859028556,0.49999263882637024,1.0000624080103786
0.008375,16,physics,0,10,7.013416249609755,2.007508145756933,3.0399227602263243,12.060847155593013,136.5243112558507,5.516263701093623e-05,0.23554140370040114,-32.42591866453055,1.0116734643106637,5.462394694344395e-06,0,0.41122341536519563,0.007027626017502625,0.49999263882637024,1.0000690245607353
0.0084375,16,physics,0,10,3.674719083966211,1.4018790205895262,2.7928672865876623,7.869465391143399,137.55161872091986,5.557772050978657e-05,0.19124632590273363,-17.444883638738474,1.0062802120132066,5.474174320951878e-06,0,0.409868363870131,0.0070483534435499835,0.49999263882637024,1.000075641154868
0.0085,16,physics,0,10,2.898679272213794,1.8243313356598316,4.95106772006028,9.674078327933906,138.58664859278397,5.599592424648293e-05,0.20887427519911217,2.8305043982239444,0.9989810151368882,5.475255810072353e-06,0,0.40784530514208805,0.0070678451881794595,0.49999263882637024,1.0000802906796364
0.0085,17,refine,0,14,2.898679272213794,1.8243313356598316,4.951067720060281,9.674078327933906,138.58664859278394,5.599592424648293e-05,0.20887427519911217,2.8305043982239444,0.9989810151368882,2.7375875379931375e-06,0,0.30841450070174514,0.006324294967457647,0.24999631941318512,1.0000802906796364
0.0085625,17,physics,0,14,6.689355640196313,3.3682142192357567,7.412767699913067,17.470337559345136,139.6294966024303,5.641728690112307e-05,0.3572768601381357,23.400733111489924,0.9915757270416041,2.7379710179076226e-06,0,0.3067436594512968,0.006343983959206069,0.24999631941318512,1.0000801118513611
0.008625,17,physics,0,14,12.594494702540032,6.729191910571383,10.899572429296125,30.22325904240754,140.6801985854853,5.6841822953089e-05,0.5186691082681241,38.929934447646914,0.9859852035505343,2.7430479487833277e-06,0,0.3047566970635453,0.006372806232737263,0.24999631941318512,1.0000770717755714
0.0086875,17,physics,0,14,15.616537339911934,12.609651461383999,17.46122914137697,45.6874179426729,141.73881581827163,5.726955716107386e-05,0.7151626913925127,45.554988951065916,0.9836002362352171,2.756333927322883e-06,0,0.3025263256256227,0.006414287782256376,0.24999631941318512,1.0000736740547422
0.00875,17,physics,0,14,12.776510878952854,20.633122918380526,27.810395979114265,61.220029776447646,142.80539025908024,5.7700506478321807e-05,0.9119583928438387,41.622023771634765,0.9850161571806931,2.7810506963987787e-06,0,0.30013966956376337,0.006469799560260823,0.24999631941318512,1.0000743893634312
0.008812500000000001,17,physics,0,14,6.051592783352628,28.908470015593405,39.14975069136526,74.1098134903113,143.87998243001908,5.8134695358785705e-05,1.0734939421267171,28.005377970680428,0.9899181486613597,2.8164461305379977e-06,0,0.2976351389603054,0.006538094512983556,0.24999631941318512,1.0000724222657678
0.008875000000000001,17,physics,0,14,0.8792038093886357,34.67019825858975,46.440910399211795,81.99031246719018,144.96266529115195,5.857215328197356e-05,1.1701806334031044,7.94160460216379,0.9971410525053395,2.858346721534845e-06,0,0.29505465568549494,0.006615456806606136,0.24999631941318512,1.0000740317090229
0.008937500000000001,17,physics,0,14,1.4117416563558003,35.73392651824859,46.14898491491246,83.29465308951686,146.05348855149464,5.9012900332809096e-05,1.1844380029999437,-13.693268066896092,1.004929496290331,2.9019905012361876e-06,0,0.29239833439135,0.006696357662884751,0.24999631941318512,1.0000795753667266
0.009000000000000001,17,physics,0,14,6.8230029862644885,31.8060671330161,39.081980252879504,77.71105037216009,147.1525183944334,5.9456963252684255e-05,1.1150176859459093,-31.557627299729297,1.0113605122124438,2.942645684900215e-06,0,0.2896797832872233,0.006774995892319853,0.24999631941318512,1.000088695644652
0.009000000000000001,18,refine,0,14,6.8230029862644885,31.8060671330161,39.081980252879504,77.71105037216009,147.1525183944334,5.9456963252684255e-05,1.1150176859459093,-31.557627299729297,1.0113605122124438,2.942645684900215e-06,0,0.2896797832872233,0.006774995892319853,0.24999631941318512,1.000088695644652
0.0090625,18,physics,0,14,12.215569870277617,24.643220859566057,29.558531497193925,66.4173222270376,148.25982342202303,5.9904369760253755e-05,0.9778684273472329,-41.256959507939264,1.01485211767602,2.975015656048185e-06,0,0.2869152978427336,0.006845951339019372,0.24999631941318512,1.0000937028914285
0.009125,18,physics,0,14,13.326917427797415,16.901425796003682,21.642913254045254,51.87125647784635,149.37544317370472,6.035513583142564e-05,0.8026154247087349,-40.59062075529542,1.0146122001816449,2.9966764722999558e-06,0,0.2842064542879672,0.006905504269301546,0.24999631941318512,1.0000987101632757
0.0091875,18,physics,0,14,10.307450763712378,10.610445184150587,16.216251428001268,37.13414737586423,150.49947349698647,6.0809300193377826e-05,0.6251664028331938,-30.180857314766953,1.010864743386885,3.0080195623227694e-06,0,0.2816532101468103,0.006952513578998606,0.24999631941318512,1.0001058634522608
0.00925,18,physics,0,14,6.872863794483271,6.460014479719904,11.690499727478741,25.023378001681916,151.6319594828069,6.126688106510045e-05,0.47879989438438625,-13.187762369400557,1.0047473958061062,3.01240587230467e-06,0,0.2793867444014044,0.006988315515558155,0.24999631941318512,1.0001103342838586
0.0093125,18,physics,0,14,6.12210660414416,4.204390895315614,7.142770796304351,17.469268295764124,152.7729778929481,6.17279094621854e-05,0.3869755418559423,5.720403307216196,0.997940764173664,3.0134441715290462e-06,0,0.27755310884108014,0.007016261909964726,0.24999631941318512,1.0001176664909452
0.009375,18,physics,0,14,7.630810506117642,3.4855970660800653,4.162707043608783,15.279114615806492,153.92257720764235,6.219240497306665e-05,0.3598896751807438,21.730383396919905,0.992177547363113,3.0179385461792633e-06,0,0.27622629058820036,0.0070406508438422034,0.24999631941318512,1.000121600868128
0.0094375,18,physics,0,14,8.581429192895428,4.251200520943309,5.393678245338232,18.226307959176967,155.08083916777872,6.266040062514387e-05,0.3944915520826919,31.122223773095072,0.9887967206537834,3.0303667486464266e-06,0,0.27538701479947936,0.007066101579164442,0.24999631941318512,1.0001273236262052
0.0095,18,physics,0,14,7.316043969236223,6.559494086697269,11.403161433563696,25.27869948949719,156.24780903200858,6.313191470517154e-05,0.47667142895323433,32.086965020517006,0.9884494630113732,3.0529325378836335e-06,0,0.2749268359802891,0.0070963307892088654,0.24999631941318512,1.0001282178101127
0.0095,19,refine,0,14,7.316043969236223,6.559494086697269,11.403161433563696,25.27869948949719,156.24780903200858,6.313191470517154e-05,0.47667142895323433,32.086965020517006,0.9884494630113732,3.0529325378836335e-06,0,0.2749268359802891,0.0070963307892088654,0.24999631941318512,1.0001282178101127
0.0095625,19,physics,0,14,5.427708284933372,10.172224260980078,19.26679964238096,34.86673218829441,157.42356056400368,6.360697701735528e-05,0.5860644459583398,25.05521333859492,0.9909808118714282,3.0829787380781656e-06,0,0.27488504832985367,0.007133608854981933,0.24999631941318512,1.0001335829303468
0.009625,19,physics,0,14,6.128613544397982,14.439051048059254,24.634670013398114,45.20233460585535,158.60814748498794,6.408560926775132e-05,0.7016885272436646,12.538719936506968,0.9954864232210047,3.1189420326427315e-06,0,0.2747968863600592,0.007179008994873074,0.24999631941318512,1.0001351924720292
0.0096875,19,physics,0,14,10.423330850167133,18.61840807212432,25.622983092981833,54.664722015273284,159.80165604871902,6.456784630718353e-05,0.8065690811387995,-1.5779634032061716,1.0005680211167745,3.1572806875601558e-06,0,0.27426759574507026,0.007231809872464917,0.24999631941318512,1.0001396634347381
0.00975,19,physics,0,14,15.17648521412094,22.304694029538954,24.72452973542546,62.20570897908536,161.00417010006632,6.505372201316464e-05,0.8906093514052775,-13.09812421303026,1.004714900623384,3.195054727456181e-06,0,0.273081831920649,0.007290652536360721,0.24999631941318512,1.0001502149859753
0.0098125,19,physics,0,14,15.644658157051317,25.50707839296156,26.424591729833676,67.57632827984655,162.21567726062182,6.554323138419993e-05,0.9513263966798514,-18.717964630808325,1.0067377925390415,3.225870585765735e-06,0,0.27102984838464184,0.007353552829372442,0.24999631941318512,1.0001600512780613
0.009875,19,physics,0,14,10.366820591542531,28.31498608854671,32.51124095409178,71.19304763418103,163.43633043901124,6.60364362030073e-05,0.9919613409517513,-17.053921647609556,1.0061387531410466,3.247209818368902e-06,0,0.26818879921214034,0.007419170870117711,0.24999631941318512,1.0001704241999672
0.0099375,19,physics,0,14,3.229845234940372,30.59671173233932,39.89250202705062,73.71905899433031,164.66613785888364,6.653333979235153e-05,1.018383879510964,-9.046708390707382,1.003256463291849,3.262624330702128e-06,0,0.26472265466225453,0.007486379325398497,0.24999631941318512,1.0001745376298223
0.01,19,physics,0,14,0.16397017711145856,32.061581465319534,43.343948022753125,75.56949966518411,165.90525226989075,6.703400387071714e-05,1.035315897536679,2.4151801199959837,0.9991306293679891,3.2750537997117084e-06,0,0.2609383363794246,0.007554722237915697,0.24999631941318512,1.0001773991562213
0.01,20,refine,0,18,0.16397017711145856,32.061581465319534,43.34394802275313,75.56949966518413,165.90525226989075,6.703400387071715e-05,1.035315897536679,2.4151801199959837,0.9991306293679891,1.645078785195152e-06,0,0.3182807005592838,0.006744730312017232,0.12499859184026718,1.0001773991562213
0.0100625,20,physics,0,18,3.701501636579112,32.568639084507225,39.58344974094216,75.85359046202849,167.15367218195246,6.753842783603737e-05,1.0291556654051564,13.829587691230355,0.9950218985766648,1.6511595180013202e-06,0,0.3141950933142856,0.006802273076838471,0.12499859184026718,1.0001834799270017
0.010125,20,physics,0,18,10.70109673412613,32.257877751489104,33.062812637318984,76.02178712293423,168.41149647012313,6.804665163876995e-05,1.0291740260655222,21.12135148247883,0.9923971740729521,1.6591368523499739e-06,0,0.3104565620312107,0.006860847363871585,0.12499859184026718,1.0001902761263293
0.0101875,20,physics,0,18,15.369941396143144,31.1965004417502,27.98121685230482,74.54765869019816,169.67879095605974,6.855870187415018e-05,1.013716722880659,21.79879449759563,0.9921533656863114,1.6712288530840171e-06,0,0.3074177476699536,0.00692007639248263,0.12499859184026718,1.0001911703665207
0.01025,20,physics,0,18,14.405458195502126,29.266076170357888,27.215668652555124,70.88720301841514,170.95562707931384,6.907460740732314e-05,0.9759843456667842,15.25234347451537,0.9945098151238603,1.6877852058172517e-06,0,0.3053564926204454,0.006979069849777583,0.12499859184026718,1.0001961781263682
0.0103125,20,physics,0,18,9.625584219609136,26.19183797454592,28.924789663204706,64.74221185735976,172.24206131815416,6.959439105832873e-05,0.9116011764571926,2.9080696446993284,0.9989532227785306,1.7080444738581942e-06,0,0.3041183048910959,0.007036021832756485,0.12499859184026718,1.000197251221026
0.010375,20,physics,0,18,5.86345981745503,21.882537747496393,28.461905913090362,56.207903478041786,173.53817567973562,7.011808596215135e-05,0.8215851238180244,-12.062669845397266,1.0043420067512778,1.730220914986091e-06,0,0.3033756040025251,0.007089018983402188,0.12499859184026718,1.000202259011319
0.0104375,20,physics,0,18,6.201671341490582,16.794391167555197,22.9515798328614,45.947642341907176,174.84404654460846,7.064572298034618e-05,0.714233201667194,-25.48044372892585,1.0091717197949415,1.751332312061036e-06,0,0.3029796309812582,0.007136151065303282,0.12499859184026718,1.000203332112501
0.0105,20,physics,0,18,9.123487792888847,11.947557430031468,14.268151987665396,35.33919721058571,176.15973740233068,7.117732776586404e-05,0.6051758646296524,-33.27215675134097,1.0119762973541733,1.7695141147910956e-06,0,0.3027519905400022,0.007176431496849032,0.12499859184026718,1.0002124535190324
0.0105,21,refine,0,18,9.123487792888847,11.947557430031468,14.268151987665396,35.33919721058571,176.15973740233068,7.117732776586404e-05,0.6051758646296524,-33.27215675134097,1.0119762973541733,1.7695141147910956e-06,0,0.3027519905400022,0.007176431496849032,0.12499859184026718,1.0002124535190324
0.0105625,21,physics,0,18,10.47629060831682,8.45867846765461,7.471806558109055,26.406775634080486,177.48533642042776,7.171293594278652e-05,0.5150945048479048,-32.679088802515444,1.0117627933747593,1.7823226095003977e-06,0,0.30217400715111126,0.0072098884665143,0.12499859184026718,1.000216030563908
0.010625,21,physics,0,18,8.2784502607693,6.9569723179596865,6.167668138899665,21.40309071762865,178.8209198487707,7.225257831986792e-05,0.4651361790167733,-23.16057396498091,1.0083366393218798,1.7897398500998907e-06,0,0.3010087881622037,0.007238095018624597,0.12499859184026718,1.0002231846920373
0.0106875,21,physics,0,18,5.138110184188983,7.480031443423032,9.504673095907222,22.122814723519237,180.16654671542136,7.279627874739184e-05,0.471145403622486,-6.655001178043597,1.0023954538715403,1.7926132414025641e-06,0,0.2994005754305833,0.007264068884984062,0.12499859184026718,1.0002321274241575
0.010750000000000001,21,physics,0,18,5.503765688144958,9.981856143505278,13.80333279514146,29.288954626791693,181.52228599173233,7.334406509322777e-05,0.5390656617909737,12.940132801987943,0.9953423084896907,1.793582461218079e-06,0,0.29738976944303297,0.0072918353855556724,0.12499859184026718,1.0002349891153222
0.010812500000000001,21,physics,0,18,10.66589431812506,14.853606452718017,16.800016678792726,42.3195174496358,182.88825083961257,7.389598308043601e-05,0.6633543197975338,30.9210957693658,0.9888702744307906,1.7948469643869224e-06,0,0.2951050497968313,0.00732553127438765,0.12499859184026718,1.00023373712443
0.010875000000000001,21,physics,0,18,16.87091132743,22.759313747637822,19.877529729085534,59.507754804153365,184.2644897216119,7.445205229030586e-05,0.827945195305757,42.93135229716182,0.9845473770737185,1.800712897459532e-06,0,0.2925994414646869,0.007368313880285581,0.12499859184026718,1.0002364199639748
0.010937500000000001,21,physics,0,18,18.56332171644036,33.77863622338294,26.08897868809106,78.43093662791436,185.6510772022888,7.501230285064123e-05,1.008970204167815,46.05776276343313,0.983422084050929,1.8123549265780546e-06,0,0.2902178368718419,0.0074223431638929084,0.12499859184026718,1.000241427950378
0.011,21,physics,0,18,13.611950954308897,46.56428530080847,36.19453897103675,96.37077522615411,187.0480972752527,7.557676869905329e-05,1.1789322428205053,39.44663047100087,0.9858017825681129,1.8300284114758363e-06,0,0.2881219152477562,0.007487738091420841,0.12499859184026718,1.0002476879686424
0.011,22,refine,0,22,13.611950954308895,46.56428530080847,36.194538971036735,96.37077522615411,187.0480972752527,7.557676869905329e-05,1.1789322428205053,39.44663047100087,0.9858017825681129,1.8219898922922084e-06,0,0.3074040395487556,0.0059905698811368,0.12499815970659256,1.0002476879686424
0.0110625,22,physics,0,22,5.750874927097184,58.19497707389424,45.78659619316296,109.73244819415439,188.45563231205887,7.614548311776225e-05,1.2964200096719922,24.8640709382974,0.9910505813026267,1.8456716901482644e-06,0,0.3051493657008096,0.0060521356611618685,0.12499815970659256,1.0002568097796793
0.011125,22,physics,0,22,0.9147395272399534,65.87344290023833,51.64312119401504,118.43130362149333,189.87377969167076,7.671848545273057e-05,1.3730256940894097,5.2527976763426905,0.9981093434535608,1.8720340086986213e-06,0,0.30316122851277866,0.006118948157979829,0.12499815970659256,1.00026074470424
0.0111875,22,physics,0,22,2.6839134991740545,67.32179705837102,50.06947032751057,120.07518088505564,191.30259594586727,7.72957985456189e-05,1.3842484281083436,-14.868660252627654,1.0053517261852196,1.898670632272117e-06,0,0.30091311344167315,0.006188084696700164,0.12499815970659256,1.0002619967289372
0.01125,22,physics,0,22,8.843218366143113,62.55277768265345,43.13358556674055,114.52958161553711,192.74213132904484,7.787744270171203e-05,1.3316766523719448,-30.826486980807278,1.0110954439589515,1.9245727838068648e-06,0,0.29850613181172303,0.006255816757742671,0.12499815970659256,1.00027165525785
0.0113125,22,physics,0,22,13.647769944872902,53.592868336155135,35.8359250186187,103.07656329964675,194.19250120504532,7.84634645337611e-05,1.2282747865101338,-39.0009729162381,1.0140373855321743,1.944936199649306e-06,0,0.29569854295372816,0.006319608357812584,0.12499815970659256,1.0002763056939221
0.011375,22,physics,0,22,13.4268864835132,43.24652721029896,31.45935988094288,88.13277357475503,195.65379854898623,7.905390160835489e-05,1.0953302871295365,-37.81446518721168,1.0136102307281583,1.9584010360063063e-06,0,0.29257826324325115,0.00637734285747617,0.12499815970659256,1.0002797041031861
0.0114375,22,physics,0,22,9.872468066527675,33.736191681689995,28.95446164241927,72.56312139063694,197.12607856043297,7.964877622887341e-05,0.9571837192872781,-28.16610899740586,1.010137553010669,1.9661748353883004e-06,0,0.28928583554396753,0.00642818831065873,0.12499815970659256,1.000290793729516
0.0115,22,physics,0,22,7.700472339090603,26.16872263183354,25.017976731745645,58.88717170266979,198.60943797989432,8.024812748331142e-05,0.8356736620862913,-13.084761043031783,1.0047095454237123,1.971329973926571e-06,0,0.2860434014101897,0.006472471856847135,0.12499815970659256,1.0002950865211027
0.0115,23,refine,0,22,7.700472339090603,26.16872263183354,25.017976731745645,58.88717170266979,198.60943797989432,8.024812748331142e-05,0.8356736620862913,-13.084761043031783,1.0047095454237123,1.971329973926571e-06,0,0.2860434014101897,0.006472471856847135,0.12499815970659256,1.0002950865211027
0.0115625,23,physics,0,22,9.429140257796762,20.868369952156264,18.48478719933342,48.78229740928644,200.1039566063235,8.085198761442964e-05,0.7460519800567688,3.3423678310646525,0.9987970007954875,1.975204668269723e-06,0,0.28309725051883433,0.006511574482951725,0.12499815970659256,1.0003034932913244
0.011625,23,physics,0,22,12.801181804417915,17.90574342012837,12.272381663211187,42.979306887757474,201.60971812988407,8.14603904372319e-05,0.6952133699762677,16.847897901485364,0.99393603964243,1.980261991718633e-06,0,0.2808941699636424,0.006547315508856278,0.12499815970659256,1.0003090382209907
0.0116875,23,physics,0,22,13.309189380342275,17.265174936927462,10.842662065431341,41.41702638270108,203.12681842012316,8.207337468780097e-05,0.682024680581245,24.3435441689032,0.9912381714768801,1.9891337004196426e-06,0,0.27942486803539185,0.006581157395973213,0.12499815970659256,1.0003113635232241
0.01175,23,physics,0,22,9.087358025997446,18.66159515303942,15.708489601709976,43.457442780746845,204.65532338217002,8.269096699509917e-05,0.6992199443896807,24.486174938854997,0.9911869014118824,2.0041566166639794e-06,0,0.27859561099510505,0.006615277011201766,0.12499815970659256,1.0003192338170455
0.0118125,23,physics,0,22,3.3119969829685156,21.391722414757048,23.387485817219666,48.091205214945234,206.1953310381291,8.33132069649498e-05,0.7363511790010852,17.929862815025412,0.9935466642799005,2.024092760066766e-06,0,0.2783126997694052,0.006650983194429928,0.12499815970659256,1.000317087367135
0.011875,23,physics,0,22,1.6199213258350156,24.54188899357656,27.99889342221069,54.160703741622264,207.7469452684288,8.394013657023178e-05,0.7832509574394932,7.096650839387154,0.9974458072758073,2.0465028160998595e-06,0,0.27840510672682983,0.006688750605513854,0.12499815970659256,1.000321201400176
0.0119375,23,physics,0,22,6.70784266972202,27.511088433620635,26.46299790168711,60.681929005029765,209.31019195579916,8.457176626885998e-05,0.8329740811145285,-4.405328300961848,1.001585533978207,2.0697861504714844e-06,0,0.2783787287055307,0.006729051914891826,0.12499815970659256,1.0003262098110632
0.012,23,physics,0,22,15.213717321040452,30.435539838106024,21.548751591233245,67.19800875037971,210.88520599573573,8.520815056534856e-05,0.883439159729927,-12.870955592863256,1.0046323899978291,2.090938119536647e-06,0,0.2778972380283252,0.0067717930352382385,0.12499815970659256,1.0003313971202032
0.012,24,refine,0,22,15.213717321040452,30.435539838106024,21.548751591233245,67.19800875037971,210.88520599573573,8.520815056534856e-05,0.883439159729927,-12.870955592863256,1.0046323899978291,2.090938119536647e-06,0,0.2778972380283252,0.0067717930352382385,0.12499815970659256,1.0003313971202032
0.0120625,24,physics,0,22,20.34500337676351,34.07471434953339,19.542539418546237,73.96225714484314,212.47211794323326,8.584934221043262e-05,0.9370827598739405,-15.455888096768241,1.0055627110551144,2.1093111239878226e-06,0,0.2765045990412506,0.006817088488944032,0.12499815970659256,1.0003372999529798
0.012125,24,physics,0,22,18.14411684037886,39.207790599885,24.398219426496976,81.75012686676084,214.07085581493183,8.649531211924136e-05,0.9987304520668525,-11.109105957052646,1.003998239200476,2.1219658439264317e-06,0,0.27435447687313674,0.006865207882667026,0.12499815970659256,1.0003474958370906
0.0121875,24,physics,0,22,11.194995992244067,46.1001275192168,34.02787462961941,91.32299814108028,215.68178060346645,8.714620615082007e-05,1.0725179776305995,-0.919313804698821,1.0003308634439716,2.129477254086964e-06,0,0.2715199288363956,0.006916834692381301,0.12499815970659256,1.0003551875377326
0.01225,24,physics,0,22,5.922179027840751,54.48565259194939,42.4438296569869,102.85166127677704,217.30491893574435,8.780203506376852e-05,1.1590811359256252,12.216995897528845,0.9956030853591985,2.1351244114953256e-06,0,0.2680955773798943,0.00697233000376534,0.12499815970659256,1.0003569763138
0.0123125,24,physics,0,22,6.323344833035148,63.86190448025751,45.46370337581647,115.64895268910914,218.94025249011435,8.846279145522492e-05,1.2539289072102628,24.462378199711946,0.9911958930125939,2.1424603406927628e-06,0,0.2643974366732136,0.007032414918201531,0.12499815970659256,1.0003596594838984
0.012375,24,physics,0,22,10.492793595219066,73.579421049097,44.22897428499362,128.3011889293097,220.58779231124035,8.912847978778492e-05,1.3474887149411443,32.14603417640599,0.9884305478362732,2.1519353232690698e-06,0,0.2610095646998806,0.0070971782319054376,0.12499815970659256,1.0003573340693972
0.0124375,24,physics,0,22,13.07685213277807,82.58727034485246,43.36041705644266,139.0245395340732,222.24766847233775,8.979915261752072e-05,1.426547071410426,32.69907283093921,0.988231534956143,2.1673318251203013e-06,0,0.2580011857437285,0.007166297888576246,0.12499815970659256,1.000355008660302
0.0125,24,physics,0,22,10.86626392018627,89.22062894705908,45.93092628490448,146.01781915214983,223.92004883995253,9.047487777089677e-05,1.4769000545801372,25.303833324407222,0.9908931216255936,2.1895060733356786e-06,0,0.2555306016691894,0.0072386421214337094,0.12499815970659256,1.0003571551915826
0.0125,25,refine,0,24,10.866263920186267,89.22062894705905,45.93092628490449,146.0178191521498,223.92004883995256,9.047487777089677e-05,1.4769000545801372,25.303833324407222,0.9908931216255936,2.1895060733356786e-06,0,0.2555306016691894,0.006288252109485605,0.12499815970659256,1.0003571551915826
0.0125625,25,physics,0,24,6.051482943185087,91.2433578457853,49.633607686782895,146.92844847575327,225.60502758975537,9.115569329958523e-05,1.4773490075313502,11.303632621576542,0.9959318155910996,2.2177623790753366e-06,0,0.2536412218927654,0.0063516811782509935,0.12499815970659256,1.000359480605668
0.012625,25,physics,0,24,4.06747882586704,87.84870533206848,50.59910970394277,142.5152938618783,227.30265122009996,9.184161799124224e-05,1.44068209197025,-6.598197806204507,1.0023746848774011,2.2498365055412238e-06,0,0.2521341201978889,0.006414245134223835,0.12499815970659256,1.0003601961187816
0.0126875,25,physics,0,24,8.189682827715508,78.7710993815215,44.76242868705774,131.72321089629474,229.01305256364816,9.253270551689412e-05,1.3582509141244425,-24.322294634908104,1.008753522872992,2.2823341030431236e-06,0,0.25074321656742665,0.006474368221666202,0.12499815970659256,1.0003653836041617
0.012750000000000001,25,physics,0,24,15.702010968349336,65.8663057708552,33.92709659054226,115.49541332974681,230.73632207306076,9.322899242393122e-05,1.2392721170253602,-37.58791362396047,1.0135275312913992,2.311160836043769e-06,0,0.2494214168359317,0.006530043041168967,0.12499815970659256,1.0003702133561108
0.012812500000000001,25,physics,0,24,19.954408372455042,52.148133853082555,23.924905432255983,96.02744765779359,232.47255708002564,9.393051803921427e-05,1.1005504237240467,-43.01435167490127,1.0154803908774004,2.3332838381406856e-06,0,0.2479328128654136,0.00657978076134116,0.12499815970659256,1.0003737909651806
0.012875000000000001,25,physics,0,24,16.701825867238732,40.382425366462144,19.352588177712285,76.43683941141316,234.22184599780797,9.463731808611591e-05,0.9633246860447174,-38.97301162342533,1.0140268475352658,2.347132806335137e-06,0,0.24621071941648903,0.006623360603037441,0.12499815970659256,1.0003789785210584
0.012937500000000001,25,physics,0,24,8.442762407870301,31.988835976291202,19.561069043646437,59.992667427807945,235.98429093075868,9.534943381989095e-05,0.8486994969323275,-26.512998377708733,1.0095423005424549,2.3537381217408893e-06,0,0.24425165075932231,0.006661325396529932,0.12499815970659256,1.0003900692479968
0.013000000000000001,25,physics,0,24,2.1832281267330087,27.04765350295826,20.02038892545383,49.2512705551451,237.76001803883025,9.60669162154581e-05,0.7731360878186276,-8.76131666817788,1.0031532867654405,2.3553205874549126e-06,0,0.24219201486082834,0.006695091090010208,0.12499815970659256,1.0003954357729152
0.013000000000000001,26,refine,0,24,2.1832281267330087,27.04765350295826,20.02038892545383,49.2512705551451,237.76001803883025,9.60669162154581e-05,0.7731360878186276,-8.76131666817788,1.0031532867654405,2.3553205874549126e-06,0,0.24219201486082834,0.006695091090010208,0.12499815970659256,1.0003954357729152
0.0130625,26,physics,0,24,2.843534045370564,25.17386068187247,17.507693883670964,45.525088610914,239.5490846288041,9.678978842761777e-05,0.7454932959077841,10.084902590816279,0.9963703600531826,2.3557363206805336e-06,0,0.24019400051240836,0.006726802440875426,0.12499815970659256,1.0003970457360045
0.013125,26,physics,0,24,8.907008000844588,26.296780568546428,13.63808791312288,48.8418764825139,241.35163358864412,9.751810819024028e-05,0.7662574189049027,25.79562649900274,0.9907159138697227,2.359344172475632e-06,0,0.23836275188129738,0.006758527935798616,0.12499815970659256,1.0004016967550386
0.0131875,26,physics,0,24,14.325132731138746,30.677302181035323,13.224250098587838,58.226685010761905,243.16776641513997,9.825191651309539e-05,0.8284125377034492,35.08152288528491,0.9873739010418976,2.368947139785857e-06,0,0.23698376975834637,0.006792370177229016,0.12499815970659256,1.000400802326622
0.01325,26,physics,0,24,14.488708336130014,38.31929694781637,19.24838527813258,72.05639056207897,244.9975790876788,9.899125217664671e-05,0.9195167109631924,36.3453523463003,0.986919114342538,2.386114736907531e-06,0,0.23601016014308526,0.0068296561216692015,0.12499815970659256,1.0004036645003702
0.0133125,26,physics,0,24,10.517574479314785,48.43085206317873,29.400508469281675,88.3489350117752,246.84113683176372,9.973614153525367e-05,1.024566589377697,30.046715750758473,0.989186781272844,2.4090995474068656e-06,0,0.23546161918032787,0.00687153789217231,0.12499815970659256,1.00040670556895
0.013375,26,physics,0,24,7.937147977128832,59.48373243072476,37.61220615440101,105.0330865622546,248.698585091778,0.0001004866433557075,1.1292435368966427,18.432956717968924,0.9933663517522084,2.4370366862314077e-06,0,0.2350140861018327,0.006918120016205114,0.12499815970659256,1.0004117144079399
0.0134375,26,physics,0,24,10.966829846343774,69.90483191354312,39.42923912469547,120.30090088458236,250.57000125951816,0.0001012427889081575,1.2227665832234458,4.780029353636768,0.9982797764335135,2.467419221829912e-06,0,0.23451794445293517,0.00696902213818286,0.12499815970659256,1.000417796603285
0.0135,26,physics,0,24,17.843062273075276,78.88417705043983,36.30422130135837,133.0314606248735,252.45548521442927,0.00010200461854888536,1.2996773868329727,-7.1003001075545376,1.0025552242225524,2.496369670978992e-06,0,0.23363310230272427,0.007023323531655458,0.12499815970659256,1.0004254888444717
0.0135,27,refine,0,24,17.843062273075276,78.88417705043983,36.30422130135837,133.0314606248735,252.45548521442927,0.00010200461854888536,1.2996773868329727,-7.1003001075545376,1.0025552242225524,2.496369670978992e-06,0,0.23363310230272427,0.007023323531655458,0.12499815970659256,1.0004254888444717
0.0135625,27,physics,0,24,22.044805244606557,86.62569887524161,34.42307691344521,143.0935810332934,254.35517380813644,0.00010277218757277926,1.360135827227501,-13.936959959026316,1.005015542967375,2.5219599386616686e-06,0,0.2322053338126051,0.007080379773253517,0.12499815970659256,1.000431392232472
0.013625,27,physics,0,24,18.678322680527838,93.83648871243028,38.74562733303705,151.2604387259952,256.26912971216393,0.00010354552130226359,1.4085135546106144,-13.984762525086088,1.005032710748574,2.540660133831804e-06,0,0.2301239001585009,0.007139421949657586,0.12499815970659256,1.0004371167631945
0.0136875,27,physics,0,24,9.696495606829526,100.98836774641984,48.00676613388077,158.69162948713014,258.19749280644885,0.00010432467625581568,1.4507589435168595,-7.5486687223298405,1.0027165291366933,2.553635262358969e-06,0,0.2274307074159336,0.007200228211933346,0.12499815970659256,1.0004428413266733
0.01375,27,physics,0,24,2.3691286677531913,108.04192888165306,55.81806330735125,166.2291208567575,260.14036981368827,0.00010510969555473273,1.491523605220457,3.148339354468831,0.998867016872541,2.5637998870564616e-06,0,0.2243921761769127,0.007262674184748399,0.12499815970659256,1.0004508915494854
0.0138125,27,physics,0,24,2.4584714361715534,114.69472705452519,56.79989670412154,173.95309519481827,262.09789640961304,0.0001059006340187829,1.5320815858013284,14.66540212863271,0.9947224260550382,2.573391993720975e-06,0,0.22126750347200758,0.007326558117974994,0.12499815970659256,1.0004573317743748
0.013875,27,physics,0,24,8.95141393588234,120.63014375843107,51.58463809731928,181.16619579163267,264.0701753086605,0.00010669753314972643,1.5695887816481318,23.354965314579243,0.9915953660904004,2.5853132399333836e-06,0,0.2182438943320075,0.0073923320220815655,0.12499815970659256,1.0004643087314558
0.0139375,27,physics,0,24,15.351753845544296,125.391674775328,45.93806058263287,186.68148920350518,266.0572919106945,0.00010750042745337138,1.5976835587418214,26.32379773807666,0.990527048277626,2.601295520321399e-06,0,0.21578669832269454,0.007459900189767875,0.12499815970659256,1.0004646665254382
0.014,27,physics,0,24,15.953736272978027,128.08398219990983,45.12530517663199,189.16302364951986,268.05937049912,0.00010830936714641758,1.6081971017766934,22.189133004170206,0.9920149953987857,2.624861549449518e-06,0,0.21379618285581278,0.007528117186591042,0.12499815970659256,1.000470749042716
0.014,28,refine,0,26,15.953736272978025,128.08398219990985,45.12530517663199,189.1630236495199,268.05937049911995,0.00010830936714641758,1.6081971017766934,22.189133004170206,0.9920149953987857,2.624861549449518e-06,0,0.21379618285581278,0.006888826687135068,0.12499815970659256,1.000470749042716
0.0140625,28,physics,0,26,11.077964240894156,127.17349673000997,48.70494973701081,186.95641070791493,270.0765179290456,0.00010912439540366308,1.5892957529089053,11.439851457341868,0.9958832305801165,2.655679418595011e-06,0,0.21229431903180135,0.00695212319110299,0.12499815970659256,1.0004811251869496
0.014125,28,physics,0,26,6.553223270247535,121.8822253532972,51.66445063948645,180.0998992630312,272.1088745671518,0.0001099455689402538,1.5448297691175397,-3.805009615481824,1.0013692769419058,2.689200707450825e-06,0,0.21136740667447473,0.007014319361921549,0.12499815970659256,1.000484882093294
0.0141875,28,physics,0,26,7.917523072316412,111.70548794635694,48.21816189480546,167.84117291347883,274.1565063682088,0.00011077291440520944,1.4704627431213266,-19.89857506108611,1.007160632395059,2.7234531039255204e-06,0,0.21048801317398178,0.0070742509587061525,0.12499815970659256,1.000484524292082
0.01425,28,physics,0,26,14.675313222032715,97.91795144771447,38.246035819106076,150.83930048885327,276.21950463371655,0.00011160646868889369,1.3721241251993337,-32.78866942254494,1.0117991285529433,2.755759073380658e-06,0,0.20970431267761763,0.00713075585699976,0.12499815970659256,1.0004857765968838
0.0143125,28,physics,0,26,20.35246122760762,83.09735551293286,27.498865221033064,130.94868196157356,278.2980487379297,0.00011244630426745973,1.2614195857924118,-39.157065631853825,1.0140907951779996,2.782986516791652e-06,0,0.2087201938138355,0.007183238086691045,0.12499815970659256,1.0004922170463395
0.014375,28,physics,0,26,18.75739045941618,70.00313998786511,22.293458688712256,111.05398913599356,280.3922285043506,0.00011329245743408653,1.1536542255487192,-37.1442304276499,1.013366348103466,2.8023705223034754e-06,0,0.20739751088088218,0.007231333350086622,0.12499815970659256,1.0005034879326486
0.0144375,28,physics,0,26,10.380897381153236,60.39948098180502,23.614388333197258,94.39476669615551,282.50217676669797,0.00011414498186022749,1.0645928651750405,-26.754913448748308,1.0096289687978013,2.812899046134017e-06,0,0.2057630452920666,0.007275462493431542,0.12499815970659256,1.0005124331708861
0.0145,28,physics,0,26,2.2727393272363203,54.75148811264638,26.63752818339533,83.66175562327803,284.62799587955044,0.00011500391890224185,1.006965287110116,-10.580261553390988,1.003807735812614,2.8167290437863787e-06,0,0.20383619998788582,0.007316575537175507,0.12499815970659256,1.0005163691010472
0.0145,29,refine,0,36,2.2727393272363203,54.75148811264638,26.637528183395325,83.66175562327803,284.6279958795504,0.00011500391890224186,1.006965287110116,-10.580261553390988,1.003807735812614,1.408827774440624e-06,0,0.1563903274938075,0.0064355291877979965,0.06249907985329628,1.0005163691010472
0.0145625,29,physics,0,36,1.3656240286377912,52.599863463488234,25.806297799566355,79.77178529169238,286.7685914861266,0.00011586882638535936,1.0817043409750318,7.797954839486841,0.9971936030397308,1.409349614789335e-06,0,0.15503058908346692,0.006469501338862341,0.06249907985329628,1.0005188737919388
0.014625,29,physics,0,36,8.06427758606073,54.541801063160456,21.49566961536348,84.10174826458467,288.92504940094784,0.00011674014303285071,1.1060688518080015,23.98703036006521,0.991367355416891,1.4108032573290079e-06,0,0.1537578839999741,0.006503397600208891,0.06249907985329628,1.000522273025321
0.014687500000000001,29,physics,0,36,16.03739619772442,60.48940491210345,18.532467215624422,95.0592683254523,291.09751421737303,0.00011761792726765099,1.1677716948221366,34.69262281306566,0.9875146214429152,1.4152830747349299e-06,0,0.15268291229398087,0.006538427845811879,0.06249907985329628,1.000525314454452
0.014750000000000001,29,physics,0,36,18.45435059672558,70.42847778933489,22.10273817478683,110.9855665608473,293.286124790174,0.00011850223519401944,1.256220770716199,37.916184623594745,0.9863545125510847,1.4239889409850552e-06,0,0.15188535155437932,0.006575873877392583,0.06249907985329628,1.0005290715267312
0.014812500000000001,29,physics,0,36,14.3376105982414,83.49430367078374,32.029563541289264,129.8614778103144,295.4908194376311,0.00011939304188946233,1.3581738034209905,33.58611784106322,0.98791434744159,1.4370352694470516e-06,0,0.15133701549159906,0.006616385846977933,0.06249907985329628,1.0005321129765288
0.014875000000000001,29,physics,0,36,9.296947098401015,97.93438652423553,42.324118006072496,149.55545162870905,297.71178673905536,0.00012029042354943511,1.4607631701548847,23.286299304080412,0.9916186259599484,1.453550432017893e-06,0,0.15098438117904195,0.006660282507563732,0.06249907985329628,1.0005281769844327
0.014937500000000001,29,physics,0,36,9.966649760646652,111.80401289314122,46.361152970640056,168.13181562442793,299.9490301341094,0.00012119438156373308,1.5540756305971777,10.043910610398939,0.996384912372823,1.4721160805919432e-06,0,0.15068975442494237,0.006707349475892278,0.06249907985329628,1.0005294293438747
0.015,29,physics,0,36,17.223596399232658,123.946768475852,43.105882309688994,184.27624718477364,302.2026374969884,0.00012210495143791787,1.6329499734119268,-2.528434942570443,1.0009100552794192,1.4897473086250574e-06,0,0.15018544382701654,0.006757124148588243,0.06249907985329628,1.0005330075223464
0.015,30,refine,0,40,17.22359639923266,123.94676847585198,43.105882309689,184.27624718477367,302.2026374969885,0.00012210495143791787,1.6329499734119268,-2.528434942570443,1.0009100552794192,7.507366852621551e-07,0,0.18734436313304115,0.006752338952210527,0.031249647960066795,1.0005330075223464
0.0150625,30,physics,0,40,24.837790886932947,134.3082867125571,38.2397035481939,197.38578114768393,304.47670727536826,0.00012302378914944579,1.6939448247315576,-10.743673030057204,1.0038660178659764,7.583488654816507e-07,0,0.18652837480311768,0.006805010111485099,0.031249647960066795,1.0005371224434085
0.015125,30,physics,0,40,25.233455024230324,144.3838504758003,39.35701258377432,208.97431808380495,306.7678790858622,0.0001239495369356775,1.7491101210265438,-12.582082386210764,1.0045275333409265,7.645151605117911e-07,0,0.18518640984882004,0.006859054118312481,0.031249647960066795,1.000544099956931
0.0151875,30,physics,0,40,17.200684430552563,154.96106226636286,47.94695629761672,220.10870299453217,309.07630128793875,0.00012488225474124436,1.801222893348341,-7.675770521865637,1.002762028553752,7.691553634003872e-07,0,0.18332360739951736,0.006914582188507702,0.031249647960066795,1.0005498251325742
0.01525,30,physics,0,40,7.335153464095312,166.39353371353573,58.327787898922196,232.05647507655323,311.40209071740435,0.00012582198977364453,1.8556325589876501,2.3921705355942806,0.9991392142737333,7.724731894143126e-07,0,0.18108811132638597,0.006971643550739272,0.031249647960066795,1.000552150994537
0.0153125,30,physics,0,40,3.7605994699682737,178.49864855734052,63.01583688072315,245.27508490803194,313.74537456135886,0.00012676879342281562,1.9145947261441474,14.560708531318397,0.9947605598374927,7.752204327360351e-07,0,0.1785741562760814,0.007030438979338559,0.031249647960066795,1.0005557292542677
0.015375,30,physics,0,40,8.455041245002569,190.91771023455306,59.84210359687234,259.21485507642797,316.1063283560182,0.0001277227366141515,1.976125539663688,25.18145955068975,0.990938852553464,7.78313888893933e-07,0,0.17618386832462213,0.007091108842058497,0.031249647960066795,1.00056288581212
0.0154375,30,physics,0,40,15.703198404663924,203.1207980222508,53.73306699043161,272.55706341734634,318.48501939626556,0.00012868384653814434,2.0342560158541745,31.011518969312682,0.9888410084362693,7.827551371519802e-07,0,0.1740886486860377,0.007153783700105041,0.031249647960066795,1.0005657484495933
0.0155,30,physics,0,40,17.828196850812148,214.0393822856332,51.74095285841399,283.60853199485933,320.8816300429164,0.000129652196877667,2.080411818598132,30.02034019970838,0.9891977124495156,7.8889016741357e-07,0,0.17239515006371953,0.007218215519394976,0.031249647960066795,1.0005718315814183
0.0155,31,refine,0,44,17.828196850812148,214.03938228563322,51.74095285841399,283.6085319948594,320.8816300429164,0.00012965219687766704,2.080411818598132,30.02034019970838,0.9891977124495156,7.8889016741357e-07,0,0.17239515006371953,0.007086267797288565,0.031249647960066795,1.0005718315814183
0.0155625,31,physics,0,44,12.543236779817285,221.56545466380874,56.05694064299511,290.16563208662114,323.29625029851326,0.00013062782399823954,2.101304974441095,21.86468773716172,0.9921323626123645,7.968454465157041e-07,0,0.171164953707416,0.007144842689705355,0.031249647960066795,1.0005779147502267
0.015625,31,physics,0,44,5.105715763315841,224.02760119819723,62.521966087324856,291.65528304883793,325.72916254415975,0.0001316108419959243,2.0988675201564404,7.996357837275143,0.9971226687680004,8.064915704153453e-07,0,0.17033898437671338,0.0072050994975767675,0.031249647960066795,1.0005827455282736
0.0156875,31,physics,0,44,3.4038084131434676,219.52127891106645,63.552233352429674,286.4773206766396,328.1803672769419,0.00013260125107156877,2.0642430133621588,-8.693348507426041,1.003128116116539,8.167237934841872e-07,0,0.16969474260196082,0.007266283892925,0.031249647960066795,1.0005884709250492
0.01575,31,physics,0,44,10.205928696169126,208.04917653520104,56.124719558601576,274.37982478997174,330.6498742039051,0.0001335990551473039,1.9993074882434076,-24.425608296708237,1.008788982524208,8.268539479772127e-07,0,0.1690911174087263,0.007326380476212576,0.031249647960066795,1.000590081198795
0.0158125,31,physics,0,44,20.004048413399477,191.6648483988207,44.713110085246406,256.3820068974666,333.1380299827085,0.00013460439429012903,1.9112821617913704,-35.2254971853485,1.0126783561744235,8.360476888569228e-07,0,0.16829999462801967,0.007383606036945613,0.031249647960066795,1.0005938385142799
0.015875,31,physics,0,44,23.956345502785318,173.67131025139753,37.248689735169386,234.87634548935225,335.64488655735727,0.00013561728948801528,1.8118845875384726,-38.29949695031267,1.0137846486926,8.432532254687422e-07,0,0.16719766656329327,0.007436605989659028,0.031249647960066795,1.0005922282344872
0.0159375,31,physics,0,44,18.474563382901227,157.14780525652728,37.526954744921326,213.14932338434983,338.17061526843554,0.00013663780997111196,1.7148553344526851,-33.12424708855055,1.0119187599847121,8.484252909113371e-07,0,0.16574647355261546,0.007485034598928941,0.031249647960066795,1.000596522319693
0.016,31,physics,0,44,8.831843013359332,143.91368138678888,41.706497030240335,194.45202143038856,340.7153464780888,0.00013766600841223352,1.6328944889456065,-21.10525640914053,1.0075940524902112,8.517049359113577e-07,0,0.16401421983762965,0.007529365956937494,0.031249647960066795,1.0006024267169409
0.016,32,refine,0,48,8.83184301335933,143.91368138678888,41.70649703024034,194.45202143038856,340.7153464780888,0.00013766600841223352,1.6328944889456065,-21.10525640914053,1.0075940524902112,8.517049359113577e-07,0,0.16401421983762965,0.006791922548351549,0.031249647960066795,1.0006024267169409
0.0160625,32,physics,0,48,3.9639420626266952,134.35370269470903,42.365446381791365,180.6830911391271,343.2792189855264,0.0001387019408931893,1.571380887282462,-5.365931278430148,1.001930737250913,8.540880935825613e-07,0,0.16220569133893908,0.006835541930339683,0.031249647960066795,1.0006099414547374
0.016125,32,physics,0,48,7.83504860037889,129.11923571110256,36.747963110462415,173.70224742194387,345.8623814707496,0.00013974566748812192,1.5411368803107581,10.350649860937171,0.9962756905010155,8.562538669210076e-07,0,0.16044749252255622,0.00687781411789858,0.031249647960066795,1.0006094046858802
0.0161875,32,physics,0,48,15.84161985322374,128.05997553632477,28.94008562867586,172.84168101822436,348.4649966212403,0.0001407972539308954,1.5377642539177516,22.391944255573133,0.991943063304026,8.594946079298883e-07,0,0.15899865733903554,0.006919373825198316,0.031249647960066795,1.0006104782238825
0.01625,32,physics,0,48,19.521413990145437,131.10669065256494,26.426521887068386,177.05462652977877,351.0871881582609,0.00014185675021107587,1.5554143099716202,28.225254757313298,0.989844192405312,8.643660169838084e-07,0,0.15791514480241778,0.006961095622263122,0.031249647960066795,1.0006135199211432
0.0163125,32,physics,0,48,14.768106651613973,137.4869878051474,32.61366431724552,184.8687587740069,353.72911581547976,0.0001429242208690392,1.5862096878156484,26.943101001293908,0.9903055658594583,8.708868239892816e-07,0,0.15725145961120673,0.007003861578963013,0.031249647960066795,1.000613162073927
0.016375,32,physics,0,48,5.87669351015386,145.60017713081982,43.16173630899664,194.63860694997032,356.3909355630028,0.00014399972892449413,1.6220835578524382,19.407412001911403,0.9930169962041994,8.792824832681845e-07,0,0.15696870674788524,0.007047631729900885,0.031249647960066795,1.0006167405518507
0.0164375,32,physics,0,48,1.7310631443103235,153.57900568720615,49.49875900445382,204.8088278359703,359.0727721065499,0.00014508332476477687,1.6567712542402089,8.037974599843713,0.9971078686021315,8.887446760752484e-07,0,0.15689694044699412,0.007092553709781658,0.031249647960066795,1.000619066569364
0.0165,32,physics,0,48,7.404259057488844,160.29579575546396,46.59196990695452,214.29202471990732,361.7747867714853,0.00014617507357338785,1.6874119480429994,-3.7486051706740335,1.0013487644813646,8.985831092545017e-07,0,0.1567559870785329,0.007138436915093447,0.031249647960066795,1.0006228239936916
0.0165,33,refine,0,48,7.404259057488844,160.29579575546396,46.59196990695452,214.29202471990732,361.7747867714853,0.00014617507357338785,1.6874119480429994,-3.7486051706740335,1.0013487644813646,8.985831092545017e-07,0,0.1567559870785329,0.007138436915093447,0.031249647960066795,1.0006228239936916
0.0165625,33,physics,0,48,18.95684212564457,166.09149221515756,37.880795988200994,222.9291303290031,364.49713921168717,0.0001472750398584637,1.7152352073333619,-12.34954187476753,1.004444722246049,9.074303521927632e-07,0,0.15632550654989238,0.007185062450456853,0.031249647960066795,1.00062765498856
0.016625,33,physics,0,48,26.79613959682557,172.5795913705518,32.35812837516982,231.7338593425472,367.23997000936544,0.00014838328042223513,1.7450481726080367,-15.076889109749555,1.005426313724401,9.1489302445069e-07,0,0.15563414460238034,0.007232233721915798,0.031249647960066795,1.000637138120389
0.0166875,33,physics,0,48,24.8556338775804,181.6193084099784,36.1354769611322,242.61041924869102,370.00345209506486,0.00014949986513727496,1.7835058788340992,-10.840841111446458,1.003901723828654,9.20363522283197e-07,0,0.15450534719537387,0.007279962988315046,0.031249647960066795,1.0006401798986917
0.01675,33,physics,0,48,16.517222511324203,194.3523593456091,46.672575818583944,257.5421576755173,372.7877427904778,0.00015062485756940034,1.8366531881612762,-0.5182811044457947,1.0001865337943483,9.240911342800467e-07,0,0.1529903710061455,0.007329369017208039,0.031249647960066795,1.0006434006152083
0.0168125,33,physics,0,48,11.138393279348138,211.07537904983133,55.48937433524085,277.70314666442033,375.5929663503397,0.00015175830792372698,1.9077306502856202,13.555335086330238,0.9951221373930579,9.270819978368654e-07,0,0.15133969265527322,0.007380499376390122,0.031249647960066795,1.0006553889289038
0.016875,33,physics,0,48,14.7007928734709,231.72098616308597,56.54991608576047,302.9716951223173,378.4193241095045,0.00015290029754958667,1.9958753939356841,27.93533649219348,0.9899474751769715,9.302473964467596e-07,0,0.1495934346449014,0.007433983538745454,0.031249647960066795,1.0006621883348306
0.0169375,33,physics,0,48,23.99339997744876,256.11986068012584,51.91156789250543,332.02482855008003,381.26698200089095,0.00015405089349216177,2.0960235336052015,38.84366491958046,0.9860221380355771,9.341796500805801e-07,0,0.14787606162381617,0.007490269528790104,0.031249647960066795,1.0006612936735164
0.017,33,physics,0,48,29.79014842949898,283.6193922094201,49.35894213987213,362.76848277879117,384.1360117191042,0.0001552101247196518,2.1998323956571375,43.56163188961664,0.9843244542476252,9.398790865589047e-07,0,0.1464546083242433,0.007549601989889316,0.031249647960066795,1.0006648723235725
0.017,34,refine,0,56,29.790148429498977,283.6193922094201,49.35894213987212,362.76848277879117,384.13601171910426,0.0001552101247196518,2.1998323956571375,43.56163188961664,0.9843244542476252,9.319290974474374e-07,0,0.15244415194714236,0.00747112086848774,0.03124953992664814,1.0006648723235725
0.0170625,34,physics,0,56,25.76503721496953,311.68670413064524,54.257216630750435,391.70895797636524,387.026641276643,0.00015637808336048853,2.2883596383200455,40.8746232847608,0.9852914439371573,9.398816906980292e-07,0,0.15126167722013656,0.0075316550322050745,0.03124953992664814,1.0006766819595616
0.017125,34,physics,0,56,14.307546498017633,338.9239522078342,65.42338606668315,418.65488477253496,389.93904007415483,0.00015755483786099013,2.370257955616192,31.194833808559192,0.9887747525160173,9.505597642345258e-07,0,0.15038901433625876,0.007594835707504195,0.03124953992664814,1.0006802606646505
0.0171875,34,physics,0,56,4.808619191573091,361.1045003785348,74.30188603452832,440.2150056046362,392.87334035072104,0.00015874044165234657,2.429672684832627,16.645886432981662,0.9940100873883225,9.63329374048527e-07,0,0.14970012276139028,0.007660076035699676,0.03124953992664814,1.0006806185358634
0.01725,34,physics,0,56,4.986275321276393,375.6474257292147,74.05862305306466,454.69232410355573,395.8297172599896,0.00015993496550537547,2.4627121116229462,0.5198504019646398,0.9998129354235687,9.756464072196989e-07,0,0.14896080083460753,0.007726317992384457,0.03124953992664814,1.0006899232323194
0.0173125,34,physics,0,56,13.510432410304627,382.078559321749,65.90714562959565,461.4961373616493,398.8083565574241,0.000161138484474557,2.470290444410723,-13.467239052037428,1.0048460626227136,9.87957423426167e-07,0,0.1481516439652108,0.00779251026752529,0.03124953992664814,1.0006963649959328
0.017375,34,physics,0,56,21.092434771263502,382.1593925995967,58.28194563157602,461.53377300243625,401.80937955712625,0.00016235104757684408,2.457734783879676,-22.11138901143257,1.00795546118793,9.987617941575877e-07,0,0.14710932765699913,0.007857693412229179,0.03124953992664814,1.000700301649666
0.0174375,34,physics,0,56,19.544351190460183,378.76267360838665,58.787900415358855,457.0949252142057,404.8330519457211,0.00016357276216289634,2.433339003057207,-23.591764451833413,1.0084884339268607,1.006708629791576e-06,0,0.14576620282608715,0.007921084440077409,0.03124953992664814,1.000700659528046
0.0175,34,physics,0,56,10.019048394763931,374.39096804733424,66.67980267402514,451.08981911612335,407.879389157061,0.00016480363446876053,2.4059921343093356,-17.977359223562804,1.0064688076072654,1.0120183362438703e-06,0,0.1441570277521648,0.007983258592672435,0.03124953992664814,1.0007106801746501
0.0175,35,refine,0,60,10.019048394763931,374.39096804733424,66.67980267402513,451.0898191161233,407.879389157061,0.00016480363446876056,2.4059921343093356,-17.977359223562804,1.0064688076072654,1.0120183362438703e-06,0,0.1441570277521648,0.006593625547351876,0.03124953992664814,1.0007106801746501
0.0175625,35,physics,0,60,1.92020398893472,370.2159456372185,73.4115311975874,445.5476808237406,410.948684568098,0.00016604378303337062,2.379014632800407,-7.353239165475088,1.0026459096531029,1.0156197909338973e-06,0,0.1424019803556161,0.006649080375220501,0.03124953992664814,1.0007149747681976
0.017625000000000002,35,physics,0,60,3.627582500409436,367.42904142775456,71.66575316221328,442.7223770903773,414.04105030241954,0.00016729325316025318,2.3650097644680397,5.0700489434722495,0.9981756640308221,1.018874307590068e-06,0,0.1405669206289801,0.006703284065086878,0.03124953992664814,1.0007187325526703
0.017687500000000002,35,physics,0,60,14.197438601128551,366.151484412608,61.78717105636617,442.13609407010273,417.1567680938567,0.00016855215868393994,2.3580473283499335,15.693272471627548,0.994353168039696,1.0222662192305159e-06,0,0.13892671608398582,0.006757160408362667,0.03124953992664814,1.0007223114081443
0.017750000000000002,35,physics,0,60,24.307211157898525,366.4248776727326,52.09963813346073,442.8317269640918,420.295931890683,0.00016982053756422333,2.355121945314156,21.51456979922862,0.9922585570327185,1.0275576398655062e-06,0,0.1375336948034157,0.006810799462285778,0.03124953992664814,1.0007248166145912
0.017812500000000002,35,physics,0,60,24.98537178989107,367.57101156879656,50.82019679605909,443.37658015474676,423.45865175042667,0.00017109843426983877,2.350841383492746,20.848612271791445,0.9924981920998819,1.0356867528038551e-06,0,0.13643470930675536,0.006864202193392409,0.03124953992664814,1.0007237429539175
0.017875000000000002,35,physics,0,60,15.91917547412103,367.93191429657026,58.34180468989824,442.1928944605895,426.64514595143095,0.00017238593699613338,2.339375594551457,13.669433783803372,0.9950814389165024,1.0463752779799058e-06,0,0.13565098985519453,0.006917607622497533,0.03124953992664814,1.0007328691063626
0.017937500000000002,35,physics,0,60,5.799975394111912,365.33825292851714,66.67655264279972,437.8147809654288,429.8558554876371,0.00017368322392667372,2.3163437014392683,1.7786458450629614,0.999359998050256,1.0583997083202239e-06,0,0.1350880341954669,0.006970655791726455,0.03124953992664814,1.000739847984977
0.018000000000000002,35,physics,0,60,4.28959273109653,358.2397716695967,66.69397889811889,429.2233432988121,433.0903396607932,0.0001749901169973666,2.2802554638663417,-11.576314724539701,1.0041654282224772,1.0715753724355173e-06,0,0.13457600338688733,0.007023377816274043,0.03124953992664814,1.0007437848097684
0.018000000000000002,36,refine,0,62,4.289592731096529,358.2397716695967,66.6939788981189,429.2233432988121,433.0903396607932,0.0001749901169973666,2.2802554638663417,-11.576314724539701,1.0041654282224772,1.0715753724355173e-06,0,0.13457600338688733,0.0070215726230271214,0.03124953992664814,1.0007437848097684
0.0180625,36,physics,0,62,12.762896333385275,346.50128551155603,56.67794862427395,415.9421304692153,436.3491466986409,0.00017630683771958686,2.2319202042971256,-23.03648704753886,1.0082890464295993,1.0839020516684179e-06,0,0.13408447215685657,0.007073012539485617,0.03124953992664814,1.0007459321752734
0.018125,36,physics,0,62,22.693173645810266,333.03503570305037,44.423688023327045,400.15189737218765,439.6326833074207,0.0001776335504229584,2.179848705384544,-29.285097725625416,1.0105374089004429,1.0950554520938736e-06,0,0.13346936350789318,0.007123437912830251,0.03124953992664814,1.0007500479720368
0.0181875,36,physics,0,62,23.82065849191798,320.6216354627503,39.75243922176955,384.1947331764378,442.94093403294005,0.00017897024886321593,2.132064466118969,-28.391352227715466,1.0102157104176461,1.1033425830753166e-06,0,0.13262005818328088,0.007173384171889884,0.03124953992664814,1.0007606059628782
0.01825,36,physics,0,62,14.415674056809271,311.9017550482684,45.21519668337469,371.5326257884524,446.2739539635045,0.00018031695529878493,2.0968301430312173,-20.277427231097914,1.0072961115379178,1.1084066686706257e-06,0,0.1315224561910593,0.0072217782116811985,0.03124953992664814,1.000767585034923
0.0183125,36,physics,0,62,3.225976395090249,308.1757744303809,53.79804794955066,365.1997987750218,449.63188133458823,0.00018167372558369757,2.080738982321493,-6.776184436006373,1.0024381412440944,1.111696901201498e-06,0,0.13024484580600096,0.007269097553836619,0.03124953992664814,1.0007724167286958
0.018375,36,physics,0,62,0.9709932090997837,309.7701080295065,56.13538309165242,366.87648433025873,453.01488533389613,0.0001830406280782323,2.0869007645436257,8.930300178215475,0.9967867976983883,1.114288421089073e-06,0,0.12894416134242412,0.007316716611786365,0.03124953992664814,1.0007783221638749
0.0184375,36,physics,0,62,9.989702348230765,316.80353278130076,49.83996578223053,376.63320091176206,456.4231496001682,0.00018441773698160734,2.1143884824378185,23.15830416773326,0.9916674577703821,1.1169336504579517e-06,0,0.12766234758748476,0.0073643937517717485,0.03124953992664814,1.000779574836423
0.0185,36,physics,0,62,22.146174341238083,329.3757498721236,41.742807667574915,393.2647318809366,459.8567182996155,0.00018580507013917673,2.158703179225546,32.69186975191264,0.9882372323089825,1.1208017389741085e-06,0,0.12656423492509736,0.007412310971934032,0.03124953992664814,1.0007856592682465
0.0185,37,refine,0,62,22.146174341238083,329.3757498721236,41.742807667574915,393.2647318809366,459.8567182996155,0.00018580507013917673,2.158703179225546,32.69186975191264,0.9882372323089825,1.1208017389741085e-06,0,0.12656423492509736,0.007412310971934032,0.03124953992664814,1.0007856592682465
0.0185625,37,physics,0,62,26.639060547572985,347.0433193708405,41.170675649229516,414.85305556764297,463.31717741007765,0.0001872032683651604,2.213121479831105,35.5110528759439,0.9872229478126908,1.1276472346999343e-06,0,0.1256875179764166,0.007460706633688715,0.03124953992664814,1.0007890594080242
0.018625,37,physics,0,62,20.097935534110213,368.2252429032698,50.848228862222804,439.17140729960283,466.8037025862288,0.00018861199858289456,2.2701963352925123,31.245765749492296,0.9887576553690928,1.1376665565165926e-06,0,0.12508246069691956,0.007510057825282989,0.03124953992664814,1.0007915647815682
0.0186875,37,physics,0,62,9.76531887424482,390.29917469519006,63.89319239467065,463.9576859641055,470.3164038619682,0.0001900313052515675,2.3233723905404324,22.053515716533507,0.9920650389771265,1.149463944472018e-06,0,0.12465725305710294,0.007561080356859925,0.03124953992664814,1.0007946070293037
0.01875,37,physics,0,62,6.828312017452978,410.5971936813447,69.79831985700064,487.2238255557983,473.8555845552288,0.00019146131092676565,2.368491645050378,10.065084426125678,0.9963785381000985,1.163023094274962e-06,0,0.12427372082315664,0.007613176957553199,0.03124953992664814,1.000798007199481
0.0188125,37,physics,0,62,15.746300191746961,427.78215393682365,64.2116534651965,507.7401075937671,477.4213593109432,0.0001929020619307649,2.4047506353322574,-1.6609886640613998,1.0005975559475855,1.1765368261862361e-06,0,0.12387556749349338,0.007666227181587567,0.03124953992664814,1.0008065971545435
0.018875,37,physics,0,62,29.552598294301365,442.62474880428744,53.41483671567635,525.5921838142651,481.01395954236443,0.00019435365176607164,2.43489737206622,-9.769690831196304,1.0035147197853387,1.1886893065415904e-06,0,0.1233732004356082,0.0077206473114079825,0.03124953992664814,1.000812323832212
0.0189375,37,physics,0,62,36.18801015586355,457.48671097208535,48.71810102502088,542.3928221529698,484.63361308947157,0.0001958161724914109,2.464366954513166,-11.860744924368307,1.0042669601830223,1.1988748713775985e-06,0,0.12261012395258332,0.007775780814355253,0.03124953992664814,1.0008189453441148
0.019,37,physics,0,62,30.243053269503495,474.8664365303968,55.683923947253795,560.7934137471541,488.28051990144763,0.00019728970489623428,2.4995202132872163,-7.093339525545408,1.0025518503241606,1.2057200686754759e-06,0,0.12158815807325522,0.007831448300524064,0.03124953992664814,1.0008255668998265
0.019,38,refine,0,64,30.243053269503484,474.86643653039687,55.6839239472538,560.7934137471542,488.28051990144763,0.00019728970489623428,2.4995202132872163,-7.093339525545408,1.0025518503241606,1.2057200686754759e-06,0,0.12158815807325522,0.006842508751633709,0.03124953992664814,1.0008255668998265
0.0190625,38,physics,0,64,18.39335821022901,495.9955958254742,68.74246615061679,583.13142018632,491.95485638126,0.0001987743202561465,2.544814864293764,3.4924416539105136,0.9987435878325359,1.2097449890724468e-06,0,0.12034972399002691,0.006888553171245139,0.03124953992664814,1.0008321884993472
0.019125,38,physics,0,64,12.809736910202897,521.8100444748281,76.85864561498717,611.4784270000182,495.6568526074875,0.0002002701115343789,2.60382887253108,17.232881003426552,0.993800426756373,1.2130340589777686e-06,0,0.11901201703020375,0.00693543881726117,0.03124953992664814,1.0008314726486383
0.0191875,38,physics,0,64,19.251184833649848,552.0490685017725,74.18333507161681,645.4835884070392,499.3867239603307,0.00020177716575528422,2.6750714382403373,30.682465338694662,0.9889618686874596,1.2163880143134529e-06,0,0.11769489292908245,0.006983825121117787,0.03124953992664814,1.0008350519073028
0.01925,38,physics,0,64,31.604449192521187,586.5325117501307,65.5551812524078,683.6921421950597,503.14462280023884,0.00020329554448008974,2.7539554786966,40.482506149571606,0.9854362544429421,1.2208168724825441e-06,0,0.11646783335052968,0.007034037343343716,0.03124953992664814,1.0008384522148908
0.0193125,38,physics,0,64,37.829307088428344,624.4309631183476,61.56893946981455,723.8292096765904,506.9307679573915,0.000204825336127112,2.8337077062241693,44.20248224135529,0.9840980803423692,1.2282991792567074e-06,0,0.11544888979332862,0.007086771046901141,0.03124953992664814,1.0008440001099665
0.019375,38,physics,0,64,31.313613182912448,663.6168161629763,68.35751095899161,763.2879403048804,510.74544447170626,0.00020636665586670674,2.906845696155243,40.88044689359479,0.9852932698439967,1.2394129149662096e-06,0,0.11465017672485465,0.00714185836337381,0.03124953992664814,1.0008499059675504
0.0194375,38,physics,0,64,17.137808124462136,700.6650103705867,81.62860110014172,799.4314195951906,514.5888498904669,0.00020791958351783828,2.9667381113769884,31.213008968281695,0.9887711241118711,1.2530289668077896e-06,0,0.1140669730964336,0.007198943326001307,0.03124953992664814,1.0008559908269654
0.0195,38,physics,0,64,7.582541172710739,731.8741058684311,90.42322441063021,829.879871451772,518.4611679310439,0.0002094841933114953,3.009088713646828,17.405792894625467,0.99373829515831,1.2683488526121757e-06,0,0.11357532384336537,0.007256965130312022,0.03124953992664814,1.000858317400636
0.0195,39,refine,0,68,7.58254117271074,731.8741058684312,90.42322441063023,829.8798714517723,518.4611679310439,0.00020948419331149527,3.009088713646828,17.405792894625467,0.99373829515831,1.2683488526121757e-06,0,0.11357532384336537,0.007202005553293451,0.03124953992664814,1.000858317400636
0.0195625,39,physics,0,68,10.718008835009082,754.6009901601097,87.21833153762014,852.5373305327389,522.3625761469984,0.00021106055698818005,3.02929436182436,2.6724595903831108,0.99903859504635,1.2840856085105675e-06,0,0.11307139018996164,0.007260973340993502,0.03124953992664814,1.000859928108653
0.019625,39,physics,0,68,22.520242344795154,769.6395128888744,75.92689966034428,868.0866548940138,526.2933590713308,0.00021264878951342836,3.039066776479997,-9.408439017076024,1.0033846187348017,1.2990593032391467e-06,0,0.11250222101381101,0.0073199769706376525,0.03124953992664814,1.0008642233427045
0.0196875,39,physics,0,68,30.441923626640133,779.3192358295917,67.78639688076794,877.5475563369997,530.253732154296,0.00021424897793989858,3.0387272942854855,-15.99841839009979,1.005755273520715,1.3118303687775774e-06,0,0.11174655977611501,0.007378265292812856,0.03124953992664814,1.0008663709666428
0.01975,39,physics,0,68,25.606670799282174,787.0565088885701,71.23848371544112,883.9016634032934,534.2439109769566,0.00021586120937310162,3.0359362406312353,-15.682623250236016,1.0056416441077975,1.3209516787071622e-06,0,0.11076360974927162,0.007436322264701511,0.03124953992664814,1.0008749615084787
0.0198125,39,physics,0,68,11.759137766805384,795.4756121237458,83.34782426061516,890.5825741511663,538.2641099427719,0.00021748557044273817,3.03761227754511,-8.92680151924106,1.0032112738417363,1.327220793712058e-06,0,0.10956038468295017,0.007494324467244164,0.03124953992664814,1.0008788988647952
0.019875,39,physics,0,68,1.7024800290552788,805.8563890761153,92.63897786508596,900.1978469702566,542.3145382783609,0.00021912214568680678,3.048131625849361,2.129437416481793,0.9992339722898412,1.3311744151423008e-06,0,0.1082520421913051,0.007552118175460787,0.03124953992664814,1.0008822993213518
0.0199375,39,physics,0,68,4.770244550220623,818.6460801378415,90.3248014894086,913.7411261774707,546.3954594286586,0.00022077104155021233,3.0683123944958695,14.273820932233768,0.9948645999434942,1.335056435181058e-06,0,0.10688211853936701,0.007610510654234091,0.03124953992664814,1.000887668486805
0.02,39,physics,0,68,17.86566044820461,833.9826193884007,78.7397440363545,930.5880238729599,550.5071140967204,0.0002224323552890049,3.095526004043627,24.17710686625673,0.9913016139573188,1.3399392351232128e-06,0,0.10565351405628007,0.007670056778033895,0.03124953992664814,1.0008844469840767
0.02,40,refine,0,80,17.865660448204615,833.982619388401,78.7397440363545,930.5880238729601,550.5071140967204,0.00022243235528900492,3.095526004043627,24.17710686625673,0.9913016139573188,6.720542216065439e-07,0,0.08129024535443904,0.007048183738565893,0.01562476996332407,1.0008844469840767
0.0200625,40,physics,0,80,28.547489389161246,850.6065371601703,68.66381236417475,947.8178389135063,554.649697251398,0.00022410616568033345,3.2596538221379254,28.908156054265532,0.9895995061403275,6.7593844077507e-07,0,0.08048964551155796,0.007104210270875774,0.01562476996332407,1.000887847459483
0.020125,40,physics,0,80,26.68246619308092,868.8996375977526,70.16359503911528,965.7456988299489,558.8234833421534,0.0002257925836154813,3.288899245841501,27.08787665412394,0.9902544097797101,6.816651199059726e-07,0,0.07985547096760622,0.007160476435787133,0.01562476996332407,1.0008919638399056
0.0201875,40,physics,0,80,13.924777975761781,885.2495773056373,81.5773427245829,980.751698005982,563.0286888971247,0.0002274916965826251,3.305492689956726,18.927088738205217,0.9931905098807402,6.889024875000868e-07,0,0.07939004419736381,0.0072171591203269245,0.01562476996332407,1.0008967961341777
0.02025,40,physics,0,80,2.2930158838597947,896.3302779970547,92.02876731146958,990.652061192384,567.2655451966455,0.0002292035980305652,3.3057610550794916,6.238340631965365,0.997755624538588,6.972816337658112e-07,0,0.07904705038599902,0.007274079766181336,0.01562476996332407,1.00090162845178
0.0203125,40,physics,0,80,3.0307312891077807,899.8699284269896,91.0100583143676,993.910718030465,571.5342856793928,0.00023092838228018004,3.289337188202527,-7.960131549621959,1.0028638134896166,7.064526656996863e-07,0,0.07872828352005874,0.007330821631389447,0.01562476996332407,1.0009041341071292
0.020375,40,physics,0,80,15.736431984884888,896.0610967423734,78.48389647268392,990.2814251999422,575.8351455345235,0.00023266614435962983,3.259723554049566,-20.170169463573043,1.007256583028005,7.148559899583513e-07,0,0.07838133863847664,0.007387563523582187,0.01562476996332407,1.0009114721338783
0.0204375,40,physics,0,80,28.290624262486975,887.7226743009159,65.33740762878153,981.3507061921844,580.1682832940869,0.00023441694832377632,3.2238641254782228,-26.787368664728373,1.009636754091772,7.221589672923309e-07,0,0.07793366140618621,0.0074437706295641575,0.01562476996332407,1.0009157675891331
0.0205,40,physics,0,80,28.417472999843085,878.9026442261874,63.12531826767248,970.4454354937029,584.5340891140182,0.0002361809518150937,3.1905020427023043,-25.98690629789366,1.0093487560465304,7.276195601590993e-07,0,0.07734707589130622,0.007499618518205818,0.01562476996332407,1.0009240005965645
0.0205,41,refine,0,96,28.41747299984309,878.9026442261875,63.12531826767248,970.445435493703,584.5340891140182,0.00023618095181509368,3.1905020427023043,-25.98690629789366,1.0093487560465304,7.276195601590993e-07,0,0.07734707589130622,0.006766652334501521,0.01562476996332407,1.0009240005965645
0.0205625,41,physics,0,96,15.866873118583836,871.710821357959,72.58090208521509,960.158596561758,588.9327512975347,0.00023795823091748197,3.1619496487000402,-18.19329306896208,1.0065449669190756,7.313664678321179e-07,0,0.0766230496818991,0.006806096843435914,0.01562476996332407,1.0009259693692443
0.020625,41,physics,0,96,2.8597597027043844,870.560316843198,83.7327351504401,957.1528116963426,593.3644190369423,0.00023974884591208023,3.157217779057876,-5.485125350550612,1.0019732508970862,7.33800009200535e-07,0,0.07578946715559652,0.006849549145938113,0.01562476996332407,1.0009282961055859
0.0206875,41,physics,0,96,2.058158716686256,874.7799707505451,84.8554596788049,961.6935891460363,597.8293418466286,0.00024155289761515692,3.169700118211121,9.050332701009857,0.9967441486537402,7.359843756660215e-07,0,0.07496502292379564,0.00689356587663914,0.01562476996332407,1.000934918384777
0.02075,41,physics,0,96,14.39208706831057,884.6130442615931,74.67261099658646,973.6777423264903,602.327676732804,0.00024337044946505843,3.19682803228929,21.617574358211154,0.9922231207839766,7.380573365800562e-07,0,0.07416256399467677,0.0069391719545106876,0.01562476996332407,1.0009363502346873
0.0208125,41,physics,0,96,28.33480753201618,900.0244602678579,63.20451428858421,991.5637820884582,606.8595676581565,0.00024520155962989734,3.2328630604666624,29.46164983728175,0.9894014880361399,7.4119663429073e-07,0,0.07348703666963621,0.006986677793847218,0.01562476996332407,1.0009379610682847
0.020875,41,physics,0,96,30.869837536788644,920.0605454458646,62.119341048646966,1013.0497240313002,611.4252028890935,0.0002470463041787006,3.2704698524552294,30.74797273901945,0.9889387630170029,7.462944853209311e-07,0,0.07295051596082643,0.007036216503058834,0.01562476996332407,1.000942256637218
0.0209375,41,physics,0,96,19.656727293470276,942.3342005645468,73.58574057210438,1035.5766684301213,616.0247395481849,0.0002489047465968297,3.30249486408796,25.32223276989329,0.9908906069925779,7.533520554048329e-07,0,0.07257825663010856,0.007087431470244654,0.01562476996332407,1.0009397508864333
0.021,41,physics,0,96,5.35972383558957,963.4344638999509,87.86773882492818,1056.6619265604686,620.6583316906608,0.0002507769491302879,3.3236626427674922,14.677839919542794,0.9947198321831031,7.615998587340309e-07,0,0.07231700604180831,0.0071395919881679665,0.01562476996332407,1.0009436884976257
0.021,42,refine,0,108,5.359723835589569,963.4344638999509,87.86773882492818,1056.6619265604686,620.6583316906607,0.0002507769491302879,3.3236626427674922,14.677839919542794,0.9947198321831031,3.8149390846342575e-07,0,0.09158383718369807,0.0071395919881679665,0.007812411990016699,1.0009436884976257
0.0210625,42,physics,0,108,1.9287421609271262,979.7315265228533,91.89930389720138,1073.5595725809817,625.328795354781,0.00025266404959911013,3.328898798424609,1.6800228269501356,0.9993956014168041,3.8602614793603623e-07,0,0.09148782507367899,0.007192089852786108,0.007812411990016699,1.0009449413771627
0.021125,42,physics,0,108,13.37693733640469,991.6768313048204,81.90178698208955,1086.9555556233147,630.0343853576744,0.00025456534286229595,3.326228235616319,-9.758442617368589,1.0035106298407956,3.901950469398231e-07,0,0.09133563765671131,0.007243768850887419,0.007812411990016699,1.0009526376715805
0.0211875,42,physics,0,108,29.55525368181248,1000.4939816005988,66.90004063862646,1096.9492759210377,634.7754148328004,0.00025648095544139404,3.3186271442471074,-17.13392344510146,1.006163923408625,3.938403807524084e-07,0,0.09104593902891263,0.007294205968809026,0.007812411990016699,1.0009572912736577
0.02125,42,physics,0,108,35.6165638757318,1009.8794022019104,60.838906552834445,1106.3348726304766,639.5521199212238,0.00025841098274918323,3.31381037682002,-18.209426835781457,1.0065508049491732,3.968132737952596e-07,0,0.090522856862589,0.007343328294207338,0.007812411990016699,1.0009615869255475
0.0213125,42,physics,0,108,26.583571877042637,1023.3676613212109,69.13227773925331,1119.0835109375068,644.3648131475755,0.0002603555510612154,3.3197882633555147,-12.419182278006366,1.0044677464704734,3.989233192669413e-07,0,0.08976763956751269,0.0073916539911770916,0.007812411990016699,1.0009660615825358
0.021375,42,physics,0,108,12.430400793016599,1042.9983111486943,83.50388118909186,1138.9325931308026,649.2136169091624,0.00026231470983211256,3.342476023231609,-1.0272692299372095,1.0003695531644885,4.003915101691291e-07,0,0.08882473543344885,0.007439856643314911,0.007812411990016699,1.0009712522097025
0.0214375,42,physics,0,108,8.31730331137808,1069.4490632945945,90.30010243692101,1168.0664690428935,654.0987795497035,0.00026428855940513447,3.3840196302042056,13.260041987009993,0.9952298150790388,4.012852636847705e-07,0,0.08779395724773419,0.00748889011672488,0.007812411990016699,1.0009737580393476
0.021500000000000002,42,physics,0,108,19.833458581880322,1102.9149537976325,83.86919773694918,1206.617610116462,659.0209500424878,0.0002662773619978865,3.4423299496279243,27.136900604729483,0.9902386695999629,4.020337209809098e-07,0,0.08677256138622841,0.0075396622959969396,0.007812411990016699,1.0009728630994685
0.021500000000000002,43,refine,0,116,19.83345858188032,1102.9149537976327,83.86919773694913,1206.6176101164622,659.0209500424878,0.00026627736199788646,3.4423299496279243,27.136900604729483,0.9902386695999629,4.020337209809098e-07,0,0.08677256138622841,0.0075396622959969396,0.007812411990016699,1.0009728630994685
0.021562500000000002,43,physics,0,116,37.74884038095851,1143.0764951070903,71.75175631476945,1252.5770918028181,663.9800858342225,0.00026828110041671394,3.5092494030030017,37.41834135035408,0.986540402927098,4.0371453913223853e-07,0,0.08590967703457111,0.0075926459779453006,0.007812411990016699,1.0009785907285211
0.021625000000000002,43,physics,0,116,46.800404263649675,1189.8809616505478,67.52535252186166,1304.206718436059,668.9766140862137,0.00027029994725610856,3.582150428628048,41.887081615071885,0.9849329007679499,4.0602459527860917e-07,0,0.08523902467411573,0.007648217046006476,0.007812411990016699,1.000978769717457
0.021687500000000002,43,physics,0,116,39.97677741257461,1240.6962345652742,77.40155293764623,1358.074564915495,674.0107165804818,0.00027233397596508087,3.65019252125046,39.73604880549613,0.9857067355062167,4.0916268417845437e-07,0,0.08480055324004393,0.007706055325935348,0.007812411990016699,1.0009850343503803
0.021750000000000002,43,physics,0,116,25.066178971468243,1291.7474236609028,94.34391954124283,1411.1575221736139,679.0826788629814,0.0002743833019184509,3.7068258851803546,31.785599333395357,0.988566551701498,4.130376574096309e-07,0,0.08455431942139432,0.007765468278806413,0.007812411990016699,1.0009843183903475
0.021812500000000002,43,physics,0,116,17.611590044889887,1339.0753874883246,104.1023654557689,1460.7893429889834,684.1927923726709,0.0002764480428721066,3.748485249886094,20.249376253755877,0.9927162143377166,4.177073780198263e-07,0,0.08440562035164713,0.007825592624772892,0.007812411990016699,1.0009868242527025
0.021875000000000002,43,physics,0,116,26.3424977327433,1380.4688154193957,98.44888117040855,1505.2601943225477,689.3413910951194,0.00027852833377289035,3.7755260040819434,8.269803170772194,0.9970253234588973,4.2263654442820055e-07,0,0.08426076136003985,0.007885560804713275,0.007812411990016699,1.0009887931489536
0.021937500000000002,43,physics,0,116,44.47016559123686,1416.7379936003913,83.3679021662533,1544.5760613578814,694.5287006162927,0.00028062426576879325,3.792227582540609,-0.8657719827734665,1.0003114199241008,4.2672865951942677e-07,0,0.08401300505389919,0.007944447573719857,0.007812411990016699,1.0009968477648543
0.022,43,physics,0,116,55.726859436235884,1451.2580052111255,73.87970992092562,1580.864574568287,699.7550296564693,0.0002827359635982195,3.8058611547032792,-4.580467597641821,1.001647594866785,4.3037163699466387e-07,0,0.08355673999376104,0.00800200531438714,0.007812411990016699,1.0010013225794712
0.022,44,refine,0,118,55.726859436235884,1451.258005211126,73.87970992092562,1580.8645745682875,699.7550296564693,0.0002827359635982195,3.8058611547032792,-4.580467597641821,1.001647594866785,4.3037163699466387e-07,0,0.08355673999376104,0.00732809339279059,0.007812411990016699,1.0010013225794712
0.0220625,44,physics,0,118,50.12823629548288,1487.8984861720207,79.67898545630065,1617.705707923804,705.0207177132114,0.0002848635644351315,3.8258573742711905,-1.74460204193725,1.0006275299074252,4.3312329722766626e-07,0,0.08287170006367094,0.007380377887241731,0.007812411990016699,1.0010109882473135
0.022125,44,physics,0,118,33.99256199018022,1529.6460267896907,95.95308939444853,1659.5916781743197,710.3260091597987,0.0002870071670185336,3.858255047089161,6.9882582950113,0.9974863579748844,4.352765561321806e-07,0,0.08200791946905685,0.00743235649594882,0.007812411990016699,1.0010091983017828
0.0221875,44,physics,0,118,23.80578753813479,1577.513080362301,107.82470569860817,1709.143573599044,715.6712242196231,0.0002891669007346613,3.9061339145107343,19.41061688552141,0.99301812310572,4.3654472037246695e-07,0,0.08101182620616343,0.007484577528394897,0.007812411990016699,1.001013673171611
0.02225,44,physics,0,118,30.14586437790913,1631.7539822220738,105.18541013803994,1767.085256738023,721.0566622062321,0.0002913428865211297,3.969263995584326,32.35619589181162,0.9883617130000529,4.3764802448720285e-07,0,0.08002283793299325,0.007537331046466045,0.007812411990016699,1.001018864045673
0.0223125,44,physics,0,118,47.582248795105016,1692.3647988265498,92.18484139314513,1832.1318890148,726.4826094910494,0.00029353524008628943,4.043330851903573,42.573780534528645,0.9846865909947877,4.3969540008959077e-07,0,0.07910195119221648,0.007591462104729581,0.007812411990016699,1.0010242339437188
0.022375,44,physics,0,118,59.996760501067634,1758.6796738115472,83.02145788476997,1901.6978921973848,731.9493900029644,0.0002957440923135823,4.121288812273922,47.54281544921869,0.9828992948757695,4.422276820292834e-07,0,0.07835179799023952,0.0076469203059512,0.007812411990016699,1.0010265609084845
0.0224375,44,physics,0,118,55.7190356032363,1828.491630896368,88.37461226269595,1972.5852787623003,737.4573263000976,0.0002979695735325911,4.195047399288304,46.03903138918818,0.9834401800635135,4.457228239829193e-07,0,0.0778332649050336,0.0077041276765866884,0.007812411990016699,1.0010362268200281
0.0225,44,physics,0,118,38.433686638676974,1897.8103432251175,105.20942025507306,2041.4534501188677,743.0067191309818,0.0003002118052607363,4.2573065734720075,38.39205737054995,0.9861907417301835,4.502098924774597e-07,0,0.07748884781205882,0.00776281237904874,0.007812411990016699,1.0010392698114972
0.0225,45,refine,0,132,38.433686638676974,1897.8103432251178,105.20942025507304,2041.4534501188677,743.0067191309815,0.00030021180526073623,4.2573065734720075,38.39205737054995,0.9861907417301835,4.502098924774597e-07,0,0.07748884781205882,0.007374449694491852,0.007812411990016699,1.0010392698114972
0.0225625,45,physics,0,132,24.02630373165031,1960.4957038672005,119.166633321004,2103.688640919855,748.5978848181273,0.00030247091530810307,4.302139089554389,26.460678202096478,0.9904823267351756,4.55200618532103e-07,0,0.07728519309763135,0.007428850712102278,0.007812411990016699,1.001038374813046
0.022625,45,physics,0,132,25.814909075328114,2016.1293309527707,118.11708161868498,2160.0613216467837,754.2311072189194,0.00030474701836724475,4.330105678129645,13.112856527443109,0.9952834123823111,4.6095540184865037e-07,0,0.07707478190278412,0.007484431091182211,0.007812411990016699,1.0010399858108343
0.0226875,45,physics,0,132,41.790030893317436,2063.1170749593894,103.52490853425162,2208.4320143869586,759.9067147018245,0.00030704024711541414,4.343795972078033,1.673483781433183,0.999398061200502,4.658201415708166e-07,0,0.07686411874855519,0.007540159361563286,0.007812411990016699,1.0010453558221861
0.02275,45,physics,0,132,55.96357738761304,2104.592738327768,89.89160222691031,2250.4479179422915,765.624950975096,0.0003093507000229113,4.350406937443979,-4.988758579514774,1.0017944138753967,4.702820444180134e-07,0,0.07645997856007317,0.007595384884219076,0.007812411990016699,1.0010523368800102
0.0228125,45,physics,0,132,53.677662104397825,2145.1687450031995,91.0139298830164,2289.8603369906136,771.3859733727895,0.00031167844066054865,4.35761614703988,-5.241086133316075,1.001885166189372,4.7390089630283667e-07,0,0.07586445202005125,0.0076498718756955126,0.007812411990016699,1.0010625400520965
0.022875,45,physics,0,132,36.17435488280688,2188.6467009400203,106.4836165584521,2331.304672381279,777.1898117716472,0.00031402348110002166,4.373154830065247,0.8381024247967033,0.9996985435987807,4.764152938818712e-07,0,0.07508176693913576,0.007703527323705276,0.007812411990016699,1.001071311283156
0.0229375,45,physics,0,132,19.583816425168248,2236.9520220312816,122.03716902033025,2378.57300747678,783.0364650695556,0.000316385820896021,4.402176647392771,11.480460041006214,0.9958706023680307,4.782551776827411e-07,0,0.07414805522766009,0.007756738422080094,0.007812411990016699,1.0010777555018873
0.023,45,physics,0,132,19.20472421916992,2290.683926528027,123.48499390240681,2433.373644649603,788.9259653708049,0.0003187654730202825,4.445995871699799,23.74809423633876,0.9914580605746757,4.79625118288141e-07,0,0.07321430634445902,0.0078098879668745845,0.007812411990016699,1.0010790085492358
0.023,46,refine,0,158,19.20472421916992,2290.683926528027,123.48499390240681,2433.373644649603,788.9259653708048,0.00031876547302028244,4.445995871699799,23.74809423633876,0.9914580605746757,4.79625118288141e-07,0,0.07412716526887524,0.006627018471331491,0.007812384981662035,1.0010790085492358
0.0230625,46,physics,0,158,34.83767449770041,2348.3045151005645,110.106173591122,2493.248363189387,794.8626725298387,0.00032116419907164613,4.494886431287073,34.34168838643752,0.9876476364322836,4.814095788674416e-07,0,0.07325681920148423,0.006673213635041501,0.007812384981662035,1.0010840207543137
0.023125,46,physics,0,158,51.07027786503863,2412.896674794051,95.93557006251875,2559.9025227216084,800.8441154286625,0.00032358100059508326,4.558722114773172,40.473043430489824,0.985442298497332,4.839807665746319e-07,0,0.07250901798362558,0.0067207695902118175,0.007812384981662035,1.0010883169500686
0.0231875,46,physics,0,158,51.92294249224258,2481.0456176838834,95.27119693899974,2628.239757115126,806.8704380405643,0.0003260159357629894,4.62155883126023,40.48389524988982,0.9854384212573001,4.876297179379212e-07,0,0.07192485869947424,0.006769572119294625,0.007812384981662035,1.001089391001888
0.02325,46,physics,0,158,35.71428702962999,2549.0658012859367,110.02731275390684,2694.8074010694736,812.9421658312817,0.0003284692168897535,4.67573291923923,34.21554895473118,0.9876931065599954,4.922868264145559e-07,0,0.07148978982828523,0.006819615922927852,0.007812384981662035,1.0010927921735855
0.0233125,46,physics,0,158,16.806231693646883,2612.047800167965,127.4020281484359,2756.256060010048,819.0595981519657,0.0003309409649281841,4.715544743343349,23.054625854766698,0.9917075917144421,4.973454927892361e-07,0,0.07111679858099418,0.006871054867265827,0.007812384981662035,1.0010922551457073
0.023375,46,physics,0,158,12.488255041163985,2665.865996959632,131.53715574468586,2809.891407745482,825.2231423328249,0.00033343134446001956,4.738847211464969,9.63354928535101,0.9965349596154965,5.035974925959859e-07,0,0.07091439008969494,0.006922995992595036,0.007812384981662035,1.0010940452397554
0.0234375,46,physics,0,158,26.566855817420148,2709.3897715564817,118.56805946992125,2854.524686843823,831.4328602278732,0.00033594038047736875,4.747113305472926,-2.7830469719263045,1.0010010146111474,5.091616266383881e-07,0,0.07060177053248971,0.006975342746995192,0.007812384981662035,1.0010951192977207
0.0235,46,physics,0,158,45.16123701203249,2745.2822385004124,100.85639726873184,2891.299872781177,837.6894377672772,0.000338468350130261,4.745738324123933,-11.093611198651708,1.0039901616613982,5.143742072277749e-07,0,0.0702356223245305,0.007027185589229612,0.007812384981662035,1.0011021007025838
0.0235,47,refine,0,158,45.16123701203249,2745.2822385004124,100.85639726873184,2891.299872781177,837.6894377672772,0.000338468350130261,4.745738324123933,-11.093611198651708,1.0039901616613982,5.143742072277749e-07,0,0.0702356223245305,0.007027185589229612,0.007812384981662035,1.0011021007025838
0.0235625,47,physics,0,158,49.718543104435184,2778.6060744286597,95.5300357583047,2923.8546532913997,843.9930773227618,0.00034101533518697514,4.742416931309632,-13.229194267195357,1.0047582614809947,5.184139757474775e-07,0,0.06970862996029849,0.007078432759761678,0.007812384981662035,1.001105501917462
0.023625,47,physics,0,158,35.221999186924286,2814.2202133319315,107.87441009154561,2957.3166226104013,850.3440755418931,0.00034358145550793647,4.74518188268765,-8.716430605016157,1.0031350989843362,5.214301630473984e-07,0,0.06904949158009219,0.007128654931940885,0.007812384981662035,1.0011108722802706
0.0236875,47,physics,0,158,15.368917663390821,2855.0297976414786,126.074105439829,2996.4728207446983,856.7431698851353,0.00034616700906398674,4.760070009927105,1.157058374355009,0.9995838343609796,5.239161211534338e-07,0,0.0683229004086624,0.007178740643211053,0.007812384981662035,1.00111606365837
0.02375,47,physics,0,158,9.236876149440617,2902.134518891674,132.77502437703623,3044.146419418151,863.189792417507,0.000348771766381042,4.789641575257766,13.734255959821146,0.995060124439164,5.253125934245874e-07,0,0.06747071720155909,0.007227936276561652,0.007812384981662035,1.0011248353583992
0.0238125,47,physics,0,158,22.808559646078848,2955.895471520119,121.92571792358405,3100.629749089782,869.6851889090494,0.00035139623081238756,4.832513118184201,25.727043852793944,0.990746630499965,5.270134533219563e-07,0,0.06666569264502062,0.007278108865286834,0.007812384981662035,1.0011287736976981
0.023875,47,physics,0,158,43.39520524979946,3016.275819260639,104.43565577085687,3164.106680281295,876.229378386472,0.00035404041004576396,4.883990984622459,34.08814478589865,0.9877394167247683,5.296789833408867e-07,0,0.06599645419324397,0.007328826713237573,0.007812384981662035,1.001132175003197
0.0239375,47,physics,0,158,51.74008287640285,3082.1012438483126,97.68787263837332,3231.529199363089,882.8229369996391,0.0003567045368744772,4.9373681605130235,36.739598765687646,0.9867858195470759,5.332469061869458e-07,0,0.06545017853851412,0.007381252357320555,0.007812384981662035,1.0011353973032766
0.024,47,physics,0,158,39.9870633228781,3150.2289761786415,109.14247430400658,3299.358513805526,889.4661848330608,0.0003593887406286484,4.985480974302363,33.02757657413783,0.9881209423849218,5.378223359997496e-07,0,0.06503432094413358,0.007434302677724717,0.007812384981662035,1.0011319959868301
0.024,48,refine,0,164,39.9870633228781,3150.228976178642,109.14247430400661,3299.3585138055264,889.4661848330607,0.0003593887406286484,4.985480974302363,33.02757657413783,0.9881209423849218,5.378223359997496e-07,0,0.06503432094413358,0.007185718081195998,0.007812384981662035,1.0011319959868301
0.0240625,48,physics,0,164,19.095449555393465,3214.880261745783,129.1019408266066,3363.077652127783,896.1594748378546,0.0003620931639181482,5.022678918148459,23.887569697712973,0.9914083751323677,5.431773200115236e-07,0,0.06471537281202158,0.007239705275981199,0.007812384981662035,1.00113271205249
0.024125,48,physics,0,164,8.943517662695015,3273.0705241248397,139.40121505605424,3421.415256843589,902.90303776383,0.00036481789997741835,5.044858480716185,11.573264760849314,0.9958374604450297,5.496542971883398e-07,0,0.06451753457060937,0.007294491924165449,0.007812384981662035,1.0011291317293116
0.0241875,48,physics,0,164,19.751092847526557,3321.615913906319,130.27393923595176,3471.6409459897973,909.6974812921587,0.0003675631943399879,5.05248919065147,-0.7866792131713495,1.0002829425206343,5.561670857190398e-07,0,0.06432261104797321,0.007349456512267615,0.007812384981662035,1.0011332491020712
0.02425,48,physics,0,164,41.849495967661554,3362.259171237356,110.1098225214637,3514.218489726481,916.542888274531,0.0003703290804820752,5.04964618752186,-9.95808158006753,1.0035815801147325,5.616713902867336e-07,0,0.0640117963557446,0.007404115180899059,0.007812384981662035,1.0011366504227752
0.0243125,48,physics,0,164,54.40849443767197,3399.9877679961755,97.9801267784561,3552.3763892123034,923.4399213976075,0.0003731158261621727,5.043242539609873,-13.476738512592025,1.0048471011608564,5.663260456145731e-07,0,0.06360418926257941,0.007458310934504227,0.007812384981662035,1.0011441691727057
0.024375,48,physics,0,164,45.64501601328253,3440.4026636076296,105.35823592998871,3591.4059155509008,930.3888346033519,0.00037592353398551034,5.0417154409155005,-10.334982521220272,1.0037170799544004,5.698586535984874e-07,0,0.06307130960085054,0.007512150867938269,0.007812384981662035,1.0011529411189932
0.0244375,48,physics,0,164,24.65660925098423,3487.339768740069,124.8886121164734,3636.8849901075264,937.389831643022,0.00037875228627776755,5.052050423016307,-1.2655510067073876,1.000455167034242,5.726503902181437e-07,0,0.06245547531140534,0.007565384915864232,0.007812384981662035,1.001161355098874
0.0245,48,physics,0,164,12.665493793839165,3542.422257930123,137.63576038213563,3692.723512106098,944.4427833490774,0.00038160203084880944,5.077604348990312,11.439333474170963,0.9958857527087933,5.741666297964795e-07,0,0.061713995455995166,0.007618362551894835,0.007812384981662035,1.0011643984707135
0.0245,49,refine,0,174,12.665493793839167,3542.422257930123,137.63576038213563,3692.723512106098,944.4427833490774,0.00038160203084880944,5.077604348990312,11.439333474170963,0.9958857527087933,5.741666297964795e-07,0,0.061713995455995166,0.006549422977248793,0.007812384981662035,1.0011643984707135
0.0245625,49,physics,0,174,22.388404407002582,3605.352619652746,131.56801850721456,3759.3090425669634,951.5497318789778,0.00038447359283219477,5.118184514676683,24.61992366737207,0.9911453772066957,5.754631144938576e-07,0,0.060964075391007726,0.006596695537889002,0.007812384981662035,1.0011649355372925
0.024625,49,physics,0,174,45.94039708544453,3677.9076883549687,113.13570490777542,3836.983790348189,958.710207963584,0.00038736678261976467,5.170668323208071,35.07314413545557,0.9873858067855604,5.780918233000432e-07,0,0.060362592844694064,0.006644717333107808,0.007812384981662035,1.0011638614044225
0.0246875,49,physics,0,174,62.49701707414357,3758.612686987776,100.84128616918359,3921.9509902311033,965.9244840332578,0.00039028171028698567,5.228652304942409,40.34071785210327,0.9854916328132897,5.813102754714815e-07,0,0.05982136709925577,0.006693674100772463,0.007812384981662035,1.0011643984707135
0.02475,49,physics,0,174,57.79770279118392,3844.9087680932607,107.7699745091513,4010.476445393596,973.1931139423577,0.0003932185996186663,5.284816614188448,39.28533645142637,0.9858712720271317,5.85732641944503e-07,0,0.059408390808365734,0.006743481466833968,0.007812384981662035,1.0011695901263793
0.0248125,49,physics,0,174,37.45893879080572,3932.0936408901316,129.08549792060677,4098.638077601544,980.5163148544763,0.000396177538359739,5.332497719105679,32.31979870684011,0.9883764219538594,5.914585647914811e-07,0,0.059131130419614056,0.006794105775068932,0.007812384981662035,1.0011756769293756
0.024875,49,physics,0,174,22.065714997021004,4014.718940079787,146.03011054738874,4182.814765624197,987.8947138412414,0.0003991587798784444,5.367228544363403,21.316961659803113,0.992333526503774,5.976738020052606e-07,0,0.058903844426784514,0.006845248061810759,0.007812384981662035,1.001173349617978
0.0249375,49,physics,0,174,28.14132301270363,4089.1583555117368,143.13766116831374,4260.437339692754,995.328716003098,0.0004021624878555852,5.387931893293424,9.201415615071303,0.9966907921166693,6.048596530305879e-07,0,0.05877117928368276,0.006896661147376417,0.007812384981662035,1.0011740657132164
0.025,49,physics,0,174,52.15917625870058,4155.778460866309,123.12739137450188,4331.065028499511,1002.8185684918061,0.00040518876215281006,5.397446012002291,-0.7626791294736527,1.0002742903735222,6.106756478274635e-07,0,0.05850267077459277,0.0069480997216988406,0.007812384981662035,1.0011774671725937
0.025,50,refine,0,178,52.15917625870058,4155.77846086631,123.12739137450188,4331.065028499512,1002.8185684918062,0.00040518876215281006,5.397446012002291,-0.7626791294736527,1.0002742903735222,6.106756478274635e-07,0,0.05850267077459277,0.0069480997216988406,0.007812384981662035,1.0011774671725937
0.0250625,50,physics,0,178,73.22046299280188,4218.802962869966,104.99216438464693,4397.015590247415,1010.3647766230803,0.00040823780694289286,5.402061132925208,-5.801683031294991,1.0020865069145353,6.161159316064865e-07,0,0.058185018614545836,0.0069992931246246155,0.007812384981662035,1.0011810476686334
0.025125,50,physics,0,178,73.03691018558806,4284.580882652068,106.08373622441835,4463.701529062074,1017.9676830826414,0.0004113097606879715,5.409533408941465,-4.365044815215065,1.001569828212631,6.204157410039106e-07,0,0.05776447783941836,0.007050231982915964,0.007812384981662035,1.0011887457784794
0.0251875,50,physics,0,178,54.069184224903665,4357.754120255809,125.25847188939895,4537.081776370111,1025.627914371521,0.0004144048765257377,5.427358482278659,3.3693811174227384,0.9987882478648951,6.232596030386618e-07,0,0.057216550237999944,0.007101100506382102,0.007812384981662035,1.0011926843691963
0.02525,50,physics,0,178,37.346415674498104,4440.664718926833,144.06113030055675,4622.072264901889,1033.34579481744,0.00041752328550078105,5.460146365479347,15.561387415595766,0.9944035964942987,6.254688607043588e-07,0,0.056608973510302536,0.00715207689585019,0.007812384981662035,1.0012005615971127
0.0253125,50,physics,0,178,41.987821430211206,4534.033314722207,144.84320592964383,4720.864342082063,1041.1217405716175,0.00042066515575896825,5.508581931739521,29.26737352134165,0.9894744771452294,6.267829668615828e-07,0,0.05592770288861565,0.0072034686007375875,0.007812384981662035,1.0012057534403067
0.025375,50,physics,0,178,66.83341517275596,4638.105613963044,127.78437421269348,4832.723403348493,1048.9561726552738,0.00042383065741388964,5.569561197793274,41.21306807002255,0.9851784841534457,6.293402687873593e-07,0,0.05536909391223522,0.007255579372856098,0.007812384981662035,1.0012043212050123
0.025437500000000002,50,physics,0,178,91.75765136473032,4752.564498744983,110.49038109397637,4954.81253120369,1056.8495572736347,0.000427019978835729,5.637203460068652,48.65151037128892,0.9825034113166201,6.324515844369223e-07,0,0.05485663420876125,0.007308562945350326,0.007812384981662035,1.0012079017970896
0.025500000000000002,50,physics,0,178,96.63672140655076,4875.401088650392,111.17926943340375,5083.217079490346,1064.8023431104307,0.0004302333013151124,5.704433677895739,49.9736383848494,0.982028036005496,6.369599780953197e-07,0,0.05446788517611457,0.007362602678792465,0.007812384981662035,1.0012084388870057
0.025500000000000002,51,refine,0,192,96.63672140655076,4875.401088650392,111.17926943340375,5083.217079490346,1064.8023431104307,0.0004302333013151123,5.704433677895739,49.9736383848494,0.982028036005496,6.369599780953197e-07,0,0.05446788517611457,0.007362602678792465,0.007812384981662035,1.0012084388870057
0.025562500000000002,51,physics,0,192,80.0955892105665,5001.144921689802,131.20316034154072,5212.443671241909,1072.8150005437346,0.00043347081490826157,5.757343134356746,45.074429364199354,0.9837899562856408,6.42885034096708e-07,0,0.05420385158220392,0.0074173705788268575,0.007812384981662035,1.0012102291888068
0.025625000000000002,51,physics,0,192,60.92331950030509,5125.928641443086,154.00917845148925,5340.86113939488,1080.8880555006053,0.00043673273211596313,5.8079189012007175,35.369192141375514,0.9872803191167417,6.495140647544413e-07,0,0.05399138025085333,0.007472864038789011,0.007812384981662035,1.0012154210821331
0.025687500000000002,51,physics,0,192,61.00437649396803,5243.763147728726,159.09428033877037,5463.861804561465,1089.0215613049072,0.00044001907448371996,5.844664532184247,23.48244432624944,0.991555128287075,6.574179041152194e-07,0,0.05387932694623355,0.007528838223316688,0.007812384981662035,1.0012231194562773
0.025750000000000002,51,physics,0,192,84.49959972567059,5353.3590893749315,142.14711287449148,5580.005801975094,1097.2165970840556,0.0004433302780328778,5.86945959710445,12.641084529550959,0.9954539512292182,6.645468149102388e-07,0,0.05370025352618174,0.007585018598272365,0.007812384981662035,1.0012309969236521
0.025812500000000002,51,physics,0,192,113.12447468104251,5458.09170958912,119.56591234930994,5690.782096619472,1105.4731231117369,0.00044666632671202264,5.887705517186245,5.8603149395862575,0.9978924885893337,6.709367150747877e-07,0,0.05345521335455184,0.007641191882434731,0.007812384981662035,1.001239948666356
0.025875000000000002,51,physics,0,192,123.2824330226221,5564.189953809666,113.3016853753016,5800.77407220759,1113.7916144358333,0.00045002741246421283,5.907247544349773,5.141942322905815,0.9981508374376268,6.758010027141378e-07,0,0.05308830204805672,0.007697293066233686,0.007812384981662035,1.0012462149338694
0.025937500000000002,51,physics,0,192,109.1887573359418,5677.451601383855,129.72190750342784,5916.362266223225,1122.1718210825898,0.0004534134342875728,5.934097440057918,10.901180951158027,0.9960797066425356,6.793201574595297e-07,0,0.052616209690504,0.007753291825586782,0.007812384981662035,1.001250690863247
0.026000000000000002,51,physics,0,192,88.84410925255176,5801.204931169386,153.35715478137752,6043.406195203315,1130.6135110189146,0.00045682429842915,5.97317255420231,21.833566417470355,0.9921482490511191,6.822470677292362e-07,0,0.05209976897279598,0.0078093986050113175,0.007812384981662035,1.001252302202721
0.026000000000000002,52,refine,0,214,88.84410925255176,5801.204931169388,153.35715478137752,6043.406195203317,1130.6135110189148,0.00045682429842914987,5.97317255420231,21.833566417470355,0.9921482490511191,3.410305531303947e-07,0,0.04013878629942618,0.0071490814549767774,0.0039061924908310175,1.001252302202721
0.0260625,52,physics,0,214,86.5775141518824,5935.4737011016105,161.9409524793656,6183.992167732858,1139.1214385957965,0.00046026192588408197,6.020198842365355,35.303653648104856,0.9873041676991867,3.4176929908369355e-07,0,0.03965847764358727,0.00720054977442185,0.0039061924908310175,1.0012548087359463
0.026125,52,physics,0,214,109.4582344791918,6082.945270226131,148.5683463093485,6340.97185101467,1147.69333212358,0.0004637253987763444,6.0875430142389995,48.082524660219676,0.982708670043387,3.428142960615333e-07,0,0.03921904622902759,0.0072523757238893965,0.0039061924908310175,1.0012576733530298
0.0261875,52,physics,0,214,140.7687253794395,6242.378206117031,127.32618333630259,6510.473114832773,1156.3297409351685,0.00046721493906385313,6.163318063798258,57.16840798126015,0.9794412911802124,3.4438483353937965e-07,0,0.038843716516648585,0.0073045595005988085,0.0039061924908310175,1.0012603589389892
0.02625,52,physics,0,214,155.89037710208243,6412.286886376777,120.31988594518708,6688.497149424046,1165.031109818075,0.0004707307264629666,6.241179973951841,60.53530275434686,0.9782306439399073,3.46604615231172e-07,0,0.03853963340956935,0.007357160313014513,0.0039061924908310175,1.001261612214902
0.0263125,52,physics,0,214,145.21224058617284,6588.664153466774,136.56288997883746,6870.439284031784,1173.7980246091636,0.00047427299768102295,6.314298666566984,57.56266875602984,0.9792998082809816,3.4960492545366167e-07,0,0.03832469863843647,0.0074101194396827726,0.0039061924908310175,1.001266088213111
0.026375,52,physics,0,214,123.20257900094774,6765.277685344754,163.17689472107617,7051.657159066777,1182.6309211023986,0.00047784192880053844,6.3769423040723625,49.16874458548285,0.9823184634137639,3.530174668142651e-07,0,0.03814641732711423,0.0074634962897224075,0.0039061924908310175,1.001277009732716
0.0264375,52,physics,0,214,115.35009522588969,6935.912300187947,176.82612022568577,7228.0885156395225,1191.5302864115397,0.0004814377166397889,6.425966581230353,37.60372020560716,0.9864773727890539,3.571698048432386e-07,0,0.03804731162572334,0.007517408396241067,0.0039061924908310175,1.0012906170385674
0.0265,52,physics,0,214,134.31480599931382,7097.531223988437,165.46018075575805,7397.306210743509,1200.4966537634084,0.00048506057664902827,6.461716945988856,25.951304975774494,0.9906676867234434,3.611782126711206e-07,0,0.03792951639944203,0.007571767539400777,0.0039061924908310175,1.0012922284422958
0.0265,53,refine,0,240,134.31480599931382,7097.531223988435,165.46018075575805,7397.306210743507,1200.4966537634084,0.00048506057664902827,6.461716945988856,25.951304975774494,0.9906676867234434,3.611782126711206e-07,0,0.03792951639944203,0.007109814104656074,0.0039061924908310175,1.0012922284422958
0.0265625,53,physics,0,240,167.24481346061538,7250.751550981921,140.12261369297477,7558.1189781355115,1209.5304369729624,0.000488710676030157,6.614333696089074,17.361937898950377,0.9937565128961653,3.6467051245381315e-07,0,0.03774993372860167,0.0071619391333428515,0.0039061924908310175,1.0012975998067861
0.026625,53,physics,0,240,187.40300961724506,7404.499530057155,125.86050141786929,7717.763041092269,1218.632300995555,0.0004923882834583326,6.6383744239740885,14.281304706879176,0.9948643443484867,3.6754448018427887e-07,0,0.03750794225693542,0.007214524991833307,0.0039061924908310175,1.001303687388042
0.0266875,53,physics,0,240,180.06908274347055,7564.254285321937,136.74120109841954,7881.064569163827,1227.8025898677097,0.0004960935379414849,6.667428221941701,17.685870543436067,0.9936400401342063,3.696211656745161e-07,0,0.037182727029330634,0.007267471390661289,0.0039061924908310175,1.0013072683354813
0.02675,53,physics,0,240,157.27603348586675,7734.630624643676,162.92407837561538,8054.830736505158,1237.0418354873163,0.0004998266543929135,6.708518004417426,26.843208446707166,0.990347017854192,3.711131135730736e-07,0,0.03680138582307931,0.007320751387775992,0.0039061924908310175,1.0013094169100918
0.0268125,53,physics,0,240,146.22974303668994,7917.50668486352,179.99696340927414,8243.733391309484,1246.3506604043575,0.0005035878843538886,6.764938149441157,39.51443115794024,0.9857904270085208,3.7189612633881076e-07,0,0.036354246057394686,0.007374340313482109,0.0039061924908310175,1.001313893122005
0.026875,53,physics,0,240,162.8770970679447,8113.400818306394,172.74347634178764,8449.021391716127,1255.7295224626414,0.0005073774128161643,6.836053400203795,52.598645121042686,0.9810853843565479,3.7272964981127643e-07,0,0.035914149854391,0.007428190099996271,0.0039061924908310175,1.0013174741059425
0.0269375,53,physics,0,240,196.79482478764092,8322.396837664024,149.59216813880067,8668.783830590466,1265.1788996928603,0.0005111954329280038,6.918170222770441,62.958516941447684,0.9773600394245386,3.742485485958015e-07,0,0.0355449571604262,0.007482416008285089,0.0039061924908310175,1.0013198017523697
0.027,53,physics,0,240,221.2381727497409,8543.502207207843,134.36642257175833,8899.106802529343,1274.6986215829324,0.0005150418757940134,7.003891115605222,68.17785189460336,0.9754833442440831,3.7629210059009184e-07,0,0.035225393741996916,0.007537049345345863,0.0039061924908310175,1.0013275009290998
0.027,54,refine,0,278,221.2381727497409,8543.502207207843,134.36642257175833,8899.106802529343,1274.6986215829324,0.0005150418757940134,7.003891115605222,68.17785189460336,0.9754833442440831,1.8816574698377053e-07,0,0.04571508931753418,0.007312533645791051,0.0019531029975041747,1.0013275009290998
0.0270625,54,physics,0,278,218.2259207673415,8770.566753330277,143.62089175673606,9132.413565854355,1284.2909064696917,0.0005189176377330138,7.083596991236792,67.16077110498657,0.9758492016071877,1.8951220503993222e-07,0,0.045383129060314574,0.007366441401750492,0.0019531029975041747,1.0013339467970064
0.027125,54,physics,0,278,195.14145755097562,9002.873281285163,171.23381040764843,9369.248549243786,1293.9550263867359,0.0005228224246102383,7.156238650181058,60.23835420179109,0.978338507689344,1.911781470909095e-07,0,0.045110822779222196,0.007421245983069917,0.0019531029975041747,1.0013412879748835
0.0271875,54,physics,0,278,178.41726918536574,9230.547010510887,193.16731167337682,9602.131591369629,1303.6921663084613,0.0005267567152144963,7.215136995941724,49.243956866876225,0.9822921921654675,1.934660343039242e-07,0,0.0450123081036189,0.0074768067168889145,0.0019531029975041747,1.001346122438487
0.02725,54,physics,0,278,189.0432083068007,9448.74680599898,189.88431763803385,9827.674331943816,1313.5024860544888,0.0005307205741208932,7.2599553145455635,37.044262544749635,0.9866792113332609,1.9556989094837715e-07,0,0.04481523489377662,0.007532863116125588,0.0019531029975041747,1.0013522103147456
0.0273125,54,physics,0,278,222.30127221584706,9657.756340399937,165.09809802374352,10045.155710639528,1323.3866373281685,0.0005347142646501151,7.293916716390082,26.855361446242174,0.990343091356317,1.969962459824611e-07,0,0.04449106993946946,0.007589093552459754,0.0019531029975041747,1.0013511359809517
0.027375,54,physics,0,278,251.37580400748118,9863.064276703954,143.10213769668258,10257.542218408116,1333.345211049539,0.0005387380255633566,7.322991888305773,21.430461113971695,0.9922938332233504,1.984452415726424e-07,0,0.04416652386037121,0.007645257275236179,0.0019531029975041747,1.00135453804192
0.0274375,54,physics,0,278,252.96457419805856,10072.329865203083,145.8294619739482,10471.12390137509,1343.378738854056,0.0005427920716678805,7.354536209805958,22.301751140322132,0.9919806513170227,1.9989423716282302e-07,0,0.04384667597488052,0.007701345920242886,0.0019531029975041747,1.0013566867179604
0.0275,54,physics,0,278,230.33371557123237,10291.653310566478,171.48588589382396,10693.472912031535,1353.487740640201,0.0005468766130286265,7.395322799146187,29.349866837393282,0.9894462818807904,2.0134538303295805e-07,0,0.04352773128720801,0.0077573096393741235,0.0019531029975041747,1.0013574029443317
0.0275,55,refine,0,312,230.33371557123235,10291.653310566478,171.48588589382396,10693.472912031535,1353.4877406402013,0.0005468766130286265,7.395322799146187,29.349866837393282,0.9894462818807904,2.0134538303295805e-07,0,0.04352773128720801,0.007202293567714454,0.0019531029975041747,1.0013574029443317
0.0275625,55,physics,0,312,210.47042357342036,10522.056165561682,196.14094713441537,10928.667536269519,1363.6728362742317,0.0005509919001025063,7.44720636145731,40.82052700873734,0.985321714788404,2.018274036785785e-07,0,0.04302032168464651,0.007249148880731644,0.0019531029975041747,1.0013547170980805
0.027625,55,physics,0,312,217.78769455238117,10768.340208586873,197.31533952686965,11183.443242666122,1373.93452222314,0.0005551381334869684,7.5160166528506265,53.84416912220307,0.9806387300017797,2.0224900598719834e-07,0,0.04248987738857368,0.007293315306310893,0.0019531029975041747,1.0013556123793639
0.0276875,55,physics,0,312,250.77625662581715,11028.80918783746,175.21476581436005,11454.800210277637,1384.273489029843,0.0005593155921958231,7.596520828550049,65.22103500661552,0.9765478400184701,2.027282777206096e-07,0,0.041967139820098975,0.00733319720652249,0.0019531029975041747,1.0013676092257875
0.02775,55,physics,0,312,283.6850683630083,11302.94750618847,152.50266507316582,11739.135239624644,1394.6902385232643,0.0005635244789930065,7.682877238853823,72.23272245421072,0.9740268814580668,2.036320783105338e-07,0,0.04154475740192704,0.00736704040560554,0.0019531029975041747,1.0013735181731245
0.0278125,55,physics,0,312,290.74983144465546,11588.071022836291,152.68803792408872,12031.508892205034,1405.185391510676,0.0005677650447156474,7.767652393894723,73.2788143835262,0.9736509255870037,2.051666134761375e-07,0,0.041244155011934874,0.007392567874666963,0.0019531029975041747,1.0013803224587055
0.027875,55,physics,0,312,270.13320919578206,11878.37233111275,177.99697272452366,12326.502513033058,1415.7594539266365,0.000572037493786563,7.843606545504882,68.2040796151089,0.9754757152120698,2.0669106959303465e-07,0,0.040941401375553264,0.007407209058436712,0.0019531029975041747,1.0013846199260519
0.0279375,55,physics,0,312,245.95775786189643,12166.068988614952,206.8193958816676,12618.846142358516,1426.4130953111373,0.0005763420967333337,7.905763275431586,58.33727017130106,0.979023642221143,2.091827688843754e-07,0,0.040850241175906084,0.007440358821552712,0.0019531029975041747,1.0013916033498251
0.028,55,physics,0,312,246.2868847504227,12444.661384107383,213.33922369166768,12904.287492549474,1437.1467845189036,0.0005806790429966735,7.954156783345101,46.218876130500234,0.98338113573649,2.1174149722469348e-07,0,0.04075973595553345,0.007496641390944809,0.0019531029975041747,1.0013969752474055
0.028,56,refine,0,320,246.2868847504227,12444.661384107383,213.33922369166766,12904.287492549474,1437.1467845189038,0.0005806790429966735,7.954156783345101,46.218876130500234,0.98338113573649,2.1174149722469348e-07,0,0.04075973595553345,0.007496641390944809,0.0019531029975041747,1.0013969752474055
0.0280625,56,physics,0,320,276.53904033438346,12711.806586267074,192.00238599495873,13180.348012596414,1447.961388637836,0.0005850486829233785,7.990443178312066,34.97859399690751,0.9874229115589018,2.142992521214637e-07,0,0.04066769665139063,0.0075526066049922316,0.0019531029975041747,1.0014003774641114
0.028125,56,physics,0,320,313.41163800145495,12973.052238560193,163.63189015639756,13450.095766718045,1458.8574003639887,0.0005894512155872506,8.020159710888644,27.636317618452154,0.9900628949027752,2.160076881807526e-07,0,0.04038162220887508,0.007607665614052666,0.0019531029975041747,1.0014061075394276
0.0281875,56,physics,0,320,326.71188990318444,13235.8786058304,156.14506866473837,13718.735564398323,1469.8353829382595,0.000593886868565729,8.050842303861879,26.18082971648157,0.9905862772107566,2.1756793167071464e-07,0,0.040086417653963397,0.007661716641577795,0.0019531029975041747,1.001412732979885
0.02825,56,physics,0,320,308.894667689288,13507.926673503027,177.57932899017928,13994.400670182495,1480.8959803286089,0.0005983559020540163,8.089618883510932,31.097448229357813,0.9888184648704677,2.1850549991597758e-07,0,0.039669601800203215,0.007714807419754865,0.0019531029975041747,1.0014198956675275
0.0283125,56,physics,0,320,282.86771425959085,13793.643293553778,208.1048729662505,14284.61588077962,1492.0398402366434,0.0006028585777558954,8.141374370885762,41.180424828095454,0.9851930967023831,2.1904795932670124e-07,0,0.03918185313369585,0.007767544926986842,0.0019531029975041747,1.0014213282112039
0.028375,56,physics,0,320,279.7565449719361,14094.583938114429,219.35386950185293,14593.694352588218,1503.2674793105286,0.0006073951044230155,8.207607199984679,53.90464585085873,0.9806180547480458,2.195821169337364e-07,0,0.038701145950090735,0.007820496676133132,0.0019531029975041747,1.0014268793373056
0.0284375,56,physics,0,320,308.89622453759677,14411.176465156736,201.82426460027307,14921.896954294605,1514.5796376783737,0.0006119657811040801,8.286401734879586,66.10557169255473,0.9762312831958321,2.2001647170810654e-07,0,0.03822214575498107,0.007874508631946043,0.0019531029975041747,1.0014363700435303
0.0285,56,physics,0,320,349.17953503360286,14743.26771375633,173.70984140464438,15266.157090194578,1525.9768423499845,0.0006165708207373586,8.373028217164077,74.83708061818686,0.9730918663393384,2.2070782979000112e-07,0,0.03777420286055748,0.007930074652567587,0.0019531029975041747,1.0014421003247984
0.0285,57,refine,0,370,349.1795350336028,14743.26771375633,173.70984140464435,15266.157090194578,1525.9768423499845,0.0006165708207373586,8.373028217164077,74.83708061818686,0.9730918663393384,2.2070782979000112e-07,0,0.03777420286055748,0.007558261180043481,0.0019531029975041747,1.0014421003247984
0.0285625,57,physics,0,370,369.18918643647953,15085.666149572193,163.22054442783624,15618.075880436509,1537.4598700080944,0.0006212105371414472,8.601953741558722,78.05328651415591,0.9719356604160362,2.2226900142641173e-07,0,0.037499258702778426,0.0076103784832663125,0.0019531029975041747,1.0014463980572674
0.028625,57,physics,0,370,356.30276640521095,15439.833883376745,182.84416821333278,15978.980817995289,1549.0293337184607,0.0006258851780255163,8.688980389860754,75.05929737837934,0.973012328868683,2.239814449467303e-07,0,0.03722772057277849,0.007657196931497539,0.0019531029975041747,1.001449621368723
0.0286875,57,physics,0,370,328.72042631449176,15794.599590605445,216.24297521512105,16339.562992135057,1560.6858808850532,0.0006305950049730877,8.762032367434125,66.69308878765447,0.9760205390343986,2.262799361218983e-07,0,0.03707497671800478,0.0076947564184146975,0.0019531029975041747,1.001456605245801
0.02875,57,physics,0,370,319.0295242625661,16141.982814462546,233.71114959862584,16694.723488323736,1572.4301102979248,0.0006353402599252341,8.81878502572133,55.09709317089855,0.9801900566587948,2.2901301299782525e-07,0,0.03699229678178039,0.007734128682407473,0.0019531029975041747,1.0014625147182925
0.0288125,57,physics,0,370,343.7983950027336,16478.064376207636,219.52835208272424,17041.391123293095,1584.2625818283145,0.0006401211690978851,8.86097251619507,43.26976217090779,0.984442582681167,2.3176999341956164e-07,0,0.03690990856951561,0.007793111702105898,0.0019531029975041747,1.0014650217777634
0.028875,57,physics,0,370,387.0789430154878,16805.452600095323,187.58586709773252,17380.117410208542,1596.1835204401004,0.0006449378233876767,8.892813105622038,34.3166912589977,0.9876616699966062,2.3410349481167724e-07,0,0.03673570346000132,0.007851355659952075,0.0019531029975041747,1.0014671706908764
0.0289375,57,physics,0,370,414.79655720922347,17132.02265323972,169.0101119779232,17715.829322426867,1608.1932027920159,0.0006497903345785477,8.922005742448585,30.658167720722833,0.9889771457804497,2.3580999908290347e-07,0,0.03646720909583547,0.00790872792693829,0.0019531029975041747,1.0014737965353362
0.029,57,physics,0,370,407.69129332275133,17466.744145913224,182.388148752031,18056.823587988005,1620.2916188816193,0.0006546786986290133,8.956957832346935,33.35956042529983,0.9880058877297228,2.3728191411720453e-07,0,0.03616521878978406,0.007965443225136397,0.0019531029975041747,1.0014779153256086
0.029,58,refine,0,412,407.6912933227514,17466.744145913228,182.388148752031,18056.82358798801,1620.2916188816191,0.0006546786986290133,8.956957832346935,33.35956042529983,0.9880058877297228,2.3728191411720453e-07,0,0.03616521878978406,0.007136558997142756,0.0019530962454155087,1.0014779153256086
0.0290625,58,physics,0,412,380.6149894309913,17814.28878492979,215.43827645803145,18410.342050818817,1632.4844338116245,0.0006596052045233718,9.004209408156365,41.814953951914866,0.9849658664554227,2.3790830194769844e-07,0,0.03571976594648172,0.007185860003753327,0.0019530962454155087,1.0014814968961365
0.029125,58,physics,0,412,368.23720157590367,18180.501026842292,237.2636427114332,18786.00187112963,1644.7689083333212,0.0006645687454684003,9.068796205450248,53.909005035692154,0.9806176588471385,2.3842814211860773e-07,0,0.03528074838505471,0.007235153969881606,0.0019530962454155087,1.0014868692759447
0.0291875,58,physics,0,412,391.52019916534243,18564.414221208943,227.91098549917805,19183.84540587346,1657.1459857927603,0.0006695697026229954,9.148100315469495,66.63804649500815,0.976041216296882,2.389696325266753e-07,0,0.03484802779333823,0.007284848337077926,0.0019530962454155087,1.001496718713778
0.02925,58,physics,0,412,437.82556773341446,18966.188189228375,197.66289142187992,19601.676648383665,1669.6158920913613,0.0006746081672626067,9.237640957318774,76.91419199683511,0.9723464621792076,2.3952784555802953e-07,0,0.034416993351104805,0.007335296000801797,0.0019530962454155087,1.0015037029193021
0.029312500000000002,58,physics,0,412,473.1798284046612,19384.70250969527,176.89322892603613,20034.77556702597,1682.1797650227486,0.0006796845991126575,9.330712384944828,82.33436596653655,0.9703978227261902,2.409025956495726e-07,0,0.03412244331326767,0.007386609709055885,0.0019530962454155087,1.0015122989314253
0.029375000000000002,58,physics,0,412,473.9575173003758,19815.791070206986,187.43871780412502,20477.187305311487,1694.8381572401508,0.0006847992214726401,9.419879384566412,81.69289370757494,0.9706285707085353,2.4265578879578724e-07,0,0.033876023020429955,0.0074387815049781906,0.0019530962454155087,1.00151749239117
0.029437500000000002,58,physics,0,412,448.9422195221482,20251.761328859182,221.963583455847,20922.667131837177,1707.5922334626523,0.0006899525049472077,9.498416604747938,75.290168205662,0.9729306452488288,2.449354692402042e-07,0,0.03369847995536581,0.007491816402268896,0.0019530962454155087,1.0015244767415648
0.029500000000000002,58,physics,0,412,431.6281340774396,20683.575689022196,250.12305799918056,21365.326881098816,1720.4413340144388,0.0006951441829943993,9.561929168114693,64.80996020097771,0.976698745986447,2.4787558228212024e-07,0,0.033630268252904,0.007545649280498718,0.0019530962454155087,1.0015262676084862
0.029500000000000002,59,refine,0,418,431.62813407743965,20683.575689022193,250.12305799918053,21365.326881098812,1720.4413340144388,0.0006951441829943994,9.561929168114693,64.80996020097771,0.976698745986447,2.4787558228212024e-07,0,0.033630268252904,0.007542012478257949,0.0019530962454155087,1.0015262676084862
0.029562500000000002,59,physics,0,418,449.4352133869859,21104.436010017016,246.44494608814963,21800.31616949215,1733.387963191416,0.0007003752674747756,9.609757290788714,53.05577173168453,0.9809248585050647,2.509029570774146e-07,0,0.03355971740930944,0.007596103615940917,0.0019530962454155087,1.0015319984041537
0.029625000000000002,59,physics,0,418,497.196454815519,21516.095412426766,214.82335629481338,22228.115223537097,1746.4320877528996,0.0007056457449574405,9.646405908512948,43.07164050479753,0.9845145777892025,2.537889800535708e-07,0,0.0334777332806826,0.0076502396102291845,0.0019530962454155087,1.0015418482858236
0.029687500000000002,59,physics,0,418,541.0785751816493,21924.889962944126,185.81682898583625,22651.78536711161,1759.5732797741239,0.0007109554425394264,9.678648086162253,37.61306205826251,0.9864771644911433,2.557078246923078e-07,0,0.033238201032030644,0.007704186946990226,0.0019530962454155087,1.0015452509947314
0.029750000000000002,59,physics,0,418,550.8105928231361,22340.72174419991,187.84274168596704,23079.37507870901,1772.812257519222,0.000716304650435299,9.714228417327744,38.273357111012906,0.9862398383572151,2.5752625454344974e-07,0,0.033000901550837486,0.007757815434616445,0.0019530962454155087,1.001549011896974
0.029812500000000002,59,physics,0,418,529.5299689469016,22771.587555893413,219.53112646480824,23520.648651305124,1786.1487312296497,0.0007216932515681407,9.760348185912921,45.03333712033583,0.9838095349779563,2.5839653083892223e-07,0,0.03262807958700648,0.007811132265191005,0.0019530962454155087,1.0015509818990231
0.029875000000000002,59,physics,0,418,511.14618784479853,23221.401030386827,250.98757618314937,23983.534794414776,1799.582913193972,0.0007271213317131288,9.821435355665633,56.28007203500167,0.9797662626151252,2.58899637728405e-07,0,0.03222788755583315,0.007864316685005835,0.0019530962454155087,1.0015567128361076
0.029937500000000002,59,physics,0,418,527.4465246547959,23691.295396970367,252.91546494815023,24471.65738657331,1813.1145022905703,0.0007325887692020976,9.897766371202255,69.28233918566985,0.9750917848222987,2.59411995884307e-07,0,0.03183340415307584,0.007917843562499017,0.0019530962454155087,1.0015642347407965
0.03,59,physics,0,418,577.6782199617005,24181.521566192583,224.7327964291545,24983.93258258344,1826.742488628711,0.0007380951559887761,9.9855009138084,80.90711511915018,0.9709127029930126,2.599190196406194e-07,0,0.03144369047005295,0.007971832964544847,0.0019530962454155087,1.0015654883970702
0.03,60,refine,0,430,577.6782199617005,24181.521566192583,224.7327964291545,24983.93258258344,1826.7424886287108,0.000738095155988776,9.9855009138084,80.90711511915018,0.9709127029930126,2.599190196406194e-07,0,0.03144369047005295,0.007378149581995487,0.0019530962454155087,1.0015654883970702
0.0300625,60,physics,0,430,629.704226890838,24691.909191092076,194.82618564741824,25516.43960363033,1840.4888073210666,0.0007436493549536894,10.079507827806147,88.439630916488,0.968204812047945,2.608258364844576e-07,0,0.031088546094323464,0.007427147717807272,0.0019530962454155087,1.0015649511156177
0.030125,60,physics,0,430,650.0544842566981,25220.172450733167,193.65762036891024,26063.884555358778,1854.338470085415,0.0007492453100826017,10.172703236350747,90.23258457243608,0.9675603090944146,2.6261168084573693e-07,0,0.030866259349753997,0.007477336547064631,0.0019530962454155087,1.0015719357969788
0.0301875,60,physics,0,430,635.1759837759342,25758.570139931468,225.11370842395615,26618.85983213136,1868.292355574896,0.0007548833763952429,10.258129482220962,86.04145924263426,0.9690671737568378,2.6456898716276095e-07,0,0.030646705526510328,0.007529070376975758,0.0019530962454155087,1.0015753386081079
0.03025,60,physics,0,430,615.0459563739129,26297.48847085242,262.2874573227871,27174.821884549117,1882.3512908896976,0.0007605638880813777,10.330767404924577,77.0669243764312,0.9722938381153041,2.675396881812727e-07,0,0.03056864771008606,0.007581978668442479,0.0019530962454155087,1.0015825024588005
0.0303125,60,physics,0,430,625.8792292093192,26828.756766490234,271.81179059869,27726.447786298246,1896.51600368771,0.0007662871391511179,10.388386321052453,65.71487872291016,0.9763751942858785,2.708472832679832e-07,0,0.03050986228789347,0.007635554521181164,0.0019530962454155087,1.0015878753804464
0.030375,60,physics,0,430,675.9375679535069,27350.096197339917,245.28372484788184,28271.317490141308,1910.7872646234873,0.0007720534409873753,10.432614754517491,55.04251218419007,0.9802119775761581,2.7407969493964364e-07,0,0.030451082869054034,0.007689461029074697,0.0019530962454155087,1.0015939647264884
0.0304375,60,physics,0,430,736.5638463999122,27866.913948329526,208.23854646673087,28811.71634119617,1925.1656289403695,0.0007778630179361761,10.4704016854114,47.98370328082846,0.9827497888711881,2.764250952580485e-07,0,0.030274118517191147,0.007742818250848436,0.0019530962454155087,1.0016007705099932
0.0305,60,physics,0,430,768.9227744043123,28389.46698813204,196.5880785685126,29354.977841104865,1939.6512787383515,0.0007837159435750074,10.508456464129441,46.60018653141377,0.9832471771376883,2.7838766936127957e-07,0,0.030060329511346923,0.007795633802846996,0.0019530962454155087,1.0015982631106901
0.0305,61,refine,0,474,768.9227744043125,28389.466988132037,196.58807856851263,29354.97784110486,1939.6512787383513,0.0007837159435750076,10.508456464129441,46.60018653141377,0.9832471771376883,2.7838766936127957e-07,0,0.030060329511346923,0.007585904325309304,0.0019530962454155087,1.0015982631106901
0.0305625,61,physics,0,474,761.9417357690979,28924.719050581323,221.95882153291996,29908.61960788334,1954.2470969539256,0.0007896133827541308,10.5551701708662,51.428631460110594,0.9815114082181481,2.7960158277551257e-07,0,0.029762139974876072,0.007640537157851256,0.0019530962454155087,1.001608113644061
0.030625,61,physics,0,474,743.5980274645362,29484.408700885047,260.3678933407626,30488.374621690346,1968.9527527726486,0.0007955552018079946,10.616194028287492,61.48312183699774,0.9778968982147402,2.802194849493845e-07,0,0.02940155435906514,0.007695473187616226,0.0019530962454155087,1.001609367355258
0.0306875,61,physics,0,474,753.8940519880634,30067.578084539433,275.58614526562644,31097.058281793124,1983.7691258097534,0.0008015417561450637,10.693311311581503,74.35443314957396,0.9732697838078573,2.8070518798273254e-07,0,0.029043517400664815,0.007750737126059217,0.0019530962454155087,1.001615635934781
0.03075,61,physics,0,474,806.3074981514297,30674.783554276873,254.2261559011347,31735.317208329438,1998.6969536183085,0.000807573343773596,10.783988041258171,86.98315039861805,0.9687300291988304,2.8120706563328223e-07,0,0.028689013124175825,0.007806392752038816,0.0019530962454155087,1.001622262761507
0.0308125,61,physics,0,474,875.3153698009087,31306.03370806179,218.24349234510947,32399.59257020781,2013.7371645495436,0.0008136503397938319,10.882422527195484,96.45302952084946,0.965325925625758,2.8181057931675415e-07,0,0.028338563682698,0.00786236715545835,0.0019530962454155087,1.0016253075344326
0.030875,61,physics,0,474,920.6286417641769,31959.326438043354,203.89874393777558,33083.8538237453,2028.8904642428688,0.00081977302931932,10.980825893232243,100.69269800549598,0.9638018642464709,2.8318682332439917e-07,0,0.028076211291140737,0.007918759852667908,0.0019530962454155087,1.0016303224747218
0.0309375,61,physics,0,474,924.71708109832,32628.706980093593,227.67870997750646,33781.10277116942,2044.1579195155873,0.000825941843397503,11.072309204877117,98.91480987921611,0.9644410756292612,2.852095368766069e-07,0,0.02788088505422765,0.007975576985344443,0.0019530962454155087,1.0016396360018744
0.031,61,physics,0,474,909.2628030437091,33304.520193516204,270.4195658466439,34484.20256240656,2059.5401342088617,0.0008321570260103558,11.152076289221863,91.79275492657614,0.9670016102211976,2.8766895798781857e-07,0,0.027721631551887296,0.008032703066242304,0.0019530962454155087,1.0016433972585421
0.031,62,refine,0,480,909.2628030437091,33304.520193516204,270.4195658466439,34484.20256240656,2059.5401342088617,0.000832157026010356,11.152076289221863,91.79275492657614,0.9670016102211976,2.8766895798781857e-07,0,0.027721631551887296,0.007043910117187511,0.0019530962454155087,1.0016433972585421
0.0310625,62,physics,0,480,915.7109924298147,33976.39270955658,294.19806962836105,35186.30177161476,2075.038189336633,0.0008384190139414742,11.217279824752215,81.41100217009736,0.970733924153527,2.9111286981020596e-07,0,0.027672815612851048,0.007095885263428985,0.0019530962454155087,1.0016462629873881
0.031125,62,physics,0,480,966.673669656649,34640.23769621464,277.63410199214456,35884.545467863434,2090.6526954714855,0.0008447280538926629,11.269129297859367,70.52607589118779,0.974647019860405,2.9461135753194883e-07,0,0.027624572015260113,0.0071482188547947806,0.0019530962454155087,1.001652890016747
0.0311875,62,physics,0,480,1043.6725803818815,35298.62949961593,236.6960762798482,36578.99815627766,2106.3842919249146,0.0008510844041776784,11.312304612114533,62.19018346090248,0.9776438058558463,2.9747757324116735e-07,0,0.027505564012773643,0.007200819409867893,0.0019530962454155087,1.0016546811132891
0.03125,62,physics,0,480,1103.6429468600386,35961.36134230568,210.72446469642358,37275.728753862146,2122.2324085534497,0.000857487834430097,11.352265871923855,58.84321272416832,0.9788470995399852,2.9958611236224897e-07,0,0.02731312946477735,0.007253657970245698,0.0019530962454155087,1.0016586215369558
0.0313125,62,physics,0,480,1120.4642927475688,36639.76871560466,224.90877429277666,37985.141782645,2138.1966643992973,0.0008639381907239531,11.396895876056929,61.644487316649624,0.9778402387809811,3.011814833087102e-07,0,0.027079141669637354,0.0073067010468355256,0.0019530962454155087,1.001661487309359
0.031375,62,physics,0,480,1110.962175083142,37341.65948291287,265.79404530029205,38718.41570329631,2154.2768076470766,0.0008704353713132608,11.453300749194446,70.14856044565822,0.9747832490912188,3.018087681994076e-07,0,0.02675220067979719,0.0073599209598598616,0.0019530962454155087,1.0016684726639409
0.0314375,62,physics,0,480,1118.8431662574656,38070.21589079627,294.4635872375072,39483.522644291246,2170.4723392847122,0.0008769791745722305,11.524982086344927,82.41562850586807,0.9703737503121488,3.023541417235263e-07,0,0.026428643501218114,0.007413405551932861,0.0019530962454155087,1.0016767118627288
0.0315,62,physics,0,480,1172.4669921299449,38826.09317390666,284.3788282798351,40282.938994316435,2186.78188946871,0.0008835690470157077,11.610883916341884,95.59619669651075,0.9656358795267415,3.0283608865033774e-07,0,0.0261065811337965,0.0074672169239899285,0.0019530962454155087,1.0016813688311523
0.0315,63,refine,0,540,1172.4669921299449,38826.09317390666,284.37882827983515,40282.938994316435,2186.78188946871,0.0008835690470157076,11.610883916341884,95.59619669651075,0.9656358795267415,3.0283608865033774e-07,0,0.0261065811337965,0.007444771837129234,0.0019530962454155087,1.0016813688311523
0.0315625,63,physics,0,540,1258.0924613384059,39608.737329757896,246.55158260967178,41113.381373705975,2203.237337100072,0.0008902178693111001,11.703639978342208,106.66327719080178,0.9616578386155501,3.0332887845929717e-07,0,0.025788972599609904,0.0074985242011339145,0.0019530962454155087,1.0016869213987234
0.031625,63,physics,0,540,1333.0841003351284,40421.62078996601,219.13531195839505,41973.84020225953,2219.816616305737,0.0008969167257441558,11.805100303479865,113.19460408112262,0.9593102315830875,3.041534721859312e-07,0,0.025492736408253454,0.007552546467308403,0.0019530962454155087,1.0016974892736523
0.0316875,63,physics,0,540,1365.8838857965127,41257.21247531956,230.93530765875872,42854.03166877483,2236.5207383783327,0.0009036660249275793,11.903815497942997,113.9044229143158,0.9590554555801544,3.062613815885128e-07,0,0.025317608516556494,0.0076068698813083185,0.0019530962454155087,1.0017093110963693
0.03175,63,physics,0,540,1365.285125650167,42106.45018792558,274.54775038752507,43746.28306396327,2253.3505346488964,0.0009104661027606105,11.993742524313998,108.93038202583958,0.9608435634592332,3.084538775510733e-07,0,0.02514243033671137,0.007661554708878614,0.0019530962454155087,1.001715222060047
0.0318125,63,physics,0,540,1372.9505565794943,42958.30546293252,312.1402614954867,44643.3962810075,2270.306906223982,0.00091731732333528,12.071766132509447,99.7888393217122,0.9641298017966011,3.11838410205212e-07,0,0.025077815268393627,0.007716599771995371,0.0019530962454155087,1.0017200583289998
0.031875,63,physics,0,540,1425.058229502512,43804.838795129064,310.0309888037041,45539.928013435274,2287.3899793842647,0.0009242197376752834,12.13738841619576,89.0574218815068,0.9679874826371503,3.154533398941342e-07,0,0.02503863709028337,0.0077720635313802055,0.0019530962454155087,1.0017261484786735
0.0319375,63,physics,0,540,1517.6987172867985,44645.98545957914,270.7687027224807,46434.45287958842,2304.599246363526,0.0009311731406177207,12.1919558956436,79.7581903998531,0.9713303520569178,3.189172366191427e-07,0,0.02497420032748499,0.007827974666953511,0.0019530962454155087,1.0017338507798152
0.032,63,physics,0,540,1609.2840864502696,45490.1230960574,231.9448992889528,47331.35208179663,2321.9338348311476,0.0009381771796974755,12.240865048277929,74.60955741871501,0.9731812661594892,3.212201704627659e-07,0,0.024802733175285134,0.007884269888571445,0.0019530962454155087,1.0017349255242178
0.032,64,refine,0,586,1609.2840864502696,45490.1230960574,231.94489928895283,47331.35208179663,2321.9338348311476,0.0009381771796974755,12.240865048277929,74.60955741871501,0.9731812661594892,1.6075226483280837e-07,0,0.019116270566634164,0.007282593741016151,0.0009765481227077544,1.0017349255242178
0.0320625,64,physics,0,586,1660.0069516254798,46348.411892319236,230.85711775202142,48239.27596169674,2339.4064303982523,0.0009452369805347087,12.288530517966711,75.29185114867013,0.9729361626963886,1.6183268769509604e-07,0,0.01898615085494759,0.007333937833684295,0.0009765481227077544,1.0017379706396203
0.032125,64,physics,0,586,1671.0017276988988,47234.900770232285,268.67204346217875,49174.57454139337,2357.0105456621495,0.0009523499218948809,12.348943366498888,81.94744271811504,0.9705440734299853,1.6209283693058307e-07,0,0.018758526780937777,0.007385530554925053,0.0009765481227077544,1.0017402992635267
0.0321875,64,physics,0,586,1683.765799478448,48152.52403030251,309.1074422611972,50145.39727204216,2374.7471422455546,0.0009595163923215727,12.423775383230286,93.19003101501539,0.9665030500822649,1.6234438504625354e-07,0,0.018533046330813444,0.007437369764392649,0.0009765481227077544,1.0017474642941142
0.03225,64,physics,0,586,1739.983698740994,49102.727253277364,314.1118031542883,51156.822755172645,2392.6171785659253,0.0009667367790632814,12.51388402018958,106.45993212186424,0.9617333914751371,1.6258713486649862e-07,0,0.018306730057436604,0.007489559447709689,0.0009765481227077544,1.0017578536794964
0.0323125,64,physics,0,586,1841.7026517899662,50085.98605925261,280.37537531254964,52208.06408635512,2410.6217729198597,0.0009740115339676582,12.615139921381369,118.74755967566173,0.9573167049703111,1.6284273485211992e-07,0,0.01808352804420795,0.007542091783257449,0.0009765481227077544,1.0017700344754394
0.032375,64,physics,0,586,1949.8586545063336,51102.0007152996,242.15508558093399,53294.01445538686,2428.7619326303648,0.000981341064043482,12.722099498496643,127.35664714576903,0.9542222876946429,1.6308132089193345e-07,0,0.017863376501514937,0.007595004339220591,0.0009765481227077544,1.001775050140348
0.0324375,64,physics,0,586,2021.066204838537,52147.6098843719,238.70047310342392,54407.37656231386,2447.0385725653914,0.0009887257389430751,12.82851193479586,130.5322605632321,0.953081173253751,1.639265665431823e-07,0,0.017713254548680446,0.007648447433521589,0.0009765481227077544,1.0017780953777229
0.0325,64,physics,0,586,2047.902214997615,53214.72693855002,277.30939334731977,55539.938546894955,2465.4518826028934,0.00099616563538661,12.92940739443241,127.87007444803791,0.9540383552066426,1.6502948874119738e-07,0,0.017592684761331075,0.007702236660254909,0.0009765481227077544,1.0017850815455025
0.0325,65,refine,0,630,2047.902214997615,53214.72693855001,277.30939334731977,55539.93854689495,2465.4518826028934,0.0009961656353866103,12.92940739443241,127.87007444803791,0.9540383552066426,1.6502948874119738e-07,0,0.017592684761331075,0.0072041302308961126,0.0009765481227077544,1.0017850815455025
0.0325625,65,physics,0,630,2066.289972595659,54290.22330975575,325.5227096211085,56682.035991972516,2484.004794356865,0.0010036619378924862,13.01164724783289,120.35678556569455,0.9567391885219151,1.6644311706670583e-07,0,0.017503316948556405,0.007255389956028571,0.0009765481227077544,1.0017892016160057
0.032625,65,physics,0,630,2122.6787158593875,55367.25435654531,340.80144521078887,57830.734517615485,2502.6972404794506,0.0010112146192488075,13.088278261033807,110.20894984585141,0.9603869833240386,1.6848371053868063e-07,0,0.017479771534454236,0.007306954505771146,0.0009765481227077544,1.0017969044019648
0.0326875,65,physics,0,630,2230.606577243474,56440.76943545043,309.55193174672627,58980.92794444063,2521.5301604771703,0.0010188240590631073,13.151451847404303,100.32264155973012,0.9639408030190073,1.705413907870936e-07,0,0.017453840685825523,0.007358873780546546,0.0009765481227077544,1.0018038907009141
0.03275,65,physics,0,630,2356.5065154300987,57516.992107243306,261.7034483588277,60135.20207103223,2540.5051721089053,0.0010264909109907324,13.206116885066635,93.59864994806904,0.9663578392998491,1.71776340707197e-07,0,0.017339736297187925,0.007411207393385092,0.0009765481227077544,1.0018074734372229
0.0328125,65,physics,0,630,2450.825021057087,58608.56337801138,243.04728386533966,61302.4356829338,2559.6227994657274,0.0010342153867906384,13.260011691838569,92.16429661501851,0.966873406657416,1.7292920073686007e-07,0,0.01722162857298323,0.007463953682762874,0.0009765481227077544,1.0018098022226947
0.032875,65,physics,0,630,2496.2598647793957,59727.94678018919,271.39959591840557,62495.606240886984,2578.883876081035,0.0010419978232519278,13.321629066791745,96.77620062299297,0.9652158256289304,1.7347551306556844e-07,0,0.017045121291807238,0.0075172324646581995,0.0009765481227077544,1.0018171468892572
0.0329375,65,physics,0,630,2525.2883304330135,60882.533376514075,319.40679635080824,63727.22850329789,2598.2910077839088,0.001049839273259632,13.39759497902654,106.6233375874612,0.9616767393035557,1.7371007388078375e-07,0,0.01683999021931159,0.007570742516433249,0.0009765481227077544,1.0018248498900884
0.033,65,physics,0,630,2588.7462791815597,62074.83332994476,341.4012237253819,65004.9808328517,2617.844400272106,0.0010577398199259117,13.488676948689914,119.55188807271547,0.9570301974374734,1.7394566143025227e-07,0,0.016636096895926482,0.007624726800144138,0.0009765481227077544,1.0018293284061714
0.033,66,refine,0,713,2588.7462791815597,62074.83332994477,341.40122372538195,65004.98083285172,2617.844400272106,0.001057739819925912,13.488676948689914,119.55188807271547,0.9570301974374734,8.697771924914836e-08,0,0.021583439731324896,0.007579267983334938,0.0004882757493760437,1.0018293284061714
0.0330625,66,physics,0,713,2707.043617721056,63301.31379495629,317.5056945352263,66325.86310721257,2637.543988909246,0.0010656994371344448,13.586976229319589,132.61599012199088,0.9523349796944178,8.661709305357597e-08,0,0.021204532448457214,0.007633283727442045,0.0004882757493760437,1.0018393603548486
0.033125,66,physics,0,713,2851.1661822794254,64570.19234261426,272.76447648771136,67694.1230013814,2657.3897505285304,0.0010737181155246857,13.70144776839318,143.01561202393347,0.9485973539826091,8.624239544730008e-08,0,0.020830732705883065,0.007688170983794966,0.0004882757493760437,1.0018425849311143
0.0331875,66,physics,0,713,2970.3490324909008,65875.3054077991,252.51159219400128,69098.166032484,2677.3807156492157,0.0010817954633780182,13.817309129788411,148.60558001446293,0.9465885525013344,8.657734174022384e-08,0,0.020634062789227685,0.007744221941653814,0.0004882757493760437,1.0018484966812247
0.03325,66,physics,0,713,3039.3368792804395,67209.93537911895,280.04325209041053,70529.3155104898,2697.5156553220513,0.0010899309841375933,13.926838221785971,148.43715302558564,0.9466494220052267,8.71536363078463e-08,0,0.020496745625693615,0.007801370519532061,0.0004882757493760437,1.0018499298380201
0.0333125,66,physics,0,713,3082.0286696443573,68562.49907485796,334.0890337002793,71978.61677820259,2717.7930727565135,0.001098124073025318,14.023659991793956,142.97353870226053,0.9486131651242347,8.774496418340047e-08,0,0.02035948988509934,0.00785934453831027,0.0004882757493760437,1.0018560207772726
0.033375,66,physics,0,713,3150.1389687997253,69920.45543471613,367.35708664327854,73437.95149015915,2738.2108705167157,0.001106373882572384,14.103290554439972,133.95586287588924,0.9518544252928788,8.833629205895469e-08,0,0.020224059672507136,0.007917971414572969,0.0004882757493760437,1.0018585288218458
0.0334375,66,physics,0,713,3275.2061010372863,71276.49885794989,350.1172823748184,74901.822241362,2758.7656630716183,0.0011146790448552484,14.164514133915207,124.04943660185933,0.955414994570271,8.892761993450909e-08,0,0.02009041881855449,0.007976999744788682,0.0004882757493760437,1.0018658738456425
0.0335,66,physics,0,713,3437.959884086139,72632.97698211379,299.0287218714501,76369.96558807138,2779.453246700057,0.00112303786136071,14.21205359625853,116.18544124976526,0.9582415676739279,8.951894781006328e-08,0,0.01995853210285524,0.00803589705958625,0.0004882757493760437,1.0018742938172172
0.0335,67,refine,0,794,3437.9598840861386,72632.97698211379,299.0287218714501,76369.96558807138,2779.453246700057,0.00112303786136071,14.21205359625853,116.18544124976526,0.9582415676739279,8.951894781006328e-08,0,0.01995853210285524,0.007370646989576235,0.0004882757493760437,1.0018742938172172
0.0335625,67,physics,0,794,3584.7760045563555,74007.2643868292,262.7015729915459,77854.7419643771,2800.3689925593962,0.0011314888667973114,14.260930151637616,112.80571145233894,0.9594564205896041,9.01139989295529e-08,0,0.019825400719673772,0.007421131592166121,0.0004882757493760437,1.001875547861591
0.033625,67,physics,0,794,3680.290075657975,75414.65769950516,275.6983708472132,79370.64614601035,2821.4419062335182,0.001140003375876867,14.325667526081418,115.261205116986,0.9585739417523512,9.071119766446154e-08,0,0.019693798207304186,0.007471852939673901,0.0004882757493760437,1.0018771602066643
0.0336875,67,physics,0,794,3741.4822455958024,76861.21349329964,324.935692320366,80927.6314312158,2842.6712561383024,0.001148581093002872,14.405874099828758,123.33240637160914,0.95567347355062,9.068844430970567e-08,0,0.01942632013422717,0.007522692522958314,0.0004882757493760437,1.0018814598062118
0.03375,67,physics,0,794,3821.933047836501,78350.76704461197,363.12221941920546,82535.82231186768,2864.0556751794884,0.0011572214658009978,14.501407063714776,135.3719423546971,0.9513465892036472,9.027361524971414e-08,0,0.019081330520752178,0.007573948366779259,0.0004882757493760437,1.0018850428199297
0.0338125,67,physics,0,794,3960.1639958128326,79883.9341092491,354.643192331371,84198.7412973933,2885.593473900934,0.0011659238116466246,14.609622874387577,148.72638957608362,0.9465472916013291,8.984514376919616e-08,0,0.018740879847545196,0.007625324123704653,0.0004882757493760437,1.0018931046476462
0.033875,67,physics,0,794,4143.1931658651465,81460.67488846096,309.539765609587,85913.40781993569,2907.282797599119,0.0011746873811469413,14.725352509431893,160.48288853939508,0.9423221254821827,8.94030298681514e-08,0,0.018404879195724116,0.007676997932399366,0.0004882757493760437,1.0018988375423783
0.0339375,67,physics,0,794,4319.416051118555,83079.61840064371,273.5011536755008,87672.53560543778,2929.1205525338646,0.0011835109242764761,14.840724990394307,168.18380141979696,0.9395546936566681,8.89507640877695e-08,0,0.018070843662700394,0.0077290899631986005,0.0004882757493760437,1.0019052870881628
0.034,67,physics,0,794,4446.898088237168,84735.48877115468,284.60640147701923,89466.99326086887,2951.1033108773954,0.0011923930560216887,14.945539644596309,170.40109085787216,0.9387579963152569,8.954928443216655e-08,0,0.01795010050061076,0.007781481639148988,0.0004882757493760437,1.001906541171331
0.034,68,refine,0,852,4446.898088237168,84735.48877115466,284.60640147701923,89466.99326086885,2951.1033108773954,0.0011923930560216887,14.945539644596309,170.40109085787216,0.9387579963152569,8.954928443216655e-08,0,0.01795010050061076,0.0074965092072961275,0.0004882757493760437,1.001906541171331
0.0340625,68,physics,0,852,4532.06999803285,86424.23736605234,337.45860938118915,91293.76597346639,2973.310704513332,0.0012013659516388066,15.038924058492746,167.0048467496872,0.9399789576674048,9.014982094157639e-08,0,0.01783075317652469,0.0075505615481687395,0.0004882757493760437,1.001907795256069
0.034125,68,physics,0,852,4624.735787311489,88131.55990844524,387.0925857073635,93143.3882814641,2995.6851896137614,0.0012104063605487489,15.129879247250475,159.30180171918647,0.9427472349691708,9.075035745098587e-08,0,0.017712982258871475,0.007605402677893264,0.0004882757493760437,1.001909049342377
0.0341875,68,physics,0,852,4772.254671316094,89844.88495512234,389.39499943858686,95006.53462587703,3018.2271728804935,0.0012195144470793474,15.215362505315538,149.60805987769317,0.9462312627543354,9.135089396039571e-08,0,0.01759675672246688,0.0076606048470784695,0.0004882757493760437,1.0019178279904841
0.03425,68,physics,0,852,4974.6650351376065,91563.10168536793,343.1619831187589,96880.92870362429,3040.9349165677854,0.0012286895090945753,15.293402969367039,140.7928361969211,0.9493997201452808,9.195189587529736e-08,0,0.017481747109524003,0.007716214528243224,0.0004882757493760437,1.001919977875215
0.0343125,68,physics,0,852,5183.208024863334,93295.4915839168,292.45000862464065,98771.14961740476,3063.806701657081,0.001237930852025119,15.368605593241918,135.5574299242743,0.9512814397990041,9.256825261871874e-08,0,0.017364986119776958,0.007772042534080548,0.0004882757493760437,1.001923202710961
0.034375,68,physics,0,852,5346.434792718121,95056.72992130814,285.45670983933917,100688.62142386561,3086.840247951673,0.0012472375545576806,15.4452972429222,135.7113575867869,0.9512265377107103,9.318864169216563e-08,0,0.01724938713782597,0.007828024942017366,0.0004882757493760437,1.0019310856864818
0.0344375,68,physics,0,852,5460.475788701285,96859.10545623704,328.33755969097706,102647.9188046293,3110.03220779356,0.0012566082640713115,15.527796014160362,141.6737499998619,0.9490840252403191,9.353396901445876e-08,0,0.01708508179213301,0.007884225330316406,0.0004882757493760437,1.0019391478846895
0.0345,68,physics,0,852,5573.479492149462,98708.42259271434,379.519466837296,104661.4215517011,3133.378825507243,0.0012660414630856248,15.61714913475931,152.35236715002353,0.9452466011147582,9.304501613627274e-08,0,0.016773218593212506,0.007940713008918038,0.0004882757493760437,1.0019463143375582
0.0345,69,refine,0,924,5573.479492149462,98708.42259271436,379.519466837296,104661.42155170112,3133.378825507243,0.0012660414630856248,15.61714913475931,152.35236715002353,0.9452466011147582,9.304501613627274e-08,0,0.016773218593212506,0.007449669566543681,0.0004882757493760437,1.0019463143375582
0.0345625,69,physics,0,924,5738.907845606782,100612.84671667093,390.34204765384806,106742.09660993156,3156.957803339751,0.001275568547187337,15.712716018394877,165.4180114292295,0.9405510580823235,9.254151134285848e-08,0,0.016465424356546115,0.0075028838224035594,0.0004882757493760437,1.0019536600049457
0.034625,69,physics,0,924,5965.226859966584,102571.71019805537,352.35579352339244,108889.29285154535,3180.7141638091853,0.00128516730272927,15.82989897157116,178.0453315015333,0.9360135805745123,9.202826412035847e-08,0,0.01616117147869687,0.007556458512149781,0.0004882757493760437,1.0019622598790983
0.0346875,69,physics,0,924,6207.713209472856,104582.36046138403,304.29810070609193,111094.37177156298,3204.6486518931374,0.0012948380307195582,15.958876133127983,187.5850047323889,0.9325858998561405,9.151400526263841e-08,0,0.01585809631606412,0.00761039487002579,0.0004882757493760437,1.0019731889923413
0.03475,69,physics,0,924,6411.170084100402,106641.4452792976,295.79219557347403,113348.40755897148,3228.7597958424367,0.0013045801364980664,16.08729742313525,192.18479862011662,0.9309341625815898,9.119842125926436e-08,0,0.015595227362325978,0.007664692811556027,0.0004882757493760437,1.001979459848845
0.0348125,69,physics,0,924,6561.123067446033,108739.849840996,340.36501282194297,115641.33792126398,3253.0445920699945,0.0013143924064656718,16.208492194926567,191.20100270928515,0.9312877973026839,9.180067728209451e-08,0,0.015492750222540692,0.007719352715661285,0.0004882757493760437,1.0019893141312153
0.034875,69,physics,0,924,6697.707429636504,110863.69801742314,401.7200511250992,117963.12549818475,3277.5008855899705,0.0013242739699005144,16.31692778325121,185.34924560391158,0.9333908714913448,9.240293330492461e-08,0,0.015391610953285092,0.007774312786438563,0.0004882757493760437,1.0019914641693388
0.0349375,69,physics,0,924,6879.303310666008,112999.39365267633,426.0661858792795,120304.76314922162,3302.124178922755,0.0013342230095963184,16.408561498167508,176.5406196246351,0.9365567304529324,9.300518932775513e-08,0,0.015291783526999102,0.007829597184128638,0.0004882757493760437,1.0019988101677377
0.035,69,physics,0,924,7128.1271870322735,115141.00844532147,392.07932971666594,122661.2149620704,3326.9104305068095,0.0013442378925604642,16.4823034836744,167.44886196824936,0.9398244159258408,9.36102537707485e-08,0,0.015192997264127263,0.007885238754423915,0.0004882757493760437,1.0019988101677377
0.035,70,refine,0,1036,7128.1271870322735,115141.00844532147,392.07932971666594,122661.2149620704,3326.9104305068095,0.0013442378925604642,16.4823034836744,167.44886196824936,0.9398244159258408,9.36102537707485e-08,0,0.015192997264127263,0.0075240951135978505,0.0004882757493760437,1.0019988101677377
0.0350625,70,physics,0,1036,7407.085790947867,117302.00502476198,332.2049006151426,125041.29571632498,3351.945453116383,0.0013543532914375447,16.54476500639265,160.886077622366,0.942183018690077,9.422748803444847e-08,0,0.015094429318169771,0.0075751452250381775,0.0004882757493760437,1.0020070520837083
0.035125,70,physics,0,1036,7655.513967448525,119498.59830836076,303.3020730803627,127457.41434888965,3377.1690811490557,0.0013645448963206983,16.61755256791464,159.01917611802838,0.9428542567696951,9.484798013659215e-08,0,0.014995523736294617,0.00762653680502127,0.0004882757493760437,1.0020170858120445
0.035187500000000003,70,physics,0,1036,7846.746004878848,121741.57671368308,331.9574880554676,129920.2802066174,3402.5817292660868,0.0013748128747537727,16.704683147803546,162.84486948917353,0.9414797757302545,9.517133747749533e-08,0,0.014851244918146473,0.00767814630981631,0.0004882757493760437,1.0020244319982858
0.035250000000000004,70,physics,0,1036,8014.999030969735,124039.83902645641,389.8157685535299,132444.65382597968,3428.1788363821815,0.001385155383830618,16.80481497121393,171.87949013576167,0.9382330782562174,9.459223093699603e-08,0,0.014570438715941247,0.007730053268312781,0.0004882757493760437,1.0020312407067953
0.035312500000000004,70,physics,0,1036,8222.981390742858,126395.82898862471,421.3555338082216,135040.16591317576,3453.9608996595234,0.0013955726244295717,16.917544501815797,184.2873632974993,0.9337745890246353,9.39994713178294e-08,0,0.014293101249351143,0.007782229743266253,0.0004882757493760437,1.0020421705724611
0.035375000000000004,70,physics,0,1036,8501.288977420205,128809.28057526777,397.69241148588173,137708.26196417387,3479.923298225128,0.0014060627294872762,17.038624180255304,197.42558671789627,0.9290534849318272,9.340365281218507e-08,0,0.014018286399374604,0.007834656344169683,0.0004882757493760437,1.002051308748376
0.035437500000000004,70,physics,0,1036,8820.222427255667,131279.3810507949,343.809749090331,140443.4132271409,3506.0597848161033,0.001416623174797656,17.16010671462379,208.5197666294641,0.9250667801516328,9.279331436573545e-08,0,0.013746400825572663,0.007887311951705181,0.0004882757493760437,1.0020608053724327
0.035500000000000004,70,physics,0,1036,9118.279143900032,133803.33446698362,314.4590327304059,143236.07264361405,3532.362684368374,0.0014272508592516825,17.274980739703757,215.35020429671306,0.9226126652519216,9.216938678946472e-08,0,0.013477043678063197,0.007940269997061374,0.0004882757493760437,1.002066001676522
0.035500000000000004,71,refine,0,1084,9118.279143900032,133803.33446698362,314.4590327304059,143236.07264361405,3532.362684368374,0.0014272508592516825,17.274980739703757,215.35020429671306,0.9226126652519216,9.216938678946472e-08,0,0.013477043678063197,0.007423772768147532,0.0004882740613538772,1.002066001676522
0.035562500000000004,71,physics,0,1084,9359.335137107917,136389.4202616884,342.6893522720002,146091.4447510683,3558.944233838388,0.00143799113218266,17.38535493934723,216.76688881013646,0.9221039754613259,9.207104678665681e-08,0,0.013289329634307541,0.007475323732106421,0.0004882740613538772,1.0020733482213848
0.035625000000000004,71,physics,0,1084,9566.394788522404,139016.71063974,408.1154815561341,148991.2209098185,3585.7249870094333,0.0014488118933530583,17.49475246656946,212.96243084915778,0.9234713274919838,9.267383838107444e-08,0,0.013203110342941153,0.007527173572440457,0.0004882740613538772,1.0020803364481892
0.035687500000000004,71,physics,0,1084,9800.98772452938,141668.8809783491,454.37186553730436,151924.2405684158,3612.703275597579,0.0014597124686928872,17.597133814441474,205.35680439517733,0.9262048802586986,9.328089767279844e-08,0,0.013117663337244019,0.00757943814290497,0.0004882740613538772,1.0020869663494376
0.035750000000000004,71,physics,0,1084,10106.689099642976,144336.13856621768,440.71113596219925,154883.53880182284,3639.8755349023177,0.0014706914178851897,17.68965793278924,196.3330977777149,0.9294478208448703,9.388842237001426e-08,0,0.01303313261126334,0.0076318696713062704,0.0004882740613538772,1.002094313048001
0.035812500000000004,71,physics,0,1084,10467.331072326164,147019.9898890356,380.7865605443216,157868.1075219061,3667.238514474064,0.0014817474275860697,17.774542535122887,188.66623277001963,0.9322033284236166,9.449920490567354e-08,0,0.012948424148483599,0.007684500594697036,0.0004882740613538772,1.0020962841226329
0.035875000000000004,71,physics,0,1084,10820.830488929574,149732.6831293437,331.1564425917547,160884.67006086503,3694.7867119735083,0.0014928782745757682,17.85362761322713,184.83307869931696,0.9335810345477548,9.510998744133302e-08,0,0.012864809438259954,0.0077373543382494,0.0004882740613538772,1.0021007638521242
0.035937500000000004,71,physics,0,1084,11118.615654381414,152490.0084646374,338.1097922832314,163946.73391130203,3722.5133451799134,0.0015040812184985367,17.928367760395442,186.3643467556881,0.9330307440856979,9.508585208095607e-08,0,0.012695718428364512,0.007790407871190426,0.0004882740613538772,1.002105422792039
0.036000000000000004,71,physics,0,1084,11373.369508654467,155302.76480625867,393.6132753310076,167069.74759024414,3750.4097323338556,0.0015153527514901715,18.006950503325797,193.3876031290431,0.9305074506296136,9.441076542771043e-08,0,0.012443068604185465,0.007843817506562194,0.0004882740613538772,1.0021145615447855
0.036000000000000004,72,refine,0,1112,11373.369508654469,155302.76480625867,393.61327533100757,167069.74759024414,3750.4097323338556,0.0015153527514901715,18.006950503325797,193.3876031290431,0.9305074506296136,9.441076542771043e-08,0,0.012443068604185465,0.007615955965596577,0.0004882740613538772,1.0021145615447855
0.0360625,72,physics,0,1112,11646.233009473615,158200.03500849198,443.5908370250405,170289.85885499066,3778.631287843915,0.0015267556687300664,18.106078228880587,204.62477412816847,0.9264698160969806,9.3718853122482e-08,0,0.012193653454494312,0.007665320861423357,0.0004882740613538772,1.0021267466780899
0.036125,72,physics,0,1112,11990.381107086096,161166.88392014257,440.66204066444755,173597.9270678931,3807.0615668290266,0.0015382429206733097,18.22659185319949,217.74367094844877,0.9217557353007184,9.301011516527076e-08,0,0.011947411286419402,0.007714888634248057,0.0004882740613538772,1.0021401863351798
0.0361875,72,physics,0,1112,12398.420403174987,164201.42245417135,389.7577033662759,176989.60056071263,3835.6965449191575,0.0015498128812735097,18.359095174443482,229.98993376755624,0.9173555774973762,9.228827480001186e-08,0,0.01170305842022286,0.007764634505832365,0.0004882740613538772,1.002140903121954
0.03625,72,physics,0,1112,12811.362635819132,167302.27248879772,342.74446219335016,180456.3795868102,3864.5318696711124,0.0015614637919263395,18.494096297903273,238.90154482518173,0.9141537459075344,9.154960878277047e-08,0,0.011461838452904514,0.007814605840628926,0.0004882740613538772,1.0021443078661327
0.0363125,72,physics,0,1112,13173.947274091017,170463.9973185247,349.22759103632535,183987.17218365203,3893.5619366695746,0.0015731933881682379,18.621876657255484,242.87294945639877,0.9127275144938074,9.080629581603712e-08,0,0.011222786303279664,0.007864964638282464,0.0004882740613538772,1.002150400595113
0.036375,72,physics,0,1112,13486.040905331358,173674.1534605519,409.60136351133235,187569.79572939457,3922.778954392532,0.0015849985218353573,18.731586700250336,241.5188608266551,0.9132149534831218,9.004570244997008e-08,0,0.010986786665256662,0.00791576484465782,0.0004882740613538772,1.0021559557626432
0.0364375,72,physics,0,1112,13803.4757250819,176915.16552733385,473.40873562024655,191192.049988036,3952.172998252925,0.0015968751828990854,18.82351499107821,235.7331250958567,0.9152948676210951,8.986059363280685e-08,0,0.010825185284586886,0.00796691138500235,0.0004882740613538772,1.0021613317605405
0.0365,72,physics,0,1112,14187.268544550123,180172.04059650423,484.56379012898634,194843.87293118332,3981.733062388168,0.0016088189244415226,18.904539401046133,227.5115501399261,0.9182497835064449,9.043275106535022e-08,0,0.010756848396304091,0.008018352400712213,0.0004882740613538772,1.0021663493845971
0.0365,73,refine,0,1188,14187.268544550123,180172.04059650423,484.5637901289863,194843.87293118332,3981.733062388168,0.0016088189244415226,18.904539401046133,227.5115501399261,0.9182497835064449,9.043275106535022e-08,0,0.010756848396304091,0.007575794773633734,0.0004882740613538772,1.0021663493845971
0.0365625,73,physics,0,1188,14643.499821481233,183480.95768778192,433.983613062098,198558.44112232525,4011.6961035665486,0.0016209254888259997,18.98162283777554,219.52355224944836,0.9211204104334075,9.100490849789369e-08,0,0.01068936882776441,0.007628359758262341,0.0004882740613538772,1.0021708294273055
0.036625,73,physics,0,1188,15121.275087226491,186828.43467565463,369.5603856462677,202319.2701485274,4041.884863167818,0.0016331232547211365,19.066324597089597,214.3665707338039,0.9229741561055996,9.054145699849413e-08,0,0.010502609450190053,0.00768126364508035,0.0004882740613538772,1.002176563911196
0.0366875,73,physics,0,1188,15556.233062944328,190228.83177050808,351.2443190605867,206136.309152513,4072.3008845065865,0.0016454128457030785,19.160308838777798,213.97653201078182,0.9231146891281268,8.972024190256881e-08,0,0.010277688855520597,0.0077344428474930725,0.0004882740613538772,1.0021869577468827
0.03675,73,physics,0,1188,15934.701900086206,193698.4939847581,394.6253942513995,210027.8212790957,4102.945583677826,0.0016577948339448869,19.264916075107656,219.08286386835078,0.9212803640584261,9.087240826488591e-08,0,0.010279938365686905,0.007787901144799106,0.0004882740613538772,1.00219090026448
0.0368125,73,physics,0,1188,16307.731411534347,197245.87184770464,456.5347096394278,214010.13796887844,4133.8208121732305,0.0016702699675416306,19.376640141406334,228.99145357124496,0.9177211828905294,9.250277699379714e-08,0,0.010333047904219034,0.007841707191334795,0.0004882740613538772,1.0021982477250242
0.036875,73,physics,0,1188,16742.2741270506,200872.6571848751,477.7679518665484,218092.69926379225,4164.928206938012,0.0016828389079008924,19.506603923573678,241.81170659476032,0.9131157378084549,9.414633339588371e-08,0,0.010385482567801984,0.007895879232776515,0.0004882740613538772,1.0022070289070648
0.0369375,73,physics,0,1188,17257.288274966424,204578.78149749187,439.79470145724184,222275.8644739155,4196.267732150205,0.0016955016405488072,19.654679564556254,254.95034364083202,0.9083962971847505,9.580307747114592e-08,0,0.010437255129596725,0.007950409727137871,0.0004882740613538772,1.002211509131625
0.037,73,physics,0,1188,17806.736784152123,208363.23437687918,382.2010618604086,226552.1722228917,4227.834512855305,0.001708256195760395,19.806156446668865,265.80485026664735,0.9044969200050039,9.747300921958422e-08,0,0.01048837804267037,0.008005377872610698,0.0004882740613538772,1.0022124051789405
0.037,74,refine,0,1280,17806.736784152126,208363.23437687918,382.2010618604086,226552.1722228917,4227.834512855305,0.0017082561957603949,19.806156446668865,265.80485026664735,0.9044969200050039,9.747300921958422e-08,0,0.01048837804267037,0.007601575387274487,0.0004882740613538772,1.0022124051789405
0.0370625,74,physics,0,1280,18158.623427210056,212219.20070644634,364.5306542649766,230742.35478792136,4258.202784173784,0.0017205264933429526,20.08164700366593,266.0600965867085,0.9044146976987236,9.915612864119795e-08,0,0.010538863449953811,0.007650212613131572,0.0004882740613538772,1.0022215449073186
0.037125,74,physics,0,1280,18559.140301555595,216142.7119586529,409.8897947821525,235111.74205499064,4289.756656894795,0.001733275833082074,20.221568302671656,266.0224245565839,0.9044369806908749,1.008524357359873e-07,0,0.010588723193830517,0.007699505490918359,0.0004882740613538772,1.002223157809214
0.0371875,74,physics,0,1280,18996.347216156242,220121.2715852289,482.2914947785931,239599.91029616375,4322.037548232132,0.001746318924637262,20.342043121641954,263.0590542602834,0.9055022194918289,1.0256193050395277e-07,0,0.01063796882537172,0.0077489175199432665,0.0004882740613538772,1.0022253083491124
0.03725,74,physics,0,1280,19483.35509082144,224140.31209627513,519.4828361626028,244143.15002325916,4354.560612348434,0.0017594598660843643,20.455994490276424,256.8430746409434,0.9077340129366082,1.0428461294509344e-07,0,0.010686611613233237,0.00779886617148601,0.0004882740613538772,1.0022301470807555
0.0373125,74,physics,0,1280,20054.305824822317,228192.1594815983,489.44000499046285,248735.90531141107,4387.325556860958,0.001772698539286154,20.566990469487703,249.62750427307037,0.9103215417426804,1.060204830594103e-07,0,0.010734662552228947,0.007848695614608249,0.0004882740613538772,1.0022367779731718
0.037375,74,physics,0,1280,20676.363468159463,232281.5538301291,421.1374553864308,253379.05475367498,4420.328875062903,0.001786033527358025,20.67096896104725,243.96615489416456,0.9123519949816582,1.0777717207588448e-07,0,0.010781507660365742,0.007898942467978816,0.0004882740613538772,1.002238749328026
0.0374375,74,physics,0,1280,21280.1233226923,236423.39695239725,378.52853332972336,258082.04880841926,4453.565063490013,0.0017994626066256854,20.770748401839803,242.07573229332812,0.9130277973422757,1.0955743690033152e-07,0,0.010826715869758053,0.007949487463348842,0.0004882740613538772,1.0022441257700638
0.0375,74,physics,0,1280,21826.129952725627,240634.28765973198,400.21777272815905,262860.6353851858,4487.027025884434,0.0018129829098467122,20.866475463969245,245.22185047217044,0.9118937788418138,1.1135134414530501e-07,0,0.010871378299392722,0.008000032640161272,0.0004882740613538772,1.0022550579578182
0.0375,75,refine,0,1334,21826.129952725627,240634.28765973196,400.21777272815905,262860.6353851858,4487.027025884434,0.0018129829098467122,20.866475463969245,245.22185047217044,0.9118937788418138,1.1135134414530501e-07,0,0.010871378299392722,0.007417708407110385,0.0004882740613538772,1.0022550579578182
0.0375625,75,physics,0,1334,22343.232111601406,244940.4623698656,463.1749730852529,267746.86945455224,4520.792546895213,0.001826625865902352,20.964503352456042,253.36555099766815,0.9089687574294002,1.1306425928836476e-07,0,0.01090637666030162,0.0074640571933137535,0.0004882740613538772,1.0022633019815488
0.037625,75,physics,0,1334,22902.536712870467,249339.42810658098,506.008739624555,272747.973559076,4554.811630287679,0.001840371273817972,21.082132416932247,265.18975834187717,0.9047212434448072,1.1336163563413495e-07,0,0.010804853694570422,0.007510607818522785,0.0004882740613538772,1.0022706499728986
0.0376875,75,physics,0,1334,23097.076790701693,253816.2728813757,489.1155895428541,277402.46526162024,4585.345779417788,0.0018527085943066545,21.222954889657604,266.0992602416042,0.9044143336715262,1.1365446450639626e-07,0,0.010704536712442259,0.00755754129579913,0.0004882740613538772,1.0022796110108667
0.03775,75,physics,0,1334,23012.469532639,258333.94290640915,433.30058336432876,281779.7130224125,4613.213039695698,0.0018639683585649311,21.371275084967575,266.07611964931647,0.9044156813438435,1.1394274590514909e-07,0,0.010605404366862456,0.007607052715289901,0.0004882740613538772,1.0022880344596083
0.0378125,75,physics,0,1334,22919.71584237335,262882.52796754846,394.07731182817963,286196.32112175,4641.218857644748,0.0018752841070454294,21.51506209154429,266.093880718299,0.9044154136854398,1.1423088608353274e-07,0,0.01050650226340767,0.007659890181346637,0.0004882740613538772,1.0022980710015983
0.037875,75,physics,0,1334,23105.890936242366,267498.01276424865,409.2020912334873,291013.1057917245,4672.283804924973,0.0018878358964924237,21.64140174136821,266.0748994446159,0.9044135837669125,1.1451571424458968e-07,0,0.010408287208544276,0.007713175271312165,0.0004882740613538772,1.002303447761863
0.0379375,75,physics,0,1334,23604.08217267423,272185.9364127918,467.42900633296045,296257.44759179896,4706.607357556501,0.00190170432517617,21.740577820207182,266.0749866904365,0.9044161630663123,1.1626633522610073e-07,0,0.010443304151767693,0.007766788576394949,0.0004882740613538772,1.0023113337290925
0.038,75,physics,0,1334,24208.33991433096,276919.5904150619,519.3191689122831,301647.2494983052,4741.878456849071,0.0019159556100152063,21.821722798547064,264.2500796989932,0.9050847082234081,1.1812764455498856e-07,0,0.010486615195377013,0.007820671795762965,0.0004882740613538772,1.0023253135507584
0.038,76,refine,0,1492,24208.339914330958,276919.5904150619,519.319168912283,301647.2494983052,4741.87845684907,0.0019159556100152063,21.821722798547064,264.2500796989932,0.9050847082234081,1.1812764455498856e-07,0,0.010486615195377013,0.007489944020842178,0.0004882740613538772,1.0023253135507584
0.0380625,76,physics,0,1492,24881.38662891019,281728.77443624404,520.2792804727286,307130.44034562696,4777.5617306575905,0.0019303734339344144,21.910907902178987,259.9399697334853,0.9066332459840588,1.1999688354080723e-07,0,0.010530815843924724,0.007538577813309974,0.0004882740613538772,1.0023349920030562
0.038125,76,physics,0,1492,25622.990060552096,286591.80665242695,471.1990485687703,312685.9957615478,4813.513632027856,0.0019448997967983928,22.00709157424369,255.09422797886424,0.9083742428987102,1.2187976494715245e-07,0,0.010574514456586104,0.007587274019065163,0.0004882740613538772,1.0023443120824853
0.0381875,76,physics,0,1492,26382.606931291833,291514.1430216213,417.84972157040573,318314.59967448347,4849.736122216572,0.001959535491052756,22.102974555579898,251.90981678801393,0.9095190192872576,1.2377628877402453e-07,0,0.010617719535077294,0.007636208380927726,0.0004882740613538772,1.0023541699531098
0.03825,76,physics,0,1492,27108.745974709964,296513.2700091372,408.8214927863889,324030.8374766336,4886.23113311732,0.0019742812972789485,22.20033510586998,252.2125254785511,0.9094110698988676,1.2487893741308653e-07,0,0.01059195070040515,0.007685261966117772,0.0004882740613538772,1.0023625940284664
0.0383125,76,physics,0,1492,27798.985180212912,301604.4123602391,449.8332988948862,329853.2308393468,4923.0008014056875,0.001989138078800572,22.305785636371347,256.92807755972717,0.9077180287574986,1.2517406844381166e-07,0,0.010498367355061683,0.007734612793555367,0.0004882740613538772,1.00237298979352
0.038375,76,physics,0,1492,28502.74362603802,306795.6015437915,499.4148115845399,335797.759981414,4960.045749659234,0.002004106087170037,22.436654361518656,265.8203028349275,0.9045248696292685,1.2546465200102827e-07,0,0.010405828521538702,0.00778420077902336,0.0004882740613538772,1.0023842818673763
0.0384375,76,physics,0,1492,28718.269710409477,312066.8504352275,510.2935917246657,341295.4137373616,4992.825148779833,0.0020173506007372505,22.592483275287506,266.1240998867937,0.9044140964057257,1.2575068808473607e-07,0,0.010314316820569843,0.007834085370147821,0.0004882740613538772,1.0023937816470803
0.0385,76,physics,0,1492,28210.97990420815,317299.5042760434,477.45787384399165,345987.94205409556,5019.235852989601,0.002028021843637338,22.754109108377108,266.0997334370012,0.9044148708531351,1.2603217669493458e-07,0,0.010223815256082637,0.007884268394299442,0.0004882740613538772,1.0024050739551635
0.0385,77,refine,0,1590,28210.979904208154,317299.5042760434,477.4578738439917,345987.94205409556,5019.235852989601,0.002028021843637338,22.754109108377108,266.0997334370012,0.9044148708531351,1.2603217669493458e-07,0,0.010223815256082637,0.007417279583265905,0.0004882740613538772,1.0024050739551635
0.0385625,77,physics,0,1590,27735.690680716503,322553.2230314597,436.3127413229777,350725.22645349917,5045.875751106887,0.002038785692319067,22.912058268775738,266.11412753266865,0.9044140179781952,1.263091178316244e-07,0,0.01013430720470163,0.007466231616190627,0.0004882740613538772,1.0024138569493994
0.038625,77,physics,0,1590,27528.4354497268,327881.66639635735,425.4059045954399,355835.5077506796,5075.184995227024,0.0020506280900411647,23.056171955863704,266.1376535170832,0.9044141754657266,1.2658151149480556e-07,0,0.010045776405594254,0.007515401497543773,0.0004882740613538772,1.0024224607734709
0.0386875,77,physics,0,1590,27766.59181801414,333334.04348993296,454.7208364365831,361555.3561443837,5108.886915792848,0.0020642453483300928,23.186594601847123,266.1244626681501,0.9044143351215479,1.2684935768447756e-07,0,0.009958206950646824,0.0075649046138984224,0.0004882740613538772,1.0024278382010163
0.03875,77,physics,0,1590,28358.82566808479,338876.7263779851,499.3737108316835,367734.92575690156,5145.959885045428,0.0020792246785758294,23.313716812558976,266.124897027703,0.9044149456420821,1.2711265640064095e-07,0,0.00987158327495816,0.007614663598318976,0.0004882740613538772,1.0024387723926527
0.0388125,77,physics,0,1590,29140.266429419986,344484.4605098356,521.9744004432636,374146.70133969886,5184.586124964699,0.002094831607715046,23.43965100034999,265.7027067725091,0.9045421207704073,1.2737140764329545e-07,0,0.009785890147638606,0.007664672495067479,0.0004882740613538772,1.0024486311922767
0.038875,77,physics,0,1590,29993.346651906897,350148.6528914452,504.87748908133693,380646.87703243346,5223.5651411900435,0.002110581076092705,23.55557762772167,263.5542378029898,0.9053172695073245,1.2762561141244078e-07,0,0.009701112662903475,0.007714896794551133,0.0004882740613538772,1.0024581315818313
0.0389375,77,physics,0,1590,30888.953940509327,355869.36576966906,465.55669544501205,387223.87640562345,5262.803299706256,0.002126435250892176,23.65565556161308,260.8557679223687,0.9062930448216646,1.2787526770807742e-07,0,0.009617236231449834,0.00776551114761155,0.0004882740613538772,1.002467094296023
0.039,77,physics,0,1590,31788.344536520006,361653.8399616375,440.3692735811419,393882.55377173866,5302.287050537407,0.002142388657246762,23.741714946531477,259.48258454163954,0.9067869321491328,1.2812037653020512e-07,0,0.009534246572105979,0.007816384267752292,0.0004882740613538772,1.0024749815507978
0.039,78,refine,0,1734,31788.34453652001,361653.83996163745,440.3692735811419,393882.5537717386,5302.287050537407,0.002142388657246762,23.741714946531477,259.48258454163954,0.9067869321491328,6.406018826510255e-08,0,0.007351322123818882,0.007584130695765162,0.0002441370306769386,1.0024749815507978
0.0390625,78,physics,0,1734,32669.60548748486,367560.12460705533,450.61097843144086,400680.3410729716,5342.1877194440785,0.002158510519316369,23.83761203545361,260.9915799357031,0.906245648679528,6.439840660732439e-08,0,0.007460040754989667,0.007634786295985155,0.0002441370306769386,1.0024785666871188
0.039125,78,physics,0,1734,33550.83482785606,373575.88516904897,483.6727900464936,407610.3927869515,5382.38374969325,0.0021747517221126647,23.969111177020412,266.0289750524575,0.9044199097549495,6.473662494954616e-08,0,0.00756762471930259,0.0076859121576489525,0.0002441370306769386,1.0024866332907196
0.0391875,78,physics,0,1734,34092.27241517877,379693.1625461932,506.0897164037503,414291.52467777574,5419.825306117913,0.0021898799799674948,24.11642438133398,266.1373939087669,0.9044135091674108,6.507484329176802e-08,0,0.0076740916714566135,0.007737568748971834,0.0002441370306769386,1.0024938036595232
0.03925,78,physics,0,1734,33621.500652959236,385724.6364601932,499.05077907604795,419845.1878922285,5448.774671205156,0.002201576968595083,24.266300520868786,266.1357193651059,0.9044141106001894,6.541306163398984e-08,0,0.007779458902115603,0.007789769200635025,0.0002441370306769386,1.0025036630003696
0.0393125,78,physics,0,1734,32842.79470819073,391680.99659068906,475.3485633138204,424999.1398621936,5475.022878907899,0.002212182554799152,24.408403449711507,266.1225884480797,0.9044138073891627,6.57512799762116e-08,0,0.007883743347234623,0.007842370258271312,0.0002441370306769386,1.0025117298059119
0.039375,78,physics,0,1734,32243.454668869195,397719.4459810805,459.0321359651058,430421.93278591486,5502.900453165155,0.0022234464864266832,24.552905303296544,266.1384683330912,0.904414404262397,6.608949831843342e-08,0,0.007986961597100932,0.00789518090007712,0.0002441370306769386,1.0025174662404557
0.0394375,78,physics,0,1734,32045.531984198216,403909.8025684663,464.3764610862324,436419.7110137507,5534.512696604919,0.002236219410835929,24.700497368104642,266.13135841491464,0.9044143823351432,6.751510284175305e-08,0,0.008089129905100516,0.007948162004373307,0.0002441370306769386,1.002529118474176
0.0395,78,physics,0,1734,32287.663618429266,410232.3030303853,485.7951975615816,443005.7618463761,5570.19359504072,0.002250636274971211,24.841715996758783,266.1502962131372,0.9044140633817208,6.920400608123595e-08,0,0.008190264196218879,0.008001170110704774,0.0002441370306769386,1.0025375440198507
0.0395,79,refine,0,1881,32287.663618429266,410232.3030303853,485.7951975615815,443005.7618463761,5570.19359504072,0.002250636274971211,24.841715996758783,266.1502962131372,0.9044140633817208,6.920400608123595e-08,0,0.008190264196218879,0.007640102324360172,0.0002441370306769386,1.0025375440198507
0.0395625,79,physics,0,1881,32910.81642795479,416657.40749938163,504.4877894023598,450072.71171673876,5609.321737109392,0.00226644599762406,25.088525835086088,266.1507784065946,0.904413590504746,7.090655174124545e-08,0,0.00829038007528656,0.0076694482876887736,0.0002441370306769386,1.0025466867133495
0.039625,79,physics,0,1881,33809.6211672549,423171.5205162467,506.30744720178984,457487.4491307034,5650.799472354151,0.002283205073216726,25.199787232531108,266.16387051680454,0.9044140298977404,7.262273982178163e-08,0,0.00838949283497717,0.00769773922930852,0.0002441370306769386,1.0025527818886693
0.0396875,79,physics,0,1881,34826.118047987824,429765.17811620305,492.5247596607155,465083.82092385157,5693.2507487004295,0.0023003575080164677,25.30768018899366,266.03892471170053,0.9044414941984593,7.435257032284436e-08,0,0.008487617463567354,0.007748384442570922,0.0002441370306769386,1.0025608490894546
0.03975,79,physics,0,1881,35877.54708901288,436441.9932397655,477.4399138342079,472796.9802426126,5736.084080020818,0.0023176643120982284,25.427749634024146,265.49644304035115,0.9046372348763172,7.609604324443358e-08,0,0.008584768652466497,0.007799347610945474,0.0002441370306769386,1.0025703505425188
0.0398125,79,physics,0,1881,36942.15116559562,443209.1084541284,474.3025634418493,480625.56218316586,5779.221764806416,0.0023350940901731643,25.558689216241305,265.62912283199296,0.904590567589069,7.784649369568794e-08,0,0.008681308283498699,0.00785060127096776,0.0002441370306769386,1.0025793142600306
0.039875,79,physics,0,1881,37997.45553566732,450072.3330612463,483.8182454947224,488553.60684240836,5822.459340037576,0.002352564228973228,25.69120824059931,266.1102689657532,0.904417534751866,7.960983872123963e-08,0,0.008776845075934906,0.007902135505185778,0.0002441370306769386,1.0025891744418578
0.0399375,79,physics,0,1881,38894.86261749154,457029.8273361755,494.61343233278103,496419.30338599975,5864.471642251096,0.0023695392963018853,25.817848825154577,266.15494134131006,0.9044139606772306,8.009152629995246e-08,0,0.008745708705951514,0.00795390081095134,0.0002441370306769386,1.0025961662659144
0.04,79,physics,0,1881,38859.07530061361,463894.8397859229,495.8463558803302,503249.7614424168,5898.834972906114,0.0023834237972861186,25.937678244983694,266.16373380751094,0.9044137399971527,7.999008921899528e-08,0,0.008657733001165617,0.008007801316936288,0.0002441370306769386,1.0026033374181618
0.04,80,refine,0,2055,38859.07530061361,463894.8397859229,495.8463558803302,503249.7614424168,5898.834972906114,0.002383423797286118,25.937678244983694,266.16373380751094,0.9044137399971527,7.999008921899528e-08,0,0.008657733001165617,0.00751528842722074,0.0002441370306769386,1.0026033374181618
0.0400625,80,physics,0,2055,38186.65690851922,470656.85859363974,490.45624916609586,509333.97175132507,5928.165860931009,0.002395274940230478,26.071574988157643,266.1453615143081,0.9044138474258728,7.988410466452937e-08,0,0.008570494852613155,0.0075570165626791105,0.0002441370306769386,1.0026114050257502
0.040125,80,physics,0,2055,37437.35475071326,477481.36939855694,487.07371586143256,515405.79786513164,5956.947322307607,0.0024069040873778685,26.225052172943066,266.1621883282407,0.904414127827465,7.977357263655462e-08,0,0.00848398520720107,0.007599738187416358,0.0002441370306769386,1.0026192934159393
0.0401875,80,physics,0,2055,36853.20242232622,484445.0146263923,489.7781849983244,521787.9952337168,5987.264543129462,0.0024191537580013174,26.372489964464076,266.18881029382004,0.9044137463994162,7.966573178919129e-08,0,0.008398613181294635,0.00765320647681942,0.0002441370306769386,1.0026275404356793
0.04025,80,physics,0,2055,36618.1565816745,491566.68999358313,495.76925630837667,528680.6158315659,6020.6855251979705,0.0024326575031051335,26.50923199114563,266.16164644751024,0.9044149936767036,7.956926850738456e-08,0,0.008314966102843737,0.007707057345910104,0.0002441370306769386,1.0026313054020268
0.0403125,80,physics,0,2055,36783.0870738622,498821.32533998985,498.8856666605446,536103.2980805126,6057.628894355643,0.002447584468431015,26.633198295961254,266.1516944066114,0.9044142437495601,7.94682577520689e-08,0,0.008232161962393611,0.007761203747197934,0.0002441370306769386,1.0026427796723805
0.040375,80,physics,0,2055,37343.37693605911,506187.1263084565,496.69354579378194,544027.1967903094,6098.048196628855,0.002463915884255872,26.761228663923195,266.1546668451392,0.9044136746011527,7.936269952324433e-08,0,0.008088784688113483,0.007815836078088433,0.0002441370306769386,1.0026529990549693
0.0404375,80,physics,0,2055,38236.69483209148,513651.0978940283,492.8242185285761,552380.6169446483,6141.418364658473,0.0024814395971568233,26.88825436375118,266.1867180401528,0.904414290848581,7.925259382091103e-08,0,0.007941603800821286,0.007870537302115212,0.0002441370306769386,1.0026664457697008
0.0405,80,physics,0,2055,39336.719706473814,521200.62488851807,493.24927987511285,561030.593874867,6186.658232566673,0.0024997187621487423,27.005218436502002,266.1995476592343,0.9044161695180319,7.913794064506875e-08,0,0.007795753998992272,0.007925119366655499,0.0002441370306769386,1.00267128663115
0.0405,81,refine,0,2222,39336.719706473814,521200.624888518,493.24927987511285,561030.5938748668,6186.658232566673,0.0024997187621487423,27.005218436502002,266.1995476592343,0.9044161695180319,4.3093846713304715e-08,0,0.009982706526068832,0.007609401801099458,0.00012206893734401092,1.00267128663115
0.0405625,81,physics,0,2222,40533.777381116655,528880.8640924913,498.9531327935993,569913.5946064016,6232.948474020798,0.0025184223304900366,27.11988533951542,266.19350832657375,0.904413808624857,4.305234435619809e-08,0,0.010041557990983134,0.007661590455417299,0.00012206893734401092,1.0026798926647678
0.040625,81,physics,0,2222,41761.34185479642,536676.5251522386,504.5584736610956,578942.425480696,6279.567400363068,0.002537258703933883,27.253070448588193,266.13190191990407,0.9044143697602394,4.3587870202088626e-08,0,0.010075142054390801,0.0077145361175966235,0.00012206893734401092,1.0026886780669435
0.0406875,81,physics,0,2222,42927.73114866234,544584.2624056633,503.59492648739257,588015.588480813,6325.700492455468,0.002555898776085911,27.41005988958335,266.1417982543551,0.904415342318487,4.3931157378551695e-08,0,0.00982470475607451,0.007768117474696193,0.00012206893734401092,1.002694415513996
0.04075,81,physics,0,2222,43407.1385536336,552421.4970650324,495.7330056917786,596324.3686243577,6366.271077169595,0.0025722913175805894,27.57821282830184,266.1880840318099,0.9044135046892807,4.388511420927437e-08,0,0.0095765073738926,0.007822112072342935,0.00012206893734401092,1.0026996151037453
0.0408125,81,physics,0,2222,43292.978825817954,560150.2354341978,489.82680708220926,603933.0410670979,6402.134312506909,0.0025867818549364973,27.747785057150367,266.1861732468575,0.9044134570887485,4.383725205059357e-08,0,0.009466101478879515,0.007876532254186492,0.00012206893734401092,1.0027035596380927
0.040875,81,physics,0,2222,42788.951321327826,567870.028845127,494.1322765746944,611153.1124430295,6435.014641536221,0.0026000671492336733,27.912975982332625,266.17063060513095,0.9044135745464257,4.378757090250936e-08,0,0.009365589881591613,0.007931458778970488,0.00012206893734401092,1.0027100143641328
0.0409375,81,physics,0,2222,42155.77954353999,575680.8921577637,507.2228121249012,618343.8945134286,6467.023005068035,0.002613000125936563,28.075255420191723,266.18240209039345,0.9044136462660285,4.3736070765021455e-08,0,0.009265881169719065,0.007986964234119853,0.00012206893734401092,1.0027177242302476
0.041,81,physics,0,2222,41596.33106391912,583620.6776142089,518.631785834708,625735.6404639627,6499.721568551758,0.0026262119778701016,28.228977563252904,266.21232836864056,0.9044142928216684,4.3682751638130004e-08,0,0.009166965990941354,0.00804330368382746,0.00012206893734401092,1.002722027437112
0.041,82,refine,0,2384,41596.33106391912,583620.6776142089,518.6317858347081,625735.6404639627,6499.7215685517585,0.0026262119778701016,28.228977563252904,266.21232836864056,0.9044142928216684,4.3682751638130004e-08,0,0.009166965990941354,0.007622897387338072,0.00012206893734401092,1.002722027437112
0.0410625,82,physics,0,2384,41266.57188747702,591707.861095221,518.4479243327355,633492.8809070308,6534.393253646469,0.002640221069429757,28.36730413351577,266.2049750714768,0.9044137156750504,4.362761352183493e-08,0,0.00906883513298507,0.007675741066371349,0.00012206893734401092,1.002730992510727
0.041125,82,physics,0,2384,41289.29669524559,599935.160162298,506.73389598008146,641731.1907535236,6572.065025158207,0.0026554423456652226,28.498678822069248,266.1918068665207,0.9044137992145139,4.357065641613635e-08,0,0.00912034891489387,0.007729176716129287,0.00012206893734401092,1.0027361922901505
0.0411875,82,physics,0,2384,41690.90729305818,608293.8372919952,494.09413811724073,650478.8387231707,6613.087576090324,0.0026720175040580493,28.62494264016547,266.18846751019504,0.9044134811985461,4.351188032103444e-08,0,0.009220343941921295,0.00778284341922924,0.00012206893734401092,1.0027431851394755
0.04125,82,physics,0,2384,42441.608314818805,616774.742240181,492.6655600088897,659709.0161150086,6657.317852680446,0.0026898887437494475,28.752199611989628,266.2113034704854,0.9044136979875983,4.345128523652876e-08,0,0.00919741575053153,0.007836795991278116,0.00012206893734401092,1.0027508952606412
0.0413125,82,physics,0,2384,43487.43296336362,625368.6050116678,504.94823574464317,669360.986210776,6704.274622992799,0.00270886162301424,28.880709016283298,266.1923911689636,0.9044140175977606,4.451159973939413e-08,0,0.009341980584547193,0.007891212009809884,0.00012206893734401092,1.002757708905434
0.041375,82,physics,0,2384,44699.09709509455,634049.8455777843,520.8179567255505,679269.7606296045,6752.705920913828,0.0027284302850445513,29.004808671491976,266.1731702991226,0.9044142709383066,4.6256294794488934e-08,0,0.009515229667446883,0.007946275035596698,0.00012206893734401092,1.0027664949894295
0.0414375,82,physics,0,2384,45888.25601271806,642757.858783391,526.3385316809583,689172.45332779,6800.86799877485,0.002747890168735032,29.117701089070426,266.2140853476655,0.9044147892210547,4.801463227011031e-08,0,0.009611923399087258,0.008002166218525874,0.00012206893734401092,1.0027690053132823
0.0415,82,physics,0,2384,46839.29141684602,651417.8128200481,516.7656531720764,698773.8698900661,6846.920256227059,0.002766497579660059,29.223091770429463,266.1815146476657,0.9044146494025767,4.9725116468835014e-08,0,0.00970783250987662,0.008058537691384166,0.00012206893734401092,1.0027740259798406
0.0415,83,refine,0,2558,46839.29141684603,651417.8128200482,516.7656531720764,698773.8698900662,6846.92025622706,0.002766497579660059,29.223091770429463,266.1815146476657,0.9044146494025767,4.9725116468835014e-08,0,0.00970783250987662,0.00759226177191174,0.00012206893734401092,1.0027740259798406
0.0415625,83,physics,0,2558,47400.88039818527,660162.4117085891,500.9998798869625,708064.2919866613,6890.15033096903,0.0027839646878884787,29.344097845337938,266.20666015321933,0.904413873002389,4.968282496520266e-08,0,0.009802966449018407,0.0076472030573087905,0.00012206893734401092,1.0027754604606172
0.041625,83,physics,0,2558,47540.55126238102,668893.2708549335,493.9976809824252,716927.819798297,6930.1333361443485,0.002800119817916083,29.48641736792078,266.22341616693546,0.9044137411288383,4.9638714472166645e-08,0,0.009725143312208872,0.007702502844477373,0.00012206893734401092,1.002778508739081
0.0416875,83,physics,0,2558,47313.191169727186,677666.193049544,502.79411855155973,725482.1783378227,6967.4018699916605,0.002815178166018275,29.630102727802505,266.1996398964441,0.904413942471349,4.958823218714772e-08,0,0.009627434990839139,0.007758138722212699,0.00012206893734401092,1.0027878329424917
0.04175,83,physics,0,2558,46878.26071900199,686533.6050327128,520.779984542081,733932.6457362568,7003.185371063571,0.0028296364867412345,29.778376334915247,266.2092119131735,0.9044143899099389,4.953347776392997e-08,0,0.009530603119540832,0.007814222513127165,0.00012206893734401092,1.0027953640931553
0.0418125,83,physics,0,2558,46387.05397935926,695503.0824665254,533.0088442780957,742423.1452901626,7038.552626752081,0.0028439266235460014,29.928192311176016,266.2324159404278,0.9044137040220126,4.941904263588971e-08,0,0.009434636009562031,0.00787088450337189,0.00012206893734401092,1.0028036125611604
0.041875,83,physics,0,2558,45999.3696886971,704569.0774201457,529.6046116047387,751098.0517204476,7074.695893479109,0.0028585303075451983,30.071457726204862,266.2513904144832,0.9044141884256985,4.922770768800431e-08,0,0.009339522178203757,0.00792808975271294,0.00012206893734401092,1.0028141922172678
0.0419375,83,physics,0,2558,45850.50774846948,713727.6986020375,514.121491097733,760092.3278416047,7112.766245208337,0.0028739126300842306,30.19329728033965,266.23877806402317,0.904413776471572,4.903296213498725e-08,0,0.009245250344318345,0.007985746944706934,0.00012206893734401092,1.0028263858576765
0.042,83,physics,0,2558,46009.27890914059,722972.4767581208,500.5511910946516,769482.3068583561,7153.482801337663,0.0028903641512993796,30.293407860645974,266.2480781263024,0.9044135596789488,4.883480597683846e-08,0,0.009151809423924441,0.008043971158741024,0.00012206893734401092,1.0028353518643327
0.042,84,refine,0,2694,46009.27890914059,722972.4767581208,500.55119109465153,769482.3068583561,7153.482801337663,0.00289036415129938,30.293407860645974,266.2480781263024,0.9044135596789488,4.883480597683846e-08,0,0.009151809423924441,0.007614866923381296,0.00012206893734401092,1.0028353518643327
0.0420625,84,physics,0,2694,46503.32925659606,732464.9413295831,500.9571530806973,779469.2277392598,7197.604224759238,0.0029081914088733797,30.407732964772265,266.2401568179443,0.9044136003691184,4.863323921355792e-08,0,0.009059188525935891,0.007669884095334488,0.00012206893734401092,1.0028461111781348
0.042125,84,physics,0,2694,47293.21050085405,742084.7331245164,514.7307272269906,789892.6743525974,7244.507593822567,0.0029271427113650257,30.554690497441822,266.21585166993316,0.9044135598340504,4.84282618451459e-08,0,0.008968502660879799,0.007725360566483448,0.00012206893734401092,1.002854180739241
0.0421875,84,physics,0,2694,48283.19583814121,751800.6840648679,530.0284723138742,800613.908375323,7293.2497637903425,0.0029468369812184953,30.711392960404947,266.2202121341797,0.9044135428879682,4.8222740467451806e-08,0,0.008879018308061494,0.0077810005490027145,0.00012206893734401092,1.0028644022765238
0.04225,84,physics,0,2694,49353.68967657276,761572.7032822378,534.8169304007149,811461.2098892112,7342.676513006887,0.0029668078552665387,30.873584325123293,266.22855524887996,0.9044136410708563,4.802056263741869e-08,0,0.008790352992831355,0.00783717473043942,0.00012206893734401092,1.0028801831000684
0.0423125,84,physics,0,2694,50342.05063961045,771361.2059640163,526.9597939332473,822230.21639756,7391.378857504584,0.0029864860336483974,31.049566014599165,266.2134030490712,0.9044138466598772,4.781565632328012e-08,0,0.008701851529009562,0.00789395427306509,0.00012206893734401092,1.002885024993439
0.042375,84,physics,0,2694,51111.62021729461,781144.269385156,515.0318309482084,832770.9214333988,7438.291260449822,0.0030054409862903756,31.232458926582748,266.26430492652895,0.904414089680337,4.827114308270096e-08,0,0.008761563725098582,0.007951224202538059,0.00012206893734401092,1.0028930948676713
0.0424375,84,physics,0,2694,51578.70723851653,790937.5167548289,510.30394051362316,843026.527933859,7482.836573016539,0.003023439516252646,31.396379483337977,266.2318740661926,0.9044135459543301,4.8610949932026455e-08,0,0.008803792800443019,0.008009055166102832,0.00012206893734401092,1.0029049308006737
0.0425,84,physics,0,2694,51716.38630582014,800744.9580470853,516.9337126486016,852978.278065554,7524.842505589761,0.0030404120099284627,31.525816112987926,266.2473575180414,0.904413566435232,4.82696620451862e-08,0,0.008673336922369122,0.008067262445421547,0.00012206893734401092,1.0029121041613847
0.0425,85,refine,0,2860,51716.38630582014,800744.9580470853,516.9337126486017,852978.278065554,7524.842505589761,0.0030404120099284623,31.525816112987926,266.2473575180414,0.904413566435232,4.82696620451862e-08,0,0.008673336922369122,0.007556680029621536,0.00012206893734401092,1.0029121041613847
0.0425625,85,physics,0,2860,51567.78835495259,810751.9214811195,529.5835000479381,862849.29333612,7564.981423539255,0.0030566301364910336,31.65286807351756,266.2406953631596,0.9044135973755953,4.792473617953875e-08,0,0.008544000531884532,0.007598365256894906,0.00012206893734401092,1.002922146952578
0.042625,85,physics,0,2860,51251.79352270252,820847.9855517473,538.1443240690553,872637.9233985188,7603.845477620388,0.003072333154406281,31.802861076197885,266.2242133779721,0.9044137984513558,4.776529927141833e-08,0,0.00844927001554406,0.007642783336287233,0.00012206893734401092,1.0029332658744177
0.0426875,85,physics,0,2860,50875.81513121216,831032.5775603751,536.5393187257894,882444.932010313,7642.23194599591,0.003087843203851675,31.9466374844688,266.2715299797832,0.9044138677537337,4.7689725946042894e-08,0,0.008370490504845396,0.00769866013204508,0.00012206893734401092,1.0029338038898914
0.04275,85,physics,0,2860,50590.29476207459,841314.5465830979,527.6087372349289,892432.4500824074,7681.396837724731,0.003103667775189221,32.07780754434233,266.23523128694103,0.9044135465001748,4.761233363126385e-08,0,0.008292357730835795,0.007755131931224434,0.00012206893734401092,1.0029382873633963
0.0428125,85,physics,0,2860,50506.590105023344,851696.5156973611,519.8696468839966,902722.9754492685,7722.351889913737,0.003120215660717329,32.216934193519265,266.24100543123666,0.9044139298564766,4.753312232708133e-08,0,0.00821486379965958,0.007811957935369506,0.00012206893734401092,1.0029451022815097
0.042875,85,physics,0,2860,50688.79764311659,862167.5293580631,519.4805167215775,913375.8075179013,7765.700817117157,0.0031377307912545073,32.37159793338298,266.2671629836036,0.9044136040112801,4.74520920334953e-08,0,0.00813800094486547,0.00786902062275085,0.00012206893734401092,1.0029531726391634
0.0429375,85,physics,0,2860,51156.95872803789,872711.5668496077,526.0107239867225,924394.5363016324,7811.604857777169,0.0031562783151826866,32.511100600403246,266.2361628249332,0.9044136365610056,4.736924275050568e-08,0,0.008061761524856348,0.007926498739907467,0.00012206893734401092,1.0029544280339684
0.043000000000000003,85,physics,0,2860,51882.19193098556,883298.2539596143,533.8800568860388,935714.3259474859,7859.7477256596,0.0031757304370739967,32.620472866553946,266.2455209810761,0.9044136368495443,4.728457447811248e-08,0,0.007986138020399826,0.007984218473152498,0.00012206893734401092,1.002963395185416
0.043000000000000003,86,refine,0,3012,51882.19193098556,883298.2539596144,533.8800568860388,935714.325947486,7859.7477256596,0.0031757304370739962,32.620472866553946,266.2455209810761,0.9044136368495443,4.728457447811248e-08,0,0.007986138020399826,0.007596784919320605,0.00012206893734401092,1.002963395185416
0.043062500000000004,86,physics,0,3012,52782.21284932882,894104.1410310044,537.9933083726507,947424.3471887059,7909.75700152247,0.0031959366809637393,32.741977902211396,266.25537134763067,0.9044135222887889,4.719808721631588e-08,0,0.007911123032197927,0.007650683560265505,0.00012206893734401092,1.0029739765272425
0.043125000000000004,86,physics,0,3012,53760.42127831202,904995.2622174206,536.8074649210726,959292.4909606536,7960.476221807625,0.0032164297778431773,32.90324176343253,266.23739457048407,0.9044137010006901,4.862519809023529e-08,0,0.008088760657317123,0.0077047616764867825,0.00012206893734401092,1.0029777427944921
0.043187500000000004,86,physics,0,3012,54697.0367391237,915978.8326857595,532.7968318421601,971208.6662567254,8010.918411719875,0.0032368109406233298,33.05584556823482,266.2606953390075,0.9044136718457644,5.056915775014661e-08,0,0.008348815679669257,0.007758989453252875,0.00012206893734401092,1.0029863514584554
0.043250000000000004,86,physics,0,3012,55479.3779390616,927046.5619106687,530.1731437991518,983056.1129935295,8060.198615837669,0.0032567226031353703,33.193519250665915,266.2778179592727,0.9044135277117233,5.2526759830584425e-08,0,0.008551710530964958,0.007813456283337785,0.00012206893734401092,1.0029940634493342
0.043312500000000004,86,physics,0,3012,55988.14984995565,938174.5349188049,531.1141836536374,994693.7989524142,8107.366459290159,0.003275780766487088,33.33589062329242,266.27312114160196,0.9044136792853471,5.4498004331549055e-08,0,0.008469995622915207,0.00786813235273038,0.00012206893734401092,1.0029985471922207
0.043375000000000004,86,physics,0,3012,56203.45540113742,949334.549971556,534.7017807935506,1006072.7071534871,8152.230009272816,0.0032939078802441445,33.4868429088778,266.2647454969589,0.9044141790253998,5.537502545394086e-08,0,0.008387450491029302,0.007923077253308021,0.00012206893734401092,1.0030055418711479
0.043437500000000004,86,physics,0,3012,56144.684488581035,960504.263228688,538.1694698610545,1017187.1171871301,8194.891569766593,0.0033111452803206948,33.59769675884121,266.2645777214331,0.9044137330086732,5.499837385514176e-08,0,0.00836610348659484,0.007978320775515234,0.00012206893734401092,1.003013074656852
0.043500000000000004,86,physics,0,3012,55888.21287684992,971660.633075716,539.9936096110757,1028088.839562177,8235.914905291234,0.0033277207557269373,33.66686919756639,266.2617081250028,0.9044136198775015,5.4617174782833813e-08,0,0.00840522553037289,0.008033833106095392,0.00012206893734401092,1.0030240152320775
0.043500000000000004,87,refine,0,3144,55888.212876849924,971660.6330757161,539.9936096110757,1028088.8395621771,8235.914905291236,0.003327720755726938,33.66686919756639,266.2617081250028,0.9044136198775015,5.4617174782833813e-08,0,0.00840522553037289,0.007523688700203409,0.0001220685153384693,1.0030240152320775
0.043562500000000004,87,physics,0,3144,55552.15000898828,983055.243000153,540.1432096829108,1039147.5362188242,8276.726259998919,0.003344210580299562,33.76508024657515,266.2554800203167,0.9044135884433777,5.500130484392688e-08,0,0.008443948400483554,0.007552234617965429,0.0001220685153384693,1.0030319068686195
0.043625000000000004,87,physics,0,3144,55263.29709538383,994525.6351895322,538.7709278391612,1050327.7032127553,8318.009595979902,0.0033608911088673353,33.89163347063125,266.2628194055388,0.9044134825242779,5.521892632032177e-08,0,0.008482277753818957,0.007586437351722414,0.0001220685153384693,1.0030380049939285
0.043687500000000004,87,physics,0,3144,55140.76383755527,1006083.6369440411,536.0461630893814,1061760.4469446857,8360.782773376994,0.0033781736077410957,34.01120381718154,266.2789077312564,0.9044136807247964,5.4857316911238807e-08,0,0.008521033914516927,0.007625925232926033,0.0001220685153384693,1.0030453586649348
0.043750000000000004,87,physics,0,3144,55282.84812065694,1017732.7557611186,533.7127123643562,1073549.31659414,8405.903006026592,0.0033964044341035374,34.150075064886636,266.293515008761,0.9044139008822174,5.449206952334858e-08,0,0.008415428987658496,0.007665592315162373,0.0001220685153384693,1.0030598868075848
0.043812500000000004,87,physics,0,3144,55690.01521299419,1029462.1652460623,533.913573510844,1085686.0940325675,8453.37642828713,0.003415586066542552,34.307068225168756,266.2695149968579,0.9044135889873474,5.4123184156651385e-08,0,0.008297795622130915,0.0077054981858773,0.0001220685153384693,1.0030702898044448
0.043875000000000004,87,physics,0,3144,56394.84435689072,1041286.1992837356,537.4916961093115,1098218.5353367357,8503.444361592141,0.0034358160109641605,34.45194798501537,266.2702165071131,0.9044137301841425,5.375066081114706e-08,0,0.008181087335489749,0.007745583250400146,0.0001220685153384693,1.0030806929091967
0.043937500000000004,87,physics,0,3144,57308.998611405055,1053193.5890343846,542.9654987494048,1111045.553144539,8555.300901519327,0.0034567686417496927,34.55780309761363,266.26379010538415,0.904413499042691,5.337449948683573e-08,0,0.008065293397737443,0.007785665039048298,0.0001220685153384693,1.003085356404971
0.044,87,physics,0,3144,58348.051034180804,1065169.8638548614,546.7844970835866,1124064.699386126,8608.165419103363,0.003478128545828268,34.65051428995721,266.30331003276314,0.904413482699293,5.299470018371727e-08,0,0.00795040324232861,0.007825671979798127,0.0001220685153384693,1.0030928897900995
0.044,88,refine,0,3348,58348.0510341808,1065169.8638548616,546.7844970835865,1124064.699386126,8608.165419103363,0.003478128545828269,34.65051428995721,266.30331003276314,0.904413482699293,5.299470018371727e-08,0,0.00795040324232861,0.007608212709366553,0.0001220685153384693,1.0030928897900995
0.0440625,88,physics,0,3348,59363.824302816545,1077513.4333339983,546.2311177855277,1137423.4887546003,8661.344664022177,0.0034996156154614433,34.75875611544252,266.2705728116011,0.9044136311288893,5.2611262901791554e-08,0,0.007836406463100508,0.007655665930211701,0.0001220685153384693,1.0030971946070035
0.044125,88,physics,0,3348,60222.12153533199,1089955.9141664854,541.4255947707386,1150719.4612965882,8713.290029253,0.0035206041361034203,34.86418717677221,266.31348069322837,0.9044134422005907,5.222418764105904e-08,0,0.007723292811271842,0.0077115007586940456,0.0001220685153384693,1.0031086742090665
0.0441875,88,physics,0,3348,60810.62214311477,1102454.5273731123,536.4744580964356,1163801.6239743235,8763.125395856307,0.003540740111966662,34.970188197031234,266.3020149328192,0.9044136148028314,5.1811511525556886e-08,0,0.007611052192507783,0.007767961486595723,0.0001220685153384693,1.0031176427395885
0.04425,88,physics,0,3348,61087.95507166483,1114970.109823721,535.9363679271293,1176594.001263313,8810.529429654389,0.0035598937080026753,35.10601823140473,266.2897856931007,0.9044135816352441,5.143912318317238e-08,0,0.007499674664050384,0.007824824470073278,0.0001220685153384693,1.003125176367194
0.0443125,88,physics,0,3348,61037.50395617446,1127457.8765676348,541.1248543549638,1189036.5053781641,8855.324242304569,0.0035779930484400014,35.24440481611831,266.2899315767981,0.9044136136459437,5.104113398601847e-08,0,0.007389150431911561,0.00788205997406402,0.0001220685153384693,1.0031303781907042
0.044375,88,physics,0,3348,60766.20318492799,1139898.7193409277,548.223135414808,1201213.1456612705,8898.315398514656,0.0035953636216360797,35.34199265914075,266.29446107650716,0.9044135352208391,5.063950681005729e-08,0,0.007279469848128117,0.007939593417877143,0.0001220685153384693,1.0031348625429666
0.0444375,88,physics,0,3348,60387.2240026635,1152282.3617011313,551.7163796123073,1213221.302083407,8940.354406239312,0.00361234947931171,35.42742268649562,266.30061170725105,0.9044136301042145,5.1598554762222186e-08,0,0.007365337522614097,0.007997290793498753,0.0001220685153384693,1.0031420375482836
0.0445,88,physics,0,3348,60039.98806351221,1164619.4472600678,548.4976190580304,1225207.932942638,8982.560898224812,0.0036294030089900663,35.519378834101964,266.2937915863948,0.9044134585208067,5.3175126524251864e-08,0,0.007567101054067868,0.00805539041022143,0.0001220685153384693,1.0031495713590994
0.0445,89,refine,0,3600,60039.9880635122,1164619.4472600678,548.4976190580303,1225207.932942638,8982.560898224812,0.0036294030089900663,35.519378834101964,266.2937915863948,0.9044134585208067,5.3175126524251864e-08,0,0.007567101054067868,0.007598251307923111,0.0001220685153384693,1.0031495713590994
0.0445625,89,physics,0,3600,59875.44197996632,1177387.0814921812,540.7151586940774,1237803.2386308417,9026.948438026773,0.003647337790864965,35.60049040399663,266.307931173789,0.9044134920804402,5.2740245948257206e-08,0,0.007767536597880132,0.007633673115689054,0.0001220685153384693,1.0031590783915925
0.044625,89,physics,0,3600,59998.11635126965,1190313.1514593046,535.0316938394199,1250846.2995044137,9073.907385194532,0.0036663115496821923,35.70738328000927,266.3058739424209,0.9044136189661829,5.230172739345566e-08,0,0.00793877250494196,0.0076690518660751175,0.0001220685153384693,1.0031676886119785
0.0446875,89,physics,0,3600,60437.537051165884,1203419.5841756184,536.7135598719647,1264393.8347866563,9123.744500863299,0.003686448232253517,35.84734899584858,266.2916202105955,0.9044133920250355,5.185957085984673e-08,0,0.007876701336656864,0.007704665573566059,0.0001220685153384693,1.0031759401425293
0.04475,89,physics,0,3600,61210.80799403395,1216744.2326108727,545.5661758717024,1278500.6067807784,9176.5812628421,0.0037077969216777382,36.02118948959918,266.31930956447167,0.904413486451773,5.141377634743082e-08,0,0.00781776305554707,0.007740519783219926,0.0001220685153384693,1.0031845505076415
0.0448125,89,physics,0,3600,62241.898526810124,1230270.8028476627,555.0934383145449,1293067.7948127873,9231.692060149278,0.0037300644348951355,36.1785397178181,266.313259466498,0.9044136016330544,5.251655643689905e-08,0,0.00776913549647922,0.007776430563549227,0.0001220685153384693,1.0031881381815835
0.044875,89,physics,0,3600,63401.42883415759,1243947.6611481644,558.4296127422095,1307907.5195950642,9287.889975501896,0.0037527711980717224,36.32896811472654,266.33115837383446,0.904413593946058,5.4079508871041084e-08,0,0.007679854304959175,0.007812390564340378,0.0001220685153384693,1.003195313567959
0.0449375,89,physics,0,3600,64541.543325385195,1257704.9855319064,553.7621302535797,1322800.2909875452,9343.878753497731,0.00377539345931616,36.48509429613856,266.3135679167904,0.9044135397978028,5.553424564652687e-08,0,0.007582668474014683,0.007863750922302128,0.0001220685153384693,1.0032050004209763
0.045,89,physics,0,3600,65487.61090688452,1271474.2334312825,545.4372878077429,1337507.2816259747,9398.23410422164,0.00379735573440039,36.63078499501597,266.32750638535697,0.9044136622966154,5.528624136275086e-08,0,0.0075352075132475915,0.00792047009750819,0.0001220685153384693,1.0032179163705004
0.045,90,refine,0,3842,65487.610906884525,1271474.2334312825,545.4372878077429,1337507.2816259747,9398.23410422164,0.00379735573440039,36.63078499501597,266.32750638535697,0.9044136622966154,5.066273978115975e-08,0,0.0059522387900628835,0.007619163352306352,6.103446867200546e-05,1.0032179163705004
0.0450625,90,physics,0,3842,66114.77212095536,1285399.8612844227,541.1212633538915,1352055.754668732,9450.365933702607,0.0038184195959034247,36.75247404315946,266.3225879260459,0.9044135256296181,5.107601275255997e-08,0,0.0059197444060393395,0.007664817785204206,6.103446867200546e-05,1.0032218629438006
0.045125,90,physics,0,3842,66362.25800397797,1299328.2631962697,545.2511427916752,1366235.7723430395,9499.582825150424,0.003838305676925606,36.889140001018234,266.3220479935601,0.9044135586886456,5.122897572817919e-08,0,0.005875965539980667,0.00771979552136419,6.103446867200546e-05,1.0032250919698666
0.0451875,90,physics,0,3842,66259.3234068598,1313240.0147041474,554.7514884923537,1380054.0895994995,9546.077132745813,0.003857091698159075,37.05448013682534,266.34173240531373,0.9044138192520103,5.154798188300446e-08,0,0.005851169153111226,0.007775318421945546,6.103446867200546e-05,1.0032310118779815
0.04525,90,physics,0,3842,65900.783336727,1327119.7504376767,562.0261326757201,1393582.5599070794,9590.53000492268,0.0038750528775748513,37.20821693267513,266.33052741641245,0.9044135224241631,5.127860536191524e-08,0,0.005738799465766993,0.007831384103598961,6.103446867200546e-05,1.0032372906065785
0.0453125,90,physics,0,3842,65441.88768627375,1341001.1089828603,561.8961450165684,1407004.8928141508,9634.138035460996,0.003892672698793856,37.35051184816845,266.3189505359589,0.9044135152619653,5.153666471358063e-08,0,0.005709020419605164,0.007887673341242057,6.103446867200546e-05,1.0032365730356072
0.045375,90,physics,0,3842,65053.612805042285,1354923.464382701,555.5732913480354,1420532.6504790913,9678.290346866228,0.003910512436653477,37.49783426717136,266.3549112614898,0.9044136492389538,5.1907265152806224e-08,0,0.005691440451165749,0.007944092007257474,6.103446867200546e-05,1.0032430311928264
0.0454375,90,physics,0,3842,64907.19664548451,1368932.7738711406,548.6416100755537,1434388.6121267006,9724.46277456695,0.003929168402341504,37.63207896736665,266.3475178715996,0.9044134818127899,5.224186239161098e-08,0,0.005669545903280008,0.008000874972156385,6.103446867200546e-05,1.0032528979021869
0.0455,90,physics,0,3842,65093.14843130356,1383067.8353058095,546.7395484327693,1448707.7232855458,9773.48303516919,0.003948975034685909,37.71713697230769,266.34364603302635,0.9044135944248278,5.2563122743265374e-08,0,0.005638383525629125,0.008058171044367603,6.103446867200546e-05,1.0032609707365672
0.0455,91,refine,1,4096,65093.14843130357,1383067.8353058095,546.7395484327694,1448707.723285546,9773.48303516919,0.003948975034685909,37.71713697230769,266.34364603302635,0.9044135944248278,5.2563122743265374e-08,0,0.005638383525629125,0.007944019609247776,6.103446867200546e-05,1.0032609707365672
0.0455625,91,physics,1,4096,60089.738523681466,1388068.7468934394,545.33949975933,1448703.82491688,9773.48303516919,0.003948975034685909,37.756074039545766,257.44317146725786,0.9075933954070124,5.279190062879021e-08,0,0.0055846697762055204,0.008000611152769491,6.103446867200546e-05,1.0032728110111628
0.045625,91,physics,1,4096,55335.152909010736,1392830.4535369142,539.8735466697101,1448705.4799925946,9773.48303516919,0.003948975034685909,37.75651673122422,247.6017530857045,0.9111128101439635,5.315780526871095e-08,0,0.005558384675475569,0.008057680988458485,6.103446867200546e-05,1.003279448801987
0.0456875,91,physics,1,4096,50823.284939421035,1397347.5359322464,534.9148805482317,1448705.7357522156,9773.48303516919,0.003948975034685909,37.68319698623834,237.54277655849737,0.9147123182802274,5.350988452335055e-08,0,0.005526289329054034,0.00811535276756397,6.103446867200546e-05,1.0032887776633228
0.04575,91,physics,1,4096,46534.90474630936,1401625.4241393197,543.7065242594871,1448704.0354098885,9773.48303516919,0.003948975034685909,37.56530044407361,228.11358497014902,0.9180898533915755,5.3743252514948394e-08,0,0.005486334025351208,0.008173142652490308,6.103446867200546e-05,1.0032979272077358
0.0458125,91,physics,1,4096,42458.607032932734,1405670.7434058143,571.7542128505304,1448701.1046515976,9773.48303516919,0.003948975034685909,37.45897456682874,220.03838230963487,0.9209885047197407,5.391613822069981e-08,0,0.00545311734339314,0.008231109984988248,6.103446867200546e-05,1.0033072562408907
0.045875,91,physics,1,4096,38598.52915756652,1409493.0033658922,607.3055375061479,1448698.838060965,9773.48303516919,0.003948975034685909,37.31265676206921,213.66465423482663,0.9232774057743234,5.406353587034126e-08,0,0.0054299020582137415,0.00828913106634161,6.103446867200546e-05,1.0033142530726828
0.0459375,91,physics,1,4096,34970.81552655332,1413096.9606241696,627.8087864535942,1448695.5849371767,9773.48303516919,0.003948975034685909,37.14146541787219,208.91834052886085,0.9249818974605883,5.42930225222449e-08,0,0.005377658692015519,0.008347577482921318,6.103446867200546e-05,1.0033239410741799
0.046,91,physics,1,4096,31590.11365480537,1416484.6201592446,616.9274506842607,1448691.6612647343,9773.48303516919,0.003948975034685909,37.00624402568394,205.30889096084175,0.9262780526068449,5.428610805324765e-08,0,0.005314990545037811,0.008406200724139525,6.103446867200546e-05,1.00333147625113
0.046,92,refine,1,4096,31590.11365480537,1416484.6201592446,616.9274506842607,1448691.6612647343,9773.48303516919,0.003948975034685909,37.00624402568394,205.30889096084175,0.9262780526068449,5.428610805324765e-08,0,0.005314990545037811,0.008406200724139525,6.103446867200546e-05,1.00333147625113
0.0460625,92,physics,1,4096,28453.473998046997,1419655.959540205,578.7980113431202,1448688.2315495952,9773.48303516919,0.003948975034685909,36.86355562845905,202.04583714968376,0.9274499127507059,5.4299034601967826e-08,0,0.005279942181865764,0.008465002621610911,6.103446867200546e-05,1.0033368585550275
0.046125,92,physics,1,4096,25542.357512178172,1422609.9548292859,533.3581533134582,1448685.6704947774,9773.48303516919,0.003948975034685909,36.71752970735869,198.2647385465879,0.9288126970299344,5.478822373561334e-08,0,0.005247887016247028,0.0085238718007488,6.103446867200546e-05,1.0033381144300915
0.0461875,92,physics,1,4096,22842.50100571606,1425339.746614954,499.51570748950473,1448681.7633281597,9773.48303516919,0.003948975034685909,36.56924029788319,193.24003938024805,0.9306345597721515,5.502941657908888e-08,0,0.005221482312247033,0.008582861811116093,6.103446867200546e-05,1.0033413438303314
0.04625,92,physics,1,4096,20355.96297003548,1427839.1803502892,482.98494309817926,1448678.1282634228,9773.48303516919,0.003948975034685909,36.40826775232513,186.4961898021978,0.933059718169447,5.5438849067002046e-08,0,0.005202793093410921,0.008642033160675865,6.103446867200546e-05,1.0033474438369219
0.0463125,92,physics,1,4096,18096.022610861368,1430103.7789000366,476.67862661267895,1448676.4801375107,9773.48303516919,0.003948975034685909,36.24150453539172,177.9928850758749,0.9361121155801495,5.5968714995913266e-08,0,0.005192161994310576,0.008701323480735176,6.103446867200546e-05,1.0033521085728674
0.046375,92,physics,1,4096,16074.920453532312,1432128.751396401,471.23071852388784,1448674.9025684574,9773.48303516919,0.003948975034685909,36.075562153659796,168.1323020479813,0.9396515323159409,5.6227483113957486e-08,0,0.005169855203333992,0.008760793767653381,6.103446867200546e-05,1.0033521085728674
0.0464375,92,physics,1,4096,14291.204971726544,1433914.395201187,466.76635856850805,1448672.3665314822,9773.48303516919,0.003948975034685909,35.891694018045314,157.63903413016777,0.9434179271854861,5.659979951389004e-08,0,0.005143108990297795,0.008820264651997825,6.103446867200546e-05,1.0033585674738261
0.0465,92,physics,1,4096,12728.810782095576,1435467.8628513233,473.37350697353315,1448670.0471403925,9773.48303516919,0.003948975034685909,35.7040427259219,147.38942050423486,0.947097036423354,5.6786742419490124e-08,0,0.005106890754741796,0.008879796581100663,6.103446867200546e-05,1.003361079279872
0.0465,93,refine,1,4096,12728.810782095576,1435467.8628513233,473.37350697353315,1448670.0471403925,9773.48303516919,0.003948975034685909,35.7040427259219,147.38942050423486,0.947097036423354,5.6786742419490124e-08,0,0.005106890754741796,0.008879796581100663,6.103446867200546e-05,1.003361079279872
0.0465625,93,physics,1,4096,11372.068318320638,1436799.047543784,497.1363753473904,1448668.252237452,9773.48303516919,0.003948975034685909,35.52015171085337,138.20565371464716,0.9503934045459761,5.6961936500954353e-08,0,0.005070864356421326,0.008939449072252042,6.103446867200546e-05,1.0033619763549837
0.046625,93,physics,1,4096,10219.67671884573,1437916.4479818246,530.1394154894012,1448666.2641161599,9773.48303516919,0.003948975034685909,35.33406773903958,130.63479193985,0.9531107206927257,5.7085838278681e-08,0,0.005043488547020053,0.008999220819930858,6.103446867200546e-05,1.0033684353194645
0.0466875,93,physics,1,4096,9283.242864013542,1438828.584026757,553.7159164859468,1448665.5428072566,9773.48303516919,0.003948975034685909,35.139751138542955,124.80279074951638,0.9552042009172981,5.744124820239454e-08,0,0.005016074592230588,0.009059111071874107,6.103446867200546e-05,1.0033792003526625
0.04675,93,physics,1,4096,8574.247452752534,1439539.5092261885,551.6275507096416,1448665.3842296505,9773.48303516919,0.003948975034685909,34.95185800706973,120.40733213211793,0.9567819441728687,5.752043641393819e-08,0,0.00497745898986915,0.009119242560000526,6.103446867200546e-05,1.0033788415163618
0.0468125,93,physics,1,4096,8091.891569715,1440050.8278421885,522.3709138433646,1448665.090325747,9773.48303516919,0.003948975034685909,34.76551310604735,117.10564752998293,0.9579669570952831,5.763851707030195e-08,0,0.004952032980799545,0.009179435952928623,6.103446867200546e-05,1.0033799180256489
0.046875,93,physics,1,4096,7822.642933235766,1440361.4395880618,480.2059388394,1448664.2884601369,9773.48303516919,0.003948975034685909,34.577280989151724,113.70633556781951,0.9591872563684763,5.771669808751761e-08,0,0.004911602252770507,0.009239569911773729,6.103446867200546e-05,1.0033827887227276
0.0469375,93,physics,1,4096,7751.527294191182,1440469.0945226694,443.44572677535905,1448664.0675436358,9773.48303516919,0.003948975034685909,34.39191543818633,109.31324166258352,0.9607643411370799,5.7927985963601674e-08,0,0.004888998086805679,0.009300063757868977,6.103446867200546e-05,1.003384224074347
0.047,93,physics,1,4096,7874.382517075484,1440368.0805414352,421.00972964728567,1448663.4727881579,9773.48303516919,0.003948975034685909,34.207046978532446,103.30482057640509,0.9629183903720013,5.827549287573674e-08,0,0.004876290091651116,0.009360916384726584,6.103446867200546e-05,1.0033892478211843
0.047,94,refine,1,4096,7874.382517075484,1440368.0805414352,421.00972964728567,1448663.4727881579,9773.48303516919,0.003948975034685909,34.207046978532446,103.30482057640509,0.9629183903720013,5.827549287573674e-08,0,0.004876290091651116,0.009360916384726584,6.103446867200546e-05,1.0033892478211843
0.0470625,94,physics,1,4096,8199.208908635515,1440054.06463523,409.7999444445299,1448663.07348831,9773.48303516919,0.003948975034685909,34.02269459676691,95.44920187480238,0.9657354662235994,5.802063540727436e-08,0,0.0048791861276933825,0.009421710055074388,6.103446867200546e-05,1.0033951686979625
0.047125,94,physics,1,4096,8728.702671975861,1436889.6693345087,618.3902218241856,1446236.7622283087,9773.48303516919,0.003948975034685909,34.127484518779134,85.9478200982931,0.9691431600641291,5.817542891861651e-08,0,0.004865892152793492,0.009482504627969578,6.103446867200546e-05,1.003398039438674
0.0471875,94,physics,1,4096,9662.016350684786,1429124.8588122344,1646.1199880460435,1440432.9951509652,9773.48303516919,0.003948975034685909,34.859386358283516,263.4030683494883,0.9054258513892096,5.703921424071712e-08,0,0.004851471559104568,0.009543478900090037,6.103446867200546e-05,1.0034003719215496
0.04725,94,physics,1,4096,11519.175268140443,1421404.7237045337,2627.7132208717967,1435551.6121935458,9773.48303516919,0.003948975034685909,35.236762853072,583.7342702369613,0.7904129745004091,5.583717488377724e-08,0,0.004839393257241046,0.00960481166858094,6.103446867200546e-05,1.00340593401798
0.0473125,94,physics,1,4096,14364.779457389712,1413135.9238663607,3374.2734957112784,1430874.9768194617,9773.48303516919,0.003948975034685909,35.205104224454345,904.2080424549334,0.7409266344437095,5.456658236369097e-08,0,0.004823169908663509,0.009665966610251962,6.103446867200546e-05,1.2564583572102066
0.047375,94,physics,1,4096,17768.92270726867,1403622.0238891165,4038.7061062264506,1425429.6527026116,9773.48303516919,0.003948975034685909,35.223821240960724,1295.7839005145754,0.7468023375073424,5.344488229752637e-08,0,0.004800728299147289,0.009726944215302121,6.103446867200546e-05,1.8423637864301945
0.0474375,94,physics,1,4096,21757.729525157556,1393393.1095296247,4663.831586842441,1419814.6706416246,9773.48303516919,0.003948975034685909,35.14579099466049,1724.5376177556514,0.7531171954178731,5.479320819290482e-08,0,0.00474764942935652,0.009787625258452018,6.103446867200546e-05,2.529913331223202
0.0475,94,physics,1,4096,26484.684126675795,1382019.7202892583,5047.442438422042,1413551.8468543561,9773.48303516919,0.003948975034685909,34.97296237043546,2155.973915157957,0.7593124171239347,5.617156162429643e-08,0,0.0046871610666593,0.009848902734136342,6.103446867200546e-05,3.2874048840895185
0.0475,95,refine,1,4096,26484.684126675795,1382019.7202892583,5047.442438422042,1413551.8468543561,9773.48303516919,0.003948975034685909,34.97296237043546,2155.973915157957,0.7593124171239347,5.617156162429643e-08,0,0.0046871610666593,0.009848902734136342,6.103446867200546e-05,3.2874048840895185
0.0475625,95,physics,1,4096,31294.448617227827,1368914.1407626346,5237.272647010968,1405445.8620268733,9773.48303516919,0.003948975034685909,34.81815689038679,2090.105518456733,0.7612533842122382,5.6842264228862504e-08,0,0.004603435726130765,0.009909823093481542,6.103446867200546e-05,3.3201166852632884
0.047625,95,physics,1,4096,36134.48295195395,1354780.153072405,5320.372528355355,1396235.0085527143,9773.48303516919,0.003948975034685909,34.65727345148173,2030.5847126575215,0.7641754096640326,5.5570904322621586e-08,0,0.004494688449582353,0.009970326752275877,6.103446867200546e-05,3.3201166852632884
0.0476875,95,physics,1,4096,41092.00029075437,1340226.7809638607,5320.850387408583,1386639.6316420238,9773.48303516919,0.003948975034685909,34.54736715467645,2003.680738373008,0.7606725089912102,5.428863047995946e-08,0,0.004320784832143367,0.01002981729453218,6.103446867200546e-05,3.3201166852632884
0.04775,95,physics,1,4096,46008.83770385948,1325049.8193817767,5266.637438212872,1376325.2945238492,9773.48303516919,0.003948975034685909,34.28782220093605,1989.0445810606188,0.7567372282996514,5.3093618390675904e-08,0,0.0041487276846739,0.010089545947261658,6.103446867200546e-05,3.3201166852632884
0.0478125,95,physics,1,4096,51091.72672154536,1309221.4049130492,5200.335441817495,1365513.4670764122,9773.48303516919,0.003948975034685909,34.13100860884407,2013.115801718362,0.7516629505729504,5.1818108914858286e-08,0,0.0039224113958358274,0.010148262033228649,6.103446867200546e-05,3.3201166852632884
0.047875,95,physics,1,4096,56517.87955656171,1293067.1924644602,5116.877113236311,1354701.9491342583,9773.48303516919,0.003948975034685909,33.907838839097685,2065.587897789284,0.7472923061368772,4.787057861221917e-08,0,0.0036986910856473937,0.010204056937670158,6.103446867200546e-05,3.3201166852632884
0.0479375,95,physics,1,4096,62123.09659243205,1276440.8174983386,5009.189919094999,1343573.1040098658,9773.48303516919,0.003948975034685909,33.64372587854651,2077.253256436114,0.7444783003177353,4.3149040784840074e-08,0,0.0035798501210526283,0.010256991132396651,6.103446867200546e-05,3.3201166852632884
0.048,95,physics,1,4096,67979.89058953908,1259451.1603881824,4885.477870191215,1332316.5288479126,9773.48303516919,0.003948975034685909,33.3580326250931,2082.8030654340823,0.7430352963185864,3.9375651184059207e-08,0,0.0035876820629955077,0.010308018286603113,6.103446867200546e-05,3.3201166852632884
0.048,96,refine,1,4096,67979.89058953908,1259451.1603881824,4885.477870191215,1332316.5288479126,9773.48303516919,0.003948975034685909,33.3580326250931,2082.8030654340823,0.7430352963185864,3.9375651184059207e-08,0,0.0035876820629955077,0.010308018286603113,6.103446867200546e-05,3.3201166852632884
0.0480625,96,physics,1,4096,74114.66339978529,1242362.7858011513,4754.992537120685,1321232.4417380572,9773.48303516919,0.003948975034685909,33.10603918283685,2096.12066985835,0.7418152924946002,3.6319988794275626e-08,0,0.0037109179742026853,0.01035707879449783,6.103446867200546e-05,3.3201166852632884
0.048125,96,physics,1,4096,80431.92898555502,1225196.912304063,4605.964271199906,1310234.805560818,9773.48303516919,0.003948975034685909,32.83752210677632,2099.36138844745,0.7429390916255848,3.395698211505764e-08,0,0.003953199989212346,0.010402026900798354,6.103446867200546e-05,3.3201166852632884
0.0481875,96,physics,1,4096,86738.65402325554,1207896.9784487197,4442.487049933553,1299078.1195219087,9773.48303516919,0.003948975034685909,32.59486581913469,2090.3866061317913,0.7443546908256556,3.226801936762056e-08,0,0.004321271451206955,0.010443220886875462,6.103446867200546e-05,3.3201166852632884
0.04825,96,physics,1,4096,93251.93782793346,1190603.2278913492,4277.460215490987,1288132.6259347738,9773.48303516919,0.003948975034685909,32.384564162947164,2106.0066677775994,0.7431027146001168,3.159535921781754e-08,0,0.004878071868535484,0.010484714864411415,6.103446867200546e-05,3.3201166852632884
0.0483125,96,physics,1,4096,99831.59957312277,1173387.5767001237,4131.86020677609,1277351.0364800226,9773.48303516919,0.003948975034685909,32.11489768536489,2113.9568858334083,0.7442993917490105,3.2182820852710814e-08,0,0.005217630007240617,0.010528650705558513,6.103446867200546e-05,3.3201166852632884
0.048375,96,physics,1,4096,106611.06565061938,1156339.7267205408,3998.56544265552,1266949.3578138156,9773.48303516919,0.003948975034685909,31.88049642377198,2118.3102431305006,0.7428008223800948,3.32588312446092e-08,0,0.004994414478691366,0.010574075433893238,6.103446867200546e-05,3.3201166852632884
0.0484375,96,physics,1,4096,113543.27344552515,1139537.8047223683,3891.958915154042,1256973.0370830474,9773.48303516919,0.003948975034685909,31.64130641704801,2125.827231433674,0.742510306986673,3.423888461639983e-08,0,0.004947260756008434,0.010621588025688165,6.103446867200546e-05,3.3201166852632884
0.0485,96,physics,1,4096,120611.81928439639,1122941.8894730909,3823.6497150373616,1247377.3584725247,9773.48303516919,0.003948975034685909,31.417640047902182,2120.817296804659,0.7432154694783609,3.491065658778327e-08,0,0.004905500654400171,0.010676012296696518,6.103446867200546e-05,3.3201166852632884
0.0485,97,refine,1,4096,120611.81928439639,1122941.8894730909,3823.6497150373616,1247377.3584725247,9773.48303516919,0.003948975034685909,31.417640047902182,2120.817296804659,0.7432154694783609,3.491065658778327e-08,0,0.004905500654400171,0.010676012296696518,6.103446867200546e-05,3.3201166852632884
0.0485625,97,physics,1,4096,127825.35567632414,1106475.8928900622,3801.513503771463,1238102.7620701578,9773.48303516919,0.003948975034685909,31.149996064610825,2107.549789215845,0.7432102251422489,3.3270811883312463e-08,0,0.004864052673984874,0.010741163785168607,6.103446867200546e-05,3.3201166852632884
0.048625,97,physics,1,4096,135189.00391163334,1090237.3098722242,3810.383776393641,1229236.6975602512,9773.48303516919,0.003948975034685909,30.89366347657422,2092.5788543962544,0.7427659528074451,3.1927718247004504e-08,0,0.0048229059283375645,0.010818057035819072,6.103446867200546e-05,3.3201166852632884
0.0486875,97,physics,1,4096,142693.62026373,1074343.4440821626,3849.1795292186926,1220886.2438751112,9773.48303516919,0.003948975034685909,30.70300875952223,2072.6354030147168,0.7433588716012223,3.032634765531842e-08,0,0.004670827509118409,0.010903529218202711,6.103446867200546e-05,3.3201166852632884
0.04875,97,physics,1,4096,150094.1497656831,1058805.1280152833,3899.15258511131,1212798.4303660777,9773.48303516919,0.003948975034685909,30.522999301031874,2062.2649226804283,0.7430082941198325,2.8920706718338322e-08,0,0.004519941302283589,0.010993769737993752,6.103446867200546e-05,3.3201166852632884
0.0488125,97,physics,1,4096,157292.67432437322,1043422.5846772231,3960.7751927253876,1204676.0341943218,9773.48303516919,0.003948975034685909,30.374721933724473,2058.5866717987456,0.7427163444764437,2.7784952116860492e-08,0,0.0043702334977314084,0.011090506322510626,6.103446867200546e-05,3.3201166852632884
0.048875,97,physics,1,4096,164267.36005430648,1028129.6250607426,4040.637999907387,1196437.6231149565,9773.48303516919,0.003948975034685909,30.201490190190903,2055.6017333746063,0.7428199768065051,2.672472465548032e-08,0,0.0042216904955923356,0.011191117205167194,6.103446867200546e-05,3.3201166852632884
0.0489375,97,physics,1,4096,170981.06920496724,1013065.5419763371,4132.353694597358,1188178.9648759016,9773.48303516919,0.003948975034685909,30.016035383685477,2058.208764047647,0.7430382263775496,2.5837902484227012e-08,0,0.0040742989022845705,0.011284930953585702,6.103446867200546e-05,3.3201166852632884
0.049,97,physics,1,4096,177593.6139879567,998303.231250491,4227.166252340386,1180124.011490788,9773.48303516919,0.003948975034685909,29.785390708876065,2060.0761505709575,0.7417849880735425,2.513771324430536e-08,0,0.003919566433167778,0.011351979103040484,6.103446867200546e-05,3.3201166852632884
0.049,98,refine,1,4096,177593.6139879567,998303.231250491,4227.166252340386,1180124.011490788,9773.48303516919,0.003948975034685909,29.785390708876065,2060.0761505709575,0.7417849880735425,2.513771324430536e-08,0,0.003919566433167778,0.011351979103040484,6.103446867200546e-05,3.3201166852632884
0.0490625,98,physics,1,4096,184062.07501049258,983729.9773903969,4304.490856713643,1172096.543257603,9773.48303516919,0.003948975034685909,29.566027484323,2051.1618604231803,0.7418919266725531,2.4566514156276737e-08,0,0.0037593375262902334,0.011378791219577291,6.103446867200546e-05,3.3201166852632884
0.049125,98,physics,1,4096,190376.15217389894,969286.2148631869,4340.405662472882,1164002.7726995586,9773.48303516919,0.003948975034685909,29.435465962245395,2023.6957037025463,0.7405359145459083,2.410567034871743e-08,0,0.0036001884983257754,0.011353092130085403,6.103446867200546e-05,3.3201166852632884
0.0491875,98,physics,1,4096,196502.85883418832,954995.9732396863,4346.480059202316,1155845.312133077,9773.48303516919,0.003948975034685909,29.284622016776364,1995.6682909729177,0.7405732154242292,2.3727798392769708e-08,0,0.0034421087664580044,0.011258128923172088,6.103446867200546e-05,3.3201166852632884
0.04925,98,physics,1,4096,202598.85825363564,940788.1832727508,4330.2971377658,1147717.3386641524,9773.48303516919,0.003948975034685909,29.184186423821057,1987.393085791534,0.7413833168075656,2.3424251871517804e-08,0,0.003285087880677231,0.011077273893988278,6.103446867200546e-05,3.3201166852632884
0.0493125,98,physics,1,4096,208757.49689214438,926476.0334888736,4310.349961039914,1139543.880342058,9773.48303516919,0.003948975034685909,29.030268064643852,1985.1182011124226,0.7411307970791883,2.3171712548730705e-08,0,0.0031291155218124206,0.011067637904496695,6.103446867200546e-05,3.3201166852632884
0.049375,98,physics,1,4096,215046.56054466165,912194.6904581487,4300.205741526517,1131541.456744337,9773.48303516919,0.003948975034685909,28.84311197742748,1982.4832578807127,0.7419920316731298,2.2971519797465576e-08,0,0.0029741814995950045,0.01111965423473562,6.103446867200546e-05,3.3201166852632884
0.0494375,98,physics,1,4096,221322.86849156546,898134.0458217792,4298.552489248243,1123755.466802593,9773.48303516919,0.003948975034685909,28.71420264585922,1968.7241841139469,0.7413309235231631,2.2830424661890464e-08,0,0.0030373411437331164,0.01117803344094208,6.103446867200546e-05,3.3201166852632884
0.0495,98,physics,1,4096,227592.84603915171,884297.1909239837,4288.6847265908455,1116178.7216897262,9773.48303516919,0.003948975034685909,28.595946948818646,1943.9099723870113,0.7417785408429276,2.2730708870710727e-08,0,0.003149830330235227,0.011243922911374651,6.103446867200546e-05,3.3201166852632884
0.0495,99,refine,1,4096,227592.84603915171,884297.1909239837,4288.6847265908455,1116178.7216897262,9773.48303516919,0.003948975034685909,28.595946948818646,1943.9099723870113,0.7417785408429276,2.2730708870710727e-08,0,0.003149830330235227,0.011243922911374651,6.103446867200546e-05,3.3201166852632884
0.0495625,99,physics,1,4096,233949.34225754737,870476.6598997968,4280.5522658864475,1108706.5544232307,9773.48303516919,0.003948975034685909,28.459916898295926,1934.1133110634446,0.7413358742921479,2.25917595741976e-08,0,0.0032613830863903646,0.01131747240579172,6.103446867200546e-05,3.3201166852632884
0.049625,99,physics,1,4096,240296.97557699349,856528.3155942729,4272.782892651225,1101098.0740639176,9773.48303516919,0.003948975034685909,28.249897721688782,1948.8739033110137,0.7403163408332867,2.254179243266212e-08,0,0.003376768727410809,0.011403426957243754,6.103446867200546e-05,3.3201166852632884
0.0496875,99,physics,1,4096,246550.7814371771,842624.1931895808,4276.057518998166,1093451.032145756,9773.48303516919,0.003948975034685909,28.039872133992517,1953.2942059785883,0.7410114449618749,2.2514827335839992e-08,0,0.0035017340129170644,0.011501860746236745,6.103446867200546e-05,3.3201166852632884
0.04975,99,physics,1,4096,252679.63911900335,829046.5862356335,4295.279910527641,1086021.5052651644,9773.48303516919,0.003948975034685909,27.8547369929948,1943.4021182428644,0.7430936848767263,2.2433570556756873e-08,0,0.0035539548803065813,0.011610717738515672,6.103446867200546e-05,3.3201166852632884
0.0498125,99,physics,1,4096,258833.89002607233,815848.7906009743,4299.756346394122,1078982.4369734407,9773.48303516919,0.003948975034685909,27.703759292230657,1914.9049943532466,0.7412081047857982,2.237213436728775e-08,0,0.0034482530144224976,0.011721102331388032,6.103446867200546e-05,3.3201166852632884
0.049875,99,physics,1,4096,264965.44967724895,802744.6576498663,4276.084489587486,1071986.1918167027,9773.48303516919,0.003948975034685909,27.541432806693383,1869.2320678018334,0.74006248254867,2.2278004330189597e-08,0,0.0033433193423342117,0.011826077813405986,6.103446867200546e-05,3.3201166852632884
0.0499375,99,physics,1,4096,271008.4491829884,789575.8838360491,4227.428167384445,1064811.7611864218,9773.48303516919,0.003948975034685909,27.397914926420036,1821.217265483363,0.7409321280928725,2.214641892095417e-08,0,0.003239145553176648,0.011922120746909475,6.103446867200546e-05,3.3201166852632884
0.05,99,physics,1,4096,276978.4301166286,776527.2928094037,4167.380835772834,1057673.103761805,9773.48303516919,0.003948975034685909,27.283550287140905,1830.119957827529,0.7419513051521873,2.1961406915238556e-08,0,0.0031357234550886577,0.011997056851443307,6.103446867200546e-05,3.3201166852632884
0.05,100,refine,1,4096,276978.4301166286,776527.2928094037,4167.380835772834,1057673.103761805,9773.48303516919,0.003948975034685909,27.283550287140905,1830.119957827529,0.7419513051521873,2.1961406915238556e-08,0,0.0031357234550886577,0.011997056851443307,6.103446867200546e-05,3.3201166852632884
0.0500625,100,physics,1,4096,282897.13780280435,763755.9373916294,4109.636586918913,1050762.7117813528,9773.48303516919,0.003948975034685909,27.10201414084234,1829.7617728450623,0.7422639777309997,2.1741509925732306e-08,0,0.0030330449730982846,0.012035032063005567,6.103446867200546e-05,3.3201166852632884
0.050125,100,physics,1,4096,288769.6416511984,751218.6298705814,4066.6517725799226,1044054.9232943597,9773.48303516919,0.003948975034685909,26.862068673501046,1814.3231599842973,0.7426650998775676,2.147691002818424e-08,0,0.0029311021470526154,0.012014233179090719,6.103446867200546e-05,3.3201166852632884
0.0501875,100,physics,1,4096,294597.403165355,738868.5304361995,4026.5440065602143,1037492.4776081147,9773.48303516919,0.003948975034685909,26.67412602222175,1782.0100547090992,0.7429018950263366,2.1138897743355762e-08,0,0.003053832424835355,0.01202402020479462,6.103446867200546e-05,3.3201166852632884
0.05025,100,physics,1,4096,300282.6865452103,726739.9258632846,3985.886780194281,1031008.4991886892,9773.48303516919,0.003948975034685909,26.506025046530773,1735.510077199448,0.7443351606423576,2.0742433548548476e-08,0,0.003198153203898249,0.012088760387675724,6.103446867200546e-05,3.3201166852632884
0.0503125,100,physics,1,4096,305913.30037385586,714835.2978618238,3954.0505331362074,1024702.6487688159,9773.48303516919,0.003948975034685909,26.338939060090595,1677.8057208435089,0.7432927007162335,1.9065113265881457e-08,0,0.0031686349797399216,0.01211580395574781,6.103446867200546e-05,3.3201166852632884
0.050375,100,physics,1,4096,311579.26490512234,703122.5112265842,3933.1990425547056,1018634.9751742613,9773.48303516919,0.003948975034685909,26.162108168656868,1671.3303731493702,0.7432757873062995,1.684631634191193e-08,0,0.003083787259351627,0.012082222095054678,6.103446867200546e-05,3.3201166852632884
0.0504375,100,physics,1,4096,317100.9191219298,691558.110829791,3920.2198757900414,1012579.2498275109,9773.48303516919,0.003948975034685909,26.036857798193928,1665.9959660241648,0.7438515665775183,1.4415293403402528e-08,0,0.0030026382773402495,0.011969619055695168,6.103446867200546e-05,3.3201166852632884
0.0505,100,physics,1,4096,322417.3379370776,680178.2962692755,3917.9738843326204,1006513.6080906857,9773.48303516919,0.003948975034685909,25.90010991770674,1643.4240393346613,0.7453122691910523,1.167764318577013e-08,0,0.0029355320940841396,0.011793778782980853,6.103446867200546e-05,3.3201166852632884
0.0505,101,refine,1,4096,322417.3379370776,680178.2962692755,3917.9738843326204,1006513.6080906857,9773.48303516919,0.003948975034685909,25.90010991770674,1643.4240393346613,0.7453122691910523,1.167764318577013e-08,0,0.0029355320940841396,0.011793778782980853,6.103446867200546e-05,3.3201166852632884
0.0505625,101,physics,1,4096,327682.9239092173,669035.3936421386,3918.420611823973,1000636.7381631798,9773.48303516919,0.003948975034685909,25.667049879859466,1605.6386710226288,0.7448286370878767,8.808838158902432e-09,0,0.002416595507753933,0.011777564674539144,6.103446867200546e-05,3.3201166852632884
0.050625,101,physics,1,4096,332869.9929148443,658120.5123699664,3914.8760979460635,994905.3813827568,9773.48303516919,0.003948975034685909,25.455435150600977,1555.652190535194,0.743061151215517,5.656738355508421e-09,0,0.0015381561464868731,0.01186713912794853,6.103446867200546e-05,3.3201166852632884
0.0506875,101,physics,1,4096,337904.1222681964,647393.7894792072,3889.17230819563,989187.0840555993,9773.48303516919,0.003948975034685909,25.28228670071568,1511.2330945459591,0.7423807324967786,2.270386878500101e-09,0,0.0006125357529687919,0.01197537228947234,6.103446867200546e-05,3.3201166852632884
0.05075,101,physics,1,4096,342879.44980541314,636833.3976618224,3851.882885711768,983564.7303529473,9773.48303516919,0.003948975034685909,25.08230547277211,1507.8059797553015,0.7438106386164488,-1.5712044443283452e-09,1,-0.0004208998087816807,0.012094355288704247,6.103446867200546e-05,3.3201166852632884
0.050812500000000003,101,physics,1,4096,347780.56365887925,626475.1329111521,3815.0448712282787,978070.7414412596,9773.48303516919,0.003948975034685909,24.821796366666604,1492.4174046285666,0.7457057208108278,-5.302529360040638e-09,2,-0.0014111066192857295,0.012211444695545902,6.103446867200546e-05,3.3201166852632884
0.050875000000000004,101,physics,1,4096,352566.2468538241,616339.962929358,3779.7583341644586,972685.9681173466,9773.48303516919,0.003948975034685909,24.621178010715273,1465.419290136784,0.7473639670023486,-9.639632869706852e-09,2,-0.002548974286428309,0.012312275038640526,6.103446867200546e-05,3.3201166852632884
0.050937500000000004,101,physics,1,4096,357264.76298429753,606401.6103997821,3749.8519508569407,967416.2253349366,9773.48303516919,0.003948975034685909,24.438997803256456,1428.5486309843598,0.7474566241254598,-1.4038152529316492e-08,2,-0.003688488261316407,0.012384701484440225,6.103446867200546e-05,3.3201166852632884
0.051000000000000004,101,physics,1,4096,361867.9626924307,596632.4714088972,3733.302168194599,962233.7362695225,9773.48303516919,0.003948975034685909,24.23093931652902,1385.4333230018763,0.7458605451089049,-1.8935569057187945e-08,2,-0.004942909967789978,0.012419896118488769,6.103446867200546e-05,3.3201166852632884
0.051000000000000004,102,refine,1,4096,361867.9626924307,596632.4714088972,3733.302168194599,962233.7362695225,9773.48303516919,0.003948975034685909,24.23093931652902,1385.4333230018763,0.7458605451089049,-1.8935569057187945e-08,2,-0.004942909967789978,0.012419896118488769,6.103446867200546e-05,3.3201166852632884
0.051062500000000004,102,physics,1,4096,366361.60826905974,587016.4023983113,3721.5985917122034,957099.6092590833,9773.48303516919,0.003948975034685909,24.05881648654862,1387.6758767013946,0.7458565394470774,-2.382629094022089e-08,2,-0.006177188332410926,0.012415602672558507,6.103446867200546e-05,3.3201166852632884
0.051125000000000004,102,physics,1,4096,370760.77239002846,577531.53123414,3712.390741375782,952004.6943655442,9773.48303516919,0.003948975034685909,23.856636149465206,1382.4554260286582,0.7484165495673514,-2.903524420894141e-08,2,-0.007473208387344106,0.01235737760326806,6.103446867200546e-05,3.3201166852632884
0.051187500000000004,102,physics,1,4096,375029.16909284197,568208.7916795501,3715.1573709081786,946953.1181433003,9773.48303516919,0.003948975034685909,23.669698503447922,1365.0180615173601,0.7497102734054089,-3.4494467504586637e-08,2,-0.00880958899547059,0.012233697529611454,6.103446867200546e-05,3.3201166852632884
0.051250000000000004,102,physics,1,4096,379200.3951063409,559106.0259065236,3727.1229585626206,942033.543971427,9773.48303516919,0.003948975034685909,23.538705275482545,1336.3940042663937,0.7516600237910129,-4.0206452112112554e-08,4,-0.0101830275024209,0.01210111566164297,6.103446867200546e-05,3.3201166852632884
0.051312500000000004,102,physics,1,4096,383303.72812219494,550189.769176105,3738.103516870035,937231.6008151701,9773.48303516919,0.003948975034685909,23.407747880293165,1298.4317227744336,0.750640552040484,-4.618314547455426e-08,4,-0.011592449963890255,0.012154770361346648,6.103446867200546e-05,3.3201166852632884
0.051375000000000004,102,physics,1,4096,387359.5322900897,541387.7590491057,3751.1529398993775,932498.4442790947,9773.48303516919,0.003948975034685909,23.238394650954262,1278.6275446170944,0.7497447917030474,-5.2483595913699286e-08,4,-0.013048223479873474,0.012169743533553011,6.103446867200546e-05,3.3201166852632884
0.051437500000000004,102,physics,1,4096,391323.8460326418,532711.8369025853,3756.4823176691516,927792.1652528964,9773.48303516919,0.003948975034685909,23.068613043501344,1276.7640917785325,0.750918683993128,-5.8992795648471525e-08,4,-0.014517359714343108,0.012177776662671192,6.103446867200546e-05,3.3201166852632884
0.051500000000000004,102,physics,1,4096,395245.6047336937,524187.6853830643,3746.604768065125,923179.8948848232,9773.48303516919,0.003948975034685909,22.907423192534143,1264.6663212051315,0.7524049332566263,-6.557811382812417e-08,6,-0.01596373545968853,0.012220456494107168,6.103446867200546e-05,3.3201166852632884
0.051500000000000004,103,refine,1,4096,395245.6047336937,524187.6853830643,3746.604768065125,923179.8948848232,9773.48303516919,0.003948975034685909,22.907423192534143,1264.6663212051315,0.7524049332566263,-6.557811382812417e-08,6,-0.01596373545968853,0.012220456494107168,6.103446867200546e-05,3.3201166852632884
0.051562500000000004,103,physics,1,4096,399063.63077214384,515844.5472470877,3730.0622624548305,918638.2402816864,9773.48303516919,0.003948975034685909,22.69667896619966,1241.4416326279356,0.7546057998354816,-7.25858442240934e-08,6,-0.017468759186933733,0.012214623455998644,6.103446867200546e-05,3.3201166852632884
0.051625000000000004,103,physics,1,4096,402831.91462550627,507685.4682522571,3714.7563557126405,914232.139233476,9773.48303516919,0.003948975034685909,22.522830255566955,1208.8342883460045,0.7540258001759202,-7.975076093957871e-08,7,-0.018964488499320174,0.01220859975201393,6.103446867200546e-05,3.3201166852632884
0.051687500000000004,103,physics,1,4096,406527.43975923886,499683.44890982,3704.335688629578,909915.2243576885,9773.48303516919,0.003948975034685909,22.3056656686009,1168.613876554182,0.7549102714121865,-8.740804480211767e-08,7,-0.020527784648830257,0.012321618167523474,6.103446867200546e-05,3.3201166852632884
0.051750000000000004,103,physics,1,4096,410211.1100515613,491809.5609991841,3695.9264287370215,905716.5974794824,9773.48303516919,0.003948975034685909,22.09618602322457,1143.284574955394,0.7555026633954863,-9.529832689647572e-08,8,-0.022094138833016617,0.012434483226785104,6.103446867200546e-05,3.3201166852632884
0.051812500000000004,103,physics,1,4096,413842.79343866964,484045.8084655874,3689.0168937248054,901577.6187979818,9773.48303516919,0.003948975034685909,21.91345266067426,1132.731681435066,0.7558349072065439,-1.0337510913949172e-07,8,-0.023651918716803423,0.012533604855094745,6.103446867200546e-05,3.3201166852632884
0.051875000000000004,103,physics,1,4096,417427.20417673246,476401.6953715518,3680.8470271233437,897509.7465754076,9773.48303516919,0.003948975034685909,21.709874708945186,1112.7415107133586,0.7569356588527609,-1.115749987956605e-07,9,-0.025186766066691908,0.012606409450096383,6.103446867200546e-05,3.3201166852632884
0.051937500000000004,103,physics,1,4096,420981.36051625013,468892.9099028586,3672.4459021117937,893546.7163212205,9773.48303516919,0.003948975034685909,21.50456075581144,1084.48232977991,0.758127690590377,-1.2024281631495265e-07,9,-0.02677678101934554,0.012648844876009691,6.103446867200546e-05,3.3201166852632884
0.052000000000000005,103,physics,1,4096,424528.78372801957,461504.65205532225,3665.0644891586044,889698.5002725003,9773.48303516919,0.003948975034685909,21.323622540204447,1049.2905019468863,0.759943340493986,-1.288873869853546e-07,9,-0.02831212665697966,0.012662167849737045,6.103446867200546e-05,3.3201166852632884
0.052000000000000005,104,refine,1,4096,424528.78372801957,461504.65205532225,3665.0644891586044,889698.5002725003,9773.48303516919,0.003948975034685909,21.323622540204447,1049.2905019468863,0.759943340493986,-1.288873869853546e-07,9,-0.02831212665697966,0.012662167849737045,6.103446867200546e-05,3.3201166852632884
0.0520625,104,physics,1,4096,428137.41493019066,454210.185871617,3661.156847467799,886008.7576492754,9773.48303516919,0.003948975034685909,21.15551891193184,1020.1372974356908,0.7609755031108864,-1.377584851747215e-07,11,-0.02985174335971681,0.012641020668317618,6.103446867200546e-05,3.3201166852632884
0.052125,104,physics,1,4096,431716.1851311551,447016.4133269626,3655.601220471676,882388.1996785895,9773.48303516919,0.003948975034685909,20.991194702464913,1012.1580838342343,0.7582680820795832,-1.470657745583637e-07,12,-0.03144076161602891,0.012574676490093667,6.103446867200546e-05,3.3201166852632884
0.0521875,104,physics,1,4096,435212.58142883616,439932.9277709983,3638.2827009741104,878783.7919008086,9773.48303516919,0.003948975034685909,20.834002695295098,995.6010138536653,0.7593674254818598,-1.5622762039591015e-07,14,-0.03295766848317255,0.012520894189309571,6.103446867200546e-05,3.3201166852632884
0.05225,104,physics,1,4096,438795.80251924426,432951.7194118353,3601.7120745678485,875349.2340056474,9773.48303516919,0.003948975034685909,20.65238734675831,971.0724966163543,0.7601144222170223,-1.6546167902475878e-07,16,-0.034453900115023854,0.01254838505986219,6.103446867200546e-05,3.3201166852632884
0.0523125,104,physics,1,4096,442308.7781335743,426060.68589604006,3546.8058763481195,871916.2699059625,9773.48303516919,0.003948975034685909,20.543209287902716,939.7743663721708,0.7636614578381188,-1.7475123681442986e-07,17,-0.03592978095425317,0.012536598311245149,6.103446867200546e-05,3.3201166852632884
0.052375,104,physics,1,4096,445750.70887359616,419251.7384904056,3484.497260063969,868486.9446240658,9773.48303516919,0.003948975034685909,20.477117922759643,923.8964768493436,0.7662337307411201,-1.8413836805342127e-07,17,-0.03739802511554259,0.012467955227293177,6.103446867200546e-05,3.3201166852632884
0.0524375,104,physics,1,4096,448880.97778604296,412520.82079958415,3422.6904874880556,864824.4890731152,9773.48303516919,0.003948975034685909,20.383039164977905,915.7276578162875,0.767751144464084,-1.9348057939128072e-07,19,-0.038834506024006794,0.012451240906811828,6.103446867200546e-05,3.3201166852632884
0.0525,104,physics,1,4096,452209.8409504092,405840.53744137357,3362.4964289640866,861412.8748207468,9773.48303516919,0.003948975034685909,20.222863856745985,900.4356094603936,0.7637106072669093,-2.0269943035167162e-07,20,-0.040229291155171314,0.01248882548172495,6.103446867200546e-05,3.3201166852632884
0.0525,105,refine,1,4096,452209.8409504092,405840.53744137357,3362.4964289640866,861412.8748207468,9773.48303516919,0.003948975034685909,20.222863856745985,900.4356094603936,0.7637106072669093,-2.0269943035167162e-07,20,-0.040229291155171314,0.01248882548172495,6.103446867200546e-05,3.3201166852632884
0.0525625,105,physics,1,4096,455715.2555792092,399185.422022512,3302.5200700325263,858203.1976717537,9773.48303516919,0.003948975034685909,20.04421624967782,878.7994675991645,0.7655110580942192,-2.1164269409235127e-07,20,-0.041558099748371956,0.01250996864964584,6.103446867200546e-05,3.3201166852632884
0.052625,105,physics,1,4096,459015.1464144273,392559.85184673686,3238.8926463008156,854813.890907465,9773.48303516919,0.003948975034685909,19.85620607839079,856.1976965593853,0.7698542635575957,-2.2013527045672247e-07,21,-0.04279310358830622,0.01256044922624361,6.103446867200546e-05,3.3201166852632884
0.0526875,105,physics,1,4096,462191.8870540764,385971.79628338036,3174.447228915721,851338.1305663725,9773.48303516919,0.003948975034685909,19.75320260297978,854.6676471659727,0.7705614700387093,-2.2871085114672967e-07,21,-0.04400905521561394,0.012566256725948948,6.103446867200546e-05,3.3201166852632884
0.05275,105,physics,1,4096,465531.5780127938,379391.4752219842,3112.9449847865208,848035.9982195646,9773.48303516919,0.003948975034685909,19.615125831405706,847.3684279238231,0.7733504023133715,-2.3701710638590612e-07,22,-0.04520423130291322,0.012548845935319885,6.103446867200546e-05,3.3201166852632884
0.0528125,105,physics,1,4096,469090.5385314007,372791.47662070254,3057.1166386614823,844939.1317907647,9773.48303516919,0.003948975034685909,19.368160863602004,833.9969653097579,0.7722755274624871,-2.450027292155709e-07,22,-0.04633816349965427,0.01262766635552823,6.103446867200546e-05,3.3201166852632884
0.052875,105,physics,1,4096,472865.68048620864,366171.9133965181,3007.7792633137888,842045.3731460405,9773.48303516919,0.003948975034685909,18.989754048442837,815.4267338641605,0.7716296244995676,-2.527661564499793e-07,22,-0.04748174584777117,0.012711379842803497,6.103446867200546e-05,3.3201166852632884
0.0529375,105,physics,1,4096,476510.5621083919,359566.3029732129,2958.9280722779663,839035.7931538827,9773.48303516919,0.003948975034685909,18.632358303845027,792.4045921888529,0.7715350093861602,-2.600049509027258e-07,23,-0.04854368056250138,0.012792543507759825,6.103446867200546e-05,3.3201166852632884
0.053,105,physics,1,4096,480432.3392109785,353015.60931569175,2901.1421444151915,836349.0906710854,9773.48303516919,0.003948975034685909,18.33497365379669,789.4042650395925,0.7732832531109965,-2.667156522306868e-07,23,-0.04952494178758285,0.012859766177319522,6.103446867200546e-05,3.3201166852632884
