t,macro,phase,capacity_blocked,samples,elastic_energy,kinetic_energy,affine_kinetic_energy,total_energy,mass,grown_rest_area,max_speed,max_volumetric_pressure,min_elastic_det,min_triangle_area,inverted_triangles,min_triangle_quality,max_edge,min_weight,max_hardening
0.0,0,initial,0,40,0.0,0.0,0.0,0.0,50.00000059604645,2.020265648638997e-05,0.0,-0.0,1.0,3.695373642642604e-07,0,0.6193306435154042,0.001783800070510901,0.3658304810523987,1.0
0.0,0,refine,0,40,0.0,0.0,0.0,0.0,50.00000059604645,2.020265648638997e-05,0.0,-0.0,1.0,3.695373642642604e-07,0,0.6193306435154042,0.001783800070510901,0.3658304810523987,1.0
6.25e-05,0,physics,0,40,1.4269832286808368,0.007225571826266446,0.07099200172660063,1.5052008022337038,50.37623102619973,2.0354673567380042e-05,0.029628806348913586,19.67206680251137,0.9929180534183949,3.696231649641391e-07,0,0.619357019261306,0.0017841957972709575,0.3658304810523987,1.000003933914293
0.000125,0,physics,0,40,4.318537028454219,0.11542600246400583,1.130154067442092,5.564117098360317,50.755292755007645,2.05078346434391e-05,0.11838004792224964,33.15869529920485,0.9880628184635707,3.7058394752875793e-07,0,0.6193060204960791,0.0017867541791893346,0.3658304810523987,1.000008404290229
0.0001875,0,physics,0,40,5.946789011052959,0.4862294353848388,4.716907492296718,11.149925938734516,51.13720316806547,2.0662146739271216e-05,0.24340529585816115,36.45615896188213,0.9868757029825207,3.7292128496346803e-07,0,0.6193708162263392,0.0017927914158806964,0.3658304810523987,1.0000169874680465
0.00025,0,physics,0,40,4.941164652324604,1.1426935392919921,10.904640139034889,16.988498330651485,51.52199090613971,2.0817621427267562e-05,0.3744099504639303,28.646046302750207,0.9896873421932648,3.7682372422409566e-07,0,0.6192686940365073,0.0018028045827035704,0.3658304810523987,1.0000148416666854
0.0003125,0,physics,0,40,2.4862657941197597,1.8664770368916475,17.401633828161593,21.754376659173,51.90967528899924,2.0974266513641176e-05,0.4802755285149505,12.085968230412417,0.9956490218725623,3.8195716856037573e-07,0,0.6191137886450775,0.0018162114303565163,0.3658304810523987,1.000013411135003
0.000375,0,physics,0,40,0.9815781666274526,2.314918351233668,20.988745121374684,24.285241639235807,52.30027325712109,2.1132088843244736e-05,0.5356303456035263,-8.204682694397547,1.0029537195724276,3.8763717569167976e-07,0,0.6187430670690123,0.0018314535925652053,0.3658304810523987,1.0000126958699291
0.0004375,0,physics,0,40,1.6199138490417335,2.269300857970948,20.006226453986358,23.895441160999038,52.69381319036279,2.129109988304835e-05,0.5271869534660389,-25.938565032942783,1.0093379635598996,3.930580771971395e-07,0,0.6182687502543609,0.00184627577324755,0.3658304810523987,1.0000116229732774
0.0005,0,physics,0,40,3.3762805064973485,1.7977395645696879,15.520882420055916,20.694902491122953,53.090314315831904,2.1451307401824924e-05,0.45847770860997333,-35.46677139585495,1.0127681701231717,3.973414965940946e-07,0,0.6175687530526728,0.0018588194440140695,0.3658304810523987,1.000013411135003
0.0005,1,refine,0,40,3.3762805064973485,1.7977395645696879,15.520882420055916,20.694902491122953,53.090314315831904,2.1451307401824924e-05,0.45847770860997333,-35.46677139585495,1.0127681701231717,3.973414965940946e-07,0,0.6175687530526728,0.0018588194440140695,0.3658304810523987,1.000013411135003
0.0005625000000000001,1,physics,0,40,4.386590648020729,1.1748383935614426,10.104935775389714,15.666364816971885,53.489802054502995,2.1612721670998635e-05,0.3500431057138343,-33.698078793355286,1.0121314081513793,4.0008863955165394e-07,0,0.6168499710666288,0.001867582742394423,0.3658304810523987,1.0000155569332942
0.000625,1,physics,0,40,4.0297077521090205,0.645844317007623,5.659577806042951,10.335129875159595,53.892303935850826,2.1775353813939817e-05,0.23349329366112012,-21.224878146371353,1.0076410080526284,4.0133540757381054e-07,0,0.616268112194161,0.0018724790326484014,0.3658304810523987,1.0000169874680465
0.0006875,1,physics,0,40,3.2911394791281703,0.29030279098336637,2.601826968310132,6.183269238421669,54.29780920584851,2.1939199485450302e-05,0.14092817402119492,-2.114017500071392,1.000761051199126,4.015810368684926e-07,0,0.6156726066030752,0.001874818108581114,0.3658304810523987,1.0000214579023365
0.00075,1,physics,0,40,3.2098779800131942,0.09888921597850142,0.8497887470104937,4.15855594300219,54.7063693315269,2.2104279480944732e-05,0.09468018472750431,17.559379763579674,0.9936785803316562,4.017205803563682e-07,0,0.6153371728622962,0.001876231019744064,0.3658304810523987,1.0000246766274
0.0008125000000000001,1,physics,0,40,3.5570446475955517,0.10219123717219455,0.8553330981325455,4.5145689829002915,55.11802072955114,2.2270608514690445e-05,0.10200651579270216,31.722646130771167,0.988579745288345,4.026467106399423e-07,0,0.6152124046448841,0.0018788922300019134,0.3658304810523987,1.0000228884455302
0.000875,1,physics,0,40,3.3580800751657405,0.3589591338641589,3.191929154335677,6.9089683633655765,55.53275867395739,2.2438184677147e-05,0.15485280231473844,36.12209834953873,0.9869959562329056,4.049933570726692e-07,0,0.6151678705295718,0.0018844682733019002,0.3658304810523987,1.0000207426315073
0.0009375,1,physics,0,40,2.447475157399999,0.8287697806197429,7.301986532312549,10.578231470332291,55.95062408607265,2.260702450270444e-05,0.2342108429993915,29.48772052115962,0.989384352276476,4.090092637909492e-07,0,0.6151463420094984,0.0018939166345495228,0.3658304810523987,1.000018418004845
0.001,1,physics,0,40,1.9783365218676563,1.3158972117303134,11.211396192122496,14.505629925720466,56.37162965648615,2.2777133119035e-05,0.3170023749797344,13.840816156169977,0.9950172455971047,4.1442289777648977e-07,0,0.6150389893468302,0.0019066329161304416,0.3658304810523987,1.00001984854369
0.001,2,refine,0,40,1.9783365218676563,1.3158972117303134,11.211396192122496,14.505629925720466,56.37162965648615,2.2777133119035e-05,0.3170023749797344,13.840816156169977,0.9950172455971047,4.1442289777648977e-07,0,0.6150389893468302,0.0019066329161304416,0.3658304810523987,1.00001984854369
0.0010625,2,physics,0,40,3.072262522418221,1.596639837792945,12.971601057538287,17.640503417749454,56.795807127275204,2.29485233516242e-05,0.3823065779365294,-6.034409494771333,1.0021724083946886,4.2051996462788566e-07,0,0.6147485417871305,0.0019213266829146687,0.3658304810523987,1.0000234248997555
0.0011250000000000001,2,physics,0,40,5.117483350270524,1.6212480991333575,12.483134132401307,19.22186558180519,57.22317296493395,2.312120185381046e-05,0.41670103927935154,-23.925220714856767,1.008613156464624,4.2641097763862527e-07,0,0.6142625032653167,0.001936027814732089,0.3658304810523987,1.0000252130825844
0.0011875,2,physics,0,40,5.98840675353677,1.551984119353064,11.547912172392685,19.08830304528252,57.653757296434705,2.3295180798491097e-05,0.41733895965766155,-34.11198058931805,1.0122804228071995,4.31098802877727e-07,0,0.6135458509542103,0.0019490714797276915,0.3658304810523987,1.0000286106387688
0.00125,2,physics,0,40,4.353221699780965,1.5657066270835618,11.845090726805148,17.764019053669674,58.087576395729194,2.3470466761207156e-05,0.39258260887960494,-33.33182191449548,1.0119995030940494,4.3421798245901744e-07,0,0.6124334212129114,0.0019590695032867737,0.3658304810523987,1.0000311141086067
0.0013125,2,physics,0,40,1.4985960856606813,1.6403665391264144,12.987373790120966,16.12633641490806,58.52466609860609,2.364707422152104e-05,0.3575917072785322,-21.90703642604476,1.0078865641383215,4.357101905938519e-07,0,0.6110142656599478,0.001966100747541841,0.3658304810523987,1.0000366575284076
0.001375,2,physics,0,40,0.27371784946511163,1.603165731030889,13.046843628810818,14.923727209306819,58.96503764453982,2.3825007720777498e-05,0.32802816896003745,-3.6289870407751255,1.0013064404740837,4.361456031887203e-07,0,0.609524594491746,0.001970966214908799,0.3658304810523987,1.0000382669141055
0.0014375,2,physics,0,40,2.1274281018817836,1.373444326505306,10.964567925023122,14.465440353410212,59.408728206822154,2.400428227896125e-05,0.31409576414251045,15.668705270157655,0.9943592358434075,4.3635753144144463e-07,0,0.6078150118238749,0.001975676298377853,0.3658304810523987,1.0000402339445869
0.0015,2,physics,0,40,5.482273039750256,1.0994069473723962,8.068856858248282,14.650536845370933,59.855754629645524,2.418490470202087e-05,0.3175818539405913,30.039453661984503,0.9891857580070116,4.373222930453835e-07,0,0.6063132982511025,0.0019817584606553456,0.3658304810523987,1.0000450621267174
0.0015,3,refine,0,40,5.482273039750256,1.0994069473723962,8.068856858248282,14.650536845370933,59.855754629645524,2.418490470202087e-05,0.3175818539405913,30.039453661984503,0.9891857580070116,4.373222930453835e-07,0,0.6063132982511025,0.0019817584606553456,0.3658304810523987,1.0000450621267174
0.0015625,3,physics,0,40,7.220401191205614,1.0264136066937275,6.919068597894439,15.16588339579378,60.30615107471664,2.4366888793100678e-05,0.33213139546686676,35.20771318587602,0.9873251325956925,4.397970378988708e-07,0,0.6051456444847533,0.0019900913845236194,0.3658304810523987,1.0000468503482367
0.0016250000000000001,3,physics,0,40,5.716778702907867,1.2445182584679575,8.67981448853839,15.641111449914215,60.7599318703715,2.455024034160969e-05,0.34627749064280944,29.66555503301269,0.9893203047046256,4.4401759957679577e-07,0,0.6043861960056087,0.002001401749904069,0.3658304810523987,1.0000475656377399
0.0016875,3,physics,0,40,2.4166976725524774,1.567431960341512,11.719147139172643,15.703276772066632,61.21712765394766,2.4734971726659804e-05,0.34808898606455363,15.039841005635582,0.9945856853145364,4.4976051238876354e-07,0,0.6040261194536704,0.002015211823990154,0.3658304810523987,1.0000475656377399
0.00175,3,physics,0,40,0.444206957546332,1.6682267657592753,12.916874801060928,15.029308524366535,61.67775189465773,2.4921088390528523e-05,0.3301334704442992,-4.31810832055414,1.0015545073207177,4.5633377254716844e-07,0,0.6039774129613048,0.00203005506585406,0.3658304810523987,1.0000470291705645
0.0018125,3,physics,0,40,1.5574239025475656,1.372388728102161,10.571973662169672,13.501786292819398,62.141856780779236,2.5108611420052453e-05,0.2933347335882729,-22.465084087664927,1.0080874027948468,4.627664074163819e-07,0,0.6038962755338958,0.0020444154201454717,0.3658304810523987,1.000046492703677
0.001875,3,physics,0,40,4.462208593857461,0.8435338182080272,6.123872585621329,11.429614997686818,62.609459166999784,2.5297547625420764e-05,0.24813237773812433,-33.6401733370365,1.0121104234220462,4.6808621867455777e-07,0,0.6038469334823194,0.0020563425403675936,0.3658304810523987,1.0000498903321582
0.0019375,3,physics,0,40,6.270775018026141,0.455808832760847,2.8882131386317775,9.614796989418766,63.080572679642856,2.548790251239205e-05,0.21193728336990805,-34.15931691655463,1.0122973013155545,4.7169898120813535e-07,0,0.6034459818306704,0.002065149116276793,0.3658304810523987,1.000051499739152
0.002,3,physics,0,40,5.554212721874856,0.4641000789810483,3.057822073959295,9.0761348748152,63.555237543742095,2.5679692334016864e-05,0.20301787649581912,-23.746460323956057,1.0085486737433187,4.7347109521922485e-07,0,0.6027704634666887,0.002070890723650257,0.3658304810523987,1.0000525726785867
0.002,4,refine,0,40,5.554212721874856,0.4641000789810483,3.057822073959295,9.0761348748152,63.555237543742095,2.5679692334016864e-05,0.20301787649581912,-23.746460323956057,1.0085486737433187,4.7347109521922485e-07,0,0.6027704634666887,0.002070890723650257,0.3658304810523987,1.0000525726785867
0.0020625,4,physics,0,40,3.594113964698053,0.8303004143665735,6.102964525212321,10.527378904276947,64.03346862365524,2.587292309628539e-05,0.23305334159242788,-5.685087288709586,1.002046616053412,4.739501822115246e-07,0,0.6015117110725453,0.002074951778756709,0.3658304810523987,1.0000531091487357
0.002125,4,physics,0,40,2.5941713126766324,1.373539513297843,10.006448514437626,13.9741593404121,64.5153046736712,2.6067610457989178e-05,0.3022104804390985,14.354143917422824,0.9948325506944519,4.740692105542626e-07,0,0.5998269944720713,0.002079360174653265,0.3658304810523987,1.0000538244427155
0.0021875,4,physics,0,40,3.1931766038791034,2.002274973722189,13.497711407020471,18.693162984621765,65.00076353258646,2.626376162694968e-05,0.3983558094559241,30.205333416226118,0.9891261733013623,4.748949500310572e-07,0,0.5978258473825487,0.00208619354855148,0.3658304810523987,1.0000527515019377
0.0022500000000000003,4,physics,0,40,4.136180994394952,2.7207038365038727,16.664630816588605,23.52151564748743,65.48987604467003,2.6461389065890192e-05,0.49945589197864443,37.095935846950105,0.9866455562258873,4.772524437868237e-07,0,0.5954341913530111,0.0020969565524094802,0.3658304810523987,1.0000516785623113
0.0023125,4,physics,0,40,4.131839538381517,3.4336009434775887,19.639193852467848,27.204634334326954,65.98266439953537,2.666050174059334e-05,0.5786270571863984,32.93469428084413,0.9881436203038755,4.81592556056398e-07,0,0.5930400851714281,0.0021120814086741657,0.3658304810523987,1.0000536456191726
0.002375,4,physics,0,40,3.4767745185256835,3.8387327254661914,21.34272525555305,28.658232499544923,66.47916680431544,2.686111508877059e-05,0.6109159937331731,18.858644200070227,0.9932109512150474,4.877141410730705e-07,0,0.5908415872996421,0.00213058070397171,0.3658304810523987,1.0000557915037978
0.0024375,4,physics,0,40,3.5481744074696713,3.6029082148221154,20.03535137854503,27.18643400083682,66.97940415944643,2.706323755530855e-05,0.5807420563335496,-1.0785053044920827,1.0003882565638027,4.949269527543262e-07,0,0.5890361668997023,0.0021505522390310597,0.3658304810523987,1.0000566856237507
0.0025,4,physics,0,40,4.839406510879386,2.691099201088935,15.20860176686082,22.73910747882914,67.483406577863,2.7266881307432536e-05,0.48831433983308986,-20.940529511962687,1.007538423806608,5.021983895403542e-07,0,0.5877574193122471,0.0021695085657140708,0.3658304810523987,1.0000548973846444
0.0025,5,refine,0,40,4.839406510879386,2.691099201088935,15.20860176686082,22.73910747882914,67.483406577863,2.7266881307432536e-05,0.48831433983308986,-20.940529511962687,1.007538423806608,5.021983895403542e-07,0,0.5877574193122471,0.0021695085657140708,0.3658304810523987,1.0000548973846444
0.0025625,5,physics,0,40,5.9916808549139615,1.4938121969674591,8.653555952488054,16.139049004369475,67.99119831514355,2.7472056145684795e-05,0.35253889385911985,-34.62638742931523,1.0124652230809972,5.084585641412787e-07,0,0.5870025189272876,0.00218487895261371,0.3658304810523987,1.0000570432719555
0.002625,5,physics,0,40,5.246537122284112,0.5484746935688755,3.251807388539892,9.046819204392879,68.50280345762411,2.767877180222467e-05,0.20759507976698063,-37.82269143501826,1.0136157956159242,5.128529743103626e-07,0,0.5865188063709468,0.0021953288687091886,0.3658304810523987,1.0000593679884056
0.0026875000000000002,5,physics,0,40,2.7814748310279844,0.10633965982151476,0.6074264168545626,3.495240907704062,69.01827406701221,2.788704931274778e-05,0.09318331618182467,-29.45216074777182,1.0106025124431006,5.15155567981651e-07,0,0.5863060746176757,0.002200801854736285,0.3658304810523987,1.0000647327392995
0.00275,5,physics,0,40,0.9956492764342113,0.022601486838582742,0.13179638035522379,1.1500471436280177,69.53761798275791,2.8096891844808423e-05,0.0420767921381164,-12.088624996498256,1.0043517968328892,5.158068194788261e-07,0,0.5860894683153601,0.0022027191635098026,0.3658304810523987,1.000065448041593
0.0028125,5,physics,0,40,2.074048558807812,0.08338517656379398,0.5663594380199707,2.723793173391577,70.06087038632052,2.830831361358515e-05,0.06999572565933775,8.982480799691906,0.9967663936453552,5.157480842399315e-07,0,0.5856364254865204,0.0022036149696600523,0.3658304810523987,1.0000700975189722
0.002875,5,physics,0,40,5.467309845828657,0.3622222203779995,2.023062173873525,7.852594240080181,70.58806103595656,2.8521326642994533e-05,0.1719496096669594,27.527469892253638,0.990090369551247,5.161368079598114e-07,0,0.5848022839814516,0.0022064829786832443,0.3658304810523987,1.0000722434388993
0.0029375,5,physics,0,40,8.142872943584988,1.1841129077714154,6.037006108596646,15.36399195995305,71.11921971161235,2.873594296571691e-05,0.32554563995730895,38.211573646941446,0.9862442245888279,5.180029782891893e-07,0,0.5834826133922807,0.0022136951888465217,0.3658304810523987,1.0000740317090229
0.003,5,physics,0,40,7.466619664922865,2.726635274603736,13.457019374894319,23.65027431442092,71.65437052281378,2.8952172323281577e-05,0.49655003982948226,38.04198228164494,0.9863052879885713,5.21932366659428e-07,0,0.5816332621378802,0.002226467426877156,0.3658304810523987,1.0000774294310668
0.003,6,refine,0,40,7.466619664922865,2.726635274603736,13.457019374894319,23.65027431442092,71.65437052281378,2.8952172323281577e-05,0.49655003982948226,38.04198228164494,0.9863052879885713,5.21932366659428e-07,0,0.5816332621378802,0.002226467426877156,0.3658304810523987,1.0000774294310668
0.0030625,6,physics,0,40,3.857850376889512,4.652008582388055,22.44550079105797,30.95535975033554,72.19355562919444,2.9170031750420212e-05,0.6463510394343659,27.064644525256675,0.9902570171772609,5.279627757204253e-07,0,0.5792792576002332,0.0022449763331873415,0.3658304810523987,1.000078681226309
0.003125,6,physics,0,40,0.5715525497117869,6.1446641784745815,28.891672864941306,35.60788959312767,72.73679140473287,2.9389527863090037e-05,0.7397514920291327,8.353150045922876,0.9969929573940474,5.355458370104314e-07,0,0.5765008707985779,0.0022677543696477277,0.3658304810523987,1.0000797541949062
0.0031875000000000002,6,physics,0,40,0.6718114806543684,6.410022886080043,29.26361336713488,36.34544773386929,73.2841204833505,2.9610677887660227e-05,0.7530265994684707,-12.753467504900541,1.0045910882136166,5.437184462664387e-07,0,0.5735179334578981,0.0022921511203548776,0.3658304810523987,1.000082615450127
0.0032500000000000003,6,physics,0,40,4.033124540799891,5.281532195249069,23.444633127353736,32.7592898634027,73.83556637450386,2.9833491323200136e-05,0.6811891561337453,-30.052972921545617,1.0108187181601915,5.51174522911424e-07,0,0.5706124935098424,0.002315091679826761,0.3658304810523987,1.00008458256784
0.0033125,6,physics,0,40,7.436488400427168,3.386926570652819,14.821592540812054,25.64500751189204,74.39115821735714,3.0057979943480142e-05,0.5415472364194854,-38.36788481973841,1.013811961861031,5.569724663700985e-07,0,0.567892037720036,0.002333928230556461,0.3658304810523987,1.0000904839441942
0.003375,6,physics,0,40,7.81093710097885,1.6549602118455011,7.449102246810381,16.914999559634733,74.95092731760272,3.0284156397663066e-05,0.37037264558272,-35.22985997298604,1.01268227561799,5.60525826642789e-07,0,0.5656314146451114,0.002347067069955934,0.3658304810523987,1.0000958488620075
0.0034375,6,physics,0,40,5.230283420719929,0.6159090571373653,3.114918637785194,8.961111115642488,75.51491410949757,3.0512037023336784e-05,0.21239377289872372,-21.715960869616882,1.0078174495592356,5.619987533123093e-07,0,0.5638355677221254,0.0023545009081634423,0.3658304810523987,1.0000999619851547
0.0035,6,physics,0,40,2.5010170158801412,0.188505947650845,1.1046492843870404,3.7941722479180267,76.08314375036198,3.074163198539517e-05,0.10688887218218283,-2.064480552724963,1.0007431817688797,5.622114080949813e-07,0,0.5626406823594774,0.002357784887230438,0.3658304810523987,1.000103717460193
0.0035,7,refine,0,40,2.5010170158801412,0.188505947650845,1.1046492843870404,3.7941722479180267,76.08314375036198,3.074163198539517e-05,0.10688887218218283,-2.064480552724963,1.0007431817688797,5.622114080949813e-07,0,0.5626406823594774,0.002357784887230438,0.3658304810523987,1.000103717460193
0.0035625,7,physics,0,40,2.050388648273303,0.07346369025152137,0.3311418659153774,2.4549942044402018,76.65565013251168,3.0972954978134326e-05,0.07658198478407231,17.81619359170718,0.9935864363781186,5.624529304526509e-07,0,0.5620283242160934,0.002359563541855462,0.3658304810523987,1.0001076517825016
0.003625,7,physics,0,40,3.6824218042214074,0.2094951365531928,1.0353093726725788,4.9272263134471785,77.23247624650736,3.120602337202463e-05,0.123443794413079,32.19408877774,0.9884106212680018,5.637364601795977e-07,0,0.5617252050893357,0.002362975245715582,0.3658304810523987,1.0001099766165953
0.0036875000000000002,7,physics,0,40,5.349821288362527,0.798775983810322,4.230232838045432,10.378830110218281,77.81363288088468,3.1440841526207636e-05,0.23082315072911988,37.14011463664689,0.986630134906303,5.669732683344363e-07,0,0.5615081479959292,0.002370218300689422,0.3658304810523987,1.0001080094489336
0.00375,7,physics,0,40,5.626658085729819,1.968659975070598,9.86858106468766,17.463899125488076,78.39916313913321,3.1677426856782975e-05,0.37003882113035896,31.486899157297756,0.9886652209918991,5.723905776022771e-07,0,0.5611198260834738,0.002382480037414817,0.3658304810523987,1.000110155450211
0.0038125,7,physics,0,40,5.025468203389956,3.4911315915749768,16.062305735971464,24.578905530936396,78.98909558982791,3.191579090697264e-05,0.5081788627201709,17.06606554116448,0.9938564745693739,5.796915836242541e-07,0,0.5601825413224931,0.002399812662645613,0.3658304810523987,1.0001080094489336
0.003875,7,physics,0,40,4.914451070124463,4.855430740868922,20.380214174502697,30.150095985496083,79.58347241520678,3.215595072064173e-05,0.6155208501946727,-1.8158393397332302,1.0006536742259386,5.880381754863605e-07,0,0.558676982835189,0.0024208212257773166,0.3658304810523987,1.00011319562657
0.0039375,7,physics,0,40,5.540101285314668,5.6122005096676695,21.869043294351574,33.02134508933391,80.18232379125546,3.239791849049153e-05,0.6719479270757055,-19.528295498169648,1.0070298394296038,5.962915761159595e-07,0,0.5564695039148009,0.0024434294784771043,0.3658304810523987,1.00010961894946
0.004,7,physics,0,40,5.650125740672818,5.648274580905184,21.536780324566372,32.83518064614437,80.78568478704543,3.2641708386289956e-05,0.6713030890839745,-30.78245272390632,1.011081124194963,6.031070416412377e-07,0,0.5534748299003455,0.0024653462979778405,0.3658304810523987,1.0001124802901247
0.004,8,refine,0,40,5.650125740672818,5.648274580905184,21.536780324566372,32.83518064614437,80.78568478704543,3.2641708386289956e-05,0.6713030890839745,-30.78245272390632,1.011081124194963,6.031070416412377e-07,0,0.5534748299003455,0.0024653462979778405,0.3658304810523987,1.0001124802901247
0.0040625,8,physics,0,40,4.269064265007994,5.1463755227826145,20.732040488672354,30.147480276462964,81.3935679442704,3.288732547554755e-05,0.6222296807095445,-32.31397108266802,1.0116323868418509,6.079726055929775e-07,0,0.5499183685649753,0.0024845789655750577,0.3658304810523987,1.000116951151302
0.004125,8,physics,0,40,2.394038370447834,4.343929251047054,19.39114173496825,26.12910935646314,82.00602651269026,3.313479127399618e-05,0.5445866431950045,-23.91801826820484,1.0086099908154824,6.107292396251303e-07,0,0.5460698253624465,0.0025003691860639955,0.3658304810523987,1.0001201701837252
0.0041875,8,physics,0,40,2.2583468563821754,3.3977698580461047,16.373827552738412,22.02994426716669,82.6231073517817,3.338412471535387e-05,0.4624319214688584,-8.477228061943293,1.003051610020276,6.119461284370694e-07,0,0.542202634309436,0.0025129740713129623,0.3658304810523987,1.000124998751787
0.00425,8,physics,0,40,4.765096299271172,2.4602624952712517,11.529740911844556,18.75509970638698,83.2448298923098,3.363533365068194e-05,0.39634400862171215,9.114155380658001,0.996719116443543,6.126566560737949e-07,0,0.5388033691204126,0.0025234987485878036,0.3658304810523987,1.0001282178101127
0.0043125,8,physics,0,40,8.054456248389998,1.7737934714583579,6.9194830389286786,16.747732758777033,83.87122776480129,3.388843166849981e-05,0.35804960528128343,23.538958151037633,0.9915265402438825,6.140645396612846e-07,0,0.5361261141817987,0.0025335696066167107,0.3658304810523987,1.000128754320841
0.004375,8,physics,0,40,9.00259354721585,1.5900296690969529,5.486456247930784,16.079079464243588,84.50233904676116,3.414343415414238e-05,0.34872892613965123,30.620960213950333,0.988977193484535,6.170726116749855e-07,0,0.534367170885627,0.0025445692219410137,0.3658304810523987,1.0001301850175235
0.0044375000000000005,8,physics,0,40,6.297753027588449,1.9566790911520076,8.294254665564923,16.54868678430538,85.13819941522789,3.440035552302851e-05,0.3607766712143685,28.404801802393344,0.989774867425668,6.222314574699786e-07,0,0.5335213624641919,0.002557546762114085,0.3658304810523987,1.0001335829303468
0.0045000000000000005,8,physics,0,40,2.046307926511709,2.591660392880308,13.080999654060205,17.718967973452223,85.77884812467505,3.465921163605091e-05,0.3819022193315781,17.64106681645587,0.9936496667667211,6.293253438371946e-07,0,0.5332667567836482,0.0025727587092420514,0.3658304810523987,1.0001351924720292
0.0045000000000000005,9,refine,0,40,2.046307926511709,2.591660392880308,13.080999654060205,17.718967973452223,85.77884812467505,3.465921163605091e-05,0.3819022193315781,17.64106681645587,0.9936496667667211,6.293253438371946e-07,0,0.5332667567836482,0.0025727587092420514,0.3658304810523987,1.0001351924720292
0.0045625,9,physics,0,40,0.12782363020472565,3.024422552022028,15.823666862378051,18.975913044604805,86.4243173999024,3.492001551374064e-05,0.40025832558901564,1.569444886285111,0.9994350418678132,6.377702934656783e-07,0,0.5334731950577655,0.002589481843674887,0.3658304810523987,1.0001330464170282
0.004625,9,physics,0,40,2.5528858614602843,2.957425947387427,14.231357721416234,19.741669530263945,87.074641489521,3.518278099435603e-05,0.4090652638963435,-14.899143201657246,1.005363272441053,6.464405286621394e-07,0,0.5335163695961272,0.0026067212376136677,0.3658304810523987,1.0001325099039975
0.0046875,9,physics,0,40,7.288969800762466,2.546977866823587,9.983995853752912,19.819943521338963,87.72986243702091,3.54475250657006e-05,0.4093118185585608,-26.581660487632416,1.0095687715181914,6.540278771893787e-07,0,0.5330404409930938,0.0026231381329670524,0.3658304810523987,1.0001316157162525
0.00475,9,physics,0,40,10.023704785047238,2.291206117652611,7.31537813129652,19.63028903399637,88.39000562391215,3.571425798325281e-05,0.4093746620895225,-29.680696536061614,1.0106842523474784,6.596960080429429e-07,0,0.5317967657490582,0.0026379084528527883,0.3658304810523987,1.0001371596931588
0.0048125,9,physics,0,40,8.382409876466017,2.5871384955944614,9.077991663106168,20.047540035166648,89.05511610514145,3.5982997951604676e-05,0.4212483824002151,-23.085203335541422,1.008310087712136,6.630430151588483e-07,0,0.5296074344028688,0.0026509641378855133,0.3658304810523987,1.0001405576296785
0.004875,9,physics,0,40,4.216557036443065,3.4179691016396476,14.225911269513954,21.860437407596667,89.72523748084075,3.6253762587525726e-05,0.45485402532283054,-8.808075964683631,1.0031706714830528,6.645919414793875e-07,0,0.5264568501990983,0.002662982690058745,0.3658304810523987,1.0001435978984552
0.0049375,9,physics,0,40,1.5303543294696866,4.487295187477596,19.21781994165238,25.23546945859966,90.40040463706382,3.652656598683502e-05,0.5128085565110144,8.725207942388211,0.9968591615940484,6.654012807416615e-07,0,0.5225557354777779,0.00267574362887515,0.3658304810523987,1.0001437767380827
0.005,9,physics,0,40,2.446196298165888,5.56232692538966,21.568110764550823,29.576633988106373,91.0806543118012,3.680142299363243e-05,0.5879787966745146,24.139171881579426,0.9913105491870786,6.666252438947141e-07,0,0.5182543102062532,0.002690665713354119,0.3658304810523987,1.0001462804962273
0.005,10,refine,0,40,2.446196298165888,5.56232692538966,21.568110764550823,29.576633988106373,91.0806543118012,3.680142299363243e-05,0.5879787966745146,24.139171881579426,0.9913105491870786,6.666252438947141e-07,0,0.5182543102062532,0.002690665713354119,0.3658304810523987,1.0001462804962273
0.0050625,10,physics,0,40,5.493210138047448,6.579873866090133,21.7258982399005,33.79898224403808,91.76601333502475,3.7078344448651974e-05,0.6643465147442891,32.77360675657577,0.9882023749659764,6.695613627982764e-07,0,0.5140199176981688,0.0027089592309844862,0.3658304810523987,1.0001473535373508
0.005125,10,physics,0,40,7.583547853342207,7.443896247421776,21.70717186623545,36.73461596699943,92.45653134303771,3.7357350407597024e-05,0.7208081774396846,31.957940452387035,0.9884960527535028,6.747944478746609e-07,0,0.5101982595191675,0.0027309377332837147,0.3658304810523987,1.000150572667629
0.0051875,10,physics,0,40,7.200597112923363,7.840482509310473,22.387114627547426,37.428194249781264,93.15224928479181,3.76384574160195e-05,0.7369589950662387,21.701515740484272,0.9921882044821282,6.824561502583039e-07,0,0.5071144238909,0.0027555618665245874,0.3658304810523987,1.0001521822366535
0.00525,10,physics,0,40,5.547023840861076,7.363789726750394,22.388757302075813,35.29957086968729,93.85320085836501,3.792167908973311e-05,0.6994378642853508,4.683949122574258,0.9983139209287707,6.917844714848802e-07,0,0.5048622271002693,0.002781162227328444,0.3658304810523987,1.0001546860158403
0.0053125,10,physics,0,40,4.801871038191124,5.887439802316252,19.604676677138926,30.2939875176463,94.5594180132055,3.820702833801227e-05,0.6074973217300476,-14.384548900415716,1.0051779922284616,7.017755123683847e-07,0,0.5034814986564888,0.002805401040798018,0.3658304810523987,1.0001566532753128
0.0053750000000000004,10,physics,0,40,5.558765361179832,3.816896884055819,13.692566234216105,23.068228479451754,95.27095299982994,3.849452627284147e-05,0.4758206904442161,-29.974080448039956,1.0107896945966928,7.110936834919817e-07,0,0.5028978448545914,0.0028259245905058257,0.3658304810523987,1.0001598724355234
0.0054375000000000005,10,physics,0,40,6.286180603034692,1.9047580141192388,6.894190538948109,15.08512915610204,95.98783385575885,3.878418422286853e-05,0.33290682397697946,-37.32604983310017,1.0134359483556694,7.182988968068583e-07,0,0.5025303315339114,0.0028414222993279814,0.3658304810523987,1.000163806978741
0.0055,10,physics,0,40,5.417915093803048,0.7320918251536935,2.2365241753205507,8.386531094277291,96.71010373347991,3.9076019623990905e-05,0.2144295266731705,-33.97046169930968,1.0122280542134818,7.228389673485928e-07,0,0.5021160191487127,0.0028515962770699317,0.3658304810523987,1.0001673838496428
0.0055,11,refine,0,40,5.417915093803048,0.7320918251536935,2.2365241753205507,8.386531094277291,96.71010373347991,3.9076019623990905e-05,0.2144295266731705,-33.97046169930968,1.0122280542134818,7.228389673485928e-07,0,0.5021160191487127,0.0028515962770699317,0.3658304810523987,1.0001673838496428
0.0055625,11,physics,0,40,3.5913657508997474,0.36424545005466685,1.0223941863416357,4.97800538729605,97.43782609754032,3.9370058119257234e-05,0.1533054968144855,-20.603959252855567,1.0074166123297759,7.247588529324384e-07,0,0.5014715239040071,0.002857621089765956,0.3658304810523987,1.0001677415374366
0.005625,11,physics,0,40,3.2047026554705123,0.5604217914265401,2.3308173597236292,6.095941806620681,98.17102331084469,3.9666308744469e-05,0.1698589732579636,-0.8888619103998092,1.0003199540703425,7.250796256741415e-07,0,0.5002545752116782,0.002862111580042293,0.3658304810523987,1.0001734645595335
0.0056875,11,physics,0,40,5.6040098096860635,1.2951953762797626,4.885223150420199,11.784428336386025,98.90973711330635,3.9964788364768614e-05,0.2659823020579805,19.70620878460712,0.9929065906142904,7.251379070538632e-07,0,0.4984194914809292,0.002867966858746783,0.3658304810523987,1.0001770414649735
0.00575,11,physics,0,40,9.126525283981874,2.9637282564164753,8.880046962754642,20.97030050315299,99.65400884392628,4.026551368330862e-05,0.4253226662220293,35.53847450798818,0.9872076063710084,7.265125017141831e-07,0,0.4960283750868908,0.0028782210376122647,0.3658304810523987,1.000178651076595
0.0058125,11,physics,0,40,10.378937523695477,5.968448465700314,15.511949053959272,31.85933504335506,100.40387505111718,4.056849946758938e-05,0.6170165252991814,42.30270770565654,0.9847728414606324,7.301534576953367e-07,0,0.4930245340570758,0.002895093078720689,0.3658304810523987,1.0001773991562213
0.005875,11,physics,0,40,7.6151424942153625,10.037703859779873,24.700029612162805,42.35287596615804,101.15939486690002,4.0873769610088725e-05,0.8020919506793365,38.129055125286925,0.9862751379298684,7.368086798464903e-07,0,0.4896579378253721,0.0029190445911229834,0.3658304810523987,1.0001763260828622
0.0059375,11,physics,0,40,2.817493401476268,13.936947150440316,33.59533235201713,50.34977290393371,101.920597726857,4.118133600434565e-05,0.9411202047629229,23.957455955400125,0.9913763444512557,7.461889053317352e-07,0,0.4860720326078064,0.00294936223185576,0.3658304810523987,1.000181870307609
0.006,11,physics,0,40,0.2290610873909149,15.971040665859132,37.8285926227898,54.028694376039844,102.68751956702522,4.149121317042821e-05,1.0023302634891653,3.3805514201793354,0.9987831470653271,7.574190696857376e-07,0,0.4825260856427715,0.002983435741295335,0.3658304810523987,1.00018491070197
0.006,12,refine,0,40,0.2290610873909149,15.971040665859132,37.8285926227898,54.028694376039844,102.68751956702522,4.149121317042821e-05,1.0023302634891653,3.3805514201793354,0.9987831470653271,7.574190696857376e-07,0,0.4825260856427715,0.002983435741295335,0.3658304810523987,1.00018491070197
0.0060625,12,physics,0,40,2.4407500614432243,15.054792425799997,34.75784311965293,52.25338560689615,103.46023065132012,4.1803429498691054e-05,0.9694190816994621,-18.212777945090785,1.0065558931342395,7.689422716339327e-07,0,0.4790508283989824,0.003017975822631171,0.3658304810523987,1.0001870568682598
0.006125,12,physics,0,40,7.710847587548743,11.553376989818943,25.80028408097622,45.064508658343904,104.2387451663142,4.21179907212631e-05,0.8472250107114742,-34.98644302211818,1.01259373221972,7.79404279782626e-07,0,0.4758472262082357,0.003049543460265288,0.3658304810523987,1.0001888453436858
0.0061875,12,physics,0,40,11.382897425744751,7.106482298041534,15.471639286444354,33.96101901023064,105.02312145335685,4.243492041114886e-05,0.6624923906627218,-42.33878962943499,1.0152402500388507,7.873236196331843e-07,0,0.47294684515350194,0.003075159679265816,0.3658304810523987,1.0001933165462422
0.00625,12,physics,0,40,10.281311894528145,3.4751404179126872,7.868897722202954,21.625350034643787,105.81339682559997,4.275423364484399e-05,0.4579445225734415,-38.30956239948859,1.01378981739829,7.920947364681302e-07,0,0.47046839247609423,0.003093336503123153,0.3658304810523987,1.0001945684865399
0.0063125,12,physics,0,40,5.692908781220852,1.4185091148301636,3.96181980213891,11.073237698189924,106.60961868187161,4.30759495739931e-05,0.2808037204407439,-24.180333587408867,1.0087038772580605,7.940554453966792e-07,0,0.4683784217814245,0.0031043396866465007,0.3658304810523987,1.0002015436111706
0.0063750000000000005,12,physics,0,40,1.9036966294742177,0.5948114056983803,2.168114621961119,4.666622657133717,107.41184408839575,4.340009125638229e-05,0.16989265405543244,-4.0258816253190135,1.0014491137011279,7.942555768636332e-07,0,0.46672202023635456,0.003110582328787138,0.3658304810523987,1.000203689813151
0.0064375000000000005,12,physics,0,40,1.9834209060223773,0.39615048845163126,1.1441820069688697,3.523753401442878,108.22008632162172,4.3726664056402404e-05,0.14615462885514796,16.60739276941994,0.994022170280035,7.943180442282472e-07,0,0.46555998487715755,0.003114820921036134,0.3658304810523987,1.000204762915868
0.006500000000000001,12,physics,0,40,5.189225566938884,0.741178334767049,1.5663511094126104,7.496755011118544,109.03442756583121,4.405570118086924e-05,0.209620763045637,32.325990877637395,0.988364299579718,7.95712428391936e-07,0,0.4646878383815254,0.003120677049260457,0.3658304810523987,1.000207982230927
0.006500000000000001,13,refine,0,40,5.189225566938884,0.741178334767049,1.5663511094126104,7.496755011118544,109.03442756583121,4.405570118086924e-05,0.209620763045637,32.325990877637395,0.988364299579718,7.95712428391936e-07,0,0.4646878383815254,0.003120677049260457,0.3658304810523987,1.000207982230927
0.0065625,13,physics,0,40,8.261759218390191,2.084848720896132,5.144331129682398,15.490939068968721,109.85487104440094,4.43872039321983e-05,0.3419536446667908,39.290680429944814,0.9858574010682547,7.996350390726548e-07,0,0.46396668933261814,0.003130978197333376,0.3658304810523987,1.0002115592598122
0.006625,13,physics,0,40,8.833361463012153,4.7850514978211045,12.200431938705265,25.818844899538522,110.68150870945355,4.472120946393206e-05,0.5124813773238984,36.079922330250795,0.9870131091093529,8.067010632828442e-07,0,0.4631897161369311,0.0031474116777078977,0.3658304810523987,1.0002138843354476
0.0066875,13,physics,0,40,7.417580379593772,8.512099076871966,20.54341324292723,36.473092699392964,111.51437653415582,4.5057732311140966e-05,0.68578894438123,23.91778702719014,0.9913907128514283,8.163991616072506e-07,0,0.4619954532434751,0.00317037290809221,0.3658304810523987,1.0002162094164877
0.00675,13,physics,0,40,6.249085852323471,12.24298795463198,26.92753296151362,45.41960676846907,112.35349939450386,4.539678252504896e-05,0.829056694283558,6.335450274074261,0.9977195327448417,8.277461684969013e-07,0,0.4602230767129881,0.0031989341831135756,0.3658304810523987,1.0002178190911433
0.0068125,13,physics,0,40,6.505900359564183,14.830797312793818,29.68098104287445,51.01767871523245,113.19892609208503,4.573837982408997e-05,0.9184361090662466,-11.745354999797897,1.00422778345454,8.39417635845053e-07,0,0.4577453083515964,0.0032307617557872457,0.3658304810523987,1.000216924827126
0.006875,13,physics,0,40,7.059743989629903,15.655943827820142,29.77306689042529,52.48875470787534,114.0507267004684,4.608255252170847e-05,0.9435483302651538,-25.349544111637503,1.009124674093596,8.498186723215904e-07,0,0.4543971172812077,0.003263356560440675,0.3658304810523987,1.0002187133559601
0.0069375,13,physics,0,40,6.164248226163892,14.834949858184563,29.155519293297715,50.15471737764617,114.908936653453,4.6429314935041735e-05,0.9088318148662315,-30.8972316437271,1.0111215774074416,8.579252224194525e-07,0,0.4504089284358074,0.0032946579976969995,0.3658304810523987,1.0002215750087469
0.007,13,physics,0,40,4.037827152972724,12.923965652282611,28.262808397744365,45.2246012029997,115.77360490771417,4.6778686845187433e-05,0.8310414531961133,-27.280023679132118,1.009819512610108,8.632508770034525e-07,0,0.4458963008601583,0.003322650784612305,0.3658304810523987,1.0002244366697208
0.007,14,refine,0,40,4.037827152972724,12.923965652282611,28.262808397744365,45.2246012029997,115.77360490771417,4.6778686845187433e-05,0.8310414531961133,-27.280023679132118,1.009819512610108,8.632508770034525e-07,0,0.4458963008601583,0.003322650784612305,0.3658304810523987,1.0002244366697208
0.0070625,14,physics,0,40,3.0835843680324686,10.518037771544572,25.623174519913842,39.224796659490885,116.64477648936732,4.713068644508817e-05,0.7333973125605131,-16.103756835602056,1.005796588502022,8.663550534748758e-07,0,0.4413244930320108,0.0033471013620577747,0.3658304810523987,1.0002276560481032
0.007125,14,physics,0,40,5.243427110471167,8.1014474598599,20.105957444979225,33.45083201531029,117.52250197489994,4.7485334170331784e-05,0.638587825337326,-1.083935666567392,1.0003901637438823,8.681885628192284e-07,0,0.4370929316770915,0.00336818599863963,0.3658304810523987,1.000228192612174
0.0071875,14,physics,0,40,9.443203952013782,6.10199305896009,13.187258071907419,28.73245508288129,118.40683928662607,4.7842653424610244e-05,0.5631495820649735,13.213512292189431,0.9952437760287064,8.702110765312917e-07,0,0.433498334545452,0.0033868145446820748,0.3658304810523987,1.0002285503217148
0.00725,14,physics,0,40,12.0937265514988,4.888530343358433,8.500241531351183,25.482498426208416,119.29782870956288,4.820266048521065e-05,0.5147128109765912,22.699124942987154,0.9918294123164125,8.737322998442214e-07,0,0.43087960442593315,0.003404487399853786,0.3658304810523987,1.0002310542920814
0.0073125,14,physics,0,40,10.37019084658412,4.613666529723938,8.827549982953673,23.81140735926173,120.19552125264147,4.856537596245102e-05,0.49234736891144104,24.84679769021129,0.9910563875319788,8.796300354774187e-07,0,0.4293927692623009,0.003422260050457734,0.3658304810523987,1.000234452547605
0.0073750000000000005,14,physics,0,40,5.150647586892264,5.054420333636152,13.354528411766974,23.559596332295392,121.09998281233152,4.893082648200578e-05,0.48922242547660416,19.29305264727557,0.9930554659766454,8.880043855796774e-07,0,0.4288378743581723,0.003440816997615001,0.3658304810523987,1.00023373712443
0.0074375000000000005,14,physics,0,40,0.6986277218170328,5.6709461501879375,17.925852954547878,24.29542682655285,122.011211817009,4.929901140885538e-05,0.4964814807887329,7.86882238469895,0.9971676225603074,8.984101862452574e-07,0,0.4289525612877238,0.0034603358531493157,0.3658304810523987,1.0002364199639748
0.0075,14,physics,0,40,1.0422894698260454,5.947948140555567,18.44157669896474,25.431814309346354,122.92930328792528,4.966996913663338e-05,0.5073009844592093,-5.855734432969879,1.0021077564491612,9.096439415046123e-07,0,0.4292643104620864,0.003480638943371518,0.3658304810523987,1.0002398182377283
0.0075,15,refine,0,42,1.0422894698260456,5.947948140555567,18.44157669896474,25.431814309346354,122.92930328792526,4.966996913663338e-05,0.5073009844592093,-5.855734432969879,1.0021077564491612,5.98506252558195e-07,0,0.4350395115513942,0.00340809054926104,0.24088996648788452,1.0002398182377283
0.0075625,15,physics,0,42,6.164796872089811,5.8100087625472705,14.554662813399124,26.529468448036205,123.85432818178842,5.004372833561938e-05,0.5195115587383342,-17.508498749118836,1.0063022729005118,6.055231391854923e-07,0,0.4350493245154495,0.003428103015374168,0.24088996648788452,1.0002428588082415
0.007625,15,physics,0,42,11.752412231157132,5.716604509619465,10.221748894518038,27.690765635294632,124.78629898346824,5.042029405036405e-05,0.5377848852875557,-23.29306491621352,1.0083844493263594,6.113855235412302e-07,0,0.43411506255765275,0.0034483365735605335,0.24088996648788452,1.0002430376656184
0.0076875,15,physics,0,42,13.119070349851807,6.324401717472703,10.118581848933763,29.56205391625827,125.72529878046248,5.079969985263051e-05,0.5696680748374687,-21.13012974664447,1.007605700138023,6.154919081069465e-07,0,0.43191937279502385,0.0034692682794400928,0.24088996648788452,1.0002478668268828
0.00775,15,physics,0,42,9.57981671644335,7.9702555945651135,15.43990816202551,32.989980473033974,126.67136322954424,5.1181960149649325e-05,0.6228743850400823,-11.426310975229539,1.0041128416363692,6.180309091163844e-07,0,0.42830456627662655,0.003491442714040089,0.24088996648788452,1.0002509074218626
0.0078125,15,physics,0,42,4.817688657363211,10.518107966708719,23.0480730986403,38.383869722712234,127.62453929577865,5.156709391780186e-05,0.7004190797628204,3.0240569364332828,0.9989115076827562,6.193797803533128e-07,0,0.42355481726180344,0.0035158890954628936,0.24088996648788452,1.000253053729766
0.007875,15,physics,0,42,3.016720547517843,13.609595239081802,28.690411374207596,45.31672716080724,128.58488971633838,5.195512650623875e-05,0.7974123654908886,17.926662816890392,0.9935474098973062,6.20791568373136e-07,0,0.41807257213332577,0.0035435910550327826,0.24088996648788452,1.0002539480260852
0.0079375,15,physics,0,42,4.959422068949871,16.90033683435417,30.752417067634024,52.61217597093807,129.552449217837,5.234607194635671e-05,0.900457225613993,28.822944736048683,0.989625218559309,6.230478781787956e-07,0,0.4124037505041327,0.0035751641370833052,0.24088996648788452,1.0002566309198397
0.008,15,physics,0,42,7.901090206318448,19.97436967185575,30.886157363147362,58.76161724132156,130.52731000384486,5.273996749329652e-05,0.9898628263265189,32.3300416941432,0.9883628498168702,6.269487018428779e-07,0,0.4070828608978944,0.0036105793825363477,0.24088996648788452,1.0002625333114301
0.008,16,refine,0,42,7.901090206318448,19.97436967185575,30.886157363147362,58.76161724132156,130.52731000384486,5.273996749329652e-05,0.9898628263265189,32.3300416941432,0.9883628498168702,6.269487018428779e-07,0,0.4070828608978944,0.0036105793825363477,0.24088996648788452,1.0002625333114301
0.0080625,16,physics,0,42,8.819688439680473,22.131147861532984,31.39328600465862,62.34412230587208,131.50951083012657,5.313682880644593e-05,1.0439146534928117,27.03458809789879,0.9902687542365367,6.328792698795388e-07,0,0.40251066358796234,0.0036488406544778044,0.24088996648788452,1.0002686145998003
0.008125,16,physics,0,42,7.466307517290809,22.4560909788753,32.3595317111601,62.28193020732621,132.49909891097215,5.35366749628864e-05,1.0443250764205416,13.854950481364973,0.9950128376482364,6.407743864400573e-07,0,0.3989440034023699,0.0036883228013356683,0.24088996648788452,1.0002698666343484
0.0081875,16,physics,0,42,6.258069843153099,20.314644244708276,31.41757897640252,57.990293064263895,133.4961209206019,5.393952482148249e-05,0.9816588677268094,-4.127790127917491,1.001485820048991,6.498257549836238e-07,0,0.3963805671321905,0.003726734274080378,0.24088996648788452,1.000271476395356
0.00825,16,physics,0,42,7.323609945748808,15.943724927858142,26.301117359423117,49.568452233030065,134.50064943897206,5.43454077083923e-05,0.8595162735197897,-22.33405254711062,1.0080392324573113,6.589684424795906e-07,0,0.39458749873968313,0.003761650941471028,0.24088996648788452,1.0002702243587929
0.0083125,16,physics,0,42,9.841511287748432,10.588086699849692,17.61330946059276,38.04290744819088,135.51276740292914,5.475435713450784e-05,0.6960511596017859,-35.81736557320911,1.0128926331262935,6.670571650602144e-07,0,0.3933352246199071,0.0037910260644594455,0.24088996648788452,1.0002734438845498
0.008375,16,physics,0,42,10.663615661175948,5.896806836019936,8.906841864717267,25.467264361913152,136.53250713156203,5.516638615845799e-05,0.5216456389224843,-40.644330469251535,1.0146295939361591,6.732556618871398e-07,0,0.3922767254990337,0.0038138142445947056,0.24088996648788452,1.0002775577380971
0.0084375,16,physics,0,42,7.839017021860569,2.9545760063661985,3.7978111307428493,14.591404158969615,137.559885595017,5.558150163708337e-05,0.3725267615017024,-35.115535554877816,1.0126388533791648,6.769705631626265e-07,0,0.3911146291757669,0.0038303036287460567,0.24088996648788452,1.0002766634206695
0.0085,16,physics,0,42,3.281243894603467,1.7903124145427265,3.008483910431029,8.080040219577223,138.59500853283097,5.599974629477428e-05,0.28198925091398125,-20.33180485806618,1.0073178374607474,6.78494298966826e-07,0,0.38962437301998004,0.0038421341020238595,0.24088996648788452,1.0002834602531743
0.0085,17,refine,0,44,3.281243894603467,1.7903124145427267,3.008483910431029,8.080040219577223,138.59500853283097,5.599974629477429e-05,0.28198925091398125,-20.33180485806618,1.0073178374607474,6.78494298966826e-07,0,0.38962437301998004,0.0036761218084668396,0.24088996648788452,1.0002834602531743
0.0085625,17,physics,0,44,1.3724642067174313,1.8410750297481928,4.424486357675383,7.6380255941410065,139.63791074927713,5.6421134194306106e-05,0.2716507539147497,0.07802447834737085,0.9999719174704537,6.785838024825348e-07,0,0.38773403839961973,0.003685661543458809,0.24088996648788452,1.0002818504728808
0.008625,17,physics,0,44,4.657820123038691,2.8979057245889646,5.992633650235612,13.548359497863267,140.68865381045018,5.6845690211651744e-05,0.34725904689446596,21.04136696949096,0.9924266003825589,6.786144659542963e-07,0,0.3854978373230287,0.003696463921932174,0.24088996648788452,1.0002811350158043
0.0086875,17,physics,0,44,11.043377343671034,5.555128862207234,8.1597955234304,24.75830172930867,141.74730688961918,5.727344229648678e-05,0.4968910970351079,37.431385487712184,0.9865269853043129,6.795803653147916e-07,0,0.3830360612316483,0.0037116239478162177,0.24088996648788452,1.0002766634206695
0.00875,17,physics,0,44,15.40360606589731,10.67442617706088,13.268015241711757,39.346047484669946,142.81394028211955,5.7704418851861115e-05,0.6947845504106255,45.354502325969705,0.9836747905792183,6.827212644111568e-07,0,0.38042763065087526,0.003733349393238693,0.24088996648788452,1.0002814927442785
0.008812500000000001,17,physics,0,44,14.093126003464736,18.31945419452086,22.551605961550063,54.96418615953566,143.88858086663484,5.8138630738190834e-05,0.9064159979242247,43.00446515557001,0.9845207149962472,6.885440448911598e-07,0,0.37772035643534974,0.00376274496897193,0.24088996648788452,1.0002836391178112
0.008875000000000001,17,physics,0,44,8.197529202089802,27.073736940057003,33.86370265581033,69.13496879795713,144.97132168048302,5.8576115547495e-05,1.095023265439808,30.980112485458775,0.9888488505292511,6.968389367756355e-07,0,0.3749782632847638,0.0037995369562199353,0.24088996648788452,1.0002836391178112
0.008937500000000001,17,physics,0,44,2.5813743616492526,34.37579558038514,42.52911243093943,79.48628237297382,146.06220159597294,5.9016888986251494e-05,1.228255691709278,12.19144458745978,0.9956117407004235,7.068988807645838e-07,0,0.3720497697676961,0.0038420161781858647,0.24088996648788452,1.0002813138800253
0.009000000000000001,17,physics,0,44,1.587550167283669,37.769358127863775,44.77100030085001,84.12790859599745,147.16130070784237,5.9460983416989365e-05,1.284295689137199,-8.810011118776305,1.0031711231155325,7.176379526185883e-07,0,0.36891187305457385,0.0038878619113452205,0.24088996648788452,1.0002841757119139
0.009000000000000001,18,refine,0,48,1.587550167283669,37.76935812786377,44.771000300850005,84.12790859599744,147.16130070784234,5.946098341698937e-05,1.284295689137199,-8.810011118776305,1.0031711231155325,7.094871277146814e-07,0,0.36891187305457385,0.003516899227957975,0.23809105157852173,1.0002841757119139
0.0090625,18,physics,0,48,5.268989149601041,36.278158958866086,40.5240678961799,82.07121600464703,148.26866795195718,5.9908418612398214e-05,1.2546493254212827,-26.860405231176635,1.0096682658994718,7.194314592950944e-07,0,0.36548603032696736,0.0035592772763149267,0.23809105157852173,1.000285248900983
0.009125,18,physics,0,48,9.73550578204069,30.861404232452568,33.51807147791723,74.1149814924105,149.3843412682303,6.035920990221828e-05,1.1531174601051917,-37.65661480694114,1.0135542701300433,7.27660771637773e-07,0,0.36174825158240775,0.003599390100771428,0.23809105157852173,1.0002868586867457
0.0091875,18,physics,0,48,11.1893971475841,23.702727283564677,27.1987760883527,62.090900519501474,150.50841245683375,6.081339437859608e-05,1.001793165351986,-38.82485941872633,1.0139747951831743,7.333981066892653e-07,0,0.3577923639221772,0.003635092262291383,0.23809105157852173,1.000287216417267
0.00925,18,physics,0,48,9.460698478820103,16.88375759197094,22.37194668945923,48.716402760250276,151.64096600375993,6.127100617836075e-05,0.8327218658816042,-30.620897350548834,1.0110214318443198,7.368000822793874e-07,0,0.3537805018641149,0.0036653110272256333,0.23809105157852173,1.000290793729516
0.0093125,18,physics,0,48,7.514255277774533,11.551806269745175,17.5341461709242,36.60020771844391,152.78203712524953,6.173205953074448e-05,0.6779772925953488,-15.701804875859398,1.005651234850861,7.384545384070406e-07,0,0.3500854677959928,0.003690106130552507,0.23809105157852173,1.0002931189893385
0.009375,18,physics,0,48,7.795357578891487,7.982572633288179,11.820912231787036,27.598842443966703,153.93169846474154,6.219658378755574e-05,0.5625257229733347,1.6367721386656164,0.9994109107852114,7.393839078773103e-07,0,0.34692854137446894,0.0037103713378182487,0.23809105157852173,1.0002938344549868
0.0094375,18,physics,0,48,9.559278719067478,6.113097701949618,6.971669596292701,22.644046017309797,155.08999887766947,6.26645986889851e-05,0.4999730337714255,16.83714514325482,0.993940156878899,7.408749187476357e-07,0,0.3445365405017315,0.0037278353028884874,0.23809105157852173,1.0002970540567366
0.0095,18,physics,0,48,9.9164887918602,5.891396280604505,6.078811324706939,21.886696397171644,156.25701713861008,6.31361360641465e-05,0.4918259443517131,26.256007656656795,0.9905502302332667,7.439878562109927e-07,0,0.3430170646548273,0.003744047866964091,0.23809105157852173,1.0002956231213462
0.0095,19,refine,0,60,9.916488791860202,5.891396280604504,6.078811324706939,21.886696397171647,156.25701713861008,6.31361360641465e-05,0.4918259443517131,26.256007656656795,0.9905502302332667,5.392955788607875e-07,0,0.36403164444237857,0.0035387996651540647,0.1725849062204361,1.0002956231213462
0.0095625,19,physics,0,60,7.303333131085828,7.2146729398963885,10.334853409817352,24.85285948079957,157.43282889038514,6.361122647675843e-05,0.5279273117918093,28.038790729944857,0.9899085817884682,5.430282481455608e-07,0,0.3633140822432608,0.003554781380192734,0.1725849062204361,1.0002975906580356
0.009625,19,physics,0,60,3.657290870884683,9.70878356313342,17.337510627946237,30.70358506196434,158.61748095038223,6.408988884353266e-05,0.5968987958225945,22.334159084919136,0.9919617152815713,5.482277298796136e-07,0,0.36316193793049373,0.0035726073705267484,0.1725849062204361,1.0002959808550018
0.0096875,19,physics,0,60,2.9466690897692724,12.721698231679214,22.431862380942544,38.10022970239103,159.81104354268405,6.457215153872921e-05,0.6808681384963609,11.344698722035604,0.9959165861152589,5.544912218269357e-07,0,0.36321990456712283,0.003592857118164563,0.1725849062204361,1.0002947287877668
0.00975,19,physics,0,60,7.168930828126287,15.663806027337818,22.831489966529738,45.66422682199384,161.0135886984062,6.505804366674551e-05,0.7660240203786312,-1.4016531222572315,1.000504509594512,5.612132536469967e-07,0,0.363017718694171,0.003615809119091627,0.1725849062204361,1.0002956231213462
0.0098125,19,physics,0,60,13.706839152811618,18.400661372808614,20.293265889689778,52.40076641531001,162.22518918761355,6.554759463055356e-05,0.8440202464448667,-11.934966840316033,1.0042958513357503,5.676018055567057e-07,0,0.362190184199574,0.0036412081163903405,0.1725849062204361,1.000300273668849
0.009875,19,physics,0,60,17.12609653048978,21.276181803836202,19.6793887740384,58.081667108364385,163.44593707070717,6.604084162744617e-05,0.9128228055900067,-17.009013276708284,1.006122177324217,5.729458560921324e-07,0,0.3602975536210253,0.0036690194764669075,0.1725849062204361,1.0003038510277948
0.0099375,19,physics,0,60,14.191724368176326,24.681271484801943,24.334503621035196,63.20749947401347,164.675835146306,6.653778578821406e-05,0.975190322409837,-15.105989019760054,1.005437206077634,5.768784800963539e-07,0,0.3573316782355361,0.0036987243997511107,0.1725849062204361,1.0003063551866689
0.01,19,physics,0,60,7.162732834874041,28.604633421616636,32.7206917580665,68.48805801455717,165.91499399237506,6.703847179222953e-05,1.0354917326836524,-6.933878578805932,1.0024957490810462,5.795397788332932e-07,0,0.3534662939302007,0.0037303292482207947,0.1725849062204361,1.000310290306137
0.01,20,refine,0,67,7.162732834874043,28.60463342161664,32.72069175806649,68.48805801455717,165.91499399237506,6.703847179222953e-05,1.0354917326836524,-6.933878578805932,1.0024957490810462,5.795397788332932e-07,0,0.3534662939302007,0.003666940548552802,0.1725849062204361,1.000310290306137
0.0100625,20,physics,0,67,1.845498476734004,32.61511010335869,39.64261750149167,74.10322608158435,167.16347621937183,6.754292493744358e-05,1.1472139017764782,4.878510042526787,0.998244056994762,5.81413832634325e-07,0,0.3490157114472448,0.0036995377903648406,0.1725849062204361,1.0003088593518121
0.010125,20,physics,0,67,2.241702967977011,36.21164545421099,41.34992562167657,79.80327404386458,168.42134755215895,6.805117178019231e-05,1.2085250436943196,16.53230073513961,0.9940494560910687,5.833513707642618e-07,0,0.3443271661700831,0.00373409349048699,0.1725849062204361,1.0003110057840672
0.0101875,20,physics,0,67,7.194683019269481,39.00850483762656,38.2802072692393,84.48339512613535,169.68868183630332,6.856324215800783e-05,1.2599086331770346,24.27716580019943,0.9912618142168464,5.860803522494955e-07,0,0.33988434687976743,0.0037703395514609972,0.1725849062204361,1.0003108269145367
0.01025,20,physics,0,67,11.938843082823606,40.653121297735865,34.43143265396808,87.02339703452756,170.96556032870245,6.907916890299354e-05,1.289533210780537,25.436735645836762,0.990844500866,5.90195321947818e-07,0,0.33606921284307323,0.003807738722819206,0.1725849062204361,1.0003152986623944
0.0103125,20,physics,0,67,12.718055422120495,40.62719747717547,33.170236052556476,86.51548895185243,172.25203621655922,6.959897350560484e-05,1.28492953091073,19.10700457312054,0.9931227930718457,5.959793778487218e-07,0,0.3331068064927761,0.0038456447928899933,0.1725849062204361,1.0003145831813938
0.010375,20,physics,0,67,10.016695714969774,38.32002608708713,34.05104901602672,82.38777081808362,173.54819732716078,7.012269145273168e-05,1.2368224722840502,6.383444631651818,0.9977024016308559,6.031977575204908e-07,0,0.33102178571865204,0.0038827531251559152,0.1725849062204361,1.0003208436575008
0.0104375,20,physics,0,67,7.582379871258441,33.45498158096611,33.417469561884445,74.454831014109,174.85412649810436,7.0650356215164e-05,1.1427577036564587,-9.820239739445801,1.0035346143856256,6.112484305376139e-07,0,0.32968184054522776,0.003917732008888524,0.1725849062204361,1.000325315450137
0.0105,20,physics,0,67,8.34343455255693,26.571082571362442,28.15880029194918,63.07331741586856,176.16985081793425,7.118197873811281e-05,1.0096867156504534,-25.424443059807285,1.0091510239106036,6.19226159237485e-07,0,0.3287917666607485,0.00394928021404409,0.1725849062204361,1.000327104172789
0.0105,21,refine,0,70,8.343434552556932,26.571082571362442,28.15880029194918,63.07331741586856,176.16985081793428,7.118197873811282e-05,1.0096867156504534,-25.424443059807285,1.0091510239106036,6.19226159237485e-07,0,0.3287917666607485,0.0034860485238184425,0.1725849062204361,1.000327104172789
0.0105625,21,physics,0,70,11.231845490721614,19.092172515009114,19.052884158278715,49.376902164009444,177.49548682430606,7.171760610898206e-05,0.8537962902319549,-36.036423222690985,1.012970252395028,6.262436533788218e-07,0,0.32809888382514685,0.003509087235444946,0.1725849062204361,1.0003290717714002
0.010625,21,physics,0,70,12.295428737512777,12.761834066818917,10.50855749861941,35.5658203029511,178.83110491251006,7.225726677120865e-05,0.7018693868947439,-38.47150089560042,1.0138466375822444,6.314757214909146e-07,0,0.327233652897586,0.003527829979459568,0.1725849062204361,1.0003335436008192
0.0106875,21,physics,0,70,9.092488411089768,8.729489345740188,6.542951453569653,24.36492921039961,180.17677772775528,7.280099007731643e-05,0.5807172060969055,-31.561496050567907,1.0113590304890743,6.347979812915127e-07,0,0.3259735491347055,0.0035424474608401254,0.1725849062204361,1.0003349745904553
0.010750000000000001,21,physics,0,70,3.842957574308603,7.139608156577172,7.411557848635006,18.39412357952078,181.53257652576406,7.334880481840261e-05,0.5151764326801206,-16.58618613886191,1.0059693755021446,6.361690649825384e-07,0,0.3243048443640004,0.0035541790621878198,0.1725849062204361,1.000340161945046
0.010812500000000001,21,physics,0,70,1.679294643064308,7.5780325522777074,10.002461771679508,19.25978896702152,182.89857336723014,7.390074011081566e-05,0.5209855396237584,3.0380865639993715,0.9989065946669183,6.364819213899861e-07,0,0.32228646921008985,0.0035646110787725025,0.1725849062204361,1.0003430239453006
0.010875000000000001,21,physics,0,70,5.597851511402738,9.953553446465438,11.565169020915098,27.116573978783272,184.27486196887435,7.445683382108952e-05,0.6011718436531809,22.756142231077643,0.9918100736932767,6.367091511805257e-07,0,0.3200304287323258,0.003576044749019438,0.1725849062204361,1.0003442760729868
0.010937500000000001,21,physics,0,70,13.249255964366771,14.88514501426947,12.687130759758587,40.82153173839483,185.66149219728226,7.501710609797397e-05,0.7455928206088311,38.08736888575566,0.986291783193653,6.378875010426556e-07,0,0.3177364895045702,0.0035903829060306806,0.1725849062204361,1.0003483902178476
0.011,21,physics,0,70,18.776797615966185,23.15520775858433,16.485073154834005,58.41707852938452,187.05855823270642,7.55815949952943e-05,0.933171727516301,45.682658593485776,0.9835578155058341,6.408440977878627e-07,0,0.315608392457293,0.0036094230468336074,0.1725849062204361,1.000348569094095
0.011,22,refine,0,72,18.776797615966185,23.155207758584325,16.485073154834005,58.41707852938452,187.0585582327064,7.558159499529429e-05,0.933171727516301,45.682658593485776,0.9835578155058341,6.408440977878627e-07,0,0.315608392457293,0.0036094230468336074,0.1725849062204361,1.000348569094095
0.0110625,22,physics,0,72,17.929638395932663,34.66629236863078,24.950480181308556,77.546410945872,188.46614454446944,7.615033464314427e-05,1.135769264966318,44.081313425274274,0.9841341688595786,6.460163630706007e-07,0,0.3136933950690177,0.0036338253553181614,0.1725849062204361,1.0003517888720168
0.011125,22,physics,0,72,11.711935200281143,47.80041783195035,36.25701456013693,95.76936759236841,189.8843048556695,7.672334674850956e-05,1.324164343356708,33.599580502010845,0.9879067613655312,6.533237080219577e-07,0,0.3119355251661164,0.0036634142809926504,0.1725849062204361,1.000354650905536
0.0111875,22,physics,0,72,5.394913622314263,59.70782790084209,45.51502869481151,110.61777021796786,191.3131319890998,7.730066881672984e-05,1.471935515273219,16.751625069887425,0.9939707271872121,6.623092847490862e-07,0,0.31022427432445526,0.0036975789715770757,0.1725849062204361,1.000355724170217
0.01125,22,physics,0,72,3.7363534030245047,67.52856236869835,48.73972266848148,120.00463844020433,192.75272822086785,7.788234217278597e-05,1.5605593138218266,-2.490009469363632,1.0008962061144095,6.719138019306568e-07,0,0.30832280812451623,0.003734409646908151,0.1725849062204361,1.0003555452926902
0.0113125,22,physics,0,72,6.803102425517386,69.73402616877952,46.19245845260843,122.72958704690532,194.20315440924503,7.846839140665266e-05,1.5825771128684343,-19.61780868706651,1.00706043250683,6.81125955637185e-07,0,0.30605475705427904,0.0037722099522643684,0.1725849062204361,1.0003562608029892
0.011375,22,physics,0,72,10.379301562132653,66.69931544945823,41.86913107608906,118.94774808767994,195.66449588805614,7.905885099772853e-05,1.5425089859058003,-30.73246530831952,1.0110605522840443,6.888750645472896e-07,0,0.3033312253281088,0.0038089172585627105,0.1725849062204361,1.0003616271465445
0.0114375,22,physics,0,72,10.583731376997815,60.15906826015295,39.44151695364277,110.18431659079354,197.1368370231569,7.965375503430117e-05,1.4550830389821257,-33.59451236483052,1.0120905669800784,6.947474862073477e-07,0,0.3000836003747184,0.00384308022211718,0.1725849062204361,1.0003684245563738
0.0115,22,physics,0,72,7.9175229428144664,52.10443618298539,38.72558147335346,98.74754059915331,198.62025682984404,8.025313544274815e-05,1.3409941281340456,-28.215087848732296,1.0101544932929005,6.986477449899554e-07,0,0.29653657463216926,0.0038741143786453483,0.1725849062204361,1.0003757586556228
0.0115,23,refine,0,87,7.9175229428144664,52.104436182985395,38.725581473353465,98.74754059915333,198.620256829844,8.025313544274815e-05,1.3409941281340456,-28.215087848732296,1.0101544932929005,4.820835419749869e-07,0,0.2889624426767199,0.003744238669044444,0.11904552578926086,1.0003757586556228
0.0115625,23,physics,0,87,6.441151072875306,43.996049285968716,36.256487914747495,86.69368827359152,200.1148282853432,8.085702170974555e-05,1.233539945608231,-16.71142587239024,1.0060143127531314,4.837049525363569e-07,0,0.28548258115765257,0.0037744273999488712,0.11904552578926086,1.0003789785210584
0.011625,23,physics,0,87,9.190172136136567,36.84803896485129,29.94524543322292,75.98345653421077,201.62065979377508,8.146545763631705e-05,1.1251178517634717,-2.7214775524857022,1.0009794826556389,4.849264350070827e-07,0,0.2822059969026604,0.0038018844064479393,0.11904552578926086,1.000381125103773
0.0116875,23,physics,0,87,14.525836203198935,31.22608821054586,21.46569226914665,67.21761668289145,203.13780996651852,8.207846690457343e-05,1.0390125281249414,9.9090982408649,0.9964336283926825,4.863459164283767e-07,0,0.27947154079769126,0.003827130233388191,0.11904552578926086,1.0003838083386436
0.01175,23,physics,0,87,17.452065078845205,27.519889020346987,15.699639697958471,60.67159379715066,204.66639544164653,8.26960966424927e-05,0.9781007614574,17.723167876376706,0.9936212908340336,4.885572719715012e-07,0,0.2774522801123003,0.0038508444555807974,0.11904552578926086,1.0003863126976829
0.0118125,23,physics,0,87,14.407014205104097,25.724406791606295,16.201832591643086,56.33325358835347,206.20646568740926,8.331836683787575e-05,0.9394171501425459,18.97854298856032,0.9931694823329726,4.920363112503871e-07,0,0.2762284698527794,0.0038738050275151136,0.11904552578926086,1.00038792264609
0.011875,23,physics,0,87,6.971158533840395,25.301537430371805,21.685649661448917,53.958345625661124,207.75812741255672,8.394532060672652e-05,0.9168928009389136,13.784735036618935,0.9950387818992387,4.966827864549834e-07,0,0.27560768758229937,0.003896320310638904,0.11904552578926086,1.0003898903643287
0.0119375,23,physics,0,87,0.9532103994812616,25.37065545711142,26.741956653576807,53.06582251016948,209.32145100067578,8.457698638775327e-05,0.9044409767102194,4.04145110127845,0.9985454586886054,5.021835569607451e-07,0,0.275484303130589,0.003918612521209016,0.11904552578926086,1.0003931102752492
0.012,23,physics,0,87,1.4185258063985442,25.240668735152525,26.426995188721072,53.08618973027214,210.8965446766088,8.521340790954174e-05,0.8987089496494833,-7.053709984759102,1.0025386645698153,5.080386102918058e-07,0,0.2753687371682386,0.003940817173096653,0.11904552578926086,1.0003923947385935
0.012,24,refine,0,95,1.4185258063985444,25.24066873515253,26.426995188721065,53.08618973027214,210.89654467660884,8.521340790954174e-05,0.8987089496494833,-7.053709984759102,1.0025386645698153,4.689549211178698e-07,0,0.2753687371682386,0.00373381289299617,0.11003081500530243,1.0003923947385935
0.0120625,24,physics,0,95,8.03464923605303,24.932863150948144,20.747194472261544,53.71470685926272,212.48352612708717,8.585463272378349e-05,0.9000958267995005,-15.785011752504856,1.0056810964957883,4.7396364699636727e-07,0,0.2752473216256789,0.003754700785016091,0.11003081500530243,1.0003943624656284
0.012125,24,physics,0,95,15.240837109219209,25.289148485181435,14.922771224171896,55.45275681857254,214.08242143333243,8.650067136867759e-05,0.9156085990811698,-19.10203178542833,1.006874882289689,4.780434634810147e-07,0,0.2746593285141022,0.003775496819262187,0.11003081500530243,1.0003954357729152
0.0121875,24,physics,0,95,17.417590509661053,27.396660405827543,14.590570334417132,59.40482124990573,215.69334975415285,8.715157199071284e-05,0.9529861842263433,-15.41986111859875,1.005549655313764,4.81029285737122e-07,0,0.273376559107782,0.003796540209885294,0.11003081500530243,1.0003986557016846
0.01225,24,physics,0,95,14.111146585518492,31.98642486714472,20.792734549882777,66.89030600254598,217.3164703622491,8.780739894452171e-05,1.019913299624546,-5.224952345249321,1.0018804750304764,4.829658433180838e-07,0,0.2713563919653382,0.003818163920807974,0.11003081500530243,1.0004004445554793
0.0123125,24,physics,0,95,10.012170198622126,39.23230324871469,29.354307812055314,78.59878125939213,218.95179324542792,8.846815626570875e-05,1.1198934778776086,9.177884315649628,0.9966972410889176,4.840191998312093e-07,0,0.2687380345429947,0.003841676629744586,0.11003081500530243,1.0003997290135775
0.012375,24,physics,0,95,9.832619809919,49.02453579784024,35.22781418071113,94.08496978847037,220.59934459875603,8.913385453847254e-05,1.249663011644997,24.18860484638215,0.9912954929445421,4.849884938096244e-07,0,0.2657636741420482,0.0038677666569369726,0.11003081500530243,1.0004009812122414
0.0124375,24,physics,0,95,13.48635816749547,61.15470685718049,37.2173696680097,111.85843469268568,222.2593272355859,8.980457571018181e-05,1.3985611187060587,35.73871218080783,0.9871390848636216,4.865212170912506e-07,0,0.262772877814445,0.0038970464582285384,0.11003081500530243,1.000404737817637
0.0125,24,physics,0,95,16.353846997259563,75.0216493038714,38.48399361109176,129.85948991222273,223.93177117693577,9.04803319109229e-05,1.5498343734524735,40.65827271811227,0.9853687682744182,4.893001754879832e-07,0,0.25995090763203704,0.003929899022625525,0.11003081500530243,1.0004063477956961
0.0125,25,refine,0,98,16.353846997259563,75.0216493038714,38.48399361109176,129.85948991222273,223.9317711769358,9.048033191092289e-05,1.5498343734524735,40.65827271811227,0.9853687682744182,4.893001754879832e-07,0,0.25995090763203704,0.0036391021311185457,0.11003081500530243,1.0004063477956961
0.0125625,25,physics,0,98,14.121309571754594,89.10136750130394,42.67261856085882,145.89529563391736,225.61681957125467,9.116118098027386e-05,1.683046311460328,37.32392237797743,0.9865686967590528,4.936001438693435e-07,0,0.2575203407439829,0.0036710745541529946,0.11003081500530243,1.0004079577763465
0.012625,25,physics,0,98,7.34178560867603,100.88936809789,49.78844288417104,158.01959659073708,227.31455332367054,9.184715560820453e-05,1.7794645527649093,25.999602078259215,0.9906438798171721,4.993280224852017e-07,0,0.2555132177561377,0.0037060567791223,0.11003081500530243,1.000409925533993
0.0126875,25,physics,0,98,1.4254755839970745,107.47588189397061,55.501082070541095,164.40243954850877,229.02504690716987,9.253828588575784e-05,1.8233503476780384,8.84574893544117,0.9968168045071177,5.062346755124734e-07,0,0.25388507655352494,0.0037430123890409128,0.11003081500530243,1.0004076000026447
0.012750000000000001,25,physics,0,98,1.8462339975720232,106.86209759243734,54.99348721075533,163.7018188007647,230.74842872570807,9.323462369495313e-05,1.8067928156165167,-10.523764756813938,1.0037870239155513,5.136421794560419e-07,0,0.2522585430583156,0.003780427291653573,0.11003081500530243,1.0004086733241337
0.012812500000000001,25,physics,0,98,8.857846957974052,99.06749196267108,47.55588298730562,155.48122190795075,232.48477121355015,9.393619830308164e-05,1.7315854617758784,-27.809584082334595,1.0100073837912962,5.20749469323789e-07,0,0.2508013305556947,0.0038169159943317378,0.11003081500530243,1.0004138610608981
0.012875000000000001,25,physics,0,98,16.83539107699639,86.28311828789808,37.58349102943613,140.70200039433058,234.23417042107732,9.464304851959997e-05,1.609519243510512,-39.102306727201665,1.014071049753547,5.267647935625065e-07,0,0.24914977196165988,0.0038511113060644884,0.11003081500530243,1.000416902160474
0.012937500000000001,25,physics,0,98,19.29486361999697,71.81450247255208,30.69759400903771,121.80696010158677,235.9967439313995,9.535522185433118e-05,1.4602889298796324,-41.87856731001637,1.0150712950395324,5.312049413674919e-07,0,0.2471789534656062,0.0038820426279000263,0.11003081500530243,1.0004210166040264
0.013000000000000001,25,physics,0,98,14.921031454349269,58.52995867856917,28.667940399596716,102.11893053251515,237.77257786539437,9.607275310468502e-05,1.3073192835444414,-35.195872392029166,1.0126660831963437,5.341299589289855e-07,0,0.24502215761268184,0.003909328840030256,0.11003081500530243,1.0004254888444717
0.013000000000000001,26,refine,0,108,14.921031454349263,58.52995867856918,28.667940399596713,102.11893053251517,237.77257786539437,9.6072753104685e-05,1.3073192835444414,-35.195872392029166,1.0126660831963437,4.444291801242175e-07,0,0.24502215761268184,0.003516749071703845,0.09145762026309967,1.0004254888444717
0.0130625,26,physics,0,108,8.547325534967959,47.921172325090794,28.250631056267288,84.71912891632604,239.5617544111192,9.67956754790028e-05,1.171316187583547,-21.521353889742908,1.0077459683165215,4.457086690834442e-07,0,0.24267638283969997,0.0035394968218789066,0.09145762026309967,1.0004306766684348
0.013125,26,physics,0,108,6.206729667668758,40.41162046069077,25.28600937969721,71.90435950805674,241.36440206824375,9.752404089797763e-05,1.0718757113741462,-4.273754392750081,1.0015382025007458,4.4622310513275947e-07,0,0.24019411043896632,0.0035598712444387505,0.09145762026309967,1.0004317500146824
0.0131875,26,physics,0,108,9.257016662335506,35.93204014973168,19.27861731191884,64.46767412398601,243.18062360380637,9.825789088495254e-05,1.0152236849156018,12.046687636194854,0.9956641841785523,4.470053687199996e-07,0,0.2381383269541737,0.0035788734730841025,0.09145762026309967,1.000433002253427
0.01325,26,physics,0,108,13.474806456026862,34.51478375764856,14.338298013879479,62.3278882275549,245.01045673192783,9.899724067843585e-05,1.0012268705547391,23.790834927460626,0.9914372717552736,4.4840302937387817e-07,0,0.23647043171030335,0.0035973315003700796,0.09145762026309967,1.0004381901163517
0.0133125,26,physics,0,108,13.586187867437546,36.11806364585701,15.15311343786496,64.85736495115952,246.85410551114558,9.974217272891735e-05,1.0230492075409334,28.65577738923789,0.9896863252945644,4.5093310729882345e-07,0,0.2353430502108013,0.003616101459289,0.09145762026309967,1.0004424835404961
0.013375,26,physics,0,108,8.68866314263742,40.232260250155825,22.173491546339744,71.09441493913299,248.71162678607018,0.00010049271000463947,1.0698728088737908,26.13379836850673,0.9905940462487106,4.5464453757304526e-07,0,0.23473219407959525,0.0036357358060772624,0.09145762026309967,1.0004423046474555
0.0134375,26,physics,0,108,3.433185595671595,45.77554967831784,30.57375798945126,79.7824932634407,250.58312225474947,0.00010124889359701629,1.130003531028713,17.656019105040162,0.9936461399430306,4.5937776693705246e-07,0,0.23449102682628184,0.0036566028321063085,0.09145762026309967,1.0004444513660535
0.0135,26,physics,0,108,3.7664991339113136,51.52842548505191,34.20363876489613,89.49856338385935,252.4687119820304,0.00010201077201862441,1.1938256583744977,6.055532366876838,0.997820797576117,4.6469256398395915e-07,0,0.2343218075408475,0.003678722315226462,0.09145762026309967,1.0004469558769062
0.0135,27,refine,0,110,3.7664991339113136,51.52842548505192,34.20363876489613,89.49856338385936,252.4687119820304,0.00010201077201862441,1.1938256583744977,6.055532366876838,0.997820797576117,4.6469256398395915e-07,0,0.2343218075408475,0.003448510079988306,0.09145762026309967,1.0004469558769062
0.0135625,27,physics,0,110,11.012582687354064,56.848910796721945,31.173104939916104,99.03459842399211,254.36847219547676,0.00010277837606944922,1.2556308400411247,-5.156987035398303,1.0018558375720934,4.700038531701972e-07,0,0.2340474051967616,0.003470592839513163,0.09145762026309967,1.0004492814997408
0.013625,27,physics,0,110,19.997323766156214,62.10815950210084,25.881930544782175,107.98741381303923,256.2825473913331,0.00010355176413364977,1.315870415382722,-12.329431833683662,1.0044366212167182,4.7476936870793965e-07,0,0.23330348627879294,0.0034937509926798085,0.09145762026309967,1.0004532171814686
0.0136875,27,physics,0,110,23.513354297757658,68.33978656927303,25.10563316510224,116.95877403213294,258.2110168390309,0.0001043309682402876,1.3782192578671408,-13.15253895905386,1.0047327995193687,4.784881983965764e-07,0,0.2319878277857726,0.003517947259447137,0.09145762026309967,1.0004575106701026
0.01375,27,physics,0,110,19.100326811192584,76.4688537286332,31.674157465384223,127.24333800521002,260.153997503412,0.00010511603564937262,1.4486926599391576,-7.287630733225629,1.002622363724065,4.81066949831188e-07,0,0.23005556757911008,0.003543197480490519,0.09145762026309967,1.0004603730060948
0.0138125,27,physics,0,110,11.350689225084349,86.76172449117385,41.84046648284641,139.9528801991046,262.1115908157625,0.00010590700734453289,1.5320759331374254,3.8000795542750185,0.9986325932942756,4.827394080031409e-07,0,0.22765201229030377,0.0035698306451479697,0.09145762026309967,1.000460909695005
0.013875,27,physics,0,110,7.325505513068429,98.93329087970393,48.99364367587902,155.2524400686514,264.0839056405501,0.00010670392731279683,1.629221460738208,17.078269496666298,0.9938546532323447,4.841152514423185e-07,0,0.22482588827998456,0.0035980812610362893,0.09145762026309967,1.0004626986601186
0.0139375,27,physics,0,110,9.766428476467684,112.51532297578254,49.903760195434785,172.18551164768502,266.07105886070786,0.00010750684278107871,1.7355997471547508,28.84941672565758,0.9896190262412718,4.857135649238844e-07,0,0.22194319368545315,0.003628242374591751,0.09145762026309967,1.0004639509376014
0.014,27,physics,0,110,14.816648256715146,126.88754258819566,47.36542647675373,189.06961732166454,268.07315837692664,0.0001083157973469899,1.8415773023296573,35.72986020507435,0.9871432198414593,4.88148964361556e-07,0,0.21935527348746306,0.0036603522836146114,0.09145762026309967,1.0004653821137868
0.014,28,refine,0,124,14.81664825671515,126.88754258819566,47.36542647675373,189.06961732166454,268.0731583769267,0.0001083157973469899,1.8415773023296573,35.72986020507435,0.9871432198414593,3.2091324086991367e-07,0,0.20600826214065637,0.003503985087288823,0.06022249162197113,1.0004653821137868
0.0140625,28,physics,0,124,16.164240755355028,140.8225743170941,46.899529174956626,203.88634424740576,270.0903472589203,0.00010913084881829536,1.932156333965068,35.51127784647234,0.9872219163843835,3.2328439836248885e-07,0,0.20379407908834954,0.0035355095197336815,0.06022249162197113,1.0004677077794546
0.014125,28,physics,0,124,11.316138532759778,152.48577239337993,51.37382391358667,215.17573483972637,272.12268977218656,0.00010995202316167027,1.998119275079244,27.650761572128065,0.990050413152443,3.267591477396079e-07,0,0.20202143762648056,0.0035685488921645882,0.06022249162197113,1.0004711068390015
0.0141875,28,physics,0,124,4.244432572622408,159.27416989200142,57.67633478698255,221.19493725160638,274.1703335698407,0.00011077938003681726,2.025620896723891,13.427449145664319,0.995168397101825,3.3091086848457946e-07,0,0.20072141046188105,0.003602597783988507,0.06022249162197113,1.00047164353367
0.01425,28,physics,0,124,1.8099254657066084,159.07667519039805,59.72473289413157,220.61133355023622,276.23340924790506,0.00011161297221146723,2.0081173910999492,-4.294384324112022,1.0015452407077587,3.3528219134382177e-07,0,0.19966986243793455,0.0036369560197815737,0.06022249162197113,1.000477368294713
0.0143125,28,physics,0,124,7.178309320335901,151.37666559370322,54.15898841607209,212.7139633301112,278.31200485210684,0.00011245283526077142,1.9458936517369474,-21.65115924937102,1.0077906592911188,3.3959497258706485e-07,0,0.19869092972075747,0.003670582322314563,0.06022249162197113,1.000482377487497
0.014375,28,physics,0,124,16.361148600714426,137.79447044784203,43.823500798587645,197.9791198471441,280.40625580850707,0.00011329902390405299,1.8467739060012585,-34.709715760518414,1.0124905718610704,3.437337348088934e-07,0,0.19756610490081764,0.0037027218442715077,0.06022249162197113,1.000487565606463
0.0144375,28,physics,0,124,21.579925173778257,121.47071141961713,35.36899473753223,178.41963133092761,282.51625797116526,0.00011415157687144418,1.7250281503481955,-40.251117220241426,1.0144848609264914,3.4691740680159476e-07,0,0.1961331017795738,0.0037328422656585833,0.06022249162197113,1.0004929326543939
0.0145,28,physics,0,124,18.587733626209776,105.61801801223173,33.04822200091598,157.2539736393575,284.64212018845575,0.00011501053814347084,1.5985130007663848,-36.70448587561085,1.0132089539755371,3.4892714140255537e-07,0,0.1943561705317146,0.0037605894008557288,0.06022249162197113,1.0004984786341693
0.0145,29,refine,0,128,18.58773362620978,105.61801801223174,33.048222000915985,157.25397363935753,284.6421201884557,0.00011501053814347084,1.5985130007663848,-36.70448587561085,1.0132089539755371,3.4892714140255537e-07,0,0.1943561705317146,0.0036347174266477054,0.06022249162197113,1.0004984786341693
0.0145625,29,physics,0,128,10.72511748132355,92.28926476184678,34.857835595988426,137.87221783915876,286.78398071178117,0.00011587596358104418,1.4839971531716478,-25.466639228609093,1.0091642006952066,3.5033995970934505e-07,0,0.19236620652524378,0.0036605808620153845,0.06022249162197113,1.0004990153435211
0.014625,29,physics,0,128,5.5444079105686965,82.28780755412745,35.064408230746515,122.89662369544266,288.9419674234879,0.00011674790485542588,1.3969785773843404,-9.597982200267998,1.0034538497388434,3.51078236704438e-07,0,0.19030682120062553,0.003684714212691547,0.06022249162197113,1.000500804376773
0.014687500000000001,29,physics,0,128,7.410546146284917,75.72410188102596,30.311930435426582,113.44657846273745,291.1161823797219,0.0001176264032027207,1.3434119761183592,6.834525256014844,0.9975405896419325,3.5178583601691534e-07,0,0.1883479356676648,0.003707536511993577,0.06022249162197113,1.0005013410873722
0.014750000000000001,29,physics,0,128,13.529526806895793,72.69835223586992,23.271649654491192,109.49952869725689,293.3067621047101,0.00011851151378596907,1.3238039780863873,20.04717655039322,0.9927860226740939,3.5277504117914257e-07,0,0.18665900370259783,0.0037297037731251126,0.06022249162197113,1.000500804376773
0.014812500000000001,29,physics,0,128,16.981062600600538,73.26780595830684,20.124482201646465,110.37335076055385,295.5138339329278,0.00011940328805506363,1.332979444361381,27.258732441764476,0.9901909176729098,3.544682840583846e-07,0,0.18544678699293568,0.003751811957811175,0.06022249162197113,1.0005020567019525
0.014875000000000001,29,physics,0,128,13.57128083512547,77.01213525948141,24.51230863115705,115.09572472576394,297.7374910503501,0.00012030176366208893,1.3622249713548331,27.26701334009833,0.9901879377833029,3.57082194923919e-07,0,0.1846648470912402,0.003774043369339196,0.06022249162197113,1.0005040246446875
0.014937500000000001,29,physics,0,128,6.0373456597390005,82.77426685162587,33.67385044987008,122.48546296123496,299.97786333995987,0.00012120699308666995,1.4018714591305637,20.679473152672188,0.9925584893844902,3.6059536867583114e-07,0,0.18424990733349877,0.0037969316949060428,0.06022249162197113,1.0005049191653923
0.015,29,physics,0,128,1.735107980678131,88.99153076689339,40.449492581447075,131.1761313290186,302.23513352255964,0.00012211905015771803,1.4437864468235104,9.770605919732379,0.9964838339120868,3.648240252118737e-07,0,0.18406461524456683,0.0038204177656345926,0.06022249162197113,1.0005068871137577
0.015,30,refine,0,134,1.7351079806781309,88.9915307668934,40.449492581447075,131.17613132901863,302.2351335225595,0.000122119050157718,1.4437864468235104,9.770605919732379,0.9964838339120868,3.5765557626632493e-07,0,0.18406461524456683,0.0036070453975148922,0.05878870561718941,1.0005068871137577
0.0150625,30,physics,0,134,5.753356563575098,94.50379996209824,39.592298083298516,139.84945460897185,304.5093691510994,0.00012303796217021367,1.4833688167409476,-2.0235241225805667,1.0007282076891504,3.6186124408033033e-07,0,0.1838911115572705,0.0036296357819068344,0.05878870561718941,1.0005126120764667
0.015125,30,physics,0,134,15.744576800807835,99.36007025674637,32.81331055101272,147.91795760856692,306.80074617961714,0.00012396380021893578,1.5204832580219392,-11.205758187891671,1.0040324711508166,3.657817764235458e-07,0,0.18349652338870603,0.0036528817429560606,0.05878870561718941,1.0005165480073317
0.0151875,30,physics,0,134,23.70174882651723,104.7129179874485,27.419206615755947,155.83387342972168,309.1093565850315,0.0001248966014674457,1.559531975671559,-14.921563294251603,1.0053696058326917,3.689495589043187e-07,0,0.18276014049020858,0.0036767831334325136,0.05878870561718941,1.0005176214457092
0.01525,30,physics,0,134,23.438714952827187,112.08244010031714,29.63106165285697,165.1522167060013,311.43533975068766,0.00012583642223401969,1.6073297271011031,-11.739695665417472,1.0042241923271316,3.713290919193924e-07,0,0.18148285767870215,0.003701399851049516,0.05878870561718941,1.0005220941180129
0.0153125,30,physics,0,134,16.516476298063395,122.44483258966325,38.74822978841031,177.70953867613696,313.7788197434696,0.00012678331264826984,1.6706277949510433,-2.03510801705031,1.0007322712444522,3.728752373532979e-07,0,0.17977482008121323,0.0037267912825822897,0.05878870561718941,1.000531576249422
0.015375,30,physics,0,134,10.542605253896479,135.99414551464173,48.03900454144157,194.5757553099798,316.1399330354995,0.00012773732785218363,1.7531018053045035,11.628971639283225,0.9958156717285018,3.7391931240193783e-07,0,0.17775337795528096,0.003753255596883943,0.05878870561718941,1.0005313973404504
0.0154375,30,physics,0,134,11.559117488844873,152.54310129366854,51.3823699143482,215.4845886968616,318.5188035498711,0.00012869851791727434,1.8536794775873573,25.79026986056922,0.9907201900642801,3.747802637121827e-07,0,0.17556973453085564,0.00378109046707484,0.05878870561718941,1.0005324707947598
0.0155,30,physics,0,134,18.205112051166736,171.82810646682807,48.976175530573734,239.00939404856854,320.91558733877116,0.00012966694589691566,1.9661562915206152,36.82096429956722,0.9867501853112196,3.7614932590912494e-07,0,0.17351527320338683,0.0038105349455596097,0.05878870561718941,1.0005346177068335
0.0155,31,refine,0,152,18.205112051166736,171.82810646682807,48.976175530573734,239.00939404856854,320.91558733877116,0.00012966694589691566,1.9661562915206152,36.82096429956722,0.9867501853112196,2.760198576368111e-07,0,0.1895696612886971,0.0036049374426459693,0.043146226555109024,1.0005346177068335
0.0155625,31,physics,0,152,23.22825612692992,193.12464441814552,46.64575408245458,262.99865462753,323.3304042680702,0.0001306426602232871,2.079019549511547,41.85545187148813,0.9849385724301443,2.7754377462940733e-07,0,0.18760167555612295,0.003634148556148707,0.043146226555109024,1.0005378380835817
0.015625,31,physics,0,152,20.514700171772244,215.12568831070178,50.06759442090873,285.70798290338274,325.76336478734925,0.0001316257055238871,2.182288486938664,39.358767691650456,0.9858369787847497,2.798459046715606e-07,0,0.1859732563049189,0.0036650891734596167,0.043146226555109024,1.0005369435334452
0.0156875,31,physics,0,152,11.074685576094604,235.0444754976829,58.850367920105505,304.969528993883,328.214623088445,0.00013261614410040907,2.2629001331763123,29.583697719746066,0.9893544517057724,2.829839669260535e-07,0,0.18472765795459545,0.0036976324520809297,0.043146226555109024,1.0005383748140475
0.01575,31,physics,0,152,2.4101985068823124,249.67014890526252,66.76281613212836,318.84316354427324,330.6843828089681,0.00013361405823326592,2.3115301780379207,14.466245137299586,0.994794403922932,2.866572179627267e-07,0,0.18377988641898588,0.00373132818390426,0.043146226555109024,1.000542668668139
0.0158125,31,physics,0,152,1.7669050407481164,256.5326970512736,67.36214560078162,325.6617476928033,333.1727058933026,0.00013461947295127967,2.323612590675868,-2.751043541534128,1.0009900165955186,2.9066373841146763e-07,0,0.18293812356533695,0.003765990477402648,0.043146226555109024,1.0005455312477707
0.015875,31,physics,0,152,9.284861327418158,255.1205835173567,60.19589328670142,324.60133813147627,335.67977604965245,0.00013563246248232414,2.3005528450652237,-18.25892535222954,1.0065708310590085,2.944807659943649e-07,0,0.182082209748633,0.003800787642197834,0.043146226555109024,1.0005487516596459
0.0159375,31,physics,0,152,17.639926499607583,247.15569534941673,51.52787029072386,316.32349213974817,338.2056780692567,0.00013665306108656444,2.249568973072513,-28.625296421960837,1.0103013575063564,2.978063662339993e-07,0,0.18090576578494835,0.0038354153835982686,0.043146226555109024,1.0005539401228027
0.016,31,physics,0,152,18.99383680693544,235.63451308810295,48.48522590724855,303.11357580228696,340.75060443716694,0.00013768134653818718,2.1821011595514026,-31.62151841878209,1.0113798471418438,3.004813500240292e-07,0,0.17942340863280243,0.0038691461649828546,0.043146226555109024,1.0005560870809447
0.016,32,refine,0,176,18.99383680693544,235.63451308810298,48.485225907248555,303.11357580228696,340.750604437167,0.00013768134653818718,2.1821011595514026,-31.62151841878209,1.0113798471418438,3.004813500240292e-07,0,0.17942340863280243,0.003762422550386797,0.043146226555109024,1.0005560870809447
0.0160625,32,physics,0,176,12.637878037502087,223.1888574645178,52.07471823592838,287.90145373794826,343.3146672853668,0.00013871736414447071,2.153881765877102,-26.99381533804653,1.0097135536297097,3.0228149139333027e-07,0,0.17763714574075115,0.00378973921435894,0.043146226555109024,1.0005568027346823
0.016125,32,physics,0,176,5.651075514052851,211.8938492620076,56.59638248101291,274.1413072570733,345.8980333483362,0.00013976118127500276,2.0894803737658836,-16.064308235856537,1.0057806479313278,3.034172415539156e-07,0,0.17552713388122038,0.00381571743791201,0.043146226555109024,1.0005625279830117
0.0161875,32,physics,0,176,5.697567136479067,202.38035706950498,55.13001371313237,263.20793791911643,348.500827402599,0.00014081284834612762,2.0398102365889668,-2.057956919887706,1.0007405429070744,3.0416675311784047e-07,0,0.17339160609437607,0.0038407940550711293,0.043146226555109024,1.0005623490685054
0.01625,32,physics,0,176,13.44214370723709,195.12037855039642,46.83248699387137,255.39500925150486,351.12320599087315,0.00014187242860941968,2.006584898807404,10.984669777037613,0.996046684743196,3.0510193305133297e-07,0,0.17140851616113398,0.003865743823134578,0.043146226555109024,1.0005616334108007
0.0163125,32,physics,0,176,21.889264531768355,190.4335929991982,37.81754597300067,250.14040350396724,353.76532982896856,0.00014293998700260418,1.9867161653058494,19.457824706344642,0.9929972344967039,3.064579621181451e-07,0,0.16982056729238218,0.0038909188980894628,0.043146226555109024,1.0005627068975498
0.016375,32,physics,0,176,23.005358102581734,188.14975537530043,35.42843817114273,246.5835516490249,356.42731534066706,0.00014401557056707394,1.974017651570044,21.405398187911587,0.9922963106162069,3.084973414502204e-07,0,0.16859812832428683,0.0039165936309676725,0.043146226555109024,1.0005646749595811
0.0164375,32,physics,0,176,15.261046001403855,187.25781444395415,41.28282654615545,243.80168699151346,359.1093461211525,0.00014509925348503685,1.9613860785602415,16.637220417135918,0.9940123546713902,3.1138025757826437e-07,0,0.16784997599685905,0.003942858628568722,0.043146226555109024,1.000570221337042
0.0165,32,physics,0,176,5.223210624445482,186.0883658789607,49.478233623131686,240.78981012653787,361.8115503534627,0.0001461910875492497,1.9429794952791972,6.672725787784136,0.9975985217761805,3.148839589073301e-07,0,0.16740116842516642,0.003969445427208445,0.043146226555109024,1.0005678954330732
0.0165,33,refine,0,187,5.223210624445481,186.0883658789607,49.478233623131686,240.78981012653787,361.81155035346274,0.0001461910875492497,1.9429794952791972,6.672725787784136,0.9975985217761805,2.4541172738423706e-07,0,0.16740116842516642,0.003457015712938841,0.033634260296821594,1.0005678954330732
0.0165625,33,physics,0,187,1.6856887772746716,183.1091395643935,51.689096762661315,236.48392510432947,364.53409999739654,0.00014729114224060674,1.914509565561322,-5.601888191036656,1.0020160859108271,2.4841336454528605e-07,0,0.1671285616279932,0.003480024429947353,0.033634260296821594,1.000568611095257
0.016625,33,physics,0,187,7.492749306241356,178.08234157621428,44.908075084285585,230.48316596674124,367.2771343622404,0.00014839947384746041,1.8815688758827798,-16.625540040107076,1.005983428785254,2.51304248521933e-07,0,0.16686767761703644,0.0035024697697164705,0.033634260296821594,1.0005729050791088
0.0166875,33,physics,0,187,16.692388647531715,172.27289293058027,34.33035623268296,223.29563781079494,370.0408045634283,0.00014951614342847394,1.8477095954746232,-23.07168459089863,1.0083033458509318,2.5381102020105567e-07,0,0.16637306627631776,0.003524097096358864,0.033634260296821594,1.000574515327804
0.01675,33,physics,0,187,20.19744409795242,167.95442651737642,28.78038408410451,216.93225469943337,372.8252736423035,0.0001506412168610118,1.8221978550893587,-22.75303918798044,1.0081871623810539,2.55628719969536e-07,0,0.165532034989736,0.0035446393249930403,0.033634260296821594,1.0005771990813883
0.0168125,33,physics,0,187,14.782534246250563,167.1523353841387,32.38216884632062,214.31703847670985,375.6307006718449,0.00015177475841900802,1.81491438901207,-15.388356188655987,1.0055371303067508,2.568414227965832e-07,0,0.16430217629847832,0.0035643384976408892,0.033634260296821594,1.0005816720200253
0.016875,33,physics,0,187,6.39633378415337,170.860774636582,40.840547936473065,218.09765635720842,378.4572231901584,0.0001529168236751641,1.8335876116204117,-2.5894984160897425,1.0009317664660617,2.5760263966390106e-07,0,0.16274487813664265,0.003583778882377163,0.033634260296821594,1.000590081198795
0.0169375,33,physics,0,187,4.288444324973187,179.26423676059966,46.004245615366216,229.55692670093907,381.3050736471638,0.00015406750655159654,1.8815308496972185,12.627431906092617,0.9954555004874565,2.580654498984814e-07,0,0.16101985415318182,0.003603665421731325,0.033634260296821594,1.0005934806741021
0.017,33,physics,0,187,11.898170324966685,192.42700177766162,43.99604140651823,248.32121350914653,384.17429590809877,0.00015522682477219169,1.9566992791046958,26.785542079753156,0.9903617523927147,2.5864611963299906e-07,0,0.15931181353272705,0.0036247417928837898,0.033634260296821594,1.0005952698762712
0.017,34,refine,0,201,11.898170324966685,192.42700177766162,43.99604140651823,248.32121350914653,384.17429590809877,0.00015522682477219174,1.9566992791046958,26.785542079753156,0.9903617523927147,2.211468910218173e-07,0,0.15931181353272705,0.0036247417928837898,0.02870587445795536,1.0005952698762712
0.0170625,34,physics,0,201,23.506272258105533,210.46025964291783,38.812266966757704,272.77879886778106,387.06511095633715,0.00015639486762597234,2.0517216884113703,37.141989383264395,0.9866350773176067,2.2194490068017108e-07,0,0.15774845156476375,0.003647580300735013,0.02870587445795536,1.0005956277170889
0.017125,34,physics,0,201,29.579832355562516,233.2483977855049,38.25921406987947,301.0874442109469,389.97768076903265,0.00015757170056031363,2.1575181688595113,42.14642242296132,0.9848339781028013,2.2326396376115533e-07,0,0.15649105368364769,0.003672599331293177,0.02870587445795536,1.0005977747646828
0.0171875,34,physics,0,201,25.56372206800144,259.3957912649438,46.13759990775711,331.09711324070236,392.9121677973767,0.00015875738921412717,2.262271270349982,40.04906355898592,0.985588458756476,2.2520884002119593e-07,0,0.15561874164298048,0.003699519703068176,0.02870587445795536,1.0005992061323048
0.01725,34,physics,0,201,16.030888857578198,286.3235387640645,58.32517331943406,360.6796009410767,395.8687534586447,0.0001599520068896298,2.3558712011671523,31.44501895027465,0.988684652264682,2.2776503438848305e-07,0,0.15493294827122117,0.0037279803897527094,0.02870587445795536,1.0006026056386135
0.0173125,34,physics,0,201,10.470801749665563,311.00052441924765,66.18901446109763,387.66034063001086,398.8475838874965,0.00016115561263298775,2.4312897433530645,18.662078334692747,0.9932848047695337,2.3067079091276812e-07,0,0.15440849362900835,0.003757133890430735,0.02870587445795536,1.0006042159351067
0.017375,34,physics,0,201,14.365710054893562,331.28768719711104,64.53401051638079,410.18740776838536,401.8488066757014,0.00016236826607911634,2.485977782277497,5.018603273893244,0.998194306943979,2.3358715761645483e-07,0,0.15389002327625662,0.003786241855140779,0.02870587445795536,1.0006027845603183
0.0174375,34,physics,0,201,23.751741295501787,346.9526850395239,56.763140149703496,427.46756648472916,404.87263466973127,0.00016359005322929778,2.5223876096331073,-5.977335235160948,1.0021506397395605,2.3622894573804826e-07,0,0.15317722157541666,0.0038145128232075372,0.02870587445795536,1.0006045737791238
0.0175,34,physics,0,201,28.80490294895111,359.5497573517768,51.991371913571086,440.346032214299,407.91926828004875,0.00016482105506000576,2.5471389611724455,-11.54311271401876,1.0041531820667213,2.384796644605557e-07,0,0.15216442538515762,0.00384143843895758,0.02870587445795536,1.000607973303669
0.0175,35,refine,0,220,28.804902948951106,359.5497573517768,51.991371913571086,440.346032214299,407.91926828004875,0.00016482105506000576,2.5471389611724455,-11.54311271401876,1.0041531820667213,2.384796644605557e-07,0,0.15936334114614428,0.0037170409771257458,0.02870587445795536,1.000607973303669
0.0175625,35,physics,0,220,23.479070729112777,371.1332499008894,56.35479735979895,450.9671179898011,410.9887458303451,0.0001660612870560476,2.582167927723994,-10.380576944252388,1.0037354757648043,2.4013659416510833e-07,0,0.15791660495077892,0.0037459123845170503,0.02870587445795536,1.0006138777684879
0.017625000000000002,35,physics,0,220,11.696029831134254,383.4422522511227,67.14572530968755,462.28400739194444,414.0812994844268,0.00016731084302393473,2.609377754324586,-3.080359729072472,1.0011084721370567,2.4126735009843985e-07,0,0.15612466794013713,0.003774740001112609,0.02870587445795536,1.0006167405518507
0.017687500000000002,35,physics,0,220,3.6855820480444654,396.9311199246278,75.25338814592129,475.87009011859357,417.1970791885131,0.00016856978354990565,2.6460464515683824,8.105292197836011,0.9970833884919363,2.42100384184596e-07,0,0.1541634394063375,0.0038038399780796505,0.02870587445795536,1.000621571517348
0.017750000000000002,35,physics,0,220,6.111566386732814,411.63924751167707,74.13796040765436,491.88877430606425,420.3362717511221,0.00016983818411452593,2.6922481532054507,19.856662881122332,0.9928547540688747,2.428406062904289e-07,0,0.15216778233174794,0.0038335886227482126,0.02870587445795536,1.0006230029190117
0.017812500000000002,35,physics,0,220,15.812785023784897,427.4705106461011,65.93740567443389,509.2207013443199,423.4989910640572,0.00017111609073613455,2.7434807950573696,28.772110015476063,0.9896466104859859,2.438158004380853e-07,0,0.15030854276136768,0.003864236496641629,0.02870587445795536,1.0006231818443636
0.017875000000000002,35,physics,0,220,22.980403761760027,443.95176175482857,59.24626092286347,526.1784264394521,426.685473588191,0.0001724035989574861,2.7920358084259123,32.21140422887246,0.9884089942771862,2.4543910193131095e-07,0,0.14876230272937105,0.0038958066208651513,0.02870587445795536,1.0006260446543456
0.017937500000000002,35,physics,0,220,20.410691991104542,459.68637522497147,60.92919077464953,541.0262579907255,429.8958118795207,0.0001737007461761204,2.829099438154209,28.896016751310068,0.989602029320036,2.475191314132987e-07,0,0.1475814373801775,0.003927901150890627,0.02870587445795536,1.0006280128409595
0.018000000000000002,35,physics,0,220,10.211020928036397,472.22731833943783,69.64846560089175,552.086804868366,433.1300950520787,0.00017500756839884088,2.8469124239748735,19.20202954774063,0.9930903329572102,2.501881439798123e-07,0,0.14674620941592587,0.003960457163997438,0.02870587445795536,1.0006287285461426
0.018000000000000002,36,refine,0,245,10.2110209280364,472.2273183394379,69.64846560089175,552.086804868366,433.1300950520787,0.00017500756839884088,2.8469124239748735,19.20202954774063,0.9930903329572102,2.501881439798123e-07,0,0.13772933779576316,0.003783026194960781,0.02870587445795536,1.0006287285461426
0.0180625,36,physics,0,245,1.9275505328919391,478.65684130131524,76.90834143636451,557.4927332705716,436.3892130654098,0.00017632442521658135,2.839379632195865,5.075229143890837,0.9981737327889384,2.53304438757596e-07,0,0.13711445495201197,0.0038141284668509966,0.02870587445795536,1.0006333806423102
0.018125,36,physics,0,245,3.676772753058243,477.51880829025606,75.13539066012825,556.3309717034425,439.672947404606,0.00017765122833771156,2.809995679660629,-10.362442226877652,1.0037287999184885,2.5665425074095083e-07,0,0.13672383760373227,0.0038447921557513785,0.02870587445795536,1.0006373170482683
0.0181875,36,physics,0,245,14.239483032871055,469.0861571360824,64.67001526406929,547.9956554330228,442.9813793832424,0.0001789880106172354,2.761184273364792,-23.5556189051865,1.008476150941757,2.5988514273933576e-07,0,0.13612197897190656,0.003874715182380419,0.02870587445795536,1.0006400009703003
0.01825,36,physics,0,245,23.828698314719503,455.9598816306212,54.02448361787319,533.813063563214,446.3146845578229,0.00018033484298930698,2.702029818503633,-31.162238114964396,1.0112119141547817,2.625602641970202e-07,0,0.13532298681834215,0.0039036197566499247,0.02870587445795536,1.0006417902556541
0.0183125,36,physics,0,245,23.384744780979183,441.6854835386225,51.79622762932466,516.8664559489264,449.67309439517203,0.00018169181897882008,2.6438085787013406,-29.611737939629958,1.0106556327134766,2.6451451695663753e-07,0,0.1342893166893393,0.00393166170271307,0.02870587445795536,1.0006459056241102
0.018375,36,physics,0,245,13.506023683692309,429.1480851604656,58.36389617181736,501.0180050159753,453.0567958939869,0.00018305901414318257,2.5971601009395573,-20.83588844330358,1.00749766796739,2.65943147503833e-07,0,0.1330135629111419,0.003959032353232717,0.02870587445795536,1.0006487684991057
0.0184375,36,physics,0,245,3.930370427244143,419.85065135694606,65.64203774531606,489.4230595295063,456.46594206466887,0.00018443649030672532,2.569389711592048,-7.340682619880816,1.0026414981881568,2.6695311028390707e-07,0,0.13159955370523418,0.003986177422247138,0.02870587445795536,1.0006512735214457
0.0185,36,physics,0,245,3.996606243513281,414.33294363447726,65.19050721287613,483.52005709086666,459.9007507737473,0.0001858243354991003,2.562779233716174,7.488789775268418,0.9973052160265302,2.67613791571364e-07,0,0.13002740314522274,0.004013476856320751,0.02870587445795536,1.000651989243266
0.0185,37,refine,0,260,3.9966062435132805,414.33294363447726,65.19050721287613,483.52005709086666,459.9007507737473,0.0001858243354991003,2.562779233716174,7.488789775268418,0.9973052160265302,2.547535942198924e-07,0,0.13002740314522274,0.0036700265090929742,0.027507703751325607,1.000651989243266
0.0185625,37,physics,0,260,13.65408788763665,412.80117595521153,56.49611433265889,482.9513781755071,463.3614023852808,0.00018722262259696911,2.57407690624602,20.062855876841137,0.9927805547464651,2.554481008942844e-07,0,0.12869283576561177,0.0036957399588571707,0.027507703751325607,1.0006534206884425
0.018625,37,physics,0,260,23.655142069506745,415.49090620010145,47.49553342231242,486.6415816919206,466.8480845949132,0.00018863142743934304,2.5970893856089265,27.4158657986583,0.9901346659143235,2.565698720147226e-07,0,0.1274701205118222,0.0037211037482170854,0.027507703751325607,1.0006582518310312
0.0186875,37,physics,0,260,24.344438403660828,421.7321542626579,46.88193194261907,492.9585246089378,470.36101550909956,0.00019005083815281686,2.62287950629589,27.963604833116484,0.9899375889132338,2.5833867756119876e-07,0,0.1265726424227003,0.003746526044328863,0.027507703751325607,1.0006611147413496
0.01875,37,physics,0,260,14.698189018013547,429.8024887618907,55.84246056081128,500.3431383407155,473.9003887520506,0.00019148093297185795,2.6430104269904953,21.785596758242455,0.9921606819842648,2.607038656066154e-07,0,0.12598857378897557,0.0037721927660346213,0.027507703751325607,1.0006620094025036
0.0188125,37,physics,0,260,3.4297781413514867,437.1846640408545,66.56690131880649,507.1813435010125,477.466362868404,0.0001929217759569227,2.6514703215962587,10.59923605744043,0.996185985174097,2.6357704641100046e-07,0,0.12557692436213322,0.0037979738570139603,0.027507703751325607,1.0006632619294633
0.018875,37,physics,0,260,1.0802175357733268,441.703125162237,69.14216722102344,511.92550991903374,481.0591977144902,0.00019437347210377333,2.646235115890142,-2.6065353365037898,1.000937930151943,2.66588551234293e-07,0,0.12534272222564397,0.0038239988945194276,0.027507703751325607,1.0006663037871784
0.0189375,37,physics,0,260,10.074239446341092,442.82760220726874,60.77956188613339,513.6814035397432,484.67906160097044,0.00019583608941885845,2.629994896726717,-14.276141431200424,1.0051361853248946,2.6963181642969355e-07,0,0.1250182270966652,0.0038498274702243773,0.027507703751325607,1.0006697035214496
0.019,37,physics,0,260,22.110808415152903,442.16423210354276,48.75925104447167,513.0342915631674,488.3260932811606,0.00019730968396588917,2.6097579261890917,-21.06779325134551,1.0075796413897706,2.72396806444419e-07,0,0.12452427954567123,0.0038755595664755043,0.027507703751325607,1.0006738190047053
0.019,38,refine,0,278,22.110808415152903,442.16423210354276,48.75925104447167,513.0342915631674,488.32609328116064,0.00019730968396588914,2.6097579261890917,-21.06779325134551,1.0075796413897706,2.2674838362490835e-07,0,0.12452427954567123,0.0036683766957659827,0.022864405065774918,1.0006738190047053
0.0190625,38,physics,0,278,25.957382572000498,442.5405249281617,43.80231231439918,512.3002198145614,492.00056601797246,0.00019879436615759878,2.594374477860749,-21.315179346543804,1.0076686252435851,2.2847760483557527e-07,0,0.12379425740893484,0.003692255533970888,0.022864405065774918,1.0006802606646505
0.019125,38,physics,0,278,18.479213796757513,446.75515949017455,49.96958766049589,515.203960947428,495.7027570989719,0.0002002902480328945,2.5953109554991314,-14.476813152822762,1.0052088352144386,2.2967996704537089e-07,0,0.12272563937010744,0.003715481850990876,0.022864405065774918,1.0006834815101735
0.0191875,38,physics,0,278,7.840610160031531,456.13014992145867,60.86579254520875,524.8365526266989,499.4328149952513,0.00020179738958198552,2.6183617448043655,-2.3217569468029597,1.000835524971849,2.3038913354866963e-07,0,0.12154466083961009,0.003738736035345483,0.022864405065774918,1.0006852708732767
0.01925,38,physics,0,278,5.503287496846649,471.0372823057412,66.19535242361229,542.7359222262002,503.19093186250484,0.00020331586844598036,2.6657822762301273,12.319723430248228,0.995567737010782,2.3084154632258013e-07,0,0.12016195463651773,0.0037625353932299655,0.022864405065774918,1.0006856287462813
0.0193125,38,physics,0,278,15.074700480428755,491.5802332934903,61.84627208294795,568.501205856867,506.9773130725441,0.00020484576760600143,2.7345362315326076,26.29892363539356,0.9905373668139495,2.3136050408822944e-07,0,0.11885993798319686,0.003787475551444946,0.022864405065774918,1.0006875970500944
0.019375,38,physics,0,278,28.91031401979012,517.8269841014458,53.68404323088939,600.4213413521253,510.7921901983718,0.00020638718062984397,2.817219977023207,36.600753557824476,0.986830248792784,2.3224876866123636e-07,0,0.11772199491913697,0.003813913433493021,0.022864405065774918,1.0006875970500944
0.0194375,38,physics,0,278,35.35986172259733,549.2546062416146,51.70368914284509,636.318157107057,514.6357844948191,0.0002079401969162139,2.903963288964404,41.06130087667161,0.9852252437198386,2.3362494783185647e-07,0,0.11675896232023364,0.003841901530739691,0.022864405065774918,1.0006874181132241
0.0195,38,physics,0,278,29.573484029164717,584.0600164084013,60.34937552543574,673.9828759630018,518.508334323718,0.00020950491277595438,2.984671405065694,38.764133060238905,0.9860518350161421,2.356005528447723e-07,0,0.11610985456831124,0.0038713033568021776,0.022864405065774918,1.0006915336693352
0.0195,39,refine,0,298,29.573484029164714,584.0600164084013,60.34937552543573,673.9828759630018,518.5083343237179,0.00020950491277595438,2.984671405065694,38.764133060238905,0.9860518350161421,2.356005528447723e-07,0,0.11610985456831124,0.003726571528527554,0.022864405065774918,1.0006915336693352
0.0195625,39,physics,0,298,18.006436956675557,619.079440442812,73.97105935396894,711.0569367534565,522.4099592465527,0.00021108137651825685,3.0506390114517816,30.576466073397686,0.9889979171507511,2.3812680627344197e-07,0,0.11557210339486851,0.003753089428422409,0.022864405065774918,1.0006936809227212
0.019625,39,physics,0,298,12.520222463860613,651.2298358348767,81.77870970529108,745.5287680040283,526.3409715431253,0.00021266971432075098,3.0987010337508214,18.742181208085288,0.9932561607404746,2.409510719836307e-07,0,0.1153007095267789,0.0037803578330934955,0.022864405065774918,1.0006952913657843
0.0196875,39,physics,0,298,19.26748932862895,678.4736154367052,77.72436165622707,775.4654664215612,530.3015665191419,0.00021427000509731772,3.128475357118271,6.430378166510073,0.9976862184725401,2.4386390151676107e-07,0,0.11498685908057216,0.0038082772818969464,0.022864405065774918,1.0006963649959328
0.01975,39,physics,0,298,32.51627261930125,701.2555481101955,66.61657134662076,800.3883920761175,534.2919342281238,0.00021588232563967612,3.145231558323676,-3.0785235747654434,1.0011077153236252,2.4653953767384e-07,0,0.11447765746582877,0.0038367834429829453,0.022864405065774918,1.0006986911985398
0.0198125,39,physics,0,298,39.79955333918012,722.0500314277779,59.95720243089083,821.8067871978487,538.3123370702829,0.00021750678197145201,3.1577304914582847,-7.2266235686844675,1.0026002729526764,2.487940324868992e-07,0,0.11381407265741117,0.0038657135683816506,0.022864405065774918,1.0007056698388053
0.019875,39,physics,0,298,33.99872030447002,743.8139658480594,65.0709878179748,842.8836739705042,542.3630653689321,0.0002191434913986871,3.175892450961705,-4.904345172311483,1.0017646653560037,2.5045705243087474e-07,0,0.11282714785204156,0.003895029213297822,0.022864405065774918,1.0007105012336521
0.0199375,39,physics,0,298,20.486132981225605,768.5327582221139,78.03555160526699,867.0544428086065,546.4442850575733,0.00022079252096733135,3.207908016088089,3.2315214183432683,0.9988372138153429,2.51642488624526e-07,0,0.1116711162588532,0.003924734416462693,0.022864405065774918,1.0007135432349672
0.02,39,physics,0,298,11.96198094119892,796.9294911156245,87.56674129751767,896.4582133543411,550.5561220436307,0.00022245392155067315,3.257859064269646,14.944158838738561,0.9946227044003941,2.524297197936673e-07,0,0.11035566881496658,0.0039547658166486635,0.022864405065774918,1.0007130064105338
0.02,40,refine,0,330,11.961980941198922,796.9294911156244,87.56674129751767,896.458213354341,550.5561220436307,0.00022245392155067313,3.257859064269646,14.944158838738561,0.9946227044003941,1.6610131936545266e-07,0,0.10244831293134313,0.0035747194039982754,0.015055622905492783,1.0007130064105338
0.0200625,40,physics,0,330,16.138713957998448,828.9348058434638,85.94393319501225,931.0174529964745,554.6989059396601,0.00022412782632969547,3.322867378655673,27.057527474846257,0.9902639778380868,1.6652073142608933e-07,0,0.10118234738974825,0.003601089325579461,0.015055622905492783,1.0007147958264317
0.020125,40,physics,0,330,28.443272140335377,864.8063695747827,76.40792773682477,969.6575694519429,558.8728672989628,0.0002258143284601802,3.4006828992439444,36.36503363131628,0.9869149115494459,1.6728345819672083e-07,0,0.10002938782885576,0.003628080833687952,0.015055622905492783,1.0007139011180828
0.0201875,40,physics,0,330,36.52359666104687,903.775599424739,69.64886508545968,1009.9480611712455,563.0782888856461,0.0002275135421938483,3.480316295342372,40.37089358511513,0.985473503755681,1.6825844539880558e-07,0,0.09905915643230438,0.00365601059578469,0.015055622905492783,1.0007173010140644
0.02025,40,physics,0,330,31.856587173972787,943.9884369354604,73.7188357628776,1049.5638598723108,567.3153054294885,0.00022922552196868792,3.551667980786648,37.88523105276083,0.9863683541573417,1.6975475958247451e-07,0,0.09830108845904373,0.003684812896127984,0.015055622905492783,1.0007187325526703
0.0203125,40,physics,0,330,17.720129071351685,982.1651305066175,86.31509953264063,1086.20035911061,571.5841963861808,0.00023095038069964428,3.605900834396799,29.27776683126377,0.9894655246600158,1.7158569498576528e-07,0,0.09776632997924907,0.003714401827174457,0.015055622905492783,1.0007205219788073
0.020375,40,physics,0,330,6.347256255247581,1014.4966584876508,96.67953900946705,1117.5234537523654,575.8851125162546,0.00023268817930198154,3.637565264912318,16.393645168011414,0.9941012239321184,1.7371436733526482e-07,0,0.09740615905687518,0.003744440847337541,0.015055622905492783,1.0007215956360254
0.0204375,40,physics,0,330,7.661589464608204,1038.3275580865136,95.52422125201251,1141.5133688031342,580.2182388969657,0.00023443899255674324,3.6459723217037903,2.1616749123693713,0.9992221848949118,1.7619962200399192e-07,0,0.09709786046897614,0.0037745120335952852,0.015055622905492783,1.000726427107762
0.0205,40,physics,0,330,19.71620997668193,1053.5973154684275,84.01926197833393,1157.3327874234433,584.5837705229195,0.00023620289925210943,3.6355382932607703,-10.092478787562692,1.0036314678613785,1.782257559312936e-07,0,0.09663855059372099,0.0038044861632202404,0.015055622905492783,1.000731616492276
0.0205,41,refine,0,358,19.71620997668193,1053.5973154684275,84.01926197833393,1157.3327874234433,584.5837705229196,0.00023620289925210943,3.6355382932607703,-10.092478787562692,1.0036314678613785,1.7671570695654269e-07,0,0.09663855059372099,0.0036926227761216483,0.014880690723657608,1.000731616492276
0.0205625,41,physics,0,358,30.164065788383525,1062.7620989902903,73.07835009566872,1166.0045148743425,588.9826302146078,0.00023798027225658156,3.6130384742034845,-17.497339492946672,1.0062958847054202,1.7832564491726557e-07,0,0.0960183051969002,0.003722543850345923,0.014880690723657608,1.0007359111756724
0.020625,41,physics,0,358,28.09297503129698,1069.9986992414636,73.22723644588766,1171.318910718648,593.4146127297429,0.00023977102864137338,3.5934698656526183,-18.323147823954944,1.0065929889564484,1.7959212161855492e-07,0,0.09515082585688518,0.003752464004979474,0.014880690723657608,1.0007418163954367
0.0206875,41,physics,0,358,14.825863589233576,1078.295489423522,84.1841885751633,1177.305541587919,597.8798340427297,0.0002415752152663054,3.5847061225796497,-12.595734989289973,1.0045321494698556,1.8038112337137599e-07,0,0.09416307425188222,0.003782503159043989,0.014880690723657608,1.0007446795448356
0.02075,41,physics,0,358,2.7640425513536075,1089.289417877385,95.27105129659964,1187.3245117253382,602.378707673606,0.0002433929992154412,3.593179187553717,-1.8424506148603488,1.0006628993592404,1.8096232601294546e-07,0,0.09303782745979122,0.0038125423402123413,0.014880690723657608,1.0007455742807025
0.0208125,41,physics,0,358,3.30288369592059,1103.5599020667307,95.81205515838118,1202.6748409210325,606.9114849170695,0.0002452244820251885,3.6202879082338253,11.266231937122614,0.9959464541413664,1.814906367414438e-07,0,0.09186555380003966,0.0038425811003597408,0.014880690723657608,1.000748616388634
0.020875,41,physics,0,358,15.883533813378302,1121.348450362912,85.4113398173541,1222.6433239936443,611.4783691887246,0.0002470697458862582,3.6622175369483303,22.615324768786863,0.9918624768642974,1.8211997243611222e-07,0,0.09076074205254545,0.0038726203386957284,0.014880690723657608,1.0007534479908264
0.0209375,41,physics,0,358,28.64226524500819,1142.534192684359,74.20107117240553,1245.3775291017728,616.0796140852267,0.000248928893265171,3.711187873029276,28.954049909047743,0.9895824450675879,1.8309170890518058e-07,0,0.08981923614664293,0.0039026602593578417,0.014880690723657608,1.0007572059197698
0.021,41,physics,0,358,29.579466063482606,1165.9597879233709,73.18752914151206,1268.7267831283655,620.7154721484305,0.0002508020262022529,3.7575738476990908,28.840191615929523,0.9896234312503871,1.845093278163291e-07,0,0.08917731403385637,0.0039327008467102435,0.014880690723657608,1.0007588164650656
0.021,42,refine,0,374,29.579466063482606,1165.959787923371,73.18752914151207,1268.7267831283657,620.7154721484305,0.0002508020262022529,3.7575738476990908,28.840191615929523,0.9896234312503871,1.826046380770664e-07,0,0.08917731403385637,0.0037120008411625645,0.014697176404297352,1.0007588164650656
0.0210625,42,physics,0,374,17.69000705666287,1188.877133018174,83.86027064002376,1290.4274107148606,625.3862369869162,0.0002526892633309679,3.792248325186017,22.217011225919816,0.9920064326311655,1.8439886151355727e-07,0,0.08866069303994271,0.0037406110524627998,0.014697176404297352,1.0007598901633692
0.021125,42,physics,0,374,4.009625871778022,1207.8952525735936,96.57341204234044,1308.478290487712,630.0921497045772,0.00025459070207009776,3.8085752893113423,10.696335946395436,0.9961515376340174,1.8655751610197068e-07,0,0.08831454892235241,0.003769221264039207,0.014697176404297352,1.00076454286933
0.0211875,42,physics,0,374,1.521758242602223,1219.9560575186642,99.23110714552467,1320.708922906791,634.8334634001026,0.0002565064446849586,3.8042255373398635,-2.8456924479201664,1.0010238553818966,1.888810530203955e-07,0,0.08802742465185953,0.0037978314758855434,0.014697176404297352,1.0007715219688296
0.02125,42,physics,0,374,12.843142109673105,1224.4320451046137,88.68908513046577,1325.9642723447528,639.6104665172411,0.0002584366077221484,3.781937843729186,-15.089403097979778,1.005429016523421,1.911546343436044e-07,0,0.08772609754345038,0.003826858953098455,0.014697176404297352,1.0007747431080911
0.0213125,42,physics,0,374,27.303802104234673,1223.62804070262,74.11676824379259,1325.0486110506472,644.4233897537163,0.00026038128439580347,3.749072143993915,-22.87604393923145,1.008230530917381,1.9316450217132815e-07,0,0.08729690774554551,0.0038555288026625506,0.014697176404297352,1.0007765326343832
0.021375,42,physics,0,374,30.936102791639208,1221.6467849692058,68.55817460094637,1321.1410623617915,649.2725985111699,0.0002623406223475988,3.715937535321678,-24.0981442535594,1.0086702607603715,1.9474305279487654e-07,0,0.0867253413884445,0.0038841390806617065,0.014697176404297352,1.0007808275105392
0.0214375,42,physics,0,374,20.161073419011956,1222.3260690459804,76.41125446455482,1318.898396929547,654.1583459477756,0.0002643147238668857,3.693091978020604,-17.832187914899286,1.0064163525016623,1.9581646437671923e-07,0,0.08598898835767167,0.003912749292576645,0.014697176404297352,1.000787448814058
0.021500000000000002,42,physics,0,374,5.482885134794159,1227.8992597057322,89.21457559866548,1322.5967204391918,659.0807525531264,0.00026630363763786077,3.688514288906219,-6.080650352049016,1.0021879200096973,1.965207649945457e-07,0,0.08507212501926943,0.003941359504746769,0.014697176404297352,1.0007892383630694
0.021500000000000002,43,refine,0,407,5.482885134794159,1227.8992597057322,89.21457559866548,1322.5967204391918,659.0807525531266,0.00026630363763786077,3.688514288906219,-6.080650352049016,1.0021879200096973,1.4396816006012603e-07,0,0.09382368669711776,0.003724214786248412,0.010786556638777256,1.0007892383630694
0.021562500000000002,43,physics,0,407,1.2859964739437029,1239.0183676489428,94.04314806199977,1334.3475121848862,664.0402268289449,0.0002683075287169214,3.704768235969129,7.959074139816343,0.9971361977428382,1.4433317119255678e-07,0,0.09270838264296925,0.003751360452512139,0.010786556638777256,1.0007908489599158
0.021625000000000002,43,physics,0,407,11.949249832925627,1256.2861798047325,86.18900288370038,1354.4244325213585,669.036989693194,0.00027032648636666085,3.7418926416800757,20.77503661611561,0.9925247932897053,1.4471907050506156e-07,0,0.09168618630082499,0.0037785138143681773,0.010786556638777256,1.0007915647815682
0.021687500000000002,43,physics,0,407,27.804200065711782,1279.653901561036,73.51137508379617,1380.9694767105439,674.0713553834825,0.0002723606375557672,3.7923300351143943,29.252911800535973,0.9894743303892652,1.4530892844533154e-07,0,0.09074056421129048,0.003805672864770123,0.010786556638777256,1.000795143897511
0.021750000000000002,43,physics,0,407,34.35575516887809,1308.4536044949512,68.90111200501777,1411.7104716688468,679.1436059283537,0.00027441009623875443,3.8470882633290224,31.419964417391647,0.9886955824408661,1.4628393785187665e-07,0,0.08998619264570032,0.0038328374410816456,0.010786556638777256,1.0007965755474721
0.021812500000000002,43,physics,0,407,25.792068194850437,1340.5132611735246,78.0031956267227,1444.3085249950977,684.2540146763289,0.00027647497286294696,3.896684634685149,27.923143974904782,0.989953741873276,1.4746768073337096e-07,0,0.08944098289900568,0.003860010865214856,0.010786556638777256,1.000793891205475
0.021875000000000002,43,physics,0,407,10.46916959514515,1372.2640722750914,93.62573778744644,1476.358979657683,689.4029117819754,0.00027855540082832907,3.9333320117748136,19.196739181635003,0.9930939459562479,1.4903108525032846e-07,0,0.08909042472479901,0.0038871895471393036,0.010786556638777256,1.0007944280732985
0.021937500000000002,43,physics,0,407,3.39099247119125,1400.0679869596902,101.98276984881035,1505.441749279692,694.5905342589964,0.00028065147590102847,3.9528164015317877,7.774909177422841,0.9972025362776662,1.5076378812040053e-07,0,0.08882049718084957,0.003914375144900403,0.010786556638777256,1.0007989019830268
0.022,43,physics,0,407,12.210181045685312,1422.11824766164,95.40771733767221,1529.7361460449974,699.8171788771311,0.0002827633179917857,3.9555964138211457,-3.6153637500091556,1.0013007829320753,1.5252885532390805e-07,0,0.08858088708579914,0.003941858651373925,0.010786556638777256,1.000803196955182
0.022,44,refine,0,475,12.21018104568531,1422.11824766164,95.40771733767221,1529.7361460449974,699.817178877131,0.0002827633179917857,3.9555964138211457,-3.6153637500091556,1.0013007829320753,1.5252885532390805e-07,0,0.08858088708579914,0.003799847101823002,0.010786556638777256,1.000803196955182
0.0220625,44,physics,0,475,29.604090298765506,1439.2972929805585,79.83715630639824,1548.7385395857223,705.0831421111468,0.0002848910468921566,3.988841349340996,-11.830454549515574,1.004256512875005,1.5416902243714514e-07,0,0.08823528350329395,0.003827730146256589,0.010786556638777256,1.000803375912755
0.022125,44,physics,0,475,39.88546128107719,1455.965244188463,69.8257732974536,1565.6764787669938,710.3887436483199,0.0002870347917727845,3.9772508452462483,-14.54773523657189,1.0052341644667255,1.5548947196464258e-07,0,0.08772816018329255,0.0038549489807717767,0.010786556638777256,1.000805881322139
0.0221875,44,physics,0,475,34.17909550923183,1475.927380589047,74.4866826722438,1584.5931587705227,715.7342659572164,0.0002891946667659763,3.9735636018834426,-10.769211722510104,1.0038746645159082,1.5648544593460648e-07,0,0.08702946252698412,0.0038815788529488865,0.010786556638777256,1.0008107132008057
0.02225,44,physics,0,475,19.29030231578424,1501.9499271702898,88.98090213322199,1610.2211316192959,721.1200272549125,0.00029137080044833587,3.9867404415514924,-1.195479045381195,1.0004301378796396,1.571097438812784e-07,0,0.08615675042305923,0.00390753442099605,0.010786556638777256,1.0008175136621535
0.0223125,44,physics,0,475,11.151574397596164,1535.1088215172713,99.33843276195861,1645.5988286768259,726.5462737486982,0.00029356329230068815,4.0215415435465856,11.934003512484438,0.9957061157798255,1.5750205140108135e-07,0,0.08518154006497454,0.00393440340719645,0.010786556638777256,1.000819303264925
0.022375,44,physics,0,475,19.350334227041095,1575.6823742911452,96.16638327358503,1691.1990917917713,732.0132552591485,0.0002957722432638173,4.077466490143702,25.51411300392053,0.9908203098024208,1.578607715657653e-07,0,0.08418644962102446,0.003962012330880217,0.010786556638777256,1.0008223455969811
0.0224375,44,physics,0,475,38.02106907781375,1623.7986692011564,83.60926524027339,1745.4290035192435,737.5212586827272,0.000297997769259136,4.149096984073514,36.39385169983694,0.9869058978014371,1.5842212697236827e-07,0,0.08328975379744001,0.003990635768239457,0.010786556638777256,1.0008200191069299
0.0225,44,physics,0,475,51.504834223649574,1679.0442743108251,75.19614187390624,1805.745250408381,743.0704824380617,0.000300239950458311,4.227676285480818,42.14207861682031,0.9848377823606207,1.5927095553536216e-07,0,0.08258959122472423,0.004020419903685376,0.010786556638777256,1.0008207349494465
0.0225,45,refine,0,497,51.504834223649574,1679.0442743108251,75.19614187390624,1805.745250408381,743.0704824380617,0.000300239950458311,4.227676285480818,42.14207861682031,0.9848377823606207,1.2469031673845176e-07,0,0.08258959122472423,0.00365081814244391,0.008408565074205399,1.0008207349494465
0.0225625,45,physics,0,497,48.977480462166056,1739.489706784139,80.88771345157362,1869.3549006978785,748.6619552741954,0.00030249920253060656,4.301176568629502,41.616377787405675,0.9850268991571985,1.2570908580755708e-07,0,0.08205861019481908,0.0036751721496755536,0.008408565074205399,1.000821450792475
0.022625,45,physics,0,497,34.46653080048297,1801.681090278787,97.59395170512732,1933.7415727843972,754.2955060685285,0.00030477545633340257,4.366061766434592,35.175857759955235,0.987344122971436,1.2701086582467272e-07,0,0.08169285408939847,0.003700067436531343,0.008408565074205399,1.0008234193634442
0.0226875,45,physics,0,497,23.328360485233205,1861.1790723548468,111.45146467050148,1995.9588975105814,759.9713822009651,0.00030706881182132216,4.413641785862416,24.619029806017572,0.991142369651761,1.2852822539599626e-07,0,0.08139648839782473,0.00372560988354762,0.008408565074205399,1.0008227035190074
0.02275,45,physics,0,497,28.057378032254675,1914.8642022191498,110.56476007106293,2053.4863403224676,765.6899721231579,0.00030937942594946963,4.442841527552537,12.787387891665023,0.9953992469452438,1.3011653265948553e-07,0,0.08115681060477929,0.0037515025637722198,0.008408565074205399,1.0008230614411617
0.0228125,45,physics,0,497,46.21777854919368,1962.6271079948476,96.36617664375585,2105.211063187797,771.4516753826172,0.0003117074601562649,4.457446466597,2.8776326069670275,0.9989646631942753,1.3160804002154704e-07,0,0.08084280157354906,0.0037775089053371453,0.008408565074205399,1.000829504061829
0.022875,45,physics,0,497,62.229189724788384,2007.5101715502358,82.80167193035136,2152.5410332053757,777.2567055040818,0.000314053000717046,4.465316908836324,-2.362399381816778,1.0008499602549181,1.3282938304826086e-07,0,0.08043476744423904,0.0038035255553767345,0.008408565074205399,1.0008321884993472
0.0229375,45,physics,0,497,62.193861108015724,2053.9584318847005,83.30638708944947,2199.4586800821658,783.1054204435553,0.00031641619226505487,4.476413730147759,-1.3899460214162989,1.0005000826151684,1.3375250507152717e-07,0,0.07982662250168672,0.00382932462158742,0.008408565074205399,1.000838631178768
0.023,45,physics,0,497,47.5998759929434,2105.553748126088,97.87467297213277,2251.0282970911644,788.9981443232325,0.0003187971657628769,4.499996234696892,5.683382777512669,0.9979552103774264,1.343923559105065e-07,0,0.07906806315064836,0.003854990335882555,0.008408565074205399,1.00084059978353
0.023,46,refine,0,541,47.5998759929434,2105.553748126088,97.87467297213277,2251.0282970911644,788.9981443232325,0.0003187971657628769,4.499996234696892,5.683382777512669,0.9979552103774264,1.1481372474975172e-07,0,0.07906806315064836,0.003701486432318971,0.00717646861448884,1.00084059978353
0.0230625,46,physics,0,541,34.03263604883476,2163.813353780593,113.10869088664742,2310.954680716075,794.9352083748588,0.0003211960550457342,4.540572800712492,17.113437018583898,0.9938428531750882,1.1520725440306034e-07,0,0.07820106809309765,0.0037285116917032137,0.00717646861448884,1.000844179074836
0.023125,46,physics,0,541,36.013955382133204,2229.587246851006,115.41778007281383,2381.018982305953,800.9169590412646,0.0003236130000949346,4.6026355321672705,30.05206301009898,0.9891877670252935,1.1554370793476202e-07,0,0.07730542394411866,0.0037556501100788034,0.00717646861448884,1.000844179074836
0.0231875,46,physics,0,541,53.08391893460732,2302.7851831999033,103.94647979145185,2459.8155819259628,806.9436941708976,0.0003260481212570746,4.680346537302452,41.30244919910518,0.9851400835927876,1.159368627767776e-07,0,0.07639441313617042,0.003783091594442867,0.00717646861448884,1.000845968725289
0.02325,46,physics,0,541,70.3782464182137,2383.1220717923197,91.2599353542733,2544.7602535648066,813.0158535158656,0.00032850159621536715,4.766277315595818,48.137437626261196,0.9826810147501599,1.1646678998999969e-07,0,0.07565003072394305,0.003810845566169833,0.00717646861448884,1.0008477583789424
0.0233125,46,physics,0,541,72.6030945165175,2469.011474872338,91.28472701998892,2632.8992964088447,819.1336674714308,0.0003309735180617383,4.851113435728395,48.94030980731949,0.9823922502189149,1.1727648985271344e-07,0,0.07509056603048642,0.003839094311410763,0.00717646861448884,1.0008499059675504
0.023375,46,physics,0,541,58.22364488029233,2556.9170579011907,106.12908810218073,2721.2697908836635,825.2975235097069,0.00033346404335550593,4.925877418832535,43.55413529384557,0.9843301250746441,1.1842772540404656e-07,0,0.0746851005493658,0.003867838772183874,0.00717646861448884,1.0008536642587034
0.0234375,46,physics,0,541,41.05046156439941,2641.9578241458585,123.78786752836155,2806.7961532386194,831.5077385756604,0.00033597330015927465,4.983963924918564,33.309259505465526,0.9880160168462142,1.19832842315759e-07,0,0.0743917643061031,0.0038970448351624545,0.00717646861448884,1.0008563487610243
0.0235,46,physics,0,541,37.65576403027858,2719.8557697611554,128.98426665712444,2886.4958004485584,837.7646692352682,0.00033850143254464155,5.022711122506564,20.730868624943216,0.9925414939307093,1.2135278737446256e-07,0,0.07419033669407576,0.003926705633646516,0.00717646861448884,1.0008576015312383
0.0235,47,refine,0,592,37.655764030278576,2719.855769761155,128.98426665712446,2886.495800448558,837.7646692352682,0.00033850143254464155,5.022711122506564,20.730868624943216,0.9925414939307093,1.2135278737446256e-07,0,0.07742574378012988,0.003785042727018235,0.00717646861448884,1.0008576015312383
0.0235625,47,physics,0,592,51.72133224247176,2788.8993488008064,117.55024230345352,2958.170923346732,844.0686722981727,0.0003410485846816574,5.044196212909743,8.993534919757018,0.9967643183734284,1.2280004835218963e-07,0,0.07714596279008336,0.0038142526496001833,0.00717646861448884,1.0008604650119015
0.023625,47,physics,0,592,70.01944020253917,2851.8429273529573,100.97496424315767,3022.837331798654,850.4201452724926,0.0003436149171847197,5.054958357326749,1.068471410019205,0.9996155875127241,1.24195784323433e-07,0,0.0767800621253986,0.003843138630492066,0.00717646861448884,1.000864044374251
0.0236875,47,physics,0,592,74.76563332500157,2913.1217956089945,95.77873504126205,3083.6661639752583,856.8194251187367,0.00034620056620377523,5.064320405828502,-1.0048493114303974,1.0003615214934483,1.2521710601731694e-07,0,0.07628142953274276,0.0038719245237169796,0.00717646861448884,1.000864044374251
0.02375,47,physics,0,592,60.98880415704511,2977.3180459040746,107.7099436431631,3146.016793704283,863.266709176795,0.0003488056114746231,5.08201354328578,3.277853298381392,0.9988207083587385,1.2602937360384193e-07,0,0.07555003422510972,0.003900373318357521,0.00717646861448884,1.0008683396259677
0.0238125,47,physics,0,592,41.6447312595418,3047.15313686479,126.07408306215146,3214.871951186484,869.7626842451598,0.0003514303305003403,5.115364455068077,12.733401041747252,0.9954188329841429,1.2649352854055004e-07,0,0.07473410039120071,0.0039287934671122125,0.00717646861448884,1.0008737087165351
0.023875,47,physics,0,592,35.07199708583907,3123.575279030051,134.1484820827352,3292.7957581986257,876.3074324851258,0.0003540747564784547,5.167294845591013,24.827250612793822,0.991067781746883,1.2689618067440733e-07,0,0.073909420662051,0.003957497177032204,0.00717646861448884,1.000869413441777
0.0239375,47,physics,0,592,47.32302473075422,3206.806440231866,125.30905043909921,3379.4385154017195,882.9014656718516,0.0003567390961933186,5.235754341905829,36.405072105856,0.9869023667146799,1.2730280651851455e-07,0,0.07306933120428209,0.003986685029259958,0.00717646861448884,1.0008674447803398
0.024,47,physics,0,592,66.55182015443316,3296.736029052445,109.17864629513025,3472.4664955020085,889.5449882155607,0.0003594234322375215,5.3142697801602905,44.491669597673784,0.9839930457894993,1.277678975952767e-07,0,0.07232307468377394,0.004016433808940815,0.00717646861448884,1.000869413441777
0.024,48,refine,0,656,66.55182015443316,3296.7360290524443,109.17864629513025,3472.466495502008,889.5449882155608,0.0003594234322375215,5.3142697801602905,44.491669597673784,0.9839930457894993,1.2188170028792897e-07,0,0.06812766708523943,0.0038008444709584427,0.006876925937831402,1.000869413441777
0.0240625,48,physics,0,656,74.29441834526439,3391.9200520444424,102.30066924880771,3568.5151396385145,896.238644587125,0.00036212802501153286,5.4070234398608426,47.03303978819654,0.9830787324495562,1.2272220839548717e-07,0,0.06756404029249721,0.003830467708056757,0.006876925937831402,1.000873350776268
0.024125,48,physics,0,656,62.61838851703786,3489.799769961362,112.75095562425128,3665.1691141026513,902.9826294241308,0.0003648529531592779,5.4799741367576225,43.322166071870626,0.9844138391997838,1.2382693448387293e-07,0,0.067177210197243,0.003860746594545218,0.006876925937831402,1.0008746035677634
0.0241875,48,physics,0,656,41.60064284455491,3585.1388339146833,132.17176931072933,3758.9112460699675,909.777352354042,0.00036759838219201356,5.536932247065177,34.17962389805196,0.9877031130056518,1.2523306391898356e-07,0,0.06685176539906008,0.0038915023182418806,0.006876925937831402,1.000871919016479
0.02425,48,physics,0,656,30.269816621937593,3672.850236128801,143.3855378906381,3846.505590641377,916.6232638096046,0.000370364494108498,5.574226234580304,21.763381747176687,0.9921701348511578,1.2675152127883412e-07,0,0.0667284665443191,0.003922259046204074,0.006876925937831402,1.0008713821070863
0.0243125,48,physics,0,656,38.90465826409675,3750.1967178655605,136.30194805263235,3925.4033241822895,923.5205804580639,0.00037315137645380927,5.592730098598101,9.073473023516193,0.996735627231516,1.2828806195130921e-07,0,0.0666047200618847,0.0039527175036244465,0.006876925937831402,1.0008704872587384
0.024375,48,physics,0,656,58.881224395386596,3818.42563645396,117.87291479926247,3995.1797756486094,930.4698792488166,0.0003759592623461536,5.597925343620963,-0.735694176589262,1.0002646817383358,1.2967210327730062e-07,0,0.06629639175119759,0.0039826390198127275,0.006876925937831402,1.0008731718061823
0.0244375,48,physics,0,656,70.3832091367686,3882.1868558863725,106.02796873175734,4058.5980337548986,937.4714367372093,0.0003787882635285831,5.598709610933775,-5.212659791250014,1.001875356959022,1.3084385841466426e-07,0,0.0658784776628143,0.004012023849896701,0.006876925937831402,1.0008758563608269
0.0245,48,physics,0,656,61.5259323306949,3947.0080165207296,112.58777853381852,4121.1217273852435,944.5256669799526,0.0003816385473020057,5.605070850133483,-3.2599671411478495,1.0011728329398166,1.3177476088088735e-07,0,0.06534206216132604,0.004040871999102509,0.006876925937831402,1.000877825038809
0.0245,49,refine,0,706,61.5259323306949,3947.00801652073,112.58777853381851,4121.1217273852435,944.5256669799526,0.0003816385473020057,5.605070850133483,-3.2599671411478495,1.0011728329398166,1.3177476088088735e-07,0,0.06534206216132604,0.0036974269748858463,0.006876925937831402,1.000877825038809
0.0245625,49,physics,0,706,40.21013299517085,4016.6003350889814,131.66640832386753,4188.47687640802,951.6330209962393,0.0003845102959021356,5.62471649563489,4.538802297621121,0.9983670838373535,1.3244132723855257e-07,0,0.06467625599313517,0.003725786210549925,0.006876925937831402,1.0008797937206637
0.024625,49,physics,0,706,26.570346864858266,4093.1609575019816,145.4656625401447,4265.196966906985,958.793785916659,0.0003874036253449846,5.663503184299868,16.054767364678654,0.9942240093261054,1.3284735711494017e-07,0,0.06385266758705556,0.0037543209955135065,0.006876925937831402,1.0008851628726758
0.0246875,49,physics,0,706,33.48633873210751,4176.973633453262,141.37716326461296,4351.837135449982,966.0084682653767,0.0003903187402932248,5.719953083532873,28.266545467498798,0.9898306393729284,1.3323231762285562e-07,0,0.06296884859602432,0.0037830348213505277,0.006876925937831402,1.0008873105415454
0.02475,49,physics,0,706,54.36527619547286,4268.153837534495,124.07570702107138,4446.594820751039,973.2776103649023,0.0003932558598739607,5.78905993355943,38.051674053362824,0.9863102885923132,1.3370792473210705e-07,0,0.06231597729506993,0.0038118687628674124,0.006876925937831402,1.0008887423233521
0.0248125,49,physics,0,706,69.53431439352212,4366.048642523855,110.8611820270262,4546.444138944404,980.6012701936133,0.00039621500751353754,5.862623171036046,42.94530359660487,0.9845497889572769,1.3445994451188886e-07,0,0.061721121658523025,0.0038408565537869518,0.006876925937831402,1.0008916058931099
0.024875,49,physics,0,706,64.62812384254732,4468.175807902953,115.3425687646002,4648.146500510101,987.980201241302,0.00039919648766185945,5.931386967036057,41.721361615892164,0.9849901658974718,1.3551041266879335e-07,0,0.06128829162965769,0.0038699676149983857,0.006876925937831402,1.0008962592114399
0.0249375,49,physics,0,706,43.91479709235007,4569.874640294796,134.6264920386831,4748.41592942583,995.4145023255902,0.0004022003402464958,5.9871827105946185,34.6496816357704,0.9875342911901793,1.3689691247265054e-07,0,0.06100310569816505,0.003899261454570323,0.006876925937831402,1.0008984069041196
0.025,49,physics,0,706,26.625797153759045,4665.560722123587,151.64510091838218,4843.831620195728,1002.904768204136,0.00040522680558113724,6.024810633638169,23.423257102913436,0.9915731864709835,1.384962002859426e-07,0,0.06083594677065943,0.003928706265791565,0.006876925937831402,1.000905386937156
0.025,50,refine,0,744,26.625797153759045,4665.560722123587,151.64510091838218,4843.831620195728,1002.9047682041362,0.00040522680558113724,6.024810633638169,23.423257102913436,0.9915731864709835,1.1461544602298083e-07,0,0.06083594677065943,0.0036912043118651683,0.005716101266443729,1.000905386937156
0.0250625,50,physics,0,744,29.271244252168835,4751.074190049316,150.7760675402779,4931.121501841762,1010.4513926739252,0.00040827604278068574,6.042531373753446,10.811476247474241,0.9961104281727191,1.1599739391243682e-07,0,0.060796358542650364,0.0037188019104645855,0.005716101266443729,1.0009091454366454
0.025125,50,physics,0,744,49.80371202244552,4826.721528197657,132.8321399991712,5009.357380219273,1018.0548131376736,0.00041134822857907615,6.046144607062794,-0.007598935497192486,1.000002733902788,1.1731747306953369e-07,0,0.060535611876660345,0.0037467719493789564,0.005716101266443729,1.0009143357686667
0.0251875,50,physics,0,744,68.93611684667322,4896.415090747773,114.82501351420261,5080.176221108649,1025.7154332892692,0.00041444352609008525,6.042541511357503,-6.222017717316743,1.0022385245613687,1.1840260683015916e-07,0,0.06018628086475763,0.0037746861394086385,0.005716101266443729,1.0009211369341249
0.02525,50,physics,0,744,68.44929670344672,4966.250880349455,114.06280735030276,5148.762984403204,1033.4336955249228,0.00041756211406528474,6.041677810945833,-6.217423895509953,1.0022368442217882,1.1929100196539364e-07,0,0.05973974747955117,0.003802225057097426,0.005716101266443729,1.0009268642671971
0.0253125,50,physics,0,744,49.12692324110344,5041.359095802294,131.3575679008963,5221.843586944294,1041.2100072063943,0.00042070415710046625,6.052907959138966,0.02231704453847241,0.9999919710054037,1.1988802839368873e-07,0,0.059196896447205265,0.0038298436876718486,0.005716101266443729,1.0009270432468838
0.025375,50,physics,0,744,30.22916744595868,5124.4316917505785,150.19530029625082,5304.856159492788,1049.0446772945197,0.0004238697800322217,6.08220859522085,10.880847543654221,0.996085352632666,1.2033764917873658e-07,0,0.05852475057799648,0.0038576869215515247,0.005716101266443729,1.0009290120255483
0.025437500000000002,50,physics,0,744,30.822541920383518,5216.343460888111,152.82523359706838,5399.991236405563,1056.9379383553323,0.0004270590768295837,6.130763325047386,23.61034971575574,0.9915056071702316,1.2073990163230516e-07,0,0.0576968707748605,0.0038856517012422873,0.005716101266443729,1.0009279381457967
0.025500000000000002,50,physics,0,744,51.51818452095729,5317.371490915355,137.3174277418192,5506.207103178132,1064.8900896612793,0.0004302721684145205,6.194769994535972,35.04311799227393,0.9873929047480385,1.2118429282281798e-07,0,0.057065379253936066,0.003913776270529004,0.005716101266443729,1.0009250744720917
0.025500000000000002,51,refine,0,804,51.51818452095729,5317.371490915355,137.3174277418192,5506.207103178132,1064.8900896612795,0.0004302721684145205,6.194769994535972,35.04311799227393,0.9873929047480385,7.967230608585399e-08,0,0.05285197555716305,0.003708618382691863,0.0037639057263731956,1.0009250744720917
0.025562500000000002,51,physics,0,804,74.09250303998093,5427.046422559998,119.20680547377229,5620.345731073751,1072.9031127368662,0.00043350985542819627,6.266677464296374,42.43717436953215,0.984732798016894,8.006377782976416e-08,0,0.05234725497885119,0.0037351642758732483,0.0037639057263731956,1.0009288330455097
0.025625000000000002,51,physics,0,804,78.62283714843835,5544.132132920346,116.772517748329,5739.527487817113,1080.976489638626,0.00043677192859393755,6.3378172545350155,44.0320748523103,0.9841590391246137,8.065507195453839e-08,0,0.05192142857699886,0.003762790374497811,0.0037639057263731956,1.000932949594495
0.025687500000000002,51,physics,0,804,61.972832326334,5664.228778878679,133.79814278050551,5859.9997539855185,1089.1103683599904,0.0004400584477089529,6.3992510014197554,39.5332584082122,0.9857775289081233,8.134151130434462e-08,0,0.05165024914306496,0.003791285823587613,0.0037639057263731956,1.0009345604226196
0.025750000000000002,51,physics,0,804,40.89608781578846,5781.522066659313,155.73866940376993,5978.156823878871,1097.305687699084,0.0004433697920975582,6.444691606171741,30.127692830299853,0.9891612951181492,8.223285519193269e-08,0,0.051442176127689705,0.003820312413910809,0.0037639057263731956,1.0009368871789317
0.025812500000000002,51,physics,0,804,36.80466603479981,5890.857229635176,162.7893372523521,6090.451232922328,1105.562614307056,0.0004467060290956707,6.4718474175570755,18.229890634764814,0.9934416514702814,8.342567525687634e-08,0,0.05126538513666735,0.003849480201840872,0.0037639057263731956,1.0009395719044742
0.025875000000000002,51,physics,0,804,55.626674096684184,5990.530329999977,148.43571232594655,6194.592716422608,1113.881703423661,0.00045006738304964865,6.483096949037371,6.933338421919492,0.9975056864713951,8.434007980895332e-08,0,0.051089322697437475,0.0038783317553056688,0.0037639057263731956,1.0009413617255034
0.025937500000000002,51,physics,0,804,81.54708417011506,6083.511037393252,126.1890629896196,6291.247184552987,1122.2633666519132,0.0004534540202689763,6.4850053801586105,-0.7527362819641232,1.0002708012337274,8.533643836017284e-08,0,0.05086635709031711,0.003906651323025286,0.0037639057263731956,1.0009451203600817
0.026000000000000002,51,physics,0,804,91.68258611186093,6175.960510088296,117.23214062785546,6384.875236828013,1130.7081182846005,0.0004568661485552611,6.486795361654657,-2.704427895202385,1.0009729290632474,8.597051603942428e-08,0,0.05055699385930139,0.003934268368081844,0.0037639057263731956,1.000946552224586
0.026000000000000002,52,refine,0,890,91.68258611186093,6175.960510088296,117.23214062785546,6384.875236828013,1130.7081182846002,0.0004568661485552611,6.486795361654657,-2.704427895202385,1.0009729290632474,8.597051603942428e-08,0,0.05055699385930139,0.0037424940249236225,0.0037639057263731956,1.000946552224586
0.0260625,52,physics,0,890,78.35452364428073,6273.636971673181,130.0901883814335,6482.081683698894,1139.216430217007,0.00046030395857926784,6.496410270776238,1.735684868395719,0.9993755540989407,8.643745630365634e-08,0,0.05013495865955969,0.003770055225685812,0.0037639057263731956,1.0009474471409412
0.026125,52,physics,0,890,56.8752884182815,6381.138484539584,152.4038632493249,6590.41763620719,1147.788727337555,0.0004637676220184912,6.524616582399603,11.535111552619988,0.9958500262239861,8.683091401451302e-08,0,0.04963254237545308,0.003797674215393151,0.0037639057263731956,1.0009497739272097
0.0261875,52,physics,0,890,50.7565798269084,6499.484544243334,162.9406598907279,6713.181783960971,1156.4255403286702,0.00046725735329682355,6.572082794241289,24.30491921635676,0.9912562162486944,8.697101350207964e-08,0,0.049019503294286976,0.003825351054632911,0.0037639057263731956,1.000952995640203
0.02625,52,physics,0,890,69.05710579556401,6629.077392038424,152.2280656282662,6850.362563462254,1165.127345839533,0.00047077334500585566,6.636990483712582,36.95570024075712,0.9867050181349506,8.734940237786776e-08,0,0.048430592211732675,0.0038531476406257845,0.0037639057263731956,1.0009558593937913
0.0263125,52,physics,0,890,97.92781190159292,6769.961213998314,131.43213347743443,6999.32115937734,1173.8945771237345,0.00047431577220305524,6.713284920078212,46.490802652969165,0.983274760393465,8.766363990275753e-08,0,0.04792636477210309,0.0038810089070909965,0.0037639057263731956,1.0009581861996146
0.026375,52,physics,0,890,113.7932489642129,6921.021708715491,121.6091084709658,7156.424066150669,1182.727821945533,0.00047788487237640704,6.792313858090209,50.75227237485146,0.9817417623919689,8.822430785926374e-08,0,0.04752642329700603,0.0039091134027173765,0.0037639057263731956,1.0009594390972982
0.0264375,52,physics,0,890,105.26872073727603,7078.801620815966,133.863935653232,7317.934277206475,1191.6274475730024,0.00048148079392172486,6.86496688186454,48.896912383165976,0.9824092666834892,8.902501491547807e-08,0,0.047246284972046,0.003937357409472126,0.0037639057263731956,1.0009626608414004
0.0265,52,physics,0,890,83.79663495805835,7237.510479183584,158.69664002764864,7480.003754169291,1200.593941720263,0.0004851037339014225,6.924055476271107,41.56543889371567,0.9850467666084534,8.991451139195291e-08,0,0.04702572018862303,0.003965901589784409,0.0037639057263731956,1.0009637347584055
0.0265,53,refine,0,954,83.79663495805835,7237.510479183583,158.69664002764864,7480.00375416929,1200.593941720263,0.00048510373390142246,6.924055476271107,41.56543889371567,0.9850467666084534,8.822017516507684e-08,0,0.04702572018862303,0.0036621092605249317,0.003674294101074338,1.0009637347584055
0.0265625,53,physics,0,954,73.41071235175842,7390.7120053117,174.2579083968343,7638.380626060292,1209.628091936866,0.0004887540105273566,6.964272756710384,30.73101570880152,0.9889444578637001,8.926501404715735e-08,0,0.04688251154832166,0.0036888807301864316,0.003674294101074338,1.0009674934769968
0.026625,53,physics,0,954,88.41772607799186,7535.485830604052,166.5640427841292,7790.467599466173,1218.7301984931414,0.0004924317451246934,6.988809307221882,19.29169840664859,0.9930597743128156,9.031566161610285e-08,0,0.04672904922666866,0.003715995527074637,0.003674294101074338,1.0009671355031895
0.0266875,53,physics,0,954,119.39128848439006,7672.924022622711,143.00158043180687,7935.316891538909,1227.9007913146231,0.0004961371518114999,7.001837524350221,10.349771279954362,0.9962766431746319,9.12851394474502e-08,0,0.04654913748992952,0.003743274238003331,0.003674294101074338,1.0009692833479535
0.02675,53,physics,0,954,141.478905282377,7808.698071813573,126.06668730202664,8076.243664397976,1237.140379063454,0.0004998704361143051,7.0117535605649035,6.415121057718439,0.9976921441200377,9.214420160219558e-08,0,0.04632134117489962,0.0037705973158108355,0.003674294101074338,1.0009712522097025
0.0268125,53,physics,0,954,138.2651005576862,7949.774075961744,132.05163501843842,8220.090811537868,1246.4494789484609,0.0005036318070129513,7.028112655695095,8.728105954139865,0.9968600453748802,9.268134348872081e-08,0,0.045974646923767265,0.003797858598004283,0.003674294101074338,1.0009737580393476
0.026875,53,physics,0,954,118.05012190732918,8101.222504383946,155.2802477264671,8374.552874017741,1255.8286551680599,0.000507421492473572,7.058979892367423,16.889106578137277,0.9939241113541984,9.307801107638625e-08,0,0.045530206200183644,0.0038251318327155674,0.003674294101074338,1.0009746529800267
0.0269375,53,physics,0,954,105.96857524096578,8265.294782474613,173.70555243191473,8544.968910147494,1265.2784134451513,0.0005112396968350846,7.10866487358271,28.981918102409566,0.9895737270645244,9.333714690029644e-08,0,0.04504349304151039,0.0038524853346817265,0.003674294101074338,1.0009766218523375
0.027,53,physics,0,954,119.67897381299727,8442.6091802409,170.36970384739726,8732.657857901293,1274.7992661446954,0.0005150866271201533,7.1766813379543795,42.12169248252631,0.9848466887117392,9.35961708137256e-08,0,0.04448914503455237,0.003879879393846212,0.003674294101074338,1.000979485673521
0.027,54,refine,0,1008,119.67897381299727,8442.6091802409,170.36970384739726,8732.657857901293,1274.7992661446956,0.0005150866271201532,7.1766813379543795,42.12169248252631,0.9848466887117392,9.35961708137256e-08,0,0.04448914503455237,0.003760696104102802,0.003674294101074338,1.000979485673521
0.0270625,54,physics,0,1008,152.60165336922682,8633.080921425862,149.57429872954916,8935.256873524639,1284.391782052935,0.0005189625131486366,7.257949642317075,53.219821774527524,0.9808541760872275,9.395934874589791e-08,0,0.04401358233264955,0.0037877565739760167,0.003674294101074338,1.0009834234410269
0.027125,54,physics,0,1008,180.33586482977955,8836.648044494475,132.59059587558752,9149.574505199844,1294.05648196886,0.0005228675653509937,7.345030074758602,59.76953447591815,0.9784978831968939,9.442176640561696e-08,0,0.043631957610907636,0.0038150554802882327,0.003674294101074338,1.0009862872816697
0.0271875,54,physics,0,1008,183.46046780760764,9050.337920648228,137.49237843300065,9371.290766888837,1303.793828141848,0.0005268019705005299,7.428912647091735,60.39928969563049,0.9782713867552468,9.510427467773755e-08,0,0.04329913246945095,0.0038424139757009153,0.003674294101074338,1.0009904040669488
0.02725,54,physics,0,1008,165.52867407767982,9268.693675708486,162.09766029138498,9596.32001007755,1313.6044314367298,0.0005307659754190893,7.501755768663394,55.18558417692078,0.9801470607702135,9.602109418693776e-08,0,0.043090481871768636,0.0038699513019505175,0.003674294101074338,1.00099487885276
0.0273125,54,physics,0,1008,150.0866472021508,9484.836300669465,185.43885461207503,9820.361802483692,1323.4889756083228,0.0005347598563799425,7.558532376567623,45.626129665757944,0.9835860909450072,9.715398441301201e-08,0,0.042934826589712115,0.0038976674579978654,0.003674294101074338,1.000999532651224
0.027375,54,physics,0,1008,159.07320549069118,9693.54502218555,186.81858568744738,10039.436813363689,1333.4478608352408,0.0005387837750765089,7.598259530794054,34.30006792254085,0.9876606366963362,9.82637793356389e-08,0,0.042789106449462454,0.0039256220481440635,0.003674294101074338,1.001005797414092
0.0274375,54,physics,0,1008,191.89676497624075,9894.244042338287,165.43337863608457,10251.57418595061,1343.48165098026,0.0005428379593393057,7.624378681347925,24.28115602528796,0.9912649291502996,9.934914846354577e-08,0,0.04265055732134348,0.003953695832008922,0.003674294101074338,1.0010066923834167
0.0275,54,physics,0,1008,225.21290510634208,10091.576775367535,141.87769042085864,10458.667370894736,1353.5910230202758,0.0005469226827029621,7.644083703797957,18.364175761335517,0.9933935716868405,1.0031287800416059e-07,0,0.042443776454902465,0.003981948477013521,0.003674294101074338,1.0010075873535416
0.0275,55,refine,0,1102,225.21290510634213,10091.576775367534,141.87769042085864,10458.667370894735,1353.5910230202758,0.0005469226827029621,7.644083703797957,18.364175761335517,0.9933935716868405,7.283513880906857e-08,0,0.0465707819677349,0.0037560816102980097,0.002696639159694314,1.0010075873535416
0.0275625,55,physics,0,1102,234.9644822332286,10292.571217930219,138.95450200831093,10666.490202171759,1363.776440840426,0.0005510381326017183,7.666094653025456,18.315505292649007,0.9934111065856878,7.34426528481434e-08,0,0.04619656742649979,0.0037829038707896433,0.002696639159694314,1.0010104512633182
0.027625,55,physics,0,1102,219.93951563225687,10504.429216371866,159.77540871213392,10884.144140716257,1374.0383310340405,0.0005551844814019426,7.7008334675682,24.368962825440835,0.9912334114670257,7.384571532043077e-08,0,0.04572181653998665,0.0038099643346068903,0.002696639159694314,1.0010174320777259
0.0276875,55,physics,0,1102,203.2500047511644,10730.216822414892,184.727418811237,11118.194245977293,1384.377006065376,0.0005593618553557947,7.752974051703201,35.15727674268353,0.9873524027169337,7.40959062994763e-08,0,0.0452080413166452,0.0038372034010564792,0.002696639159694314,1.001018864045673
0.02775,55,physics,0,1102,209.95751504741105,10970.988084731736,190.65745519723384,11371.60305497638,1394.792710902656,0.000563570353443452,7.823583292202841,48.11431337912013,0.9826912349028794,7.42269907760829e-08,0,0.044688879787492454,0.0038647396560378285,0.002696639159694314,1.0010204750120621
0.0278125,55,physics,0,1102,243.0615606629471,11226.992584080974,173.1253883310644,11643.179533074985,1405.2854598132149,0.0005678099814296773,7.90908847213657,60.17995159173964,0.9783507348449251,7.447731409371267e-08,0,0.044186625866064644,0.0038925135197524683,0.002696639159694314,1.0010192220379799
0.027875,55,physics,0,1102,280.8927007871166,11497.997257112058,150.3885178721547,11929.278475771329,1415.8553439377192,0.0005720807761401426,8.002298505300127,68.57943071810897,0.9753290749330461,7.482072383879777e-08,0,0.043758367445892704,0.003920406827083105,0.002696639159694314,1.001021190997956
0.0279375,55,physics,0,1102,297.5107119236782,11782.009635226164,145.99328694362637,12225.51363409347,1426.5020419932798,0.0005763826077594945,8.094293620249461,71.47926356215592,0.9742859098605566,7.529016876617339e-08,0,0.043466340582953907,0.003948598180128366,0.002696639159694314,1.0010270979011215
0.028,55,physics,0,1102,286.74639287850175,12074.110344446899,166.61699087637356,12527.473728201774,1437.225348662584,0.000580715393328633,8.176609421212392,68.39860639194649,0.9753942174969211,7.59530252025797e-08,0,0.043237082326080874,0.003976968766495461,0.002696639159694314,1.0010333628365071
0.028,56,refine,0,1218,286.74639287850175,12074.110344446899,166.61699087637356,12527.473728201774,1437.225348662584,0.0005807153933286331,8.176609421212392,68.39860639194649,0.9753942174969211,7.59530252025797e-08,0,0.043237082326080874,0.0037627389131058083,0.002696639159694314,1.0010333628365071
0.0280625,56,physics,0,1218,268.12522952218427,12367.128052269905,195.40062587247635,12830.653907664566,1448.040081274581,0.0005850851198355887,8.24278526532375,60.29578809506564,0.978309160538029,7.674388768919017e-08,0,0.04304763982748823,0.0037906289221597274,0.002696639159694314,1.0010380168138897
0.028125,56,physics,0,1218,269.0644091147698,12654.923919243378,207.13346828132018,13131.121796639467,1458.9362157584524,0.0005894877370232485,8.294876869010878,49.37072283285906,0.9822394224762692,7.76422144355138e-08,0,0.04291849794086743,0.0038188585610466354,0.002696639159694314,1.0010381958134518
0.0281875,56,physics,0,1218,299.29957398439285,12934.307359324252,191.59208211126048,13425.199015419907,1469.9142882525396,0.0005939234615199853,8.33270682422222,38.55707815357659,0.986129552554066,7.854776207238961e-08,0,0.042761629609851706,0.003847304700035896,0.002696639159694314,1.001042491812547
0.02825,56,physics,0,1218,340.87662928759437,13208.351485487474,163.97875396421892,13713.206868739288,1480.9749994243102,0.0005983925764326787,8.362115875978896,30.812011518026072,0.9889157674097044,7.936595025626049e-08,0,0.04258478755859297,0.0038757819365700425,0.002696639159694314,1.0010444608182938
0.0283125,56,physics,0,1218,364.67244116867244,13484.41731421567,151.114130396917,14000.203885781259,1492.1189510459226,0.0006028953249092498,8.39161512491435,28.34448760469117,0.9898034079647406,8.003056084504582e-08,0,0.04231208101768784,0.0039043122889730253,0.002696639159694314,1.0010441028169608
0.028375,56,physics,0,1218,358.5898932748172,13770.250703916736,165.84400627293752,14294.68460346449,1503.3467811404053,0.000607431964744897,8.430034692582367,32.00270802096701,0.9884873840685233,8.050420596816826e-08,0,0.04197318952996469,0.003932828963435122,0.002696639159694314,1.0010473248335663
0.0284375,56,physics,0,1218,339.6792819079586,14070.796886933967,194.58154250811668,14605.057711350042,1514.6591171475065,0.0006120027494586113,8.484030730964717,41.02153737947687,0.9852429558975306,8.088423797403262e-08,0,0.041513787388529316,0.003961374740725846,0.002696639159694314,1.001049472850398
0.0285,56,physics,0,1218,337.70973995928074,14387.962632869374,210.58477556532605,14936.257148393981,1526.0565081719792,0.000616607900917884,8.556288171171326,53.256184202201,0.9808417319115753,8.109679416889993e-08,0,0.04104717652247517,0.003989954519894202,0.002696639159694314,1.001048935845758
0.0285,57,refine,0,1324,337.7097399592807,14387.962632869374,210.58477556532605,14936.257148393981,1526.0565081719792,0.0006166079009178839,8.556288171171326,53.256184202201,0.9808417319115753,6.406583175078135e-08,0,0.04104717652247517,0.0037312619321285753,0.0021021412685513496,1.001048935845758
0.0285625,57,physics,0,1324,366.51307570845324,14721.780620158266,199.7716985830442,15288.065394449764,1537.539572539187,0.0006212476689590105,8.688063014978134,65.78206746857909,0.9763356926860761,6.426746779197856e-08,0,0.04061176845846217,0.0037550981295446833,0.0021021412685513496,1.0010530528886936
0.028625,57,physics,0,1324,410.9957086191124,15073.095571259744,174.10062121283363,15658.19190109169,1549.1088237554732,0.0006259222610658337,8.789558991747482,75.66475685298782,0.9727806454984692,6.451938805440707e-08,0,0.040216043926012454,0.0037793004208684085,0.0021021412685513496,1.0010568119426835
0.0286875,57,physics,0,1324,441.5516003554221,15440.266984315764,159.83438703767894,16041.652971708865,1560.7646845557506,0.0006306318480457171,8.892621113049813,80.67957553123553,0.9709766906121308,6.493372772808923e-08,0,0.03992418864988852,0.003804260916300569,0.0021021412685513496,1.0010611080216705
0.02875,57,physics,0,1324,441.58716952454483,15819.196798831797,172.9451812501043,16433.729149606446,1572.5074941900832,0.0006353765669737104,8.988345192311042,79.80121448597451,0.9712939513443221,6.548692255137208e-08,0,0.039682518731589386,0.003830105839781828,0.0021021412685513496,1.0010641510887746
0.0288125,57,physics,0,1324,422.94175709166245,16202.783448965258,203.89395844239075,16829.61916449931,1584.3375045879052,0.0006401565196426896,9.069610928672615,73.44541485262951,0.9735805539003269,6.617890591087416e-08,0,0.039485778296913056,0.0038566695080241627,0.0021021412685513496,1.0010673731699085
0.028875,57,physics,0,1324,415.34934220339574,16583.07933826284,225.87005755295328,17224.29873801919,1596.2548515570256,0.0006449717609262264,9.132591784275048,63.33852205025797,0.9772162850893769,6.693406362501263e-08,0,0.03934861921714958,0.003883865455437781,0.0021021412685513496,1.0010684471992577
0.0289375,57,physics,0,1324,438.94612959220524,16955.07866446756,219.4581739974442,17613.48296805721,1608.2596544024088,0.0006498223390298665,9.177790106294768,52.17100394752594,0.981233434583621,6.766891313958465e-08,0,0.03921810271484546,0.003911424175987385,0.0021021412685513496,1.0010729223339498
0.029,57,physics,0,1324,484.75445418219795,17319.721947868704,191.35945183387014,17995.83585388477,1620.3518385829389,0.0006547082238350422,9.209955337265647,42.943743144666506,0.984552640389185,6.838472366155196e-08,0,0.039056249344829236,0.003938915236731353,0.0021021412685513496,1.0010768604690272
0.029,58,refine,0,1455,484.75445418219795,17319.721947868704,191.35945183387014,17995.83585388477,1620.3518385829389,0.0006547082238350422,9.209955337265647,42.943743144666506,0.984552640389185,5.852670703632163e-08,0,0.039056249344829236,0.003744936636416414,0.00179411715362221,1.0010768604690272
0.0290625,58,physics,0,1455,522.3433365176644,17683.658800463178,168.86101483814934,18374.86315181899,1632.5445005005295,0.0006596347069838305,9.237092020812078,38.20351497158138,0.9862577747829577,5.9101381566506435e-08,0,0.0388476765405699,0.0037719952262547972,0.00179411715362221,1.0010790085492358
0.029125,58,physics,0,1455,529.0051870610355,18056.33395067852,174.15185773112074,18759.490995470678,1644.8289991236416,0.0006645982970404658,9.27529547848282,39.37750921921451,0.9858354735855704,5.9515232742057866e-08,0,0.038533953121329304,0.0037992866250523187,0.00179411715362221,1.0010756074243676
0.0291875,58,physics,0,1455,512.0580967316712,18443.975713534972,202.75664650105517,19158.7904567677,1657.2059399883258,0.000669599238673682,9.32835632059718,46.33428898078157,0.983333093480935,5.983825168698337e-08,0,0.038142271969318915,0.0038268442038213208,0.00179411715362221,1.0010775764952513
0.02925,58,physics,0,1455,502.0166901761088,18849.728825644102,228.02340434735532,19579.768920167564,1669.675975613567,0.0006746377955358143,9.400160485307866,57.43809676121411,0.9793390389772686,6.000734487088262e-08,0,0.03767915066725686,0.0038545745237257975,0.00179411715362221,1.0010779345085554
0.029312500000000002,58,physics,0,1455,523.1241474911648,19274.43362338272,226.94830932668816,20024.506080200576,1682.239882500829,0.0006797142813747052,9.490043153552076,70.02388966359959,0.974811842631022,6.001053609594463e-08,0,0.037265904411920965,0.003882573251936943,0.00179411715362221,1.0010818726633504
0.029375000000000002,58,physics,0,1455,570.3092134402742,19718.27904972531,202.1055473368628,20490.69381050245,1694.8982090585137,0.0006848289177764837,9.593231354272907,81.09956198246881,0.9708279227279402,6.037478783582634e-08,0,0.03684524754301157,0.003910780129467631,0.00179411715362221,1.0010811566340534
0.029437500000000002,58,physics,0,1455,614.267509190314,20180.59279551542,178.91572856041128,20973.776033266146,1707.651590383986,0.0006899819613542247,9.701480865483264,88.11928120741744,0.9683029261761671,6.074127956168248e-08,0,0.0365093199782063,0.0039392282775060645,0.00179411715362221,1.0010813356413297
0.029500000000000002,58,physics,0,1455,628.872589944805,20658.25373995569,181.61151200060146,21468.737841901093,1720.5000373512357,0.0006951734165015999,9.805609852898247,89.55212109914106,0.9677877317859834,6.112515027467679e-08,0,0.0362409616052152,0.003967920237190966,0.00179411715362221,1.001084557777775
0.029500000000000002,59,refine,0,1594,628.872589944805,20658.253739955686,181.61151200060146,21468.73784190109,1720.5000373512357,0.0006951734165016,9.805609852898247,89.55212109914106,0.9677877317859834,6.112515027467679e-08,0,0.03623142044743386,0.003823055204713931,0.00179411715362221,1.001084557777775
0.029562500000000002,59,physics,0,1594,615.3845590728192,21144.32093261216,210.4499753511266,21970.155467036107,1733.4466076456692,0.000700404518685947,9.896914942510993,85.24402329476958,0.9693374984846717,6.178022182723447e-08,0,0.03609488494664505,0.003851005516762885,0.00179411715362221,1.0010922551457073
0.029625000000000002,59,physics,0,1594,601.5587237904806,21631.10893088075,240.98486011779022,22473.65251478902,1746.4904668785198,0.0007056749307698811,9.972883834437761,76.42352640433579,0.972510313622489,6.256593820808114e-08,0,0.03595805878789232,0.0038790216134039304,0.00179411715362221,1.0010954773172986
0.029687500000000002,59,physics,0,1594,616.3417494379746,22111.157273481236,246.18327505144737,22973.68229797066,1759.6323652018618,0.0007109849558546917,10.031722499094242,65.42767860056935,0.9764656670345304,6.310810984899719e-08,0,0.03594393991341997,0.0039074002656104175,0.00179411715362221,1.0010960143469054
0.029750000000000002,59,physics,0,1594,662.4396282652626,22582.963337165642,221.9814612582996,23467.384426689205,1772.873117607001,0.0007163349232401628,10.076927288713474,55.19404837835215,0.980146749502526,6.384264494840863e-08,0,0.03577401549273284,0.003936009094882693,0.00179411715362221,1.0010963723668034
0.029812500000000002,59,physics,0,1594,712.8651297094048,23051.753809473477,191.9539761441873,23956.57291532707,1786.2135525464532,0.0007217251676651221,10.115690252679544,48.509431781763716,0.9825511721128737,6.460139889696844e-08,0,0.035545291047738396,0.003964789637598478,0.00179411715362221,1.0010972674171084
0.029875000000000002,59,physics,0,1594,736.2766490994463,23526.73171007815,185.44080968807464,24448.449168865674,1799.6542954067718,0.000727155941818961,10.157087714924948,47.27735973338331,0.9829943967081782,6.511564176747689e-08,0,0.035258202727509645,0.003993859149703382,0.00179411715362221,1.0010985204888798
0.029937500000000002,59,physics,0,1594,727.5359587969201,24016.390229412285,209.36985865134682,24953.296046860552,1813.1962511447985,0.0007326276113523187,10.209351561577241,52.00216777304334,0.9812949999287475,6.542434327627691e-08,0,0.03500216196521487,0.0040232178373128934,0.00179411715362221,1.0011006686155657
0.03,59,physics,0,1594,713.0643126401922,24525.57708453366,241.52419228340185,25480.165589457254,1826.8400596884612,0.0007381404348300749,10.277942066172507,61.63729880132572,0.9778293122688404,6.567243815425164e-08,0,0.034630295870551414,0.0040526901830865,0.00179411715362221,1.001101026637128
0.03,60,refine,0,1744,713.0643126401922,24525.57708453366,241.52419228340182,25480.165589457254,1826.8400596884612,0.0007381404348300749,10.277942066172507,61.63729880132572,0.9778293122688404,6.265467078492281e-08,0,0.034630295870551414,0.0037402219989563284,0.0017192314844578505,1.001101026637128
0.0300625,60,physics,0,1744,725.3487030014533,25055.38463487856,252.10881708027478,26032.84215496029,1840.5864836753171,0.0007436947203983174,10.373466185114273,73.8649725157661,0.9734312621467466,6.279263509156861e-08,0,0.03427839586009118,0.003767288402541645,0.0017192314844578505,1.001104785871264
0.030125,60,physics,0,1744,771.8227853514328,25607.166993869356,232.51694991575815,26611.506729136545,1854.4363559436433,0.0007492908045679547,10.47551215365406,85.78095046527073,0.9691453078198031,6.306325239791018e-08,0,0.03394293378108064,0.003794845245405933,0.0017192314844578505,1.0011076500591283
0.0301875,60,physics,0,1744,828.1435343866588,26180.200031761244,203.04909412035198,27211.392660268255,1868.3901625872854,0.000754928883746725,10.584897566364342,94.60951381519536,0.9659697776682042,6.335304281179792e-08,0,0.03361032208275165,0.0038231390338028222,0.0017192314844578505,1.001114094511784
0.03025,60,physics,0,1744,861.1715018953312,26772.323936231187,193.70243566171155,27827.19787378823,1882.4482266911805,0.0007606090884781079,10.692760490017124,98.38152197797335,0.9646131139315001,6.375573491368407e-08,0,0.03336664592230692,0.003852116778204291,0.0017192314844578505,1.0011200019631619
0.0303125,60,physics,0,1744,859.6950817031961,27377.86685360602,215.9907915902159,28453.552726899434,1896.610753852431,0.0007663315018342565,10.790720103462059,96.37929162156566,0.9653333155064364,6.433226040769574e-08,0,0.033154578547569265,0.003881716621991933,0.0017192314844578505,1.0011266255107054
0.030375,60,physics,0,1744,845.0023869842648,27988.038603216875,251.8219761983782,29084.86296639952,1910.8773552054124,0.0007720959666928035,10.872975755316562,89.27636836060009,0.9678881902018446,6.496444981962676e-08,0,0.03302925612873487,0.003911575884648744,0.0017192314844578505,1.0011287736976981
0.0304375,60,physics,0,1744,851.6511325055928,28594.122107111027,269.6381652416145,29715.411404858234,1925.2476360445353,0.0007779023235717242,10.937299213715221,78.99437634807981,0.9715866054590191,6.580169298331386e-08,0,0.03294499773970933,0.003941620849109507,0.0017192314844578505,1.0011328910689852
0.0305,60,physics,0,1744,895.2546994565469,29191.85424635897,253.72437476754885,30340.833320583064,1939.7205224333688,0.0007837501385436524,10.98554914094776,68.26857806392992,0.9754446123398403,6.657205453564076e-08,0,0.03279137210557915,0.003971244241228117,0.0017192314844578505,1.0011352182863336
0.0305,61,refine,0,1890,895.254699456547,29191.854246358973,253.72437476754885,30340.833320583068,1939.7205224333688,0.0007837501385436524,10.98554914094776,68.26857806392992,0.9754446123398403,6.657205453564076e-08,0,0.03279137210557915,0.0037823625742831697,0.0017192314844578505,1.0011352182863336
0.0305625,61,physics,0,1890,956.9436851636535,29784.914313268695,219.70852265417872,30961.566521086526,1954.31667440404,0.0007896477593590803,11.023874285981929,60.015286168264296,0.9784124580202243,6.729087509427237e-08,0,0.03266507738966129,0.003809305253184093,0.0017192314844578505,1.0011379035438424
0.030625,61,physics,0,1890,1000.6607618047601,30382.563173838025,200.5854834280816,31583.809419070865,1969.0226360086199,0.0007955897491002342,11.06516781445237,56.54226966501542,0.9796617882218979,6.789362494430414e-08,0,0.032469261807485716,0.00383630839637629,0.0017192314844578505,1.0011379035438424
0.0306875,61,physics,0,1890,1007.8526139479737,30994.261553393062,215.200003146286,32217.31417048732,1983.8389773946014,0.0008015763381369907,11.116123536314218,58.94592935369668,0.9787972239745447,6.828851084605957e-08,0,0.03219265777049041,0.0038632618299491014,0.0017192314844578505,1.001140767826457
0.03075,61,physics,0,1890,995.8985416777472,31626.912082562543,250.12401485648624,32872.93463909678,1998.7668144486497,0.0008076079773468437,11.182853955606507,66.79033280307759,0.9759757051044282,6.852275902247126e-08,0,0.03186585038514952,0.003890237384772855,0.0017192314844578505,1.0011409468443926
0.0308125,61,physics,0,1890,1001.4546334112121,32283.32533571341,272.7244513807137,33557.504420505335,2013.8070063644186,0.0008136850138896737,11.267741721788662,78.24487872711777,0.9718556478630797,6.879866276676699e-08,0,0.031608431105707144,0.003917384608880151,0.0017192314844578505,1.0011405888085536
0.030875,61,physics,0,1890,1045.1984371837634,32964.12163306063,262.6886585682587,34272.00872881265,2028.9602477572598,0.0008198077284269846,11.368812600077637,90.58953154060352,0.9674153866928166,6.89516399532408e-08,0,0.031380055766869225,0.003944786428657186,0.0017192314844578505,1.0011396937195163
0.0309375,61,physics,0,1890,1112.4043290386694,33669.36829150596,231.21458903097695,35012.98720957561,2044.2269202674313,0.0008259762751617167,11.479595312711213,100.94229050852331,0.963691627621328,6.933361529348762e-08,0,0.031046837354178104,0.00397252645949252,0.0017192314844578505,1.001142378989029
0.031,61,physics,0,1890,1167.1100412158135,34397.70921807499,210.1173979423706,35774.93665723317,2059.607155587366,0.0008321907073046109,11.591512078713958,106.96974806472947,0.9615236057856782,6.964172705181688e-08,0,0.030796998182527065,0.004000588709226397,0.0017192314844578505,1.001143990154194
0.031,62,refine,0,1998,1167.1100412158135,34397.709218075,210.11739794237064,35774.93665723318,2059.607155587366,0.0008321907073046109,11.591512078713958,106.96974806472947,0.9615236057856782,5.656635027051492e-08,0,0.030796998182527065,0.003791181729099921,0.0014290253166109324,1.001143990154194
0.0310625,62,physics,0,1998,1185.6294510530995,35144.570769843274,221.8944275401574,36552.094648436534,2075.105174992714,0.0008384527304752757,11.695663481535302,107.42820078764045,0.9613588342985234,5.696930704957031e-08,0,0.03058711574907176,0.003818107579196266,0.0014290253166109324,1.0011511509196311
0.031125,62,physics,0,1998,1178.4890606625913,35902.338234197756,258.5509439414246,37339.37823880177,2090.7198181945687,0.0008447618758553577,11.787583363435433,102.42740177321691,0.9631576852322465,5.753653420370606e-08,0,0.030471850947495934,0.003845246778372817,0.0014290253166109324,1.0011549103419888
0.0311875,62,physics,0,1998,1181.1642553602087,36660.885650082484,288.28277892527353,38130.33268436797,2106.4519347095566,0.0008511184866947048,11.863200218488938,93.39764288625372,0.9664055810262668,5.818132642332324e-08,0,0.030316870960619708,0.0038725817975746573,0.0014290253166109324,1.0011577746732605
0.03125,62,physics,0,1998,1221.4141176829637,37413.56278405632,284.66619858785566,38919.643100327135,2122.302402451518,0.0008575229177171479,11.923344612121964,82.77156428048369,0.970227695037683,5.883575937559725e-08,0,0.03022637627113919,0.0039000988594869836,0.0014290253166109324,1.0011651145595495
0.0313125,62,physics,0,1998,1292.7101363146928,38160.70149029762,251.8314940488409,39705.24312066116,2138.272108444149,0.000863975527327383,11.972802297506567,73.42978354867559,0.9735879761834693,5.947478776135987e-08,0,0.030124675878855138,0.003927754609501464,0.0014290253166109324,1.00116994817259
0.031375,62,physics,0,1998,1359.5035762401344,38909.986591463516,221.4723426403903,40490.962510344034,2154.362044433183,0.000870476716243373,12.019369811020123,67.97908608149235,0.9755485642396061,6.004992680885829e-08,0,0.02993417489135172,0.003955595167106986,0.0014290253166109324,1.0011697691494688
0.0314375,62,physics,0,1998,1391.0109360704218,39672.3743947131,223.07011642856838,41286.455447212094,2170.5730076926397,0.000877026806606176,12.071634914238208,68.04596987035208,0.9755246424448807,6.049418921350028e-08,0,0.029707256907041978,0.003983591167731481,0.0014290253166109324,1.0011717384055643
0.0315,62,physics,0,1998,1391.366889119989,40456.90654634846,255.5306931494883,42103.804128617936,2186.90588295712,0.0008836261558955736,12.136969992588174,73.84740602987097,0.9734380319151194,6.078621073157822e-08,0,0.02940699957774523,0.004011713369567968,0.0014290253166109324,1.0011783622954031
0.0315,63,refine,0,2134,1391.3668891199893,40456.90654634845,255.5306931494883,42103.80412861793,2186.9058829571204,0.0008836261558955736,12.136969992588174,73.84740602987097,0.9734380319151194,5.7649863549613656e-08,0,0.027014109081010432,0.0037562348969081907,0.001348319579847157,1.0011783622954031
0.0315625,63,physics,0,2134,1395.9497606704335,41267.687679699775,288.3126084017019,42951.950048771905,2203.36174835762,0.0008902751997337628,12.218589408428759,84.12477089832402,0.9697431643639259,5.786994528023114e-08,0,0.02673749945749658,0.0037827449539021376,0.001348319579847157,1.001179615468681
0.031625,63,physics,0,2134,1437.2687403343878,42106.885506016304,291.12406512243916,43835.27831147313,2219.9414209373817,0.0008969742682496196,12.316628432775753,96.43434823607018,0.965315906237339,5.81025787482759e-08,0,0.02650624597027273,0.0038094288354181237,0.001348319579847157,1.0011835540234801
0.0316875,63,physics,0,2134,1514.097171425964,42974.26523089921,262.8012188870168,44751.163621212196,2236.645865817929,0.0009037237514035112,12.425746909723443,107.91313318554893,0.9611854000544173,5.827629223631452e-08,0,0.02621322542269709,0.003836334147689139,0.001348319579847157,1.0011873135675147
0.03175,63,physics,0,2134,1593.0030170575362,43869.27179965201,232.12622403781353,45694.401040747354,2253.4759753833464,0.0009105240097660157,12.538721310964277,116.00457231504595,0.9582752871332861,5.8527990454137975e-08,0,0.025978040846780313,0.003863338530139852,0.001348319579847157,1.0011878506463863
0.0318125,63,physics,0,2134,1639.7515435641128,44788.73569169191,230.56438733978084,46659.0516225958,2270.4327515426517,0.0009173754481616022,12.647729873684165,118.97425470130027,0.9572072311237254,5.891913090749773e-08,0,0.025786466892093296,0.0038905752509113016,0.001348319579847157,1.0011930424236661
0.031875,63,physics,0,2134,1650.995795522417,45725.38777475187,262.74435365835274,47639.12792393264,2287.517171682939,0.000924278461506581,12.745882135909529,116.35807576848919,0.9581483404966564,5.943106096140132e-08,0,0.02564833835934318,0.003917981404251025,0.001348319579847157,1.001193937560401
0.0319375,63,physics,0,2134,1657.655942845409,46669.06510279971,301.5673558525873,48628.2884014977,2304.7300840303037,0.0009312333925293561,12.82899205793109,109.04367593895081,0.9607793583285882,6.004562713712864e-08,0,0.025552751867735365,0.00394554521239003,0.001348319579847157,1.0011932214509491
0.032,63,physics,0,2134,1696.8011001987593,47610.90146697305,312.68079209779205,49620.38335926961,2322.0725513432963,0.0009382406706408409,12.896485382660117,99.06680606089114,0.9643680319736129,6.068238711520732e-08,0,0.025445152637788154,0.0039732963442604815,0.001348319579847157,1.0011957278362715
0.032,64,refine,0,2346,1696.8011001987595,47610.90146697305,312.68079209779205,49620.38335926961,2322.0725513432963,0.0009382406706408408,12.896485382660117,99.06680606089114,0.9643680319736129,4.397536290667855e-08,0,0.025445152637788154,0.00375637341078407,0.0009409764315932989,1.0011957278362715
0.0320625,64,physics,0,2346,1776.803107691267,48547.5296625943,286.58946225731984,50610.922232542885,2339.545514333292,0.000945300675938406,12.950452837020467,89.1696725670845,0.9679279440161415,4.4427570955463145e-08,0,0.02535867819509272,0.003784655759722777,0.0009409764315932989,1.0012012777118147
0.032125,64,physics,0,2346,1868.5193399736877,49485.83052812108,248.51946057835886,51602.86932867313,2357.1498595578687,0.0009524137666384122,13.001105877788378,82.12190025405857,0.9704632809798356,4.4801991450071877e-08,0,0.025261151233838916,0.003812788582321446,0.0009409764315932989,1.0012028889717668
0.0321875,64,physics,0,2346,1932.5322404555618,50436.20554548438,235.04556413423296,52603.783350074176,2374.8862865540386,0.0009595802253909749,13.054969670834389,79.9976934476107,0.9712272979095778,4.5104444623689246e-08,0,0.025113789967203894,0.0038408016882344317,0.0009409764315932989,1.0012098711281905
0.03225,64,physics,0,2346,1957.2990612469348,51409.57811769002,259.27973864092655,53626.156917577886,2392.754768152951,0.0009668000412184387,13.119485232127403,83.61285983765838,0.9699270717433774,4.535234765512537e-08,0,0.024919470364410366,0.003868664256812048,0.0009409764315932989,1.0012143468950983
0.0323125,64,physics,0,2346,1970.7803509800804,52412.591142748024,298.2668232015169,54681.638316929624,2410.7553400825022,0.0009740732285567735,13.199251341084901,92.2997037869011,0.9668028165037134,4.55811921540316e-08,0,0.024686425102375602,0.003896616782840022,0.0009409764315932989,1.001218822682014
0.032375,64,physics,0,2346,2013.5102805331362,53447.41024392395,315.40184176954534,55776.32236622663,2428.8869868521047,0.0009813993770938394,13.294286597726623,104.1105959045425,0.9625562980790321,4.5833207451551055e-08,0,0.02444707531111102,0.003924806246013968,0.0009409764315932989,1.0012229404236481
0.0324375,64,physics,0,2346,2099.853549190047,54514.25870941828,295.65891783691245,56909.77117644524,2447.1483665268443,0.0009887779446166468,13.400518081376951,116.29553275372812,0.9581724664902874,4.608505221881392e-08,0,0.02419914268189153,0.003953354384447327,0.0009409764315932989,1.0012267001155826
0.0325,64,physics,0,2346,2204.7785107237137,55612.63387361808,259.59092199824426,58077.00330634003,2465.537474773836,0.0009962081212682374,13.510827313746898,126.14757092134305,0.9546290408759498,4.626467475787867e-08,0,0.02395352801861365,0.003982409677489477,0.0009409764315932989,1.0012265210823132
0.0325,65,refine,0,2524,2204.7785107237137,55612.63387361808,259.5909219982442,58077.00330634003,2465.537474773836,0.0009962081212682374,13.510827313746898,126.14757092134305,0.9546290408759498,4.4272566057657125e-08,0,0.02395352801861365,0.003723152105872005,0.0009185735252685845,1.0012265210823132
0.0325625,65,physics,0,2524,2287.771167300606,56743.01103481259,243.6749937778775,59274.457195891075,2484.0899967037635,0.0010037043257290082,13.619255383229909,131.52949047564033,0.9526934841557311,4.458445879151893e-08,0,0.023759554865768796,0.003749139858653559,0.0009185735252685845,1.0012272372155828
0.032625,65,physics,0,2524,2330.1726430319914,57898.677960672554,266.1091341928143,60494.959737897356,2502.7819919332,0.0010112568848122873,13.723242771638988,131.46066120570427,0.9527185270718398,4.492843963532785e-08,0,0.023606533794461242,0.003775306486173106,0.0009185735252685845,1.00123296630018
0.0326875,65,physics,0,2524,2352.8335222955457,59069.25431371218,309.3557869139678,61731.443622921695,2521.614695747996,0.0010188662976391824,13.81567957558544,126.27695476563567,0.954583058183914,4.538420128596959e-08,0,0.02353056998660695,0.0038015923238725897,0.0009185735252685845,1.0012383373467626
0.03275,65,physics,0,2524,2397.2409481373634,60244.2085269768,335.6659315649356,62977.1154066791,2540.5888365697347,0.001026532858530712,13.894417795592735,117.50605279880757,0.9577376580930309,4.587067703454296e-08,0,0.02344427961438016,0.003828116580747987,0.0009185735252685845,1.0012438874585008
0.0328125,65,physics,0,2524,2487.0811290890524,61417.65662570573,321.848635523134,64226.58639031792,2559.7046308919753,0.0010342566549617765,13.960542681030399,107.60739703136771,0.96129801208352,4.636246053735254e-08,0,0.023358829363593243,0.003854700256919848,0.0009185735252685845,1.0012476472290932
0.032875,65,physics,0,2524,2605.295121803621,62592.04253612006,281.60513727064426,65478.94279519432,2578.961897476116,0.0010420376137023565,14.019498095129382,99.37722584094071,0.9642580559027956,4.682888743445805e-08,0,0.023273042635934493,0.003881462685370709,0.0009185735252685845,1.0012508699008382
0.0329375,65,physics,0,2524,2709.443342465538,63777.31046364414,253.4395296863093,66740.193335796,2598.3598791886325,0.0010498754288302894,14.078549405960397,95.22092298155695,0.9657529885155737,4.724299085268059e-08,0,0.023159083129702104,0.003908344141955715,0.0009185735252685845,1.001254450659387
0.033,65,physics,0,2524,2772.3410208053465,64985.659386889776,264.2749201902809,68022.2753278854,2617.8968220240818,0.0010577693916342034,14.144641107302691,96.57905146190352,0.9652628428316921,4.7510278378126614e-08,0,0.022982122936096947,0.003935404358391041,0.0009185735252685845,1.0012587475865493
0.033,66,refine,0,2673,2772.3410208053465,64985.659386889776,264.2749201902809,68022.2753278854,2617.8968220240818,0.0010577693916342034,14.144641107302691,96.57905146190352,0.9652628428316921,4.7264456348727844e-08,0,0.022982122936096947,0.003786430918414141,0.000911187322344631,1.0012587475865493
0.0330625,66,physics,0,2673,2808.737024760914,66227.9473811844,303.6882437169869,69340.37264966228,2637.5957212144203,0.0010657287934093713,14.224678173811814,103.42545981103189,0.9628005343517168,4.747067183785696e-08,0,0.022787825425984242,0.003813817330779533,0.000911187322344631,1.001262328373271
0.033125,66,physics,0,2673,2861.4247768912655,67507.83438179825,334.2756412938911,70703.5347999834,2657.4428840930536,0.0010737481015911056,14.322168646211775,114.260453829328,0.9589034816487536,4.762267868940738e-08,0,0.022569467463856,0.0038412061380525267,0.000911187322344631,1.0012673414961952
0.0331875,66,physics,0,2673,2960.0235095614325,68825.71933100917,327.8931885619437,72113.63602913254,2677.4393219534686,0.0010818277247956999,14.434486043045302,126.64261671424347,0.9544499961896116,4.776559858754577e-08,0,0.022324832025246256,0.0038687756176311442,0.000911187322344631,1.0012693109442112
0.03325,66,physics,0,2673,3093.180146877591,70181.65766111977,292.4069097090587,73567.24471770642,2697.586222129133,0.0010899681427689518,14.556326448618922,137.80899356740912,0.9504338606298629,4.7960301063909616e-08,0,0.022100383552197466,0.003896538786649336,0.000911187322344631,1.0012709223136511
0.0333125,66,physics,0,2673,3219.7187612213856,71574.56321375332,263.8568498490438,75058.13882482376,2717.8842614804034,0.001098169628998406,14.680181159937364,145.35792060338852,0.9477187920897872,4.826217381292957e-08,0,0.021898307253563953,0.003924470276441242,0.000911187322344631,1.0012762935638462
0.033375,66,physics,0,2673,3307.1363181976144,73000.03902014327,272.44094329006373,76579.61628163095,2738.3336000081795,0.0011064322481329275,14.79689135590632,147.91501160182747,0.9468024925411729,4.8602253333029994e-08,0,0.021741297322102945,0.003952672879609648,0.000911187322344631,1.0012761145217088
0.0334375,66,physics,0,2673,3361.6789239843683,74448.98809680685,314.04678834761205,78124.71380913882,2758.9337913096006,0.0011147558198020496,14.900059714044435,145.14854696673368,0.9477974118437364,4.905224137985439e-08,0,0.02163835755484356,0.003981224692256635,0.000911187322344631,1.001281843885985
0.0335,66,physics,0,2673,3423.002800756445,75909.79588892385,353.2527011726951,79686.05139085298,2779.683546149342,0.0011231398230862172,14.986546522786854,138.0649485434973,0.9503451303304464,4.954844623483725e-08,0,0.021561714222649502,0.004009965764117405,0.000911187322344631,1.001287215194768
0.0335,67,refine,0,2904,3423.002800756445,75909.79588892385,353.2527011726951,79686.05139085298,2779.683546149342,0.0011231398230862172,14.986546522786854,138.0649485434973,0.9503451303304464,3.588294106293689e-08,0,0.022979033101287894,0.0037631419952911917,0.0006741597899235785,1.001287215194768
0.0335625,67,physics,0,2904,3527.7288227135073,77374.86381560129,355.5502377624416,81258.14287607724,2800.5998331895908,0.0011315911142263711,15.078391868107772,128.74615619850155,0.9536967123121247,3.633329725971636e-08,0,0.022894119813580048,0.0037917524107696303,0.0006741597899235785,1.001290796083298
0.033625,67,physics,0,2904,3674.9052818832947,78843.76342173154,319.8349771825644,82838.5036807974,2821.6735586975883,0.0011401060188713996,15.141563111150614,119.8723576740076,0.956888417626894,3.675802773273062e-08,0,0.022747009271425637,0.0038201539554642344,0.0006741597899235785,1.0012927655774482
0.0336875,67,physics,0,2904,3826.006284947026,80323.92940862721,280.21878655916333,84430.15448013341,2842.905827239676,0.001148684983324785,15.203651046038273,114.0577203349605,0.9589798325356163,3.712334173400227e-08,0,0.02264250578707365,0.0038483168310809997,0.0006741597899235785,1.0012963464858278
0.03375,67,physics,0,2904,3941.3511281531637,81828.36513826594,274.30791261088393,86044.02417902999,2864.297798468723,0.001157328476147894,15.272792892549214,113.18129472818646,0.9592953289724039,3.743255838628557e-08,0,0.02245446252557034,0.0038763003803547126,0.0006741597899235785,1.0012999274070138
0.0338125,67,physics,0,2904,4018.669772214101,83368.72518553364,307.3736913212399,87694.76864906897,2885.85050075013,0.0011660369128549787,15.35622120940666,117.8692443403932,0.9576072149858587,3.7656663565144326e-08,0,0.02225523355885622,0.003904223817552666,0.0006741597899235785,1.001306910240161
0.033875,67,physics,0,2904,4095.6240553363086,84951.18916312815,347.63328463562596,89394.44650310007,2907.5642061972567,0.0011748104033942972,15.455954445752512,127.29722377107676,0.9542156074441762,3.782079360803439e-08,0,0.02204149678664997,0.0039323551075669105,0.0006741597899235785,1.0013097750063085
0.0339375,67,physics,0,2904,4213.664872787761,86577.43812270867,357.2698767801258,91148.37287227655,2929.438592210012,0.0011836488174182774,15.569515529214367,139.3699483465269,0.9498736288312055,3.78930922195764e-08,0,0.021782212004863338,0.003960904159062936,0.0006741597899235785,1.001311923586298
0.034,67,physics,0,2904,4378.665242418228,88247.37534403408,328.67274884999335,92954.7133353023,2951.472388516646,0.0011925516416696558,15.691461753315366,151.43564689687537,0.9455346679312797,3.79403974903881e-08,0,0.021532643383768934,0.003990198518528652,0.0006741597899235785,1.001313714073144
0.034,68,refine,0,3186,4378.6652424182275,88247.37534403408,328.67274884999335,92954.7133353023,2951.472388516646,0.0011925516416696558,15.691461753315366,151.43564689687537,0.9455346679312797,3.79403974903881e-08,0,0.021532643383768934,0.0038031576145644403,0.0006741597899235785,1.001313714073144
0.0340625,68,physics,0,3186,4555.956892975157,89961.36199203196,291.27142379758584,94808.5903088047,2973.681250226059,0.0012015252016440673,15.813346927416692,161.0004229103162,0.9421003009911225,3.80789089149402e-08,0,0.02135769315044631,0.003829625182021225,0.0006741597899235785,1.0013196227024526
0.034125,68,physics,0,3186,4703.000891313574,91717.24870556744,283.60257357798963,96703.852170459,2996.0571980279587,0.0012105662732762768,15.933547803412596,166.09188500464165,0.9402692436819021,3.8305485006162665e-08,0,0.021218300149956515,0.0038562460031482033,0.0006741597899235785,1.0013224875049707
0.0341875,68,physics,0,3186,4808.862954350618,93506.83357814045,316.9758389147287,98632.6723714058,3018.6015027566004,0.0012196753700508371,16.043527225311458,165.90526607282314,0.9403311499244665,3.860021990931281e-08,0,0.02112546883862123,0.0038830595040097475,0.0006741597899235785,1.001325352315685
0.03425,68,physics,0,3186,4904.521774334267,95318.89257696917,364.3680837505036,100587.78243505394,3041.3154581217004,0.0012288530146952019,16.139911845622684,160.90261415491338,0.942130581087274,3.895276101673057e-08,0,0.021054694172979307,0.003910029833958226,0.0006741597899235785,1.00132839618605
0.0343125,68,physics,0,3186,5034.691180107628,97142.75097791576,384.55726541237544,102561.99942343577,3064.200011921077,0.0012380995901700414,16.22319132690534,152.69169110849478,0.9450839255598988,3.937716197555121e-08,0,0.02097645665601429,0.003937214540773464,0.0006741597899235785,1.0013314400656677
0.034375,68,physics,0,3186,5216.241963374817,98973.70294388142,360.2633356599228,104550.20824291617,3087.2553799772036,0.0012474151836791045,16.296075756675766,143.7090514695265,0.948314552533198,3.983205498769856e-08,0,0.020893771424082597,0.003964544332356726,0.0006741597899235785,1.0013343049019956
0.0344375,68,physics,0,3186,5421.57223855456,100816.71031794342,314.9952739557202,106553.2778304537,3110.480926859591,0.0012567995384747204,16.364609268349263,136.63096899615695,0.9508620258950783,4.022835309314133e-08,0,0.020779940858199494,0.0039920192465220826,0.0006741597899235785,1.001335200165029
0.0345,68,physics,0,3186,5604.261949005491,102683.85238009944,291.5731366015377,108579.68746570648,3133.8751297963813,0.0012662520392761692,16.435925013799388,133.712313485724,0.9519135969293505,4.059393354793889e-08,0,0.020635329865141265,0.004019665287899336,0.0006741597899235785,1.001335200165029
0.0345,69,refine,0,3445,5604.261949005492,102683.85238009944,291.5731366015377,108579.68746570648,3133.8751297963813,0.0012662520392761692,16.435925013799388,133.712313485724,0.9519135969293505,3.231563638905759e-08,0,0.020635329865141265,0.0037563983955656555,0.0005255353171378374,1.001335200165029
0.0345625,69,physics,0,3445,5743.637684705296,104590.27427339973,311.65057743947705,110645.5625355445,3157.4564646951203,0.0012757801513315855,16.530324340833936,136.14170931084826,0.9510361067238532,3.248584867776568e-08,0,0.020439973446735243,0.003780873734423381,0.0005255353171378374,1.001337348799575
0.034625,69,physics,0,3445,5865.263923991835,106545.03239121665,355.3901044173259,112765.68641962581,3181.2152437037403,0.0012853799602340964,16.62867168262775,143.77800803441184,0.9482899739867396,3.2579369424468e-08,0,0.020258560217272726,0.0038059504075422003,0.0005255353171378374,1.0013416460824982
0.0346875,69,physics,0,3445,6016.353881341035,108550.83710762934,381.0293205315346,114948.22030950192,3205.1527780060383,0.0012950519957716125,16.743051543274547,155.0011895902248,0.9442538649725578,3.2644042136098486e-08,0,0.02002119150646054,0.0038312680339134967,0.0005255353171378374,1.0013466596025504
0.03475,69,physics,0,3445,6220.8068190723,110608.24134882874,365.33103109119395,117194.37919899223,3229.2703712133316,0.0013047967846723605,16.87079559461807,167.40033105822263,0.9397946355892789,3.2791592552427975e-08,0,0.0197737093030169,0.0038567026900722286,0.0005255353171378374,1.0013493454271898
0.0348125,69,physics,0,3445,6457.059135547001,112716.91045798757,325.4045230865825,119499.37411662115,3253.5685991983387,0.001314614559619513,17.004366449629014,178.35263431471995,0.9358552031679298,3.2940375760404095e-08,0,0.01960161457384824,0.0038822621822709397,0.0005255353171378374,1.0013497035376862
0.034875,69,physics,0,3445,6678.822763491582,114874.98073452074,302.14314868508154,121855.9466466974,3278.0471967539734,0.0013245052134553234,17.134224003934715,185.7088546116201,0.9332162509318861,3.3168356949886455e-08,0,0.019455543610754848,0.00390789448649554,0.0005255353171378374,1.0013520312590332
0.0349375,69,physics,0,3445,6858.2794096529105,117076.56050529736,321.648134975111,124256.48804992538,3302.705329062141,0.001334468408868937,17.252794288976,188.14631833958362,0.9323365293539689,3.3428655399347864e-08,0,0.01935959806274768,0.003933783927093527,0.0005255353171378374,1.0013531055937877
0.035,69,physics,0,3445,7011.826011678397,119310.89460198121,370.39739941806147,126693.11801307766,3327.54014299982,0.0013445029930470912,17.355253380525095,185.5326189764605,0.9332732448260577,3.374614365725393e-08,0,0.019323970472715203,0.003959753048740759,0.0005255353171378374,1.0013584772848494
0.035,70,refine,0,3783,7011.826011678397,119310.89460198121,370.39739941806147,126693.11801307766,3327.54014299982,0.001344502993047091,17.355253380525095,185.5326189764605,0.9332732448260577,3.374614365725393e-08,0,0.019323970472715203,0.0037169563628679085,0.0005255353171378374,1.0013584772848494
0.0350625,70,physics,0,3783,7185.321523131197,121568.78219362561,406.8443988883273,129160.94811564512,3352.578643939475,0.0013546198775948553,17.441433142555947,178.9432690937873,0.935643298325668,3.414891125430584e-08,0,0.01927210741879862,0.00374532606314409,0.0005255353171378374,1.001361521255909
0.035125,70,physics,0,3783,7411.8305296412545,123841.939237827,399.4196745459973,131653.18944201423,3377.805644066956,0.0013648129258285026,17.51874357531542,170.44603500218633,0.9386993607757587,3.4526475012341995e-08,0,0.019203063275588222,0.003773459175373168,0.0005255353171378374,1.0013618793707595
0.035187500000000003,70,physics,0,3783,7680.32147777118,126130.858884016,356.15778430782575,134167.338146095,3403.2223169256067,0.00137508261192189,17.59235192544049,162.62173873416356,0.9415135130739756,3.4878691046458296e-08,0,0.019111505098237152,0.003801346521584344,0.0005255353171378374,1.0013624165432757
0.035250000000000004,70,physics,0,3783,7945.496185736377,128445.96450440961,317.9648547424125,136709.4255448884,3428.829689053874,0.0013854293506510857,17.670757574791402,157.92204025829142,0.9432038490117859,3.514724156161722e-08,0,0.018991282487419422,0.0038288977889818893,0.0005255353171378374,1.0013642071204105
0.035312500000000004,70,physics,0,3783,8170.814764055383,130801.87784667093,320.3250472111623,139293.01765793748,3454.6276937955813,0.0013958531150834582,17.7593124839697,158.1195002259559,0.9431360057008433,3.539067705560223e-08,0,0.018830929841515087,0.0038562907739215597,0.0005255353171378374,1.001366713933778
0.035375000000000004,70,physics,0,3783,8363.938483000984,133209.96737773815,359.83370152095074,141933.7395622601,3480.6147412820656,0.0014063532628276127,17.8609975096461,163.67239718722573,0.9411372990061214,3.5517356167247265e-08,0,0.01863131075273394,0.0038839160631362565,0.0005255353171378374,1.0013661767589568
0.035437500000000004,70,physics,0,3783,8569.724306842974,135675.30828065606,398.16010852609486,144643.19269602513,3506.789024669699,0.001416929063822744,17.975669263452364,173.58309671791278,0.9375731867819636,3.567851081243137e-08,0,0.018426524981009117,0.003911837585423449,0.0005255353171378374,1.0013663558171986
0.035500000000000004,70,physics,0,3783,8827.254552620116,138198.37034030244,399.3620472404159,147424.98694016298,3533.1467927218264,0.0014275790023699718,18.098700474506128,185.7884814275447,0.9331838644503553,3.58065737060542e-08,0,0.018216494863650606,0.003940357381393093,0.0005255353171378374,1.0013686835772553
0.035500000000000004,71,refine,0,4115,8827.254552620116,138198.37034030244,399.3620472404159,147424.98694016298,3533.1467927218264,0.0014275790023699716,18.098700474506128,185.7884814275447,0.9331838644503553,3.050172114882341e-08,0,0.018989899407307883,0.0038103259585259733,0.0004485292884055525,1.0013686835772553
0.035562500000000004,71,physics,0,4115,9133.287931673694,140784.91954481005,364.15909395290157,150282.36657043666,3559.732589549158,0.0014383210766563145,18.27108186733434,197.73225953478462,0.9288888518881561,3.0635233017051184e-08,0,0.01885049351715714,0.0038358927143032494,0.0004485292884055525,1.0013731600541116
0.035625000000000004,71,physics,0,4115,9445.773820124252,143431.2289358784,328.8813358166602,153205.88409181932,3586.518192397961,0.0014491438831900091,18.405294522896575,206.99886004925162,0.9255564181727448,3.07247631781138e-08,0,0.01871598584363293,0.0038615780197358567,0.0004485292884055525,1.001375666889892
0.035687500000000004,71,physics,0,4115,9723.540383395464,146132.81030387373,330.8942565203107,156187.24494378953,3613.5045257903757,0.001460047795527118,18.534512976272012,211.8734386559282,0.9238023106341704,3.094168476991392e-08,0,0.01861276626900217,0.00388744289216197,0.0004485292884055525,1.0013762040698044
0.035750000000000004,71,physics,0,4115,9964.402755430263,148880.7657940706,373.4249576705027,159218.59350717138,3640.691500327581,0.0014710327775457714,18.65136374535884,211.757758520957,0.9238426062619657,3.130151249308712e-08,0,0.018499105380715166,0.003913368109066678,0.0004485292884055525,1.001379964337259
0.035812500000000004,71,physics,0,4115,10207.401431827278,151662.56587995397,421.66862954435453,162291.6359413256,3668.077718642766,0.0014820982646355512,18.752425627838164,207.22119572483498,0.9254742335190692,3.169690998561231e-08,0,0.018432693901361756,0.003939593085758525,0.0004485292884055525,1.0013830083736357
0.035875000000000004,71,physics,0,4115,10497.122799007626,154466.8719264054,434.1178861029745,165398.112611516,3695.660471153544,0.001493243161981237,18.838690937428197,199.7843756244517,0.9281489149891207,3.215372856857362e-08,0,0.018378832828563493,0.003965939679762404,0.0004485292884055525,1.001386052419266
0.035937500000000004,71,physics,0,4115,10842.177674358427,157289.89619284729,400.95426660661786,168533.02813381233,3723.4351037304364,0.001504465589067285,18.91314128159102,191.8041102789057,0.9310159284489743,3.254306513156282e-08,0,0.018331227314183594,0.003992465763557096,0.0004485292884055525,1.0013908870989916
0.036000000000000004,71,physics,0,4115,11206.606751942105,160137.81265863279,353.786635038498,171698.2060456134,3751.395640035285,0.0015157631311356048,18.980792672630134,185.8594383066454,0.9331540787584095,3.275782312073258e-08,0,0.018227342863864286,0.004019112082046674,0.0004485292884055525,1.0013939311685718
0.036000000000000004,72,refine,0,4485,11206.606751942103,160137.81265863279,353.786635038498,171698.2060456134,3751.3956400352845,0.0015157631311356048,18.980792672630134,185.8594383066454,0.9331540787584095,3.275782312073258e-08,0,0.018227342863864286,0.003816490053113058,0.0004437667957972735,1.0013939311685718
0.0360625,72,physics,0,4485,11543.331310980284,163038.24855845014,336.4827116495492,174918.06258107998,3779.623376752175,0.0015271686363652437,19.058418254573056,184.100846144523,0.9337912005577208,3.300368156544665e-08,0,0.018068872035918088,0.0038417005165600833,0.0004437667957972735,1.0013976915025935
0.036125,72,physics,0,4485,11840.26298317966,165997.44735941215,363.9173354420683,178201.62767803387,3808.062753345187,0.0015386596553481873,19.1594559262796,187.47135630043957,0.9325811384052315,3.311964924535003e-08,0,0.01786184549823037,0.0038670098176029166,0.0004437667957972735,1.0013996612070022
0.0361875,72,physics,0,4485,12131.446355823566,169023.14333443937,408.502449280511,181563.09213954347,3836.7138884063634,0.0015502362360019254,19.280566068725577,195.635187370305,0.9296454448015244,3.324563202511393e-08,0,0.017666890884504214,0.003892416558662546,0.0004437667957972735,1.00140198904448
0.03625,72,physics,0,4485,12464.883816063542,172117.56303537148,427.6076436640125,185010.05449509903,3865.576198289634,0.0015618981425024449,19.41716520253759,207.06226333283294,0.925536239403997,3.338953735720902e-08,0,0.017455640023696983,0.003917966690156424,0.0004437667957972735,1.0014016309152851
0.0363125,72,physics,0,4485,12857.137081109095,175279.99726080714,404.5083251915942,188541.64266710784,3894.6480616078734,0.0015736447197232202,19.561687783305157,219.43853808336664,0.9210859756015835,3.353295063845963e-08,0,0.017273088555060177,0.003943638058193821,0.0004437667957972735,1.0014055703434739
0.036375,72,physics,0,4485,13278.498685259663,178508.97386456467,363.87091663321354,192151.34346645756,3923.9269383643255,0.0015854749413706378,19.705922418755335,230.27204010190175,0.9171902173303108,3.361622447073386e-08,0,0.017134412636860042,0.003969487069917925,0.0004437667957972735,1.0014109423159794
0.0364375,72,physics,0,4485,13681.248980146134,181800.99982560633,348.02921230479126,195830.27801805726,3953.407625497812,0.00159738670513159,19.84408110936379,237.52310371642238,0.9145795554320136,3.384966262842674e-08,0,0.017029473241980998,0.003995525098846454,0.0004437667957972735,1.0014161352501274
0.0365,72,physics,0,4485,14044.280052898004,185148.2465741479,376.977304056889,199569.5039311028,3983.08644076782,0.0016093785231853083,19.969359343772393,240.03296020009847,0.9136775839306652,3.408482296407552e-08,0,0.016946131790476188,0.0040217930379910375,0.0004437667957972735,1.001419179396458
0.0365,73,refine,0,4882,14044.280052898002,185148.2465741479,376.977304056889,199569.5039311028,3983.08644076782,0.0016093785231853085,19.969359343772393,240.03296020009847,0.9136775839306652,3.219756639083467e-08,0,0.016946131790476188,0.0038183091832984847,0.0004298078711144626,1.001419179396458
0.0365625,73,physics,0,4882,14392.124447574568,188556.82626901072,429.22620689563547,203378.17692348093,4013.057645441484,0.0016214884820910684,20.078162862534562,237.8687131357219,0.9144505065288416,3.246713298210574e-08,0,0.016922486037035608,0.0038435274419105305,0.0004298078711144626,1.0014245514419682
0.036625,73,physics,0,4882,14773.194283896099,192003.59633429177,460.731301743591,207237.52191993146,4043.2543432622538,0.001633689552207562,20.17872215355794,232.0468908216755,0.9165446833403522,3.2738984856450836e-08,0,0.01683181412055001,0.003868875963469345,0.0004298078711144626,1.0014290281685738
0.0366875,73,physics,0,4882,15214.857010756134,195481.40313550478,444.91086390782993,211141.17101016873,4073.6781953825184,0.001645982404728604,20.271276877270573,224.54769947827214,0.9192417995947191,3.301320639081955e-08,0,0.01676410164000012,0.0038943399307960866,0.0004298078711144626,1.0014293863075667
0.03675,73,physics,0,4882,15697.804067954261,198993.64890933322,397.725887310339,215089.1788645978,4104.331068782687,0.0016583677940134626,20.361914455501925,217.82728927999457,0.9216587277242341,3.3271814636748364e-08,0,0.0166758407280641,0.003919862716082637,0.0004298078711144626,1.001430102585937
0.0368125,73,physics,0,4882,16174.029961778626,202553.16309203726,363.2145531386766,219090.40760695457,4135.21466747797,0.001670846408574808,20.459933906193875,214.17533670110313,0.9229723813849319,3.3515462405375755e-08,0,0.01655779297560202,0.003945379574484169,0.0004298078711144626,1.0014317142141431
0.036875,73,physics,0,4882,16612.545576252014,206175.72950500075,372.40382416883153,223160.6789054216,4166.329960214439,0.0016834186398375199,20.572955517197656,215.23455791025137,0.9225972761434464,3.368424827954181e-08,0,0.016394508649683472,0.003971150037707809,0.0004298078711144626,1.0014322514241216
0.0369375,73,physics,0,4882,17029.339965060648,209872.7053169979,414.6188342777583,227316.6641163363,4197.677198048909,0.001696084589241893,20.700588857231164,221.2932559784723,0.9204185589556853,3.385327040916762e-08,0,0.016236688196884348,0.003997414601513788,0.0004298078711144626,1.0014367281851488
0.037,73,physics,0,4882,17472.268091965343,213648.3851706405,448.7421360649528,231569.3953986708,4229.254782363614,0.0017088436108614311,20.83896091519299,231.37957697029367,0.916792386668207,3.403691817283057e-08,0,0.01610423714241414,0.004023978243438896,0.0004298078711144626,1.001439056108792
0.037,74,refine,0,5192,17472.268091965343,213648.3851706405,448.7421360649527,231569.3953986708,4229.254782363614,0.0017088436108614314,20.83896091519299,231.37957697029367,0.916792386668207,2.7589879714184927e-08,0,0.01610423714241414,0.0038020483229541224,0.0003572563291527331,1.001439056108792
0.0370625,74,physics,0,5192,17975.629243843316,217505.4920472068,443.13172632957924,235924.2530173797,4261.078201734808,0.0017217019629037359,20.983687801780704,243.55331658160705,0.9124139011252005,2.766814954924257e-08,0,0.01596753602578147,0.0038263979993330816,0.0003572563291527331,1.0014415631095366
0.037125,74,physics,0,5192,18528.524239798702,221443.29612190137,405.5914695744011,240377.41183127448,4293.141072538944,0.0017346570660457853,21.13031233497892,255.40770254647762,0.9081510504497191,2.7751044573420823e-08,0,0.015840538169358525,0.0038509434822441993,0.0003572563291527331,1.0014446073331638
0.0371875,74,physics,0,5192,19085.792595245457,225459.82493966806,375.4488596246278,244921.06639453815,4325.445400135148,0.0017477097305591998,21.273029327714852,264.66128393945064,0.9048235095770346,2.7846691175170713e-08,0,0.015748867571399015,0.003875578443053365,0.0003572563291527331,1.0014440701165572
0.03725,74,physics,0,5192,19516.99400992194,229547.92171543924,386.19957896224935,249451.11530432344,4357.173615671932,0.0017605296151958496,21.412775682971358,267.0159752728738,0.9039898793010946,2.8027027365595827e-08,0,0.01565280717052485,0.00390037240191333,0.0003572563291527331,1.0014489050763917
0.0373125,74,physics,0,5192,19967.07368286058,233696.1214309171,433.4529275083146,254096.64804128598,4389.553599473667,0.0017736128488371494,21.53963645116677,266.6975384855944,0.9041056190962573,2.8266864404713488e-08,0,0.015607112270277489,0.003925320342547505,0.0003572563291527331,1.0014540982074
0.037375,74,physics,0,5192,20478.749586560887,237895.72681526176,478.4131609703877,258852.88956279302,4422.574016967792,0.0017869548517115818,21.648510485874635,263.13302085289007,0.9053805425458279,2.8577029187459824e-08,0,0.01557704782448163,0.0039504726957408295,0.0003572563291527331,1.001456605245801
0.0374375,74,physics,0,5192,21047.064779163855,242135.9054855321,483.2269353811958,263666.1972000771,4455.830986746771,0.0018003924342759462,21.741733718186655,256.959504221192,0.9076011254834067,2.875887750164451e-08,0,0.015534754491205978,0.00397784973275309,0.0003572563291527331,1.0014576796927512
0.0375,74,physics,0,5192,21672.84620743481,246413.93868732877,445.474159367736,268532.25905413134,4489.318197156578,0.0018139230462867308,21.822877900222963,250.37092826049272,0.9099717780628263,2.901646745101512e-08,0,0.015464182128280211,0.004007185055429636,0.0003572563291527331,1.0014619774920797
0.0375,75,refine,0,5460,21672.84620743481,246413.93868732877,445.474159367736,268532.25905413134,4489.318197156579,0.0018139230462867308,21.822877900222963,250.37092826049272,0.9099717780628263,2.901646745101512e-08,0,0.015464182128280211,0.0038281312630591923,0.0003572563291527331,1.0014619774920797
0.0375625,75,physics,0,5460,22316.153433024614,250753.04568849987,400.71648974898943,273469.91561127343,4523.098429779611,0.001827572054838331,21.907107960065055,245.80663866742555,0.9116130972915699,2.9261994605178643e-08,0,0.015356012610447434,0.00385181974233088,0.0003572563291527331,1.0014634100959545
0.037625,75,physics,0,5460,22934.935260061502,255160.67414188886,389.5203292640312,278485.12973121443,4557.132011999433,0.001841323430086212,22.010847836850143,245.04162518099648,0.9118882746015383,2.9497652320742487e-08,0,0.015210855221278649,0.0038756528050082205,0.0003572563291527331,1.0014653799296287
0.0376875,75,physics,0,5460,23524.45564689461,259650.2298951975,419.8556001770468,283594.5411422691,4591.4184503642755,0.0018551769726496508,22.13201296888982,248.97943365029747,0.9104725310451396,2.965765322215929e-08,0,0.015048498518392461,0.003899478944464317,0.0003572563291527331,1.0014693196086006
0.03775,75,physics,0,5460,24122.352532686633,264228.54185746383,460.87492991353133,288811.769320064,4625.955136792743,0.0018691316287252203,22.265426898136358,257.3221751420019,0.9074732126722789,2.975782642522516e-08,0,0.014886797308523077,0.0039234770572414215,0.0003572563291527331,1.001473259303071
0.0378125,75,physics,0,5460,24740.28851400432,268895.39135507506,473.29045316225256,294108.97032224166,4660.466582827087,0.0018830760863407638,22.404662968232888,267.0520274496086,0.9039903046318326,2.987505354212768e-08,0,0.014753377394801611,0.003947529046395718,0.0003572563291527331,1.0014779153256086
0.037875,75,physics,0,5460,24603.12835672894,273601.9160583803,448.15721601558795,298653.2016311248,4688.439581169341,0.0018943786637318515,22.54051336024898,267.05138873112287,0.903989969517801,2.99579872020672e-08,0,0.01463813448486245,0.0039716691489412505,0.0003572563291527331,1.0014816759749992
0.0379375,75,physics,0,5460,24348.869210249126,278320.5223783398,414.56275200560907,303083.9543405945,4715.350962468177,0.001905252291434155,22.667218094172373,267.0606744003814,0.903990414138483,3.006254845061563e-08,0,0.014523585940728646,0.003995960357410831,0.0003572563291527331,1.0014829295279342
0.038,75,physics,0,5460,24268.105187050474,283077.6558425518,405.09752620738243,307750.85855580965,4744.016766942912,0.0019168347993058091,22.77413824308741,267.05509348755015,0.903990043571295,3.0225019820306924e-08,0,0.014477387676234568,0.004020313236776508,0.0003572563291527331,1.0014857947976774
0.038,76,refine,0,5818,24268.105187050474,283077.6558425517,405.09752620738243,307750.8585558096,4744.016766942913,0.001916834799305809,22.77413824308741,267.05509348755015,0.903990043571295,2.1660627069763918e-08,0,0.014477387676234568,0.0038191471400932605,0.00023524410789832473,1.0014857947976774
0.0380625,76,physics,0,5818,24518.615293623814,287947.06282287044,428.6812083725139,312894.3593248668,4776.143042583552,0.0019298155213677034,22.896881105060235,267.0575860117265,0.9039901793655349,2.184145841965803e-08,0,0.014435951536071924,0.003844984986838034,0.00023524410789832473,1.0014881228353802
0.038125,76,physics,0,5818,25090.3853537144,292896.2594319032,465.5397643454918,318452.1845499631,4811.332294790189,0.0019440338486853216,22.998737335223087,267.01407199318254,0.903991486220967,2.209536020814089e-08,0,0.014421941590660318,0.003870995935971256,0.00023524410789832473,1.0014913462811335
0.0381875,76,physics,0,5818,25782.755044618483,297908.0735398128,485.23996228279566,324176.06854671414,4847.535545165482,0.0019586618851313202,23.099518136705154,265.2362580613791,0.9046263012097671,2.22404281657873e-08,0,0.014363964757587933,0.0038971856471627583,0.00023524410789832473,1.001498509531064
0.03825,76,physics,0,5818,26526.078610534343,302977.028083674,472.88023554481885,329975.98692975315,4884.011175156358,0.001973399977412157,23.205805211216347,261.23684661262735,0.9060684838904319,2.2480403316649264e-08,0,0.01428983443039591,0.003923518787387683,0.00023524410789832473,1.0015020911752428
0.0383125,76,physics,0,5818,27305.44626793723,308106.51641079166,441.6486291024555,335853.61130783136,4920.760338438388,0.0019882485916740537,23.324479247671494,256.7955639410307,0.9076747493940011,2.2704274016405206e-08,0,0.01419559283345312,0.003950000972329041,0.00023524410789832473,1.0015049564998082
0.038375,76,physics,0,5818,28090.070018229355,313306.93625091715,420.31542637055605,341817.32169551705,4957.78258561619,0.0020032075463374084,23.457917550672448,254.0711139267532,0.908645090207239,2.2835150659261695e-08,0,0.014066726118833646,0.0039766399599355465,0.00023524410789832473,1.001508538167043
0.0384375,76,physics,0,5818,28862.68786195135,318591.0133501478,426.7800723536219,347880.4812844528,4995.075049868363,0.002018275683054089,23.60340693367183,254.56836380678513,0.9084693411920648,2.3004535165682663e-08,0,0.013887357348006444,0.004003411908953038,0.00023524410789832473,1.0015139106919124
0.0385,76,physics,0,5818,29635.94573043104,323967.3233798974,452.46588216483826,354055.7349924933,5032.631902003939,0.0020334506465212888,23.755581367416244,259.457212568677,0.9067101261086675,2.3043080332740812e-08,0,0.013772500750788638,0.00403031727172585,0.00023524410789832473,1.0015164178800477
0.0385,77,refine,0,6284,29635.94573043104,323967.3233798974,452.46588216483826,354055.7349924933,5032.631902003939,0.0020334506465212888,23.755581367416244,259.457212568677,0.9067101261086675,2.2142209843423195e-08,0,0.01321132018811165,0.0038154827018060133,0.00023251079255715013,1.0015164178800477
0.0385625,77,physics,0,6284,30409.915654065146,329450.44064491487,471.740077953595,360332.0963769336,5070.252096032396,0.002048651203477609,23.916388098646,267.05863736986055,0.9039903970415694,2.22491918222545e-08,0,0.013111817391045302,0.0038417495741280444,0.00023251079255715013,1.0015230440503335
0.038625,77,physics,0,6284,30223.591885562128,334936.7706982723,467.92978961498136,365628.29237344937,5099.894956311865,0.002060628493794533,24.088167791970466,267.0788315577645,0.9039901228353289,2.229195938951985e-08,0,0.013006395857450325,0.0038682042430570104,0.00023251079255715013,1.0015255512613332
0.0386875,77,physics,0,6284,29704.087009987292,340413.809846907,450.92816272113475,370568.8250196154,5126.693941533402,0.0020714567075097636,24.259507768989454,267.0728449607404,0.9039903955429706,2.244644559112888e-08,0,0.012924055765810467,0.0038948359097184665,0.00023251079255715013,1.0015277003043288
0.03875,77,physics,0,6284,29261.271932897667,345925.2608570211,439.9046316247708,375626.4374215435,5154.230447562088,0.0020825829188152157,24.417967738954772,267.0799195557393,0.903989943667097,2.2594375259643578e-08,0,0.01281881963521635,0.003921499043230744,0.00023251079255715013,1.0015336101963437
0.0388125,77,physics,0,6284,29130.916381867166,351529.935828954,445.2271959103676,381106.0794067315,5184.6768072167,0.0020948848655709187,24.556608341662283,267.0647400133806,0.9039900753112537,2.2744144345665538e-08,0,0.012732569148335562,0.003948479117360695,0.00023251079255715013,1.0015404155697423
0.038875,77,physics,0,6284,29386.880417813685,357232.4439728197,461.5250319689149,387080.8494226023,5218.667123076909,0.0021086187589077995,24.671045395880977,267.0598528554843,0.9039902498095067,2.2963347667825952e-08,0,0.012678620507205073,0.003975664470444994,0.00023251079255715013,1.0015441764538273
0.0389375,77,physics,0,6284,29980.52408515069,363008.87939028733,474.7430593332997,393464.1465347713,5255.654716678659,0.0021235637116849716,24.76384983844802,267.07328435401456,0.9039900591817381,2.3128578163778e-08,0,0.012614051791299933,0.0040028797167640014,0.00023251079255715013,1.0015481164427782
0.039,77,physics,0,6284,30827.302936668948,368847.49261670944,475.4557168271699,400150.2512702056,5294.787729575923,0.0021393755278333306,24.834797721475645,266.9098745588192,0.9040439292948989,2.3573956120515106e-08,0,0.012561599786302604,0.004030277003847823,0.00023251079255715013,1.0015509818990231
0.039,78,refine,0,6775,30827.302936668948,368847.4926167094,475.4557168271699,400150.25127020554,5294.787729575923,0.0021393755278333306,24.834797721475645,266.9098745588192,0.9040439292948989,2.3060215070813677e-08,0,0.012561599786302604,0.00376877030360852,0.00022964338131714612,1.0015509818990231
0.0390625,78,physics,0,6775,31736.085453920496,374802.0390409434,466.1433469355847,407004.2678417994,5334.6287945595595,0.002155473434639434,24.907485690391404,265.2262370691718,0.9046418133628961,2.323043979401971e-08,0,0.012538677739768803,0.0037938262474111603,0.00022964338131714612,1.0015556382829063
0.039125,78,physics,0,6775,32666.56826220706,380838.0216232747,456.70122997656324,413961.2911154583,5374.769588975445,0.002171692448059263,25.005828855205024,262.8527168994595,0.9054816099530496,2.3415550387539988e-08,0,0.012480142790410502,0.0038189982187330027,0.00022964338131714612,1.0015601155955172
0.0391875,78,physics,0,6775,33611.67264064071,386963.60753052344,454.86272300597636,421030.14289417013,5415.21245313959,0.0021880335137048155,25.125128613026313,261.75909360683534,0.9058968380620342,2.3509226565465747e-08,0,0.012420887163679367,0.0038442564951433125,0.00022964338131714612,1.001563876553578
0.03925,78,physics,0,6775,34573.91153483759,393189.0939288849,460.1746089074153,428223.18007262994,5455.959202899905,0.0022044973652751137,25.271278150453806,263.27941199766997,0.9053509222771589,2.364207141170026e-08,0,0.012308266181491787,0.0038696591476925324,0.00022964338131714612,1.0015665629608392
0.0393125,78,physics,0,6775,35538.53150377452,399519.8581686502,465.74650643757195,435524.1361788623,5496.812801743428,0.0022210043895508603,25.438215623191542,267.0764107402094,0.9039898824134935,2.3640193802520986e-08,0,0.012203927687018341,0.0038951593359258375,0.00022964338131714612,1.0015696075644462
0.039375,78,physics,0,6775,35807.29215862356,405866.52153789933,465.82349341019625,442139.6371899331,5532.059386752133,0.002235245882356329,25.61220237301492,267.0708800489733,0.9039897951814665,2.36882673476657e-08,0,0.012100411244262482,0.003920836847938962,0.00022964338131714612,1.0015721148920131
0.0394375,78,physics,0,6775,35284.85376396654,412092.0059742711,464.1547912550994,447841.0145294927,5560.866244420788,0.0022468853832152543,25.781773968646085,267.06804403142866,0.9039898770895647,2.381690755726137e-08,0,0.011996590709492078,0.0039466414740170425,0.00022964338131714612,1.0015735476534409
0.0395,78,physics,0,6775,34633.51661320509,418332.85170874477,467.1351181588732,453433.50344010873,5588.688065327661,0.002258126876890941,25.93528760125955,267.06954734405764,0.9039901934855742,2.393322517946219e-08,0,0.01193824563373346,0.003972571545086415,0.00022964338131714612,1.0015773086619404
0.0395,79,refine,0,7128,34633.516613205094,418332.85170874477,467.1351181588732,453433.50344010873,5588.688065327661,0.002258126876890941,25.93528760125955,267.06954734405764,0.9039901934855742,2.3879195953924142e-08,0,0.01193824563373346,0.0037982659648329526,0.00022779683058615774,1.0015773086619404
0.0395625,79,physics,0,7128,34145.847062161694,424707.5807095382,473.9371841615625,459327.36495586147,5618.062613206044,0.0022699957547489156,26.08001208738669,267.08262253877706,0.90399072141978,2.4070652582253197e-08,0,0.011880058224228779,0.003823170526154358,0.00022779683058615774,1.0015790996233327
0.039625,79,physics,0,7128,33973.527611329875,431213.1384113536,478.402617277594,465665.068639961,5650.194633455956,0.0022829787979343373,26.221258642918233,267.0839618517126,0.9039898111021658,2.4269296350354402e-08,0,0.01184467863490128,0.0038481971393750547,0.00022779683058615774,1.00158375613794
0.0396875,79,physics,0,7128,34150.63066199122,437823.847183035,475.8540924023549,472450.33193742856,5685.379335843472,0.0022971952868773926,26.351466231968736,267.08498621959643,0.9039900366303559,2.4528514330768253e-08,0,0.011774478683213605,0.0038734073798326178,0.00022779683058615774,1.0015868007938113
0.03975,79,physics,0,7128,34669.54441107313,444532.04190327774,468.91103646923057,479670.4973508201,5723.608294795682,0.0023126418172010185,26.474089661546166,267.07699595818815,0.9039900186866348,2.469951176919946e-08,0,0.01170599878887946,0.0038987368395367833,0.00022779683058615774,1.001590203655444
0.0398125,79,physics,0,7128,35491.94114976635,451337.6315665719,465.72512593572753,487295.29784227395,5764.61895802437,0.0023292123038314754,26.59577673739477,267.0976679580147,0.9039901398062601,2.4947652388362936e-08,0,0.011637389154337431,0.003924186194019029,0.00022779683058615774,1.0015934274297602
0.039875,79,physics,0,7128,36521.58249414954,458241.9465940467,471.6328547708815,495235.1619429671,5807.592309498604,0.0023465758207816493,26.728316183760683,267.07707315082456,0.9039912206408981,2.5144375470631484e-08,0,0.01156308103260441,0.003949930841043275,0.00022779683058615774,1.0015961139162834
0.0399375,79,physics,0,7128,37621.540202273834,465245.4090903274,482.5957156863077,503349.54500828753,5851.2867936386065,0.0023642307136392017,26.87221518161841,266.73812554571623,0.9041122845694891,2.53202463440516e-08,0,0.011455230679812895,0.003975793392546361,0.00022779683058615774,1.0016005914098347
0.04,79,physics,0,7128,38757.20327913418,472350.34248235926,488.30034263183825,511595.84610412526,5895.299081881571,0.002382014016237689,27.02138892529337,266.85277842560583,0.9040692286315473,2.5470864084553578e-08,0,0.011340423610021128,0.004001889077851322,0.00022779683058615774,1.0016061435296366
0.04,80,refine,0,7554,38757.20327913418,472350.3424823593,488.30034263183825,511595.8461041253,5895.299081881571,0.002382014016237689,27.02138892529337,266.85277842560583,0.9040692286315473,2.4693201261527576e-08,0,0.011340423610021128,0.0038171973772692805,0.00022070750128477812,1.0016061435296366
0.0400625,80,physics,0,7554,39851.3192735426,479560.9622540644,482.65149402586206,519894.93302163284,5938.972655178958,0.0023996604600014662,27.176833974074437,267.0999582237695,0.9039907003881397,2.478209726319848e-08,0,0.011239536608307683,0.0038431780065132175,0.00022070750128477812,1.0016097255587453
0.040125,80,physics,0,7554,40623.795909357636,486823.4680598525,470.3118528222409,527917.5758220323,5980.0727978454015,0.0024162671010740174,27.34214164074364,267.08510092193075,0.9039900374325408,2.492702844136833e-08,0,0.011132302532518762,0.003869424795194344,0.00022070750128477812,1.0016125911912555
0.0401875,80,physics,0,7554,40560.38750367974,493893.21991152613,463.86596233855016,534917.4733775444,6014.492102508789,0.002430174328680367,27.511312859614993,267.0867582305534,0.903990046469443,2.500132101346251e-08,0,0.01105817127295971,0.0038958260075954297,0.00022070750128477812,1.001620292619252
0.04025,80,physics,0,7554,40136.88030575065,500986.72117394005,472.3767964559766,541595.9782761467,6046.225200754574,0.002442996186186881,27.671625390096064,267.0935286057671,0.9039899455975365,2.524176601070849e-08,0,0.010984416639440383,0.003922406744396742,0.00022070750128477812,1.001621009034169
0.0403125,80,physics,0,7554,39604.2601942207,508185.4832634119,490.4200767031375,548280.1635343358,6077.268287779594,0.0024555392425016083,27.813261150831632,267.1013640722796,0.9039905551992299,2.5377326906550482e-08,0,0.010911723951087788,0.003949572820249174,0.00022070750128477812,1.0016206508266465
0.040375,80,physics,0,7554,39138.86638677767,515499.32390769926,503.1011412700771,555141.291435747,6108.909116537523,0.002468323818230241,27.933383543445217,267.08510376290525,0.90399007742753,2.5492457034204078e-08,0,0.010859611956136939,0.003977226334710972,0.00022070750128477812,1.0016265612671509
0.0404375,80,physics,0,7554,38874.66162530176,522911.1860407009,499.43828423110364,562285.2859502337,6142.147804750128,0.002481754014062896,28.031713798662402,267.1090820146035,0.9039899729933095,2.558572820277052e-08,0,0.010827336336786116,0.0040050288867342744,0.00022070750128477812,1.0016310388968128
0.0405,80,physics,0,7554,38907.6102736602,530408.5023884774,482.537915762376,569798.6505779,6177.835926029842,0.002496173910981288,28.106547234997155,267.10208191564516,0.90399017416914,2.5743269738143233e-08,0,0.010784103384787056,0.00403304181333292,0.00022070750128477812,1.001634979227473
0.0405,81,refine,0,8195,38907.6102736602,530408.5023884774,482.537915762376,569798.6505779,6177.835926029843,0.002496173910981288,28.106547234997155,267.10208191564516,0.90399017416914,1.849001751708101e-08,0,0.010784103384787056,0.0038119484453561963,0.00016853994748089463,1.001634979227473
0.0405625,81,physics,0,8195,39260.85602512547,538073.7320529001,467.5458896472213,577802.1339676728,6216.578340468769,0.00251182790459525,28.191479594209838,267.1009752231053,0.9039899363072674,1.857031417529239e-08,0,0.010695936869417983,0.0038381985179735097,0.00016853994748089463,1.0016389195736342
0.040625,81,physics,0,8195,39932.50805435676,545855.6411590439,468.18351959793006,586256.3327329986,6258.329125998124,0.0025286974399514406,28.287867598539457,267.0984428350015,0.9039899862126654,1.8621388875317273e-08,0,0.010621521335179105,0.003864679865190613,0.00016853994748089463,1.001641068859892
0.0406875,81,physics,0,8195,40875.617503957554,553754.7432977355,484.2070732734402,595114.5678749665,6302.658789001008,0.002546608978810913,28.413644937631396,267.100077494244,0.9039900987746965,1.8732506212870733e-08,0,0.010528781181839874,0.0038912692201967694,0.00016853994748089463,1.0016466212040704
0.04075,81,physics,0,8195,42026.126102654816,561772.3114360392,501.8476121771786,604300.2851508711,6348.847214848449,0.002565271556605961,28.568069553195063,267.098188415277,0.9039903384966007,1.887888778639993e-08,0,0.010442360704045814,0.0039179919905667085,0.00016853994748089463,1.001652890016747
0.0408125,81,physics,0,8195,43252.033790876405,569897.7281357086,506.100959272571,613655.8628858576,6395.612115954684,0.0025841670610312903,28.741740029038564,267.0940137997488,0.9039898770130352,1.8971598514383445e-08,0,0.010324722436134975,0.003944833935993218,0.00016853994748089463,1.0016546811132891
0.040875,81,physics,0,8195,44281.72886062103,578032.1179759984,494.1074702112761,622807.9543068307,6440.682947440144,0.002602378071334297,28.91781211638118,267.0965893687059,0.9039900273456796,1.9083705282696418e-08,0,0.010225746903179017,0.003972574451595486,0.00016853994748089463,1.0016568304333675
0.0409375,81,physics,0,8195,44872.4600422106,586044.9689164364,478.16001226458127,631395.5889709117,6482.18125298767,0.002619145591368238,29.090126893324427,267.11533942366856,0.9039900037812384,1.9187429423084235e-08,0,0.01015111709305149,0.0040005275310402355,0.00016853994748089463,1.0016620246425973
0.041,81,physics,0,8195,45069.48766402502,594044.7743155318,474.08364626669254,639588.3456258236,6520.644530344008,0.00263468679877706,29.24765014288749,267.11384154926327,0.9039899550402258,1.9294735587038755e-08,0,0.010064872754149226,0.004028768752982786,0.00016853994748089463,1.0016670397667218
0.041,82,refine,0,8835,45069.48766402502,594044.7743155318,474.0836462666925,639588.3456258236,6520.644530344009,0.00263468679877706,29.24765014288749,267.11384154926327,0.9039899550402258,1.6357638799036047e-08,0,0.010064872754149226,0.0038272224511620052,0.00013138382928445935,1.0016670397667218
0.0410625,82,physics,0,8835,44954.06683613945,602169.8416243704,486.48807078596826,647610.3965312958,6556.977179819714,0.0026493671193309515,29.398268767375242,267.10155650684936,0.9039901085396971,1.6429950733254406e-08,0,0.009990795666723312,0.0038456408729710396,0.00013138382928445935,1.0016684726639409
0.041125,82,physics,0,8835,44628.960615961085,610403.5242008715,505.33861036222567,655537.8234271948,6591.813057758935,0.0026634426646668682,29.54573098089274,267.11364656790346,0.9039902710461027,1.652821524089632e-08,0,0.009929394187864149,0.0038640001062510807,0.00013138382928445935,1.0016708011262936
0.0411875,82,physics,0,8835,44221.99726677552,618743.9373334224,515.148019731487,663481.0826199295,6626.029453982335,0.002677267906477282,29.68754475154319,267.11607144545917,0.9039901014271353,1.6656661827596492e-08,0,0.009862263176141276,0.0038880730231620306,0.00013138382928445935,1.0016736669335427
0.04125,82,physics,0,8835,43897.33229945107,627190.3898642454,508.8398743796836,671596.5620380762,6660.890960499857,0.0026913538071171098,29.832103467953768,267.1107069514261,0.90398981094758,1.6813630487888505e-08,0,0.00980267017314818,0.003912770122014218,0.00013138382928445935,1.0016756371807827
0.0413125,82,physics,0,8835,43754.07311955164,635747.5611316316,493.3041925719449,679994.9384437551,6697.287647179762,0.0027060600020984422,29.97990113175525,267.1180337410338,0.9039901889760059,1.694128126672468e-08,0,0.009720006989139666,0.003937476901364051,0.00013138382928445935,1.0016801150298316
0.041375,82,physics,0,8835,43885.65433753684,644421.4223749554,482.66509656824246,688789.7418090606,6736.155536848674,0.0027217646943701566,30.126443791374147,267.1154578086883,0.9039902657573028,1.7070145297282124e-08,0,0.009650671128874893,0.003962244145454447,0.00013138382928445935,1.0016862049366622
0.0414375,82,physics,0,8835,44318.31301522424,653207.5889569498,485.7340992905955,698011.6360714645,6777.81623848488,0.0027385978310458586,30.269612686993433,267.11997489872124,0.9039902406976994,1.7198615864799636e-08,0,0.009523624833022774,0.00398715066188005,0.00013138382928445935,1.0016901454843408
0.0415,82,physics,0,8835,45060.88613091801,662094.8320578263,499.149613103102,707654.8678018475,6822.306850272,0.0027565744017620207,30.415605687664552,267.1153096907303,0.903989994704371,1.7326606815970526e-08,0,0.009442975374233963,0.004012154620855497,0.00013138382928445935,1.0016930113469347
0.0415,83,refine,0,9532,45060.88613091801,662094.8320578263,499.14961310310196,707654.8678018475,6822.306850272,0.0027565744017620203,30.415605687664552,267.1153096907303,0.903989994704371,1.54005412866809e-08,0,0.009857897336660183,0.003818833765125065,0.00011625539627857506,1.0016930113469347
0.0415625,83,physics,0,9532,46016.0330528147,671105.0022424622,511.5353633795895,717632.5706586565,6868.818421398573,0.0027753675474162065,30.57203331342621,267.1061073848548,0.9039899220545843,1.5523354157664916e-08,0,0.009823577113108143,0.003839350129930072,0.00011625539627857506,1.0016973101561992
0.041625,83,physics,0,9532,47043.77921730421,680148.9410440468,513.9850498644082,727706.7053112154,6915.976881663306,0.002794422070649348,30.74446585759151,267.1180238170973,0.9039900673019361,1.5647643181182486e-08,0,0.009775776528041907,0.003865985067836315,0.00011625539627857506,1.0017014298657227
0.0416875,83,physics,0,9532,48001.982862550925,689200.8193553092,507.1773682106449,737709.9795860708,6962.573097252221,0.0028132494171646547,30.917520029459066,267.13385264452785,0.9039899652659119,1.5696420163635574e-08,0,0.009655414547473706,0.0038928734160896534,0.00011625539627857506,1.0017026836937233
0.04175,83,physics,0,9532,48780.67875372224,698271.0775612347,499.46447876759373,747551.2207937245,7007.770251626676,0.002831511468625171,31.095348893244793,267.12559949177165,0.9039899962220708,1.5833121480568516e-08,0,0.00956913898735276,0.003920000275459181,0.00011625539627857506,1.0017073407828943
0.0418125,83,physics,0,9532,49312.01070837358,707410.2983443951,498.5184544977344,757220.8275072664,7051.1149612737645,0.0028490250340038213,31.2689950723218,267.13977643216316,0.9039902312867697,1.5973297351479212e-08,0,0.009522261458703852,0.003947366658488807,0.00011625539627857506,1.001711460533671
0.041875,83,physics,0,9532,49554.43132741361,716634.0495650469,505.0003435328781,766693.4812359934,7092.308353623543,0.002865669352904508,31.428390684537984,267.1168669115959,0.9039898904743844,1.6130441871098382e-08,0,0.00947297327605964,0.003974987937032289,0.00011625539627857506,1.0017148638188311
0.0419375,83,physics,0,9532,49519.908068203775,725938.7121906152,513.2789251373766,775971.8991839564,7131.398403991152,0.00288146380990367,31.56345257094141,267.12700059789205,0.903989966964373,1.628087176186454e-08,0,0.009436740219291247,0.004002833776459749,0.00011625539627857506,1.0017220286674895
0.042,83,physics,0,9532,49284.179249277804,735306.9146118141,517.2431588229811,785108.3370199149,7168.906243256375,0.002896618969561688,31.682880909984473,267.1368586034994,0.9039899947229368,1.643192604205977e-08,0,0.009406739758298149,0.004030934944295907,0.00011625539627857506,1.0017284770750985
0.042,84,refine,0,10374,49284.17924927781,735306.9146118141,517.2431588229811,785108.3370199149,7168.906243256376,0.0028966189695616876,31.682880909984473,267.1368586034994,0.9039899947229368,1.5423383459278732e-08,0,0.009406739758298149,0.003823820132653119,0.00011094169894931838,1.0017284770750985
0.0420625,84,physics,0,10374,48944.556745317226,744799.1100238163,515.5198910479575,794259.1866601815,7205.711927799672,0.0029114904214085652,31.799675629213144,267.1284571938496,0.9039899057601478,1.542579397550983e-08,0,0.009348666360226465,0.003847839942071786,0.00011094169894931838,1.0017275814604483
0.042125,84,physics,0,10374,48654.183606484075,754394.8898998961,511.37846679048346,803560.4519731706,7243.002495789186,0.002926557791925964,31.93054244685146,267.1219566027826,0.903990079180677,1.5519415974551962e-08,0,0.00929711108514243,0.0038718598552100404,0.00011094169894931838,1.001732417789072
0.0421875,84,physics,0,10374,48530.57954869162,764099.7692719817,508.6488244373407,813138.9976451106,7281.801695946305,0.002942234729985709,32.06915107575996,267.12164817342006,0.9039899720295744,1.553279371790951e-08,0,0.0092245758643747,0.0038959396772198845,0.00011094169894931838,1.0017352837726081
0.04225,84,physics,0,10374,48650.26585150295,773906.4676951598,508.68589248344244,823065.4194391463,7322.799159146465,0.0029587998830974543,32.22764295333809,267.1250000921984,0.903989895044576,1.566946394859772e-08,0,0.00913598527825326,0.003921319303147031,0.00011094169894931838,1.0017377915149286
0.0423125,84,physics,0,10374,49045.111415814055,783811.2739502648,510.489414190798,833366.8747802696,7366.287391039539,0.0029763714390844626,32.40227489603785,267.12549169829384,0.9039899862543723,1.5781746576237755e-08,0,0.009065032988703994,0.003949495901367056,0.00011094169894931838,1.001740478388667
0.042375,84,physics,0,10374,49704.284218816916,793794.4939522499,513.0030567563863,844011.7812278231,7412.171163162814,0.0029949109205879365,32.58049734803394,267.1359946717428,0.9039899778184916,1.5825356136645054e-08,0,0.00896606967882409,0.003977925804796576,0.00011094169894931838,1.0017474642941142
0.0424375,84,physics,0,10374,50547.98510156405,803817.2663349523,516.3672675593318,854881.6187040757,7459.741074800808,0.0030141316920323344,32.74985940876695,267.14953675725127,0.903989977534658,1.581260100635975e-08,0,0.008895507778165472,0.004006593883154356,0.00011094169894931838,1.001751763337066
0.0425,84,physics,0,10374,51491.22420239246,813886.5115507422,520.577703941133,865898.3134570759,7508.216737882085,0.0030337184351780905,32.90769134879035,267.13689529983657,0.9039898743259613,1.5843070855225967e-08,0,0.008595376293240154,0.004035545195672235,0.00011094169894931838,1.0017542711206413
0.0425,85,refine,0,11170,51491.22420239246,813886.5115507422,520.577703941133,865898.3134570759,7508.216737882085,0.003033718435178091,32.90769134879035,267.13689529983657,0.9039898743259613,1.5843070855225967e-08,0,0.008595376293240154,0.003832532489744726,0.00011094169894931838,1.0017542711206413
0.0425625,85,physics,0,11170,52442.0081539324,824096.4043450046,523.9602570169301,877062.3727559539,7556.940606515489,0.003053405466553798,33.057736912672354,267.13145472881365,0.9039901856415481,1.598708632144512e-08,0,0.008564755361528835,0.00385722057750676,0.00011094169894931838,1.0017594658351612
0.042625,85,physics,0,11170,53284.056235456854,834414.1464331192,524.0801722322198,888222.2828408083,7604.843266660187,0.003072760686073651,33.20551585200896,267.13430981778805,0.9039900180980167,1.613254063670411e-08,0,0.00862191740223213,0.0038818414182782302,0.00011094169894931838,1.0017650188356433
0.0426875,85,physics,0,11170,53899.10054102633,844818.694483421,520.4523341957788,899238.2473586431,7650.979684460791,0.003091402249853438,33.34845690938181,267.143438204511,0.9039900623869892,1.622076695184656e-08,0,0.008474340055314429,0.00390652950546166,0.00011094169894931838,1.001768959693369
0.04275,85,physics,0,11170,54219.43668177013,855292.7088672586,516.3206013976262,910028.4661504264,7694.848294671428,0.00310912749889025,33.495574607894234,267.1459850678152,0.9039899531259834,1.6308876027437704e-08,0,0.008184570617354898,0.003931421620904783,0.00011094169894931838,1.0017712883893122
0.0428125,85,physics,0,11170,54237.311374258075,865835.7955162033,516.3686993002948,920589.4755897617,7736.426071781662,0.0031259271296522886,33.64287555813111,267.1383939116401,0.9039901388035083,1.6339014585753375e-08,0,0.007898245932030193,0.003958378465381208,0.00011094169894931838,1.001774333615252
0.042875,85,physics,0,11170,54013.05376766322,876427.871736857,522.2653801293145,930963.1908846495,7776.179726074042,0.003141989717888533,33.780814545361814,267.1315953692591,0.9039900952665744,1.6662652591037392e-08,0,0.007928375882417387,0.003985452214717995,0.00011094169894931838,1.0017759457974384
0.0429375,85,physics,0,11170,53671.22799437115,887069.7230027653,530.3505240123726,941271.3015211489,7815.046873728805,0.0031576941103470227,33.918250584060225,267.15348367235106,0.9039901600754495,1.6706975358715655e-08,0,0.007901513563928143,0.004012764312193248,0.00011094169894931838,1.0017775579822195
0.043000000000000003,85,physics,0,11170,53346.49624158926,897751.761553195,534.0086479262045,951632.2664427104,7854.045783902609,0.003173451741862317,34.052532564291944,267.1493082182878,0.9039899499919538,1.675036287451802e-08,0,0.007791045218435807,0.004040253645733828,0.00011094169894931838,1.0017820362868908
0.043000000000000003,86,refine,0,11959,53346.49624158925,897751.7615531951,534.0086479262045,951632.2664427105,7854.045783902609,0.003173451741862317,34.052532564291944,267.1493082182878,0.9039899499919538,1.556352646758796e-08,0,0.007791045218435807,0.0038207973660766906,0.00010745196777861565,1.0017820362868908
0.043062500000000004,86,physics,0,11959,53158.444709681455,908583.8106369777,529.6293461568533,962271.884692816,7894.3526001391965,0.003189737836909153,34.19214774942317,267.1401373758755,0.9039900193222461,1.5724824997676027e-08,0,0.007847807884574223,0.0038424786386516098,0.00010745196777861565,1.0017857980782858
0.043125000000000004,86,physics,0,11959,53204.01630442304,919502.480935302,520.682438720115,973227.1796784451,7936.718771425991,0.0032068560208005784,34.34660168916207,267.14622208245424,0.9039899906147795,1.5806788766781243e-08,0,0.007614037054781525,0.0038641398929800982,0.00010745196777861565,1.001791709493304
0.043187500000000004,86,physics,0,11959,53530.5869512641,930517.2262494788,515.494358533849,984563.3075592767,7981.646183259476,0.0032250090819390493,34.521784796578395,267.1463938500813,0.9039899818401897,1.5688424781501453e-08,0,0.007452532223079516,0.0038858216409914294,0.00010745196777861565,1.0017956504560286
0.043250000000000004,86,physics,0,11959,54146.464542393616,941645.9379092553,520.1350483186613,996312.5374999675,8029.254342982696,0.0032442453076401727,34.705097517796915,267.1439813131836,0.903989950665653,1.5518550000592778e-08,0,0.007292876001971372,0.003907810864913116,0.00010745196777861565,1.0018001288415797
0.043312500000000004,86,physics,0,11959,55009.124250049455,952911.899598523,532.410378231748,1008453.4342268043,8079.127276996127,0.003264396622471146,34.87608790743722,267.14802056142537,0.9039899656439244,1.534640325928649e-08,0,0.007094371058726767,0.003936458115649126,0.00010745196777861565,1.001802995018839
0.043375000000000004,86,physics,0,11959,56036.593516990644,964301.3047994308,543.173289099613,1020881.071605521,8130.439619216764,0.0032851295346876213,35.027310676806756,267.15178916603963,0.9039903561838829,1.561427698248961e-08,0,0.006951585579292184,0.003965347887366703,0.00010745196777861565,1.0018033532915729
0.043437500000000004,86,physics,0,11959,57096.88319766104,975778.4473106277,543.9459306579474,1033419.2764389466,8181.972193938195,0.0033059514325344598,35.16073826227042,267.1461745025194,0.9039900887006007,1.5554893373348477e-08,0,0.007010703802568993,0.003994359973304692,0.00010745196777861565,1.0018053237939002
0.043500000000000004,86,physics,0,11959,58038.77208405266,987298.2834285581,534.3147433171225,1045871.3702559279,8232.460079028155,0.003326351220270949,35.26317226995626,267.1549213785,0.9039899866993024,1.5775714956589585e-08,0,0.007068829573398203,0.004023727805389441,0.00010745196777861565,1.0018089065353342
0.043500000000000004,87,refine,0,12687,58038.772084052674,987298.2834285583,534.3147433171225,1045871.370255928,8232.460079028155,0.003326351220270949,35.26317226995626,267.1549213785,0.9039899866993024,1.5775714956589585e-08,0,0.007068829573398203,0.0038292391421570716,0.00010745196777861565,1.0018089065353342
0.043562500000000004,87,physics,0,12687,58730.139399899315,999001.7153686597,523.0629345297585,1058254.9177030888,8281.20008487978,0.0033460447719375766,35.34858917735313,267.1543810425092,0.9039902172327883,1.593930942789258e-08,0,0.007125974875661186,0.003846485142701048,0.00010745196777861565,1.0018123101515644
0.043625000000000004,87,physics,0,12687,59079.532005743036,1010755.9853243234,520.582643988801,1070356.0999740553,8327.354295901965,0.003364693525121999,35.4657086081512,267.15060309043696,0.9039899736922147,1.5894540794647596e-08,0,0.006921417242928972,0.003873880127267341,0.00010745196777861565,1.0018176843059978
0.043687500000000004,87,physics,0,12687,59092.4551736883,1022549.1525871861,529.4561316883271,1082171.0638925626,8370.981124897724,0.003382321081700351,35.61008750367655,267.15434283317927,0.9039901459904403,1.6236429978278004e-08,0,0.00687489582958014,0.003902336603711535,0.00010745196777861565,1.0018221627900483
0.043750000000000004,87,physics,0,12687,58817.27446419692,1034362.2748625705,542.4214882966426,1093721.9708150642,8412.376305191558,0.003399046933646537,35.76742038218436,267.15621401933726,0.9039898448831482,1.6055959228822336e-08,0,0.0068541222812024735,0.00393114539711607,0.00010745196777861565,1.0018273578566284
0.043812500000000004,87,physics,0,12687,58411.09106722854,1046195.4229528232,548.8372609926842,1105155.3512810445,8452.692964497863,0.0034153370058160673,35.92702039761493,267.1586288810471,0.9039898970739277,1.587288966931057e-08,0,0.0067060869910807105,0.003960012977348387,0.00010745196777861565,1.0018316572424468
0.043875000000000004,87,physics,0,12687,57997.49993236236,1058037.9372871625,543.9723214796294,1116579.4095410046,8492.878702069018,0.0034315741786492496,36.08673591810544,267.1482645718911,0.9039899729323668,1.5685631460371516e-08,0,0.006762264453285589,0.003989059795004061,0.00010745196777861565,1.0018375689280743
0.043937500000000004,87,physics,0,12687,57735.59469780697,1069906.0805958898,532.6894099819409,1128174.3647036788,8534.30225235696,0.0034483114935799065,36.228969613850424,267.1475179644713,0.9039899473865646,1.5919285445420458e-08,0,0.006843258627130691,0.004018353345116138,0.00010745196777861565,1.001842943218007
0.044,87,physics,0,12687,57744.204070066975,1081835.0232019026,524.8536617752027,1140104.0809337448,8578.07187050731,0.003465996744561845,36.326449771823945,267.1686979314935,0.9039899336394069,1.613007505341101e-08,0,0.006735500973742182,0.004047950357028052,0.00010745196777861565,1.0018467052381135
0.044,88,refine,0,13405,57744.20407006698,1081835.0232019026,524.8536617752027,1140104.0809337448,8578.07187050731,0.003465996744561845,36.326449771823945,267.1686979314935,0.9039899336394069,1.1940435973301078e-08,0,0.006735500973742182,0.003834832332750638,6.482925527961925e-05,1.0018467052381135
0.0440625,88,physics,0,13405,58088.49472442771,1094117.073126935,527.2887220558334,1152732.8565734185,8625.201039022999,0.0034850394323673118,36.45394491856193,267.1647719701244,0.9039899264302214,1.2055537457200696e-08,0,0.006765936255885091,0.003853051683877981,6.482925527961925e-05,1.0018501089827638
0.044125,88,physics,0,13405,58769.72646722094,1106590.9603354812,538.2047024086683,1165898.891505111,8675.385087104256,0.0035053164538088265,36.5844414265183,267.1528695693049,0.9039901458192545,1.2212502120689822e-08,0,0.006819806685621935,0.0038715098100995083,6.482925527961925e-05,1.0018526170125372
0.0441875,88,physics,0,13405,59749.073479078,1119242.867341551,548.8267708801591,1179540.7675915093,8728.185956608737,0.0035266508101229623,36.721522213442434,267.1472335861865,0.9039899034103754,1.2291819784238104e-08,0,0.006873120130308774,0.003899263651889439,6.482925527961925e-05,1.0018560207772726
0.04425,88,physics,0,13405,60905.067949516975,1132032.049090869,551.2147446295531,1193488.3317850155,8782.465707062915,0.0035485827129083146,36.857833012461924,267.1492145090863,0.9039900494071832,1.2409021810100283e-08,0,0.006925567067243523,0.003927666544576809,6.482925527961925e-05,1.0018594245535721
0.0443125,88,physics,0,13405,62083.123077123666,1144914.3393930078,544.7172336362772,1207542.1797037676,8836.8947082257,0.0035705749209080082,36.99255669364404,267.165048277885,0.9039901208122708,1.2477347155481741e-08,0,0.007001974529081304,0.0039562495071518685,6.482925527961925e-05,1.001864440666039
0.044375,88,physics,0,13405,63103.30243042279,1157831.5670665416,535.7837560870743,1221470.6532530515,8890.036512317969,0.003592047032908635,37.14712616431201,267.1643849699254,0.9039901113570405,1.253731185535399e-08,0,0.006860665228062033,0.003985008498851005,6.482925527961925e-05,1.0018708899903999
0.0444375,88,physics,0,13405,63807.47637992352,1170730.9036048658,532.0991499041285,1235070.4791346935,8940.674405327474,0.003612507431811568,37.287402309990355,267.16768719614015,0.9039900220319965,1.2608788679813163e-08,0,0.006792646237541748,0.004013959545921041,6.482925527961925e-05,1.0018760853096604
0.0445,88,physics,0,13405,64145.71803803225,1183587.9392574034,536.4000570114342,1248270.0573524472,8988.429695350711,0.0036318031059689605,37.41993448676995,267.1740742636075,0.9039900943143888,1.2675105631743122e-08,0,0.006796873834571589,0.004043104672315634,6.482925527961925e-05,1.0018800266043124
0.0445,89,refine,0,14247,64145.71803803225,1183587.9392574034,536.4000570114342,1248270.0573524472,8988.429695350711,0.0036318031059689605,37.41993448676995,267.1740742636075,0.9039900943143888,1.0598721900123556e-08,0,0.007095230432483442,0.003812885558288235,5.881102697458118e-05,1.0018800266043124
0.0445625,89,physics,0,14247,64076.63547055191,1196623.944333596,544.8346135750562,1261245.414417723,9033.301781513272,0.003649933812595649,37.55954187936548,267.18667653673236,0.903990101275105,1.0521073789959696e-08,0,0.007045023190532126,0.00384071255134419,5.881102697458118e-05,1.001886834331594
0.044625,89,physics,0,14247,63720.886809534284,1209658.3814818251,550.7964525732707,1273930.0647439328,9075.899509946146,0.0036671455578729363,37.7184233808001,267.16972074155757,0.9039901599719505,1.0835542241238737e-08,0,0.007000124046121127,0.003868707625460109,5.881102697458118e-05,1.0018920297335359
0.0446875,89,physics,0,14247,63210.704088810366,1222717.6418258953,550.6520805134924,1286478.9979952192,9117.24927751538,0.0036838530606630583,37.89211259570328,267.1801976642242,0.9039899725165464,1.0756318502558319e-08,0,0.006950770877595908,0.003896915362069848,5.881102697458118e-05,1.0018986583889213
0.04475,89,physics,0,14247,62732.965713486694,1235862.058155944,546.0877086994972,1299141.1115781304,9158.901622472038,0.0037006828207932197,38.07338898750508,267.1678440956745,0.9039899555799757,1.0675449857444606e-08,0,0.00690951704102378,0.003925307817886283,5.881102697458118e-05,1.0019025997723736
0.0448125,89,physics,0,14247,62466.46906496986,1249156.3681017368,541.6267788355512,1312164.4639455422,9202.403783490994,0.003718260004884108,38.24533110089431,267.16812888351967,0.9039899869815131,1.0592648536089652e-08,0,0.006868917191582502,0.003953852225069559,5.881102697458118e-05,1.0019047496244284
0.044875,89,physics,0,14247,62510.37710246556,1262627.2171383018,540.7203883642292,1325678.3146291317,9248.637395644848,0.0037369408403419156,38.397231484950645,267.17352648732304,0.9039900080871229,1.0507914538493445e-08,0,0.006760886368874338,0.0039825821486737445,5.881102697458118e-05,1.0019103034302546
0.0449375,89,physics,0,14247,62970.49857235578,1276290.661456757,543.755841898967,1339804.9158710118,9298.496724734483,0.003757086658058443,38.527152427520996,267.1620460456342,0.9039900728975907,1.0421175034025523e-08,0,0.0066217357376400715,0.004011503833105869,5.881102697458118e-05,1.0019138865471255
0.045,89,physics,0,14247,63795.632010062116,1290092.384865432,548.4216895332007,1354436.4385650274,9351.503391721784,0.003778504167488326,38.618023190129485,267.1858689569053,0.9039899042507603,1.0332151134662128e-08,0,0.00648388569348722,0.0040406043050071555,5.881102697458118e-05,1.0019163947365597
0.045,90,refine,0,15179,63795.63201006212,1290092.384865432,548.4216895332007,1354436.4385650274,9351.503391721784,0.003778504167488326,38.618023190129485,267.1858689569053,0.9039899042507603,1.0332151134662128e-08,0,0.00648388569348722,0.003818103620799448,5.812769813928753e-05,1.0019163947365597
0.0450625,90,physics,0,15179,64917.30648323537,1304231.016289461,552.3083542815517,1369700.631126978,9407.325787158825,0.003801059380797382,38.690111212732994,267.1767944994782,0.9039900198201744,1.0241588910275815e-08,0,0.006348230885208957,0.00384618746910196,5.812769813928753e-05,1.001919798717978
0.045125,90,physics,0,15179,66182.63445210914,1318506.5502813025,553.9615061683464,1385243.1462395801,9464.414458236928,0.003824126236735693,38.79811146560478,267.1854463899584,0.9039900134215964,1.0505571523822241e-08,0,0.0063816160567854874,0.0038743728214259967,5.812769813928753e-05,1.001921769449348
0.0451875,90,physics,0,15179,67429.0508706598,1332874.825488843,552.7935544173446,1400856.66991392,9521.385395945133,0.003847145522137703,38.95409663886986,267.1820106014661,0.9039899950144467,1.0532938077290057e-08,0,0.006315949828622088,0.0039026690496276094,5.812769813928753e-05,1.0019269650324503
0.04525,90,physics,0,15179,68467.59059495942,1347255.8496617763,549.4634953070113,1416272.9037520427,9576.681107101253,0.0038694879270170218,39.116375555399124,267.1838165406813,0.9039899086399888,1.0619793044952522e-08,0,0.006289147862512281,0.003931062212237513,5.812769813928753e-05,1.001928039984042
0.0453125,90,physics,0,15179,69148.23512907261,1361585.6122126165,546.1187556243356,1431279.9660973134,9629.091479544953,0.003890664501771924,39.27873163362963,267.177874237194,0.9039898965635136,1.064572785480776e-08,0,0.006218152637107559,0.003959501377980183,5.812769813928753e-05,1.0019300107316222
0.045375,90,physics,0,15179,69401.17188668916,1375817.315617254,545.454274598426,1445763.9417785418,9678.064061328367,0.003910452026467257,39.41971129463731,267.17152239747577,0.9039899866033239,1.071278177278147e-08,0,0.006214785800691136,0.003988018755513387,5.812769813928753e-05,1.00192929409569
0.0454375,90,physics,0,15179,69247.50871519053,1389930.3343235012,548.7367283175442,1459726.5797670092,9723.760661696806,0.003928915880633925,39.51691326794202,267.1798750103317,0.9039899217962206,1.0840443209758619e-08,0,0.006143937528838279,0.004016653404690569,5.812769813928753e-05,1.0019314440050247
0.0455,90,physics,0,15179,68807.4686044219,1403981.0790519302,554.3476753625821,1473342.8953317148,9767.115490777367,0.0039464335347943295,39.57022663546559,267.1832863218815,0.903990056511884,1.074399413880657e-08,0,0.006124326415049708,0.00404536533561171,5.812769813928753e-05,1.001936102157742
0.0455,91,refine,0,16165,68807.46860442188,1403981.07905193,554.3476753625821,1473342.8953317145,9767.115490777367,0.0039464335347943295,39.57022663546559,267.1832863218815,0.903990056511884,1.074399413880657e-08,0,0.006124326415049708,0.003805801377615171,5.812769813928753e-05,1.001936102157742
0.0455625,91,physics,0,16165,68253.68142512118,1418414.466098403,558.5611805025746,1487226.7087040269,9809.9796901902,0.003963752948502864,39.62385735949026,267.1753740098247,0.9039897711134274,1.0645612391613195e-08,0,0.0059688367503238455,0.0038293639289367523,5.812769813928753e-05,1.0019402228493521
0.045625,91,physics,0,16165,67801.56810085938,1433029.416340285,558.0255994287492,1501389.010040573,9853.724869103533,0.003981428324731242,39.71687302758681,267.2031878814196,0.9039900601895388,1.0878911993472684e-08,0,0.006021767287989379,0.0038572507493201636,5.812769813928753e-05,1.0019455976899647
0.0456875,91,physics,0,16165,67604.44575948175,1447856.3430851153,552.5009722803545,1516013.2898168773,9899.653738647296,0.0039999860279842795,39.83728228558279,267.1996346874109,0.9039898525509534,1.111427749833637e-08,0,0.005967855656316893,0.00388537333872476,5.812769813928753e-05,1.001947747634283
0.04575,91,physics,0,16165,67779.13055368417,1462921.1694257732,546.0516770610392,1531246.3516565184,9948.814321454676,0.004019849515079929,39.978452274307564,267.17872669643657,0.9039900425745724,1.1351570350370834e-08,0,0.005936628612118756,0.003913737251792253,5.812769813928753e-05,1.0019538391682377
0.0458125,91,physics,0,16165,68360.7491230639,1478208.2734232307,544.1758748976683,1547113.1984211924,10001.566002296307,0.004041163996559705,40.12843535226895,267.1865750179814,0.9039898905860825,1.1632383944970569e-08,0,0.005918746491562031,0.003942219600617131,5.812769813928753e-05,1.001958676589231
0.045875,91,physics,0,16165,69312.67181122696,1493682.921189726,549.2930338181909,1563544.8860347713,10057.592396745946,0.004063801636305388,40.276472610213226,267.18589917059074,0.9039899540954434,1.1659576415468091e-08,0,0.005860072202672774,0.003970939614936523,5.812769813928753e-05,1.0019638723637194
0.0459375,91,physics,0,16165,70544.22178882937,1509277.6714167423,558.2786763544543,1580380.1718819262,10116.040309182566,0.0040874176979605265,40.41762961404677,267.18938393831945,0.903989898127527,1.1601231975078021e-08,0,0.005830258217816614,0.003999718971310534,5.812769813928753e-05,1.0019679931695409
0.046,91,physics,0,16165,71879.73769732573,1524897.0052679337,564.2481459422329,1597340.9911112017,10175.32136389892,0.004111370393358444,40.53370744542705,267.1933799280903,0.903989913333092,1.1756727147371765e-08,0,0.005773894373987577,0.004028617712683371,5.812769813928753e-05,1.0019708598270645
0.046,92,refine,1,16384,71879.73769732573,1524897.0052679337,564.2481459422329,1597340.9911112017,10175.321363898918,0.004111370393358444,40.53370744542705,267.1933799280903,0.903989913333092,1.1756727147371765e-08,0,0.005773894373987577,0.004019980877325162,5.812769813928753e-05,1.0019708598270645
0.0460625,92,physics,1,16384,66661.7149946237,1530132.1373219017,557.900410095722,1597351.7527266212,10175.321363898918,0.004111370393358444,40.59589940825102,255.498367853616,0.9081662334480334,1.1783805931031567e-08,0,0.005752437495279801,0.004048708352674891,5.812769813928753e-05,1.0019760556647304
0.046125,92,physics,1,16384,61676.7627522499,1535133.6797358387,551.333234744918,1597361.7757228334,10175.321363898918,0.004111370393358444,40.596325669792186,245.18431081078032,0.9118738182509784,1.1810282529722853e-08,0,0.0056699178342254405,0.004077376269582274,5.812769813928753e-05,1.0019814306975658
0.0461875,92,physics,1,16384,56900.685187077426,1539907.9910065643,562.16741549352,1597370.8436091354,10175.321363898918,0.004111370393358444,40.53719802330197,236.8985684232301,0.9148523444761465,1.1814236700047305e-08,0,0.005628992882834574,0.004105925183174634,5.812769813928753e-05,1.0019819682024351
0.04625,92,physics,1,16384,52323.88396543485,1544461.4326475568,594.1485984562428,1597379.4652114478,10175.321363898918,0.004111370393358444,40.42795035495902,230.89816171298256,0.917009332433047,1.1863177107329631e-08,0,0.005575143798288712,0.0041339973036294605,5.812769813928753e-05,1.0019855515756
0.0463125,92,physics,1,16384,47961.548937515785,1548798.5093465797,629.5495013356392,1597389.6077854312,10175.321363898918,0.004111370393358444,40.293447168300446,227.06791068784793,0.9183969869503803,1.202068844463613e-08,0,0.005548304549369385,0.004162353422777058,5.812769813928753e-05,1.001987522436303
0.046375,92,physics,1,16384,43839.40305475139,1552919.1008406742,641.9027993677848,1597400.4066947934,10175.321363898918,0.004111370393358444,40.12992078472012,224.75039176959106,0.9192145914208261,1.182497122442784e-08,0,0.00546180935822272,0.004191480757460395,5.812769813928753e-05,1.0019880599444402
0.0464375,92,physics,1,16384,39969.60923210315,1556774.7612958068,619.1242235731335,1597363.4947514832,10175.321363898918,0.004111370393358444,39.95941867303411,222.7875694915157,0.9199263897606317,1.1713776615351913e-08,0,0.005403067166014237,0.004220008310879281,5.812769813928753e-05,1.0019918225094748
0.0465,92,physics,1,16384,36332.71754455745,1558759.2195542238,754.5094126814708,1595846.4465114628,10175.321363898918,0.004111370393358444,39.91776586172663,219.9208945967558,0.9209578376513421,1.1557283130514408e-08,0,0.005332239339375008,0.004247854213980723,5.812769813928753e-05,1.001992718360375
0.0465,93,refine,1,16384,36332.71754455745,1558759.2195542238,754.5094126814708,1595846.4465114628,10175.321363898918,0.004111370393358444,39.91776586172663,219.9208945967558,0.9209578376513421,1.1557283130514408e-08,0,0.005332239339375008,0.004247854213980723,5.812769813928753e-05,1.001992718360375
0.0465625,93,physics,1,16384,33057.617169394696,1557642.7453257567,1498.9571547809521,1592199.3196499322,10175.321363898918,0.004111370393358444,40.180009830023785,636.7118386112359,0.77117781744513,1.1670360677840095e-08,0,0.005268568259292768,0.004277480880685662,5.812769813928753e-05,1.0019939725529807
0.046625,93,physics,1,16384,30504.046338626158,1554347.8260471788,2701.1851614387106,1587553.0575472438,10175.321363898918,0.004111370393358444,40.4965008275771,1209.0124460704924,0.7296526089869304,1.0497005931142645e-08,0,0.005212943583219943,0.00431761288807428,5.812769813928753e-05,1.6128190231620918
0.0466875,93,physics,1,16384,28859.19607832917,1549404.677435596,4058.8332045980223,1582322.706718523,10175.321363898918,0.004111370393358444,40.73877027079986,2002.9192446549218,0.7356278863143539,8.401439544059032e-09,0,0.005146920178375324,0.004374923935266316,5.812769813928753e-05,2.7333172806213653
0.04675,93,physics,1,16384,28028.08444266596,1542709.3639166807,5411.595524701415,1576149.0438840482,10175.321363898918,0.004111370393358444,40.86818853765867,2348.3519388859636,0.7451598176438334,6.807047370216415e-09,0,0.005086931914993646,0.004443960393835662,5.812769813928753e-05,3.3201166852632884
0.0468125,93,physics,1,16384,27822.031029901264,1534047.9643432018,6609.745947396262,1568479.7413204992,10175.321363898918,0.004111370393358444,40.889325758426224,2232.3063139576375,0.7537653805286579,5.593273399995268e-09,0,0.005040611250118965,0.004495076949362016,5.812769813928753e-05,3.3201166852632884
0.046875,93,physics,1,16384,28012.012315963006,1523484.3579183724,7541.094775119868,1559037.465009455,10175.321363898918,0.004111370393358444,40.811068781419564,2107.0500347897782,0.7608918374187714,4.6302837120038095e-09,0,0.0050010670387491294,0.004536814411106658,5.812769813928753e-05,3.3201166852632884
0.0469375,93,physics,1,16384,28363.3660708323,1511457.9724165066,8160.05212736364,1547981.3906147026,10175.321363898918,0.004111370393358444,40.66080569810931,2021.1915145971755,0.7632830746763943,3.8813912084378866e-09,0,0.004993146286875277,0.00456077148491825,5.812769813928753e-05,3.3201166852632884
0.047,93,physics,1,16384,28884.48986705667,1498326.9511827172,8527.71523980972,1535739.1562895838,10175.321363898918,0.004111370393358444,40.463247985684085,2002.0117963733874,0.7620077707052658,3.2635263380598136e-09,0,0.004947569684361848,0.00456751301296977,5.812769813928753e-05,3.3201166852632884
0.047,94,refine,1,16384,28884.48986705667,1498326.9511827172,8527.71523980972,1535739.1562895838,10175.321363898918,0.004111370393358444,40.463247985684085,2002.0117963733874,0.7620077707052658,3.2635263380598136e-09,0,0.004947569684361848,0.00456751301296977,5.812769813928753e-05,3.3201166852632884
0.0470625,94,physics,1,16384,29594.077808798713,1484310.5959054253,8691.627584426507,1522596.3012986504,10175.321363898918,0.004111370393358444,40.178617594266775,2032.4581554814235,0.7566058767297975,2.7657769408051623e-09,0,0.0049333917830792435,0.004613801023322327,5.812769813928753e-05,3.3201166852632884
0.047125,94,physics,1,16384,30541.94530385268,1469538.4438633388,8649.608842169404,1508729.9980093609,10175.321363898918,0.004111370393358444,39.84806082819686,2102.4581667322573,0.7489190307566664,2.3788118141965288e-09,0,0.004925012638020068,0.0046591740420460406,5.812769813928753e-05,3.3201166852632884
0.0471875,94,physics,1,16384,31796.17154829356,1454129.8981362327,8411.63444128515,1494337.7041258116,10175.321363898918,0.004111370393358444,39.483782426830366,2169.564406127784,0.7421511415347467,2.076605554179882e-09,0,0.004887446144217102,0.004692052724485073,5.812769813928753e-05,3.3201166852632884
0.04725,94,physics,1,16384,33337.334721868625,1438213.9481202564,8046.946432080602,1479598.2292742056,10175.321363898918,0.004111370393358444,39.09325789542133,2196.4910661670356,0.7379349229768385,1.8489849651359708e-09,0,0.00484956807257786,0.004701556371541118,5.812769813928753e-05,3.3201166852632884
0.0473125,94,physics,1,16384,35132.207897774,1421894.4563619944,7643.2579085132575,1464669.9221682816,10175.321363898918,0.004111370393358444,38.73827996850991,2204.9132741343146,0.737239864182592,1.6761880772264739e-09,0,0.0047947730146527595,0.004736473529308388,5.812769813928753e-05,3.3201166852632884
0.047375,94,physics,1,16384,37180.76364671442,1405272.1773841144,7243.887961253917,1449696.8289920827,10175.321363898918,0.004111370393358444,38.4183046421701,2188.9687784737152,0.7395419153106645,1.5334880032469323e-09,0,0.004734944823127433,0.004803738269309193,5.812769813928753e-05,3.3201166852632884
0.0474375,94,physics,1,16384,39508.468707097214,1388418.8783959423,6862.591163142984,1434789.9382661826,10175.321363898918,0.004111370393358444,38.11265571680218,2172.5579083227244,0.741651174327317,1.4219736499399026e-09,0,0.004676417998260609,0.004855689108817412,5.812769813928753e-05,3.3201166852632884
0.0475,94,physics,1,16384,42093.58085510641,1371352.5954808332,6525.8907817376985,1419972.0671176773,10175.321363898918,0.004111370393358444,37.809069489252195,2176.6779977616734,0.7433593114063682,1.3345236027362245e-09,0,0.004630292097830142,0.00484470620628751,5.812769813928753e-05,3.3201166852632884
0.0475,95,refine,1,16384,42093.58085510641,1371352.5954808332,6525.8907817376985,1419972.0671176773,10175.321363898918,0.004111370393358444,37.809069489252195,2176.6779977616734,0.7433593114063682,1.3345236027362245e-09,0,0.004630292097830142,0.00484470620628751,5.812769813928753e-05,3.3201166852632884
0.0475625,95,physics,1,16384,44928.6542659523,1354108.9275859587,6256.998474564419,1405294.5803264754,10175.321363898918,0.004111370393358444,37.47820282123612,2193.5446805101788,0.7431726319075523,1.2641301339044732e-09,0,0.004607993281641304,0.004884911115831556,5.812769813928753e-05,3.3201166852632884
0.047625,95,physics,1,16384,48029.677368239994,1336713.2020205017,6060.638092947375,1390803.517481689,10175.321363898918,0.004111370393358444,37.138271185022994,2212.4328073201896,0.7417737572606636,1.2052083775415645e-09,0,0.00457511507407354,0.004889727490081977,5.812769813928753e-05,3.3201166852632884
0.0476875,95,physics,1,16384,51381.632527734626,1319212.478153758,5935.241245233246,1376529.3519267258,10175.321363898918,0.004111370393358444,36.76646426660428,2219.53640635244,0.7406247719599646,1.161630791557398e-09,0,0.004524009420542078,0.0048668573626644614,5.812769813928753e-05,3.3201166852632884
0.04775,95,physics,1,16384,54970.4372227914,1301659.1926858388,5896.918471439383,1362526.5483800694,10175.321363898918,0.004111370393358444,36.410087665296174,2213.81691936571,0.7400453970640624,1.1344258865619841e-09,0,0.004496838361130662,0.004847825417756513,5.812769813928753e-05,3.3201166852632884
0.0478125,95,physics,1,16384,58804.392464573524,1284092.5794854392,5935.730823501397,1348832.7027735142,10175.321363898918,0.004111370393358444,36.1085354756162,2183.5821877718845,0.7409069633009973,1.1165504076871015e-09,0,0.004452556391253438,0.0048653579800916995,5.812769813928753e-05,3.3201166852632884
0.047875,95,physics,1,16384,62908.430150601605,1266545.5712325815,6003.310034144752,1335457.3114173277,10175.321363898918,0.004111370393358444,35.80129291800133,2145.5664845520605,0.7425183479981419,1.1071179528698855e-09,0,0.004488607879194078,0.004936809101231065,5.812769813928753e-05,3.3201166852632884
0.0479375,95,physics,1,16384,67340.44509081024,1249020.7925867112,6062.300591553027,1322423.5382690746,10175.321363898918,0.004111370393358444,35.519846312042205,2111.3545861776597,0.7437858377407283,1.104240254790056e-09,0,0.0044273600665696786,0.005011197242740129,5.812769813928753e-05,3.3201166852632884
0.048,95,physics,1,16384,71919.58942213822,1231542.545021627,6093.101942634573,1309555.2363864,10175.321363898918,0.004111370393358444,35.20001211222607,2086.208947924793,0.7443026493129238,1.102200997138427e-09,0,0.004417187957683777,0.005072189061406403,5.812769813928753e-05,3.3201166852632884
0.048,96,refine,1,16384,71919.58942213822,1231542.545021627,6093.101942634573,1309555.2363864,10175.321363898918,0.004111370393358444,35.20001211222607,2086.208947924793,0.7443026493129238,1.102200997138427e-09,0,0.004417187957683777,0.005072189061406403,5.812769813928753e-05,3.3201166852632884
0.0480625,96,physics,1,16384,76198.03991743902,1214108.303901972,6106.992394131294,1296413.3362135424,10175.321363898918,0.004111370393358444,34.87282692473799,2081.4402889107464,0.7436490235831459,1.1072494032759993e-09,0,0.004379472680645364,0.005099517913242175,5.812769813928753e-05,3.3201166852632884
0.048125,96,physics,1,16384,80039.62299363996,1196766.3675992708,6103.962617438011,1282909.9532103487,10175.321363898918,0.004111370393358444,34.52567225637745,2102.5065138796194,0.7421454664164454,1.1139213995647916e-09,0,0.0043688350052276635,0.005060449967792679,5.812769813928753e-05,3.3201166852632884
0.0481875,96,physics,1,16384,83480.1054325572,1179558.7598399767,6104.54350735047,1269143.4087798842,10175.321363898918,0.004111370393358444,34.17640379831274,2111.7640104475313,0.7402373354277259,1.1255210097260707e-09,0,0.004348108683488099,0.005033738912651669,5.812769813928753e-05,3.3201166852632884
0.04825,96,physics,1,16384,86762.7388269431,1162519.662960778,6108.2465068685515,1255390.6482945897,10175.321363898918,0.004111370393358444,33.869553245996194,2107.8762704492965,0.739707835179042,1.1401084520912286e-09,0,0.00431589931683207,0.00510399038056893,5.812769813928753e-05,3.3201166852632884
0.0483125,96,physics,1,16384,90147.27592909764,1145646.3440101892,6091.857827583126,1241885.4777668698,10175.321363898918,0.004111370393358444,33.58705007798296,2095.539419536843,0.7399117133008024,1.1550937983884052e-09,0,0.004295784325761595,0.005145060389307439,5.812769813928753e-05,3.3201166852632884
0.048375,96,physics,1,16384,93775.12209270777,1128896.871475156,6044.5709781246605,1228716.5645459883,10175.321363898918,0.004111370393358444,33.293559907075036,2090.2570390506285,0.7405564097022941,1.1724310411409556e-09,0,0.004282269254497767,0.005130452768242426,5.812769813928753e-05,3.3201166852632884
0.0484375,96,physics,1,16384,97789.88306948576,1112243.5120794328,5970.448780992172,1216003.8439299106,10175.321363898918,0.004111370393358444,33.00453971439512,2086.264869828075,0.7414114575641474,1.1849508041450483e-09,0,0.004268922585658713,0.005134963640349985,5.812769813928753e-05,3.3201166852632884
0.0485,96,physics,1,16384,102232.48026372114,1095680.6134010344,5895.887164909489,1203808.980829665,10175.321363898918,0.004111370393358444,32.69146025909182,2083.080073641946,0.7411805366490803,1.1961134305238377e-09,0,0.004249308035801714,0.005118235108300513,5.812769813928753e-05,3.3201166852632884
0.0485,97,refine,1,16384,102232.48026372114,1095680.6134010344,5895.887164909489,1203808.980829665,10175.321363898918,0.004111370393358444,32.69146025909182,2083.080073641946,0.7411805366490803,1.1961134305238377e-09,0,0.004249308035801714,0.005118235108300513,5.812769813928753e-05,3.3201166852632884
0.0485625,97,physics,1,16384,107050.31269955605,1079216.405788307,5842.557185359723,1192109.275673223,10175.321363898918,0.004111370393358444,32.3561161547546,2076.1035290638615,0.740508988760177,1.2041745378610352e-09,0,0.004220539116013414,0.005143973412473698,5.812769813928753e-05,3.3201166852632884
0.048625,97,physics,1,16384,112090.84542044063,1062877.090000582,5814.00464568295,1180781.9400667055,10175.321363898918,0.004111370393358444,32.083812839680604,2056.444364835186,0.7393223425558023,1.2094254486783052e-09,0,0.004197754450306049,0.005169711618805741,5.812769813928753e-05,3.3201166852632884
0.0486875,97,physics,1,16384,117049.65111703594,1046701.473067682,5795.585500778961,1169546.7096854968,10175.321363898918,0.004111370393358444,31.824926227306353,2093.7001759546592,0.738542166271025,1.2144845129569134e-09,0,0.004166661249021437,0.0052224031171560084,5.812769813928753e-05,3.3201166852632884
0.04875,97,physics,1,16384,121940.11723264342,1030755.7001831183,5765.453139882991,1158461.2705556448,10175.321363898918,0.004111370393358444,31.5976037822946,2089.371770893888,0.7381711915693576,1.2110898950368205e-09,0,0.004135165197506122,0.005290915920848555,5.812769813928753e-05,3.3201166852632884
0.0488125,97,physics,1,16384,126958.32135231476,1015049.2023756944,5718.993469704393,1147726.5171977135,10175.321363898918,0.004111370393358444,31.33716545686077,2075.3359090484555,0.739189674561397,1.2153105188872355e-09,0,0.004101668444097752,0.005344976298620957,5.812769813928753e-05,3.3201166852632884
0.048875,97,physics,1,16384,132060.8126160606,999566.9967950047,5663.676009739044,1137291.4854208042,10175.321363898918,0.004111370393358444,31.06006543982664,2055.899036193484,0.7402787264247354,1.2130207949212521e-09,0,0.0040890634659322455,0.005367238719431372,5.812769813928753e-05,3.3201166852632884
0.0489375,97,physics,1,16384,137123.01820043937,984280.030737127,5614.813060467495,1127017.861998034,10175.321363898918,0.004111370393358444,30.771556974985863,2040.726182807347,0.7407296032392737,1.2078391620207146e-09,0,0.0040723206765179865,0.005334264080683631,5.812769813928753e-05,3.3201166852632884
0.049,97,physics,1,16384,142208.2652710479,969165.8445332098,5581.680397463076,1116955.7902017208,10175.321363898918,0.004111370393358444,30.534616885789845,2021.9355249692412,0.7408599598114447,1.2076277755568328e-09,0,0.004061582790203252,0.0053220025322725135,5.812769813928753e-05,3.3201166852632884
0.049,98,refine,1,16384,142208.2652710479,969165.8445332098,5581.680397463076,1116955.7902017208,10175.321363898918,0.004111370393358444,30.534616885789845,2021.9355249692412,0.7408599598114447,1.2076277755568328e-09,0,0.004061582790203252,0.0053220025322725135,5.812769813928753e-05,3.3201166852632884
0.0490625,98,physics,1,16384,147361.08341559768,954222.4353350885,5561.63983204108,1107145.1585827272,10175.321363898918,0.004111370393358444,30.310032183686232,2013.351905445818,0.7397608210843795,1.2036451835228947e-09,0,0.004011537081119509,0.005349603725182697,5.812769813928753e-05,3.3201166852632884
0.049125,98,physics,1,16384,152619.7777130934,939425.6972564615,5543.15234142024,1097588.6273109752,10175.321363898918,0.004111370393358444,30.1055095326946,2000.3258734160408,0.7393586727759898,1.1987566495008677e-09,0,0.0040031612250690475,0.005381273438449803,5.812769813928753e-05,3.3201166852632884
0.0491875,98,physics,1,16384,158007.93615643476,924775.1858359273,5522.9504770038875,1088306.0724693658,10175.321363898918,0.004111370393358444,29.90542584213928,2024.3868545918126,0.7390504190554157,1.1893597218204406e-09,0,0.003986043338055789,0.005395956130379053,5.812769813928753e-05,3.3201166852632884
0.04925,98,physics,1,16384,163262.10791769752,910275.8389115195,5520.458830531725,1079058.4056597487,10175.321363898918,0.004111370393358444,29.6575397644027,2045.0765798945047,0.7399889889225257,1.183947162530787e-09,0,0.0039275886766224795,0.0054592984734196295,5.812769813928753e-05,3.3201166852632884
0.0493125,98,physics,1,16384,168150.84603183623,895960.1602425466,5538.686257303481,1069649.6925316863,10175.321363898918,0.004111370393358444,29.422960732443677,2036.6661385610387,0.7406492201452796,1.1902052676759935e-09,0,0.003917620456086404,0.0055278330368200845,5.812769813928753e-05,3.3201166852632884
0.049375,98,physics,1,16384,172915.09019787007,881833.6850336804,5572.58349712406,1060321.3587286745,10175.321363898918,0.004111370393358444,29.239393278843142,2021.5773668290103,0.7408407034921937,1.1853309445086746e-09,0,0.003929113866293557,0.005595841361708777,5.812769813928753e-05,3.3201166852632884
0.0494375,98,physics,1,16384,177719.66763324605,867890.6605844354,5605.734477973361,1051216.0626956548,10175.321363898918,0.004111370393358444,29.077532081559387,2007.3376426253365,0.7399705670654612,1.1830589841110825e-09,0,0.003920191169651926,0.0056558160936489126,5.812769813928753e-05,3.3201166852632884
0.0495,98,physics,1,16384,182609.01166121592,854104.2445427494,5622.428907798328,1042335.6851117637,10175.321363898918,0.004111370393358444,28.890087132208212,1995.1973930678193,0.7384933498357694,1.1838316993362223e-09,0,0.0038898993012536627,0.005691906599876047,5.812769813928753e-05,3.3201166852632884
0.0495,99,refine,1,16384,182609.01166121592,854104.2445427494,5622.428907798328,1042335.6851117637,10175.321363898918,0.004111370393358444,28.890087132208212,1995.1973930678193,0.7384933498357694,1.1838316993362223e-09,0,0.0038898993012536627,0.005691906599876047,5.812769813928753e-05,3.3201166852632884
0.0495625,99,physics,1,16384,187557.19129391614,840459.9430705222,5605.796761142219,1033622.9311255804,10175.321363898918,0.004111370393358444,28.683775086421296,1986.209489604881,0.7378948281415599,1.1925784804134326e-09,0,0.003852124603909429,0.005684031973654631,5.812769813928753e-05,3.3201166852632884
0.049625,99,physics,1,16384,192461.3210728257,826951.619403868,5565.43937926145,1024978.3798559551,10175.321363898918,0.004111370393358444,28.45999178032834,1966.2358095582804,0.7384904541597733,1.1881056138918253e-09,0,0.003835429290233684,0.005653261006003394,5.812769813928753e-05,3.3201166852632884
0.0496875,99,physics,1,16384,197212.001244205,813570.9990328446,5524.4204183098545,1016307.4206953595,10175.321363898918,0.004111370393358444,28.256000830264522,1956.4797248142156,0.74019960626847,1.1963976476181415e-09,0,0.0038074152846951947,0.00571818073991641,5.812769813928753e-05,3.3201166852632884
0.04975,99,physics,1,16384,201877.3064572291,800325.7742782382,5496.906281597174,1007699.9870170645,10175.321363898918,0.004111370393358444,28.086099875166212,1996.1524749157822,0.7410679534613768,1.2028635865135549e-09,0,0.0037788706115581268,0.005764108688394232,5.812769813928753e-05,3.3201166852632884
0.0498125,99,physics,1,16384,206427.96224399933,787236.8411903093,5480.804732726123,999145.6081670347,10175.321363898918,0.004111370393358444,27.886640265454417,1990.424903409082,0.7411086355723853,1.2069563126715374e-09,0,0.0037597337885469572,0.005773054607683751,5.812769813928753e-05,3.3201166852632884
0.049875,99,physics,1,16384,210944.8513417894,774303.5848105489,5468.096271205661,990716.532423544,10175.321363898918,0.004111370393358444,27.684529813907698,1985.3485234662476,0.739772799610409,1.2028671392272378e-09,0,0.003752302516671517,0.005753977446329005,5.812769813928753e-05,3.3201166852632884
0.0499375,99,physics,1,16384,215456.14194840763,761526.928762299,5453.152725925043,982436.2234366317,10175.321363898918,0.004111370393358444,27.465517428164954,1979.380535586834,0.7388949997121873,1.1975416214227171e-09,0,0.003751473600621667,0.005821684011275683,5.812769813928753e-05,3.3201166852632884
0.05,99,physics,1,16384,219799.67946675816,748915.1868270922,5436.544641576345,974151.4109354267,10175.321363898918,0.004111370393358444,27.24203178081581,1949.2600554536539,0.7396510643980048,1.1914131903267815e-09,0,0.003695773842946349,0.00589177589540559,5.812769813928753e-05,3.3201166852632884
0.05,100,refine,1,16384,219799.67946675816,748915.1868270922,5436.544641576345,974151.4109354267,10175.321363898918,0.004111370393358444,27.24203178081581,1949.2600554536539,0.7396510643980048,1.1914131903267815e-09,0,0.003695773842946349,0.00589177589540559,5.812769813928753e-05,3.3201166852632884
0.0500625,100,physics,1,16384,224001.39120419254,736468.1524480592,5435.079492466706,965904.6231447185,10175.321363898918,0.004111370393358444,27.044258046327982,1892.2541857306458,0.7411273650902925,1.1817213874110164e-09,0,0.003661728703723209,0.005958890266333622,5.812769813928753e-05,3.3201166852632884
0.050125,100,physics,1,16384,228085.14871735513,724210.3832806249,5453.230697261206,957748.7626952411,10175.321363898918,0.004111370393358444,26.83399522872107,1879.0697521111038,0.7416623472815562,1.1781828845869348e-09,0,0.0036622402436433305,0.006011643304417888,5.812769813928753e-05,3.3201166852632884
0.0501875,100,physics,1,16384,232103.48654371785,712160.792820226,5483.225526494953,949747.5048904389,10175.321363898918,0.004111370393358444,26.646471846543907,1902.2717431933286,0.7408335975000071,1.184515596719394e-09,0,0.003653494334579376,0.006035911130563792,5.812769813928753e-05,3.3201166852632884
0.05025,100,physics,1,16384,236028.50870067795,700338.049783346,5503.856127749307,941870.4146117732,10175.321363898918,0.004111370393358444,26.428968482486006,1907.771526144609,0.7390576481017586,1.1934417898373836e-09,0,0.003627079399625643,0.006014412664854966,5.812769813928753e-05,3.3201166852632884
0.0503125,100,physics,1,16384,239813.50821123878,688744.2846697504,5504.403183582634,934062.1960645717,10175.321363898918,0.004111370393358444,26.17369319683044,1889.6457972414144,0.7390064713339263,1.1945076039410205e-09,0,0.0035936613140676115,0.0059289743427533076,5.812769813928753e-05,3.3201166852632884
0.050375,100,physics,1,16384,243367.74233686074,677373.3647319595,5477.308674633735,926218.415743454,10175.321363898918,0.004111370393358444,25.972166112900556,1841.2381981774865,0.7395465324054853,1.202522526000392e-09,0,0.003574964775007427,0.0058796340589423405,5.812769813928753e-05,3.3201166852632884
0.0504375,100,physics,1,16384,246772.26414772973,666227.4828995938,5437.282797801158,918437.0298451247,10175.321363898918,0.004111370393358444,25.77984803774766,1768.5369323100915,0.7413846439685214,1.2042278285662186e-09,0,0.003630462604483506,0.005837278882337248,5.812769813928753e-05,3.3201166852632884
0.0505,100,physics,1,16384,250043.8406792898,655303.0452150127,5408.720568834521,910755.6064631371,10175.321363898918,0.004111370393358444,25.58075358986421,1763.7288398420137,0.7426345660897756,1.2056506903945764e-09,0,0.0036091292991040167,0.005732755871746394,5.812769813928753e-05,3.3201166852632884
0.0505,101,refine,1,16384,250043.8406792898,655303.0452150127,5408.720568834521,910755.6064631371,10175.321363898918,0.004111370393358444,25.58075358986421,1763.7288398420137,0.7426345660897756,1.2056506903945764e-09,0,0.0036091292991040167,0.005732755871746394,5.812769813928753e-05,3.3201166852632884
0.0505625,101,physics,1,16384,253230.76935020884,644605.4420801481,5401.977878615337,903238.1893089723,10175.321363898918,0.004111370393358444,25.348321980621403,1777.6489557506588,0.7422150172732148,1.211015288049568e-09,0,0.0031566109268694595,0.005657581318711484,5.812769813928753e-05,3.3201166852632884
0.050625,101,physics,1,16384,256268.9215139136,634134.025249151,5411.394374127572,895814.3411371923,10175.321363898918,0.004111370393358444,25.110862469116103,1775.5676546474244,0.7407969735809996,1.2111751601651089e-09,0,0.0024022232994702925,0.00572181419411627,5.812769813928753e-05,3.3201166852632884
0.0506875,101,physics,1,16384,259073.62541868415,623872.8710355505,5425.59181137846,888372.0882656132,10175.321363898918,0.004111370393358444,24.907173297000288,1748.136931307676,0.7408829758439252,1.2141914140784138e-09,0,0.001623687569851681,0.005783443442771064,5.812769813928753e-05,3.3201166852632884
0.05075,101,physics,1,16384,261685.33029475948,613809.8356474855,5435.88550272987,880931.0514449748,10175.321363898918,0.004111370393358444,24.720531747655187,1695.5862158607106,0.7418058537929,9.297730363400533e-10,0,0.0010010405175315306,0.005835330496538098,5.812769813928753e-05,3.3201166852632884
0.050812500000000003,101,physics,1,16384,264167.3417086734,603946.6936566543,5452.988219378089,873567.0235847058,10175.321363898918,0.004111370393358444,24.511703150385504,1627.1206143423885,0.7438068275307406,3.0702812514600926e-10,0,0.00032774826388453114,0.005867186376863195,5.812769813928753e-05,3.3201166852632884
0.050875000000000004,101,physics,1,16384,266583.022236497,594284.1089994403,5490.709687758826,866357.8409236962,10175.321363898918,0.004111370393358444,24.28860184569042,1649.1794576859738,0.7451028105841263,-3.61303598150878e-10,1,-0.0003819927161731395,0.005864801582653969,5.812769813928753e-05,3.3201166852632884
0.050937500000000004,101,physics,1,16384,268912.8606923277,584829.7096729572,5548.508424634007,859291.0787899189,10175.321363898918,0.004111370393358444,24.072023741140757,1654.719619750331,0.7430656060826366,-9.106926324165061e-10,1,-0.0009527245154541113,0.005842231111005249,5.812769813928753e-05,3.3201166852632884
0.051000000000000004,101,physics,1,16384,271068.00861291477,575572.729066733,5608.34955422426,852249.087233872,10175.321363898918,0.004111370393358444,23.900416056408545,1640.9364112328105,0.7418422202042242,-1.5671086650570504e-09,1,-0.0016207092623587288,0.005898965284363196,5.812769813928753e-05,3.3201166852632884
0.051000000000000004,102,refine,1,16384,271068.00861291477,575572.729066733,5608.34955422426,852249.087233872,10175.321363898918,0.004111370393358444,23.900416056408545,1640.9364112328105,0.7418422202042242,-1.5671086650570504e-09,1,-0.0016207092623587288,0.005898965284363196,5.812769813928753e-05,3.3201166852632884
0.051062500000000004,102,physics,1,16384,273017.3165867926,566489.4823449245,5651.791460255577,845158.5903919727,10175.321363898918,0.004111370393358444,23.717309462693372,1601.676027787096,0.7426257797345724,-2.173500657232082e-09,1,-0.002220498481173185,0.005943788284091923,5.812769813928753e-05,3.3201166852632884
0.051125000000000004,102,physics,1,16384,274882.5601049331,557575.2902774368,5664.6923350039015,838122.5427173738,10175.321363898918,0.004111370393358444,23.52881742730774,1541.6310909758542,0.7447721448315774,-2.770096180215761e-09,1,-0.002793605086398721,0.005964662622263145,5.812769813928753e-05,3.3201166852632884
0.051187500000000004,102,physics,1,16384,276740.5416929347,548830.1271911552,5649.224054776939,831219.8929388669,10175.321363898918,0.004111370393358444,23.322322367426185,1499.0293934128326,0.7464862304053768,-3.45639203369604e-09,1,-0.003439098473105588,0.005951343621415515,5.812769813928753e-05,3.3201166852632884
0.051250000000000004,102,physics,1,16384,278636.7999582018,540240.2524780317,5625.926570263222,824502.9790064967,10175.321363898918,0.004111370393358444,23.140098494219863,1506.0553291506028,0.7472793356754966,-4.150429028237907e-09,1,-0.004072649711581412,0.005896331290075404,5.812769813928753e-05,3.3201166852632884
0.051312500000000004,102,physics,1,16384,280507.5624955967,531793.4742790788,5612.414597857988,817913.4513725335,10175.321363898918,0.004111370393358444,22.98530674980527,1498.664196895064,0.7454749526500757,-4.8400762564515945e-09,1,-0.0046821631364674056,0.005952804078199649,5.812769813928753e-05,3.3201166852632884
0.051375000000000004,102,physics,1,16384,282244.6053865416,523471.37967563234,5609.417061231121,811325.402123405,10175.321363898918,0.004111370393358444,22.812948205076196,1470.1280406034089,0.7450808979235277,-5.451075812956679e-09,1,-0.005197458930222883,0.006011583982951727,5.812769813928753e-05,3.3201166852632884
0.051437500000000004,102,physics,1,16384,283978.6539652281,515249.31354868744,5602.969767901994,804830.9372818177,10175.321363898918,0.004111370393358444,22.609921053062124,1422.6889157377102,0.7468444712051655,-6.101491256682553e-09,1,-0.0057332567659010795,0.006068373573481191,5.812769813928753e-05,3.3201166852632884
0.051500000000000004,102,physics,1,16384,285808.94099612173,507111.32153762423,5578.946465499605,798499.2089992455,10175.321363898918,0.004111370393358444,22.437938283366243,1360.2531712618277,0.7493480953907141,-6.754099446393322e-09,1,-0.00625411890697461,0.006115611042556543,5.812769813928753e-05,3.3201166852632884
0.051500000000000004,103,refine,1,16384,285808.94099612173,507111.32153762423,5578.946465499605,798499.2089992455,10175.321363898918,0.004111370393358444,22.437938283366243,1360.2531712618277,0.7493480953907141,-6.754099446393322e-09,1,-0.00625411890697461,0.006115611042556543,5.812769813928753e-05,3.3201166852632884
0.051562500000000004,103,physics,1,16384,287835.7494150288,499050.4933614109,5540.860108068457,792427.1028845082,10175.321363898918,0.004111370393358444,22.2809955265142,1365.9172029857734,0.75181730229436,-7.410070418378744e-09,3,-0.006762096571660394,0.006144002465275441,5.812769813928753e-05,3.3201166852632884
0.051625000000000004,103,physics,1,16384,290012.3699174181,491077.0735440407,5498.121784598083,786587.5652460569,10175.321363898918,0.004111370393358444,22.12158255630121,1364.451895638897,0.7502822185679757,-8.008570751005788e-09,3,-0.007203068754483689,0.006143946580637808,5.812769813928753e-05,3.3201166852632884
0.051687500000000004,103,physics,1,16384,292227.273501178,483194.80524824193,5458.121365684419,780880.2001151043,10175.321363898918,0.004111370393358444,21.955463845121194,1344.2161796335756,0.7475312468538526,-8.685845348521704e-09,3,-0.007701255777214684,0.006167144922303032,5.812769813928753e-05,3.3201166852632884
0.051750000000000004,103,physics,1,16384,294487.00863553374,475396.7869822797,5411.323596507766,775295.1192143213,10175.321363898918,0.004111370393358444,21.77638166931386,1304.3836546745251,0.7480063210386869,-9.155928765158789e-09,3,-0.00800558876287568,0.006184585428373549,5.812769813928753e-05,3.3201166852632884
0.051812500000000004,103,physics,1,16384,296908.31269245775,467673.51218093,5340.968629273723,769922.7935026615,10175.321363898918,0.004111370393358444,21.63354755006579,1249.057188103377,0.7502780414727654,-9.671898393293037e-09,4,-0.00834293574480348,0.006170539068823272,5.812769813928753e-05,3.3201166852632884
0.051875000000000004,103,physics,1,16384,299595.85357518436,460032.12472061825,5228.941450587619,764856.9197463902,10175.321363898918,0.004111370393358444,21.482062066238672,1237.00211065646,0.7524910236892849,-1.0095927871489544e-08,6,-0.008597146052971068,0.006117605159397719,5.812769813928753e-05,3.3201166852632884
0.051937500000000004,103,physics,1,16384,302533.95740019676,452478.6448396103,5075.728659801423,760088.3308996086,10175.321363898918,0.004111370393358444,21.322904648239383,1233.987073574677,0.7539543445440289,-1.1069868743884834e-08,8,-0.008813754519451428,0.006089938586530078,5.812769813928753e-05,3.3201166852632884
0.052000000000000005,103,physics,1,16384,305625.4748420239,445018.906990367,4899.439644877016,755543.8214772679,10175.321363898918,0.004111370393358444,21.163324341578495,1214.608384651177,0.7515819167775551,-1.282882522435358e-08,8,-0.009103425151110877,0.006106631231878608,5.812769813928753e-05,3.3201166852632884
0.052000000000000005,104,refine,1,16384,305625.4748420239,445018.906990367,4899.439644877016,755543.8214772679,10175.321363898918,0.004111370393358444,21.163324341578495,1214.608384651177,0.7515819167775551,-1.282882522435358e-08,8,-0.009103425151110877,0.006106631231878608,5.812769813928753e-05,3.3201166852632884
0.0520625,104,physics,1,16384,308747.9395035227,437654.5612566073,4723.069144860808,751125.5699049908,10175.321363898918,0.004111370393358444,21.006995294593963,1178.1172958390732,0.7509748554368503,-1.4443645113271214e-08,8,-0.009824593481245036,0.006096149218591105,5.812769813928753e-05,3.3201166852632884
0.052125,104,physics,1,16384,311961.18129484134,430382.21717050136,4556.179605073848,746899.5780704166,10175.321363898918,0.004111370393358444,20.86393206545067,1128.9804112631516,0.7535102602628572,-1.6082870257783113e-08,8,-0.010795443421695732,0.0061113555186431264,5.812769813928753e-05,3.3201166852632884
0.0521875,104,physics,1,16384,315345.61049052054,423191.0898140817,4396.953938469092,742933.6542430713,10175.321363898918,0.004111370393358444,20.72896088464609,1138.939746235918,0.7568948547589351,-1.7707022237356547e-08,10,-0.011742348660779075,0.0061645013241344885,5.812769813928753e-05,3.3201166852632884
0.05225,104,physics,1,16384,318929.2343079763,416083.8863167197,4241.298685071843,739254.4193097679,10175.321363898918,0.004111370393358444,20.56765258860215,1138.023265321271,0.7599494949364811,-1.9233113102146142e-08,11,-0.012616233555575632,0.0062162138942223,5.812769813928753e-05,3.3201166852632884
0.0523125,104,physics,1,16384,322649.565410025,409067.7662003373,4088.094013889346,735805.4256242516,10175.321363898918,0.004111370393358444,20.401981392067633,1122.6782817651012,0.757745471126767,-2.0676600320790255e-08,11,-0.013433844010010382,0.006261306627677353,5.812769813928753e-05,3.3201166852632884
0.052375,104,physics,1,16384,326390.85763922695,402142.7023835663,3946.2417262328986,732479.8017490262,10175.321363898918,0.004111370393358444,20.246566214447252,1092.3650239542187,0.7553733116782869,-2.2053865011972774e-08,12,-0.014211617694010924,0.006291558985497511,5.812769813928753e-05,3.3201166852632884
0.0524375,104,physics,1,16384,330116.6423920399,395302.87385469076,3829.722887755605,729249.2391344863,10175.321363898918,0.004111370393358444,20.096162194019797,1049.2301160086672,0.7564205607162175,-2.324570530509716e-08,12,-0.014878247338035755,0.006299636116990554,5.812769813928753e-05,3.3201166852632884
0.0525,104,physics,1,16384,333906.458512698,388551.3414110873,3739.0486478582343,726196.8485716435,10175.321363898918,0.004111370393358444,19.95496966377676,1060.365755408997,0.7594033231973641,-2.4344230409312234e-08,13,-0.015497426841728069,0.006278388454985702,5.812769813928753e-05,3.3201166852632884
0.0525,105,refine,1,16384,333906.458512698,388551.3414110873,3739.0486478582343,726196.8485716435,10175.321363898918,0.004111370393358444,19.95496966377676,1060.365755408997,0.7594033231973641,-2.4344230409312234e-08,13,-0.015497426841728069,0.006278388454985702,5.812769813928753e-05,3.3201166852632884
0.0525625,105,physics,1,16384,337804.47403972584,381892.87406530074,3661.3840716120603,723358.7321766387,10175.321363898918,0.004111370393358444,19.789100180990374,1078.5254533777202,0.7612976351527481,-2.5323754038186783e-08,13,-0.016055671893514506,0.006221800038648859,5.812769813928753e-05,3.3201166852632884
0.052625,105,physics,1,16384,341783.6840621814,375326.23530088936,3575.7885959326086,720685.7079590034,10175.321363898918,0.004111370393358444,19.636087615494027,1098.26120372354,0.7634179991010956,-2.620684314003093e-08,14,-0.01657039661631003,0.006144959289655729,5.812769813928753e-05,3.3201166852632884
0.0526875,105,physics,1,16384,345833.55246210424,368845.34573646414,3472.2496725563587,718151.1478711248,10175.321363898918,0.004111370393358444,19.497236046408723,1119.0565001241107,0.7594170363139376,-2.706994867152096e-08,14,-0.017090172409925466,0.0061504220766729605,5.812769813928753e-05,3.3201166852632884
0.05275,105,physics,1,16384,349874.784825079,362440.39157183893,3355.952736706695,715671.1291336247,10175.321363898918,0.004111370393358444,19.34531460997962,1140.41504333129,0.7594979982683897,-2.7812735503562894e-08,14,-0.01755209579233689,0.006128620315189227,5.812769813928753e-05,3.3201166852632884
0.0528125,105,physics,1,16384,353906.4155307448,356103.7360005918,3244.3809365224556,713254.5324678591,10175.321363898918,0.004111370393358444,19.181890385594066,1161.9417849148444,0.7629956033220082,-2.847026958630038e-08,15,-0.01797741917951455,0.006154995452588042,5.812769813928753e-05,3.3201166852632884
0.052875,105,physics,1,16384,357990.1987721248,349833.214718075,3151.0616855136723,710974.4751757134,10175.321363898918,0.004111370393358444,19.02183391923805,1183.276841787452,0.765578906497618,-2.9023490888402356e-08,15,-0.018352762402392205,0.006202032064252193,5.812769813928753e-05,3.3201166852632884
0.0529375,105,physics,1,16384,362120.96635049675,343626.9486514478,3076.001461419886,708823.9164633644,10175.321363898918,0.004111370393358444,18.862086399226992,1204.1043708215577,0.7693908732955519,-2.9469223505884623e-08,15,-0.018672796630893815,0.006241917701520278,5.812769813928753e-05,3.3201166852632884
0.053,105,physics,1,16384,366300.20556379354,337481.9098211487,3010.243546475557,706792.3589314178,10175.321363898918,0.004111370393358444,18.70980512132629,1224.152127241354,0.769989760638631,-2.98466251713591e-08,15,-0.018959985913644752,0.006280842472861364,5.812769813928753e-05,3.3201166852632884
